number,value,datetime_start,datetime_complete,duration,params_atr_multiplier,params_atr_period,params_ema_period,state
0,3059.8094819893154,2025-08-06 11:09:03.414634,2025-08-06 11:09:03.816583,0 days 00:00:00.401949,2.9203982062053484,25,34,COMPLETE
1,743.5901787389078,2025-08-06 11:09:03.421490,2025-08-06 11:09:05.196846,0 days 00:00:01.775356,0.7112785880336951,38,74,COMPLETE
2,3813.2595221774814,2025-08-06 11:09:03.422667,2025-08-06 11:09:05.422100,0 days 00:00:01.999433,2.7019991207363434,35,65,COMPLETE
3,-inf,2025-08-06 11:09:03.424102,2025-08-06 11:09:05.671540,0 days 00:00:02.247438,0.7022750243669345,47,22,COMPLETE
4,7352.869346226047,2025-08-06 11:09:03.432660,2025-08-06 11:09:06.340217,0 days 00:00:02.907557,2.5618252108884905,30,27,COMPLETE
5,10800.979102901345,2025-08-06 11:09:03.434501,2025-08-06 11:09:06.068412,0 days 00:00:02.633911,4.434985700612627,13,92,COMPLETE
6,182.27766976680755,2025-08-06 11:09:03.435732,2025-08-06 11:09:06.313959,0 days 00:00:02.878227,3.217293868556187,17,91,COMPLETE
7,4951.453774889829,2025-08-06 11:09:03.437323,2025-08-06 11:09:07.210512,0 days 00:00:03.773189,2.405007663807297,27,78,COMPLETE
8,3483.7938973873543,2025-08-06 11:09:03.438176,2025-08-06 11:09:07.673337,0 days 00:00:04.235161,1.0281238713520602,25,47,COMPLETE
9,2214.864466108893,2025-08-06 11:09:03.441154,2025-08-06 11:09:08.634291,0 days 00:00:05.193137,1.0639713413293732,15,82,COMPLETE
10,8506.160595163446,2025-08-06 11:09:03.442708,2025-08-06 11:09:06.241343,0 days 00:00:02.798635,4.00836746012722,13,97,COMPLETE
11,6302.723108786359,2025-08-06 11:09:03.445227,2025-08-06 11:09:08.682201,0 days 00:00:05.236974,2.203890318061694,38,23,COMPLETE
12,17950.211969550026,2025-08-06 11:09:03.448841,2025-08-06 11:09:08.738654,0 days 00:00:05.289813,1.5423314667551273,13,77,COMPLETE
13,-1243.9870495090047,2025-08-06 11:09:03.451489,2025-08-06 11:09:06.688255,0 days 00:00:03.236766,3.36536312275803,31,70,COMPLETE
14,5614.173376135575,2025-08-06 11:09:03.453791,2025-08-06 11:09:09.223008,0 days 00:00:05.769217,4.05013882957614,46,88,COMPLETE
15,3180.628629552412,2025-08-06 11:09:03.456046,2025-08-06 11:09:10.074626,0 days 00:00:06.618580,3.1116753089302707,30,22,COMPLETE
16,6825.964776641257,2025-08-06 11:09:03.457224,2025-08-06 11:09:10.295832,0 days 00:00:06.838608,2.139545113881982,35,84,COMPLETE
17,952.6556426368611,2025-08-06 11:09:03.460250,2025-08-06 11:09:10.697563,0 days 00:00:07.237313,3.5138003896470535,43,84,COMPLETE
18,10007.911347867896,2025-08-06 11:09:03.467392,2025-08-06 11:09:08.633313,0 days 00:00:05.165921,4.4514911348422235,24,50,COMPLETE
19,5750.757906606375,2025-08-06 11:09:03.496061,2025-08-06 11:09:18.442068,0 days 00:00:14.946007,1.7132803440789024,44,43,COMPLETE
20,5299.490882066326,2025-08-06 11:09:03.524666,2025-08-06 11:09:11.248913,0 days 00:00:07.724247,3.2131517871515074,42,30,COMPLETE
21,8539.33815443687,2025-08-06 11:09:03.546971,2025-08-06 11:09:11.535345,0 days 00:00:07.988374,1.7468673150958387,28,63,COMPLETE
22,22907.08877673231,2025-08-06 11:09:03.587990,2025-08-06 11:09:12.802576,0 days 00:00:09.214586,3.7763742278758934,20,21,COMPLETE
23,3807.7388651807005,2025-08-06 11:09:03.605384,2025-08-06 11:09:13.889314,0 days 00:00:10.283930,0.8854780541905578,46,59,COMPLETE
24,9003.442456542709,2025-08-06 11:09:03.617209,2025-08-06 11:09:13.592461,0 days 00:00:09.975252,4.293740996287987,18,72,COMPLETE
25,9153.983449002862,2025-08-06 11:09:03.624837,2025-08-06 11:09:14.424290,0 days 00:00:10.799453,3.8187381092356776,39,37,COMPLETE
26,1690.66036082418,2025-08-06 11:09:03.640095,2025-08-06 11:09:14.362847,0 days 00:00:10.722752,3.097310766576277,23,54,COMPLETE
27,5741.752516691581,2025-08-06 11:09:03.655464,2025-08-06 11:09:14.426094,0 days 00:00:10.770630,2.0662553331195035,13,50,COMPLETE
28,14922.717423034659,2025-08-06 11:09:03.683456,2025-08-06 11:09:14.971358,0 days 00:00:11.287902,1.7395270528409386,17,26,COMPLETE
29,-225.27446917297357,2025-08-06 11:09:03.707669,2025-08-06 11:09:14.968985,0 days 00:00:11.261316,3.380812334595004,42,54,COMPLETE
30,3766.704597682574,2025-08-06 11:09:03.712491,2025-08-06 11:09:10.417476,0 days 00:00:06.704985,2.319909264568335,6,72,COMPLETE
31,1245.2680745310486,2025-08-06 11:09:03.738170,2025-08-06 11:09:16.099492,0 days 00:00:12.361322,0.5649989133971904,48,52,COMPLETE
32,4696.720689479887,2025-08-06 11:09:03.744328,2025-08-06 11:09:16.766305,0 days 00:00:13.021977,0.7941802916169252,12,21,COMPLETE
33,599.5789432323866,2025-08-06 11:09:03.770117,2025-08-06 11:09:16.682281,0 days 00:00:12.912164,1.0857386077683242,39,58,COMPLETE
34,6475.697363288829,2025-08-06 11:09:03.786766,2025-08-06 11:09:16.974000,0 days 00:00:13.187234,1.256501094340452,31,26,COMPLETE
35,9029.79870229298,2025-08-06 11:09:03.796409,2025-08-06 11:09:17.933257,0 days 00:00:14.136848,3.514384694492763,35,37,COMPLETE
36,1326.3797157064425,2025-08-06 11:09:03.814988,2025-08-06 11:09:32.244167,0 days 00:00:28.429179,3.6453626160954657,35,89,COMPLETE
37,4712.984575047429,2025-08-06 11:09:03.837160,2025-08-06 11:09:19.035630,0 days 00:00:15.198470,1.8224105121142329,46,88,COMPLETE
38,11616.320201155067,2025-08-06 11:09:03.864692,2025-08-06 11:09:18.387653,0 days 00:00:14.522961,2.83707149843252,9,33,COMPLETE
39,4817.386332123291,2025-08-06 11:09:03.919638,2025-08-06 11:09:19.515126,0 days 00:00:15.595488,2.1330847424895563,28,98,COMPLETE
40,1777.8974972590293,2025-08-06 11:09:03.956177,2025-08-06 11:09:19.551021,0 days 00:00:15.594844,2.284867694266005,49,63,COMPLETE
41,3584.5142305966783,2025-08-06 11:09:03.989357,2025-08-06 11:09:20.149111,0 days 00:00:16.159754,3.4603936801804935,13,85,COMPLETE
42,4316.275389464672,2025-08-06 11:09:03.995735,2025-08-06 11:09:21.319754,0 days 00:00:17.324019,2.532198712134013,35,45,COMPLETE
43,30790.672174382238,2025-08-06 11:09:03.997016,2025-08-06 11:09:21.207080,0 days 00:00:17.210064,4.235707744700229,34,31,COMPLETE
44,4933.799544007418,2025-08-06 11:09:04.020815,2025-08-06 11:09:21.672227,0 days 00:00:17.651412,2.193477042170985,39,90,COMPLETE
45,8150.822089912905,2025-08-06 11:09:04.034012,2025-08-06 11:09:23.116031,0 days 00:00:19.082019,3.272167052574526,24,22,COMPLETE
46,6717.764950866998,2025-08-06 11:09:04.059419,2025-08-06 11:09:22.644827,0 days 00:00:18.585408,2.1681920791490636,27,61,COMPLETE
47,8328.888589471198,2025-08-06 11:09:04.066454,2025-08-06 11:09:13.256498,0 days 00:00:09.190044,4.414998332291285,19,51,COMPLETE
48,8850.786161817523,2025-08-06 11:09:04.146721,2025-08-06 11:09:37.474297,0 days 00:00:33.327576,2.0826174102948523,23,44,COMPLETE
49,4402.2808840562175,2025-08-06 11:09:04.210348,2025-08-06 11:09:14.160743,0 days 00:00:09.950395,3.994889896694228,45,90,COMPLETE
50,12925.549589318991,2025-08-06 11:09:04.227227,2025-08-06 11:09:23.500531,0 days 00:00:19.273304,3.677166490464055,29,42,COMPLETE
51,4609.872700223622,2025-08-06 11:09:04.372592,2025-08-06 11:09:23.667720,0 days 00:00:19.295128,0.9138048741769915,21,30,COMPLETE
52,10459.359274390055,2025-08-06 11:09:04.374921,2025-08-06 11:09:23.308502,0 days 00:00:18.933581,1.6627688842473876,22,22,COMPLETE
53,15306.653406067846,2025-08-06 11:09:04.529368,2025-08-06 11:09:23.924278,0 days 00:00:19.394910,3.7378335208845104,5,50,COMPLETE
54,16224.839835508003,2025-08-06 11:09:04.570954,2025-08-06 11:09:24.169193,0 days 00:00:19.598239,4.204360650613967,26,63,COMPLETE
55,7577.949240013343,2025-08-06 11:09:04.630455,2025-08-06 11:09:24.343167,0 days 00:00:19.712712,3.1911498758539896,6,35,COMPLETE
56,5351.340167344456,2025-08-06 11:09:04.723576,2025-08-06 11:09:25.133928,0 days 00:00:20.410352,4.179544940581527,37,61,COMPLETE
57,8470.91485577108,2025-08-06 11:09:04.797324,2025-08-06 11:09:25.285080,0 days 00:00:20.487756,1.3027779722969375,13,88,COMPLETE
58,4634.620328110074,2025-08-06 11:09:05.086400,2025-08-06 11:09:25.488822,0 days 00:00:20.402422,2.018267689847634,13,58,COMPLETE
59,5224.421719774553,2025-08-06 11:09:05.197331,2025-08-06 11:09:26.289803,0 days 00:00:21.092472,2.3994601066838954,24,86,COMPLETE
60,12293.975771262292,2025-08-06 11:09:05.296669,2025-08-06 11:09:26.331816,0 days 00:00:21.035147,0.9677417397497847,7,20,COMPLETE
61,5253.131280413147,2025-08-06 11:09:05.422513,2025-08-06 11:09:27.840731,0 days 00:00:22.418218,2.541007595396037,17,37,COMPLETE
62,4912.686535171645,2025-08-06 11:09:05.594884,2025-08-06 11:09:27.997627,0 days 00:00:22.402743,3.526196626377815,25,39,COMPLETE
63,5670.518239970553,2025-08-06 11:09:05.700467,2025-08-06 11:09:28.474397,0 days 00:00:22.773930,2.150930232394957,17,34,COMPLETE
64,3232.2921598829967,2025-08-06 11:09:05.723213,2025-08-06 11:09:27.865530,0 days 00:00:22.142317,1.1970913922903885,33,41,COMPLETE
65,7245.030749599382,2025-08-06 11:09:05.804035,2025-08-06 11:09:27.952627,0 days 00:00:22.148592,4.1246032544439055,46,61,COMPLETE
66,23159.562268797043,2025-08-06 11:09:05.909107,2025-08-06 11:09:29.962029,0 days 00:00:24.052922,3.887425878061357,17,34,COMPLETE
67,3637.8730464852633,2025-08-06 11:09:06.021151,2025-08-06 11:09:29.863513,0 days 00:00:23.842362,2.9174067832331856,18,67,COMPLETE
68,1107.1553350059141,2025-08-06 11:09:06.185289,2025-08-06 11:09:30.774374,0 days 00:00:24.589085,1.7702655292305236,50,74,COMPLETE
69,13894.757579018979,2025-08-06 11:09:06.252730,2025-08-06 11:09:30.710101,0 days 00:00:24.457371,1.7527692820478014,35,37,COMPLETE
70,-873.6657006204525,2025-08-06 11:09:06.320360,2025-08-06 11:09:30.399480,0 days 00:00:24.079120,3.798150331648405,50,73,COMPLETE
71,3922.4213979059405,2025-08-06 11:09:06.352049,2025-08-06 11:09:30.187878,0 days 00:00:23.835829,2.722454101908096,36,48,COMPLETE
72,3450.2047898109145,2025-08-06 11:09:06.422451,2025-08-06 11:09:30.280938,0 days 00:00:23.858487,1.1256280956843,12,60,COMPLETE
73,12606.506506899726,2025-08-06 11:09:06.503267,2025-08-06 11:09:30.939298,0 days 00:00:24.436031,4.29389690180809,15,29,COMPLETE
74,8259.155344795077,2025-08-06 11:09:06.515189,2025-08-06 11:09:17.363612,0 days 00:00:10.848423,1.3229433663554078,40,22,COMPLETE
75,4246.0727209617835,2025-08-06 11:09:06.548238,2025-08-06 11:09:31.648033,0 days 00:00:25.099795,2.66956349118935,39,50,COMPLETE
76,3645.067331352063,2025-08-06 11:09:06.555684,2025-08-06 11:09:33.264145,0 days 00:00:26.708461,3.064361614407964,23,32,COMPLETE
77,11521.323869057656,2025-08-06 11:09:06.605737,2025-08-06 11:09:33.180025,0 days 00:00:26.574288,1.261923675642453,22,24,COMPLETE
78,9003.442456542709,2025-08-06 11:09:06.640737,2025-08-06 11:09:33.817084,0 days 00:00:27.176347,4.246393998257123,17,69,COMPLETE
79,7571.085515628155,2025-08-06 11:09:06.675804,2025-08-06 11:09:35.460194,0 days 00:00:28.784390,2.0830030246028945,7,32,COMPLETE
80,14282.276951654434,2025-08-06 11:09:06.687115,2025-08-06 11:09:34.190639,0 days 00:00:27.503524,1.638281452537497,6,78,COMPLETE
81,3991.7141939387316,2025-08-06 11:09:06.694242,2025-08-06 11:09:34.749904,0 days 00:00:28.055662,2.3356141754738164,41,47,COMPLETE
82,7087.316043082396,2025-08-06 11:09:06.752681,2025-08-06 11:09:34.680237,0 days 00:00:27.927556,2.666697826350354,12,83,COMPLETE
83,4252.7286027684695,2025-08-06 11:09:06.785591,2025-08-06 11:09:34.106116,0 days 00:00:27.320525,1.1752659290803105,31,45,COMPLETE
84,12244.035261977944,2025-08-06 11:09:06.801200,2025-08-06 11:09:34.373333,0 days 00:00:27.572133,2.0440689430369767,15,24,COMPLETE
85,969.7918721712845,2025-08-06 11:09:06.815306,2025-08-06 11:09:34.559715,0 days 00:00:27.744409,2.5673782107766265,48,100,COMPLETE
86,4342.239595740743,2025-08-06 11:09:06.894458,2025-08-06 11:09:35.631598,0 days 00:00:28.737140,1.3689310130625638,30,66,COMPLETE
87,2516.9818602101923,2025-08-06 11:09:06.905182,2025-08-06 11:09:35.967598,0 days 00:00:29.062416,4.0672633610352165,44,100,COMPLETE
88,-inf,2025-08-06 11:09:06.924232,2025-08-06 11:09:36.756637,0 days 00:00:29.832405,4.162205462834281,44,41,COMPLETE
89,6022.981042346342,2025-08-06 11:09:06.996745,2025-08-06 11:09:37.119277,0 days 00:00:30.122532,1.6480855007975874,42,28,COMPLETE
90,5119.192987529209,2025-08-06 11:09:07.043021,2025-08-06 11:09:37.166116,0 days 00:00:30.123095,2.6805621549764096,16,48,COMPLETE
91,12846.343710977404,2025-08-06 11:09:07.060530,2025-08-06 11:09:36.406227,0 days 00:00:29.345697,3.289623038362717,13,20,COMPLETE
92,1916.6008451239024,2025-08-06 11:09:07.072015,2025-08-06 11:09:36.627917,0 days 00:00:29.555902,2.4225398269089173,19,74,COMPLETE
93,5501.941494425339,2025-08-06 11:09:07.179213,2025-08-06 11:09:37.380304,0 days 00:00:30.201091,2.1318548580625714,30,61,COMPLETE
94,4971.722539646738,2025-08-06 11:09:07.232482,2025-08-06 11:09:41.030688,0 days 00:00:33.798206,4.403417805782714,5,45,COMPLETE
95,4517.298231952189,2025-08-06 11:09:07.245494,2025-08-06 11:09:38.164053,0 days 00:00:30.918559,4.453134244201494,7,45,COMPLETE
96,4798.782175269656,2025-08-06 11:09:07.267200,2025-08-06 11:09:17.139436,0 days 00:00:09.872236,4.385858946424318,6,48,COMPLETE
97,6958.821265562502,2025-08-06 11:09:07.394530,2025-08-06 11:09:38.689394,0 days 00:00:31.294864,4.232359585851285,8,44,COMPLETE
98,6729.774595293564,2025-08-06 11:09:07.422584,2025-08-06 11:09:41.537184,0 days 00:00:34.114600,4.284681765886922,5,45,COMPLETE
99,4705.343499090677,2025-08-06 11:09:07.506344,2025-08-06 11:09:42.097321,0 days 00:00:34.590977,4.413611055170923,5,44,COMPLETE
100,3597.1684902252664,2025-08-06 11:09:07.619231,2025-08-06 11:09:24.175974,0 days 00:00:16.556743,4.436838448595906,5,46,COMPLETE
101,25796.03015449668,2025-08-06 11:09:07.642010,2025-08-06 11:09:43.524817,0 days 00:00:35.882807,1.6706997317824155,5,45,COMPLETE
102,6551.984207493986,2025-08-06 11:09:07.814311,2025-08-06 11:09:44.964007,0 days 00:00:37.149696,4.156681785037012,5,98,COMPLETE
103,5416.363422746776,2025-08-06 11:09:07.831737,2025-08-06 11:09:40.122011,0 days 00:00:32.290274,4.4584396284545855,5,96,COMPLETE
104,4642.116064901449,2025-08-06 11:09:07.933665,2025-08-06 11:09:46.596901,0 days 00:00:38.663236,4.475640204249778,8,98,COMPLETE
105,5370.6486446629315,2025-08-06 11:09:07.959839,2025-08-06 11:09:40.587722,0 days 00:00:32.627883,4.3451718906991506,7,97,COMPLETE
106,5997.618962439591,2025-08-06 11:09:07.998380,2025-08-06 11:09:47.231673,0 days 00:00:39.233293,4.449692982925323,9,99,COMPLETE
107,2814.493281889105,2025-08-06 11:09:08.046369,2025-08-06 11:10:03.621296,0 days 00:00:55.574927,4.477066038244897,6,100,COMPLETE
108,2285.9306929870827,2025-08-06 11:09:08.089771,2025-08-06 11:09:48.160419,0 days 00:00:40.070648,4.359801026569013,5,98,COMPLETE
109,1960.2631581493658,2025-08-06 11:09:08.163121,2025-08-06 11:09:49.238765,0 days 00:00:41.075644,4.454384413503374,5,100,COMPLETE
110,1600.4419009732214,2025-08-06 11:09:08.265287,2025-08-06 11:10:07.134382,0 days 00:00:58.869095,4.427452599478072,7,100,COMPLETE
111,5416.363422746776,2025-08-06 11:09:08.293277,2025-08-06 11:09:49.862407,0 days 00:00:41.569130,4.45514194522348,5,97,COMPLETE
112,1140.5597411636684,2025-08-06 11:09:08.513586,2025-08-06 11:09:52.077920,0 days 00:00:43.564334,4.407677438191958,5,100,COMPLETE
113,6457.308539523482,2025-08-06 11:09:08.548841,2025-08-06 11:09:50.856284,0 days 00:00:42.307443,4.499168653058715,5,99,COMPLETE
114,1989.564374809289,2025-08-06 11:09:08.597441,2025-08-06 11:09:51.645485,0 days 00:00:43.048044,4.438036552538299,5,100,COMPLETE
115,6457.308539523482,2025-08-06 11:09:08.614822,2025-08-06 11:10:13.817355,0 days 00:01:05.202533,4.497499933412457,5,98,COMPLETE
116,3346.308059660728,2025-08-06 11:09:08.621999,2025-08-06 11:09:44.060787,0 days 00:00:35.438788,4.3194740987808,7,100,COMPLETE
117,6254.328577536879,2025-08-06 11:09:08.664342,2025-08-06 11:10:16.288909,0 days 00:01:07.624567,4.493658677934338,6,51,COMPLETE
118,3576.5683040029344,2025-08-06 11:09:08.677834,2025-08-06 11:09:54.235633,0 days 00:00:45.557799,4.391064681486028,7,54,COMPLETE
119,4828.626578399162,2025-08-06 11:09:08.711280,2025-08-06 11:09:39.710675,0 days 00:00:30.999395,4.4929903865198835,6,52,COMPLETE
120,3370.880959429961,2025-08-06 11:09:08.725478,2025-08-06 11:10:27.734961,0 days 00:01:19.009483,4.449446879760116,7,52,COMPLETE
121,6757.714171020016,2025-08-06 11:09:08.740178,2025-08-06 11:09:45.767773,0 days 00:00:37.027595,1.8559083208046219,5,87,COMPLETE
122,13367.95330233893,2025-08-06 11:09:08.746165,2025-08-06 11:09:58.307037,0 days 00:00:49.560872,1.6958328460990546,7,87,COMPLETE
123,13117.956741401716,2025-08-06 11:09:08.748434,2025-08-06 11:09:58.635243,0 days 00:00:49.886809,1.645928175695022,5,87,COMPLETE
124,13367.95330233893,2025-08-06 11:09:08.750103,2025-08-06 11:09:58.812541,0 days 00:00:50.062438,1.6929120026275455,7,87,COMPLETE
125,14248.42004599129,2025-08-06 11:09:08.751928,2025-08-06 11:09:58.639485,0 days 00:00:49.887557,1.7859020624583628,5,85,COMPLETE
126,12334.085455884184,2025-08-06 11:09:08.754553,2025-08-06 11:10:30.580486,0 days 00:01:21.825933,1.5815402836109143,5,89,COMPLETE
127,8770.65404475533,2025-08-06 11:09:08.777459,2025-08-06 11:09:59.394485,0 days 00:00:50.617026,1.8399078755082248,8,87,COMPLETE
128,13168.481236444199,2025-08-06 11:09:08.804004,2025-08-06 11:10:34.147623,0 days 00:01:25.343619,1.6813529325803127,6,88,COMPLETE
129,11653.7172727534,2025-08-06 11:09:08.806909,2025-08-06 11:10:34.756709,0 days 00:01:25.949800,1.5689823444500528,5,87,COMPLETE
130,12034.25000780119,2025-08-06 11:09:08.808806,2025-08-06 11:09:47.848719,0 days 00:00:39.039913,1.7348248091911787,5,88,COMPLETE
131,10546.599695770126,2025-08-06 11:09:08.831024,2025-08-06 11:10:00.706682,0 days 00:00:51.875658,1.7698933965615598,5,87,COMPLETE
132,11262.746824320968,2025-08-06 11:09:08.861039,2025-08-06 11:10:00.736310,0 days 00:00:51.875271,1.766530606182275,6,89,COMPLETE
133,11906.870902806042,2025-08-06 11:09:08.896750,2025-08-06 11:10:02.728270,0 days 00:00:53.831520,1.5942373829056322,5,89,COMPLETE
134,10804.00978207521,2025-08-06 11:09:08.916681,2025-08-06 11:10:03.848462,0 days 00:00:54.931781,1.7615679410595426,5,87,COMPLETE
135,11291.848686115301,2025-08-06 11:09:08.969864,2025-08-06 11:10:06.700914,0 days 00:00:57.731050,1.7063121795412117,5,89,COMPLETE
136,12490.705107342106,2025-08-06 11:09:08.983024,2025-08-06 11:10:08.045832,0 days 00:00:59.062808,1.750821455951261,5,87,COMPLETE
137,12588.386642805426,2025-08-06 11:09:09.022498,2025-08-06 11:10:09.198392,0 days 00:01:00.175894,1.6137939742972311,5,88,COMPLETE
138,4178.433773698594,2025-08-06 11:09:09.120871,2025-08-06 11:09:42.528695,0 days 00:00:33.407824,1.9045269973089511,6,100,COMPLETE
139,11178.19346711655,2025-08-06 11:09:09.174999,2025-08-06 11:10:08.799230,0 days 00:00:59.624231,1.7805887171964405,6,87,COMPLETE
140,6731.785472772417,2025-08-06 11:09:09.202648,2025-08-06 11:12:02.420508,0 days 00:02:53.217860,1.934714048009062,6,87,COMPLETE
141,6506.478425996874,2025-08-06 11:09:09.216587,2025-08-06 11:10:50.170286,0 days 00:01:40.953699,1.9260278765973875,6,87,COMPLETE
142,9627.294125766188,2025-08-06 11:09:09.224359,2025-08-06 11:10:10.622646,0 days 00:01:01.398287,1.7788678675159637,5,98,COMPLETE
143,20681.94144135938,2025-08-06 11:09:09.279936,2025-08-06 11:10:11.276043,0 days 00:01:01.996107,1.731093761596512,5,59,COMPLETE
144,7588.238387964962,2025-08-06 11:09:09.329824,2025-08-06 11:09:51.239730,0 days 00:00:41.909906,1.9033933899536626,5,57,COMPLETE
145,6438.446871667288,2025-08-06 11:09:09.334021,2025-08-06 11:10:12.886057,0 days 00:01:03.552036,1.7845141025580173,7,100,COMPLETE
146,8391.980597336531,2025-08-06 11:09:09.340848,2025-08-06 11:10:12.371667,0 days 00:01:03.030819,1.782058053963914,5,100,COMPLETE
147,18286.90268777629,2025-08-06 11:09:09.341813,2025-08-06 11:09:43.553989,0 days 00:00:34.212176,1.774197448104945,6,58,COMPLETE
148,17831.25305193868,2025-08-06 11:09:09.363249,2025-08-06 11:10:13.855370,0 days 00:01:04.492121,1.7435051414648208,5,56,COMPLETE
149,7170.918877434778,2025-08-06 11:09:09.425771,2025-08-06 11:10:55.465083,0 days 00:01:46.039312,1.8214451138453236,7,100,COMPLETE
150,11510.618997213985,2025-08-06 11:09:09.469742,2025-08-06 11:10:15.781454,0 days 00:01:06.311712,1.8337967424158024,7,53,COMPLETE
151,21691.457139465376,2025-08-06 11:09:09.488209,2025-08-06 11:11:02.753349,0 days 00:01:53.265140,1.6781048775439924,5,59,COMPLETE
152,8221.152882986726,2025-08-06 11:09:09.568394,2025-08-06 11:10:16.692481,0 days 00:01:07.124087,1.801786036892044,5,100,COMPLETE
153,19835.465754920904,2025-08-06 11:09:09.570869,2025-08-06 11:09:53.530761,0 days 00:00:43.959892,1.679002193782724,5,55,COMPLETE
154,11675.513510630019,2025-08-06 11:09:09.624487,2025-08-06 11:10:17.141055,0 days 00:01:07.516568,1.818558695076811,5,99,COMPLETE
155,8274.610881492383,2025-08-06 11:09:09.631760,2025-08-06 11:13:50.012408,0 days 00:04:40.380648,1.818387373787036,7,98,COMPLETE
156,9309.095645076231,2025-08-06 11:09:09.690871,2025-08-06 11:10:19.549451,0 days 00:01:09.858580,1.7648605778145128,5,98,COMPLETE
157,13685.007783665873,2025-08-06 11:09:09.781895,2025-08-06 11:10:19.290515,0 days 00:01:09.508620,1.5287628104394473,5,99,COMPLETE
158,11520.954348840593,2025-08-06 11:09:09.789720,2025-08-06 11:10:19.547833,0 days 00:01:09.758113,1.7114693305775295,7,98,COMPLETE
159,9522.728772002585,2025-08-06 11:09:09.961049,2025-08-06 11:10:22.212672,0 days 00:01:12.251623,1.763621718400306,5,99,COMPLETE
160,10589.434080262328,2025-08-06 11:09:09.975717,2025-08-06 11:09:54.671368,0 days 00:00:44.695651,1.7380839572413886,9,99,COMPLETE
161,11057.111780083516,2025-08-06 11:09:10.091678,2025-08-06 11:10:25.240233,0 days 00:01:15.148555,1.740379916264383,5,98,COMPLETE
162,11355.293468332857,2025-08-06 11:09:10.108651,2025-08-06 11:10:24.225839,0 days 00:01:14.117188,1.8266587719230367,9,58,COMPLETE
163,12944.634025257332,2025-08-06 11:09:10.120866,2025-08-06 11:10:24.565657,0 days 00:01:14.444791,1.6159405321990061,10,100,COMPLETE
164,16977.262839379735,2025-08-06 11:09:10.180808,2025-08-06 11:09:55.483983,0 days 00:00:45.303175,1.5754681735798148,6,99,COMPLETE
165,9627.294125766188,2025-08-06 11:09:10.186816,2025-08-06 11:09:45.870648,0 days 00:00:35.683832,1.7732924991166974,5,98,COMPLETE
166,8171.417053385043,2025-08-06 11:09:10.212500,2025-08-06 11:10:26.304872,0 days 00:01:16.092372,1.8565240084832104,5,96,COMPLETE
167,6886.933398291455,2025-08-06 11:09:10.224636,2025-08-06 11:09:55.882287,0 days 00:00:45.657651,1.8809934202921537,6,59,COMPLETE
168,11782.145363391433,2025-08-06 11:09:10.302813,2025-08-06 11:09:58.485025,0 days 00:00:48.182212,1.673510735401766,6,99,COMPLETE
169,10006.287065828963,2025-08-06 11:09:10.336703,2025-08-06 11:11:28.593887,0 days 00:02:18.257184,1.722969639704686,7,100,COMPLETE
170,9874.012837359043,2025-08-06 11:09:10.357038,2025-08-06 11:09:58.500929,0 days 00:00:48.143891,1.7595864275128024,6,99,COMPLETE
171,11675.513510630019,2025-08-06 11:09:10.385636,2025-08-06 11:09:46.760889,0 days 00:00:36.375253,1.8256811884642938,5,99,COMPLETE
172,19950.85664377563,2025-08-06 11:09:10.429504,2025-08-06 11:13:04.382007,0 days 00:03:53.952503,1.6516730517402172,8,98,COMPLETE
173,14915.944171388002,2025-08-06 11:09:10.450213,2025-08-06 11:11:32.913796,0 days 00:02:22.463583,1.5738741199281532,6,100,COMPLETE
174,10552.89138263364,2025-08-06 11:09:10.486753,2025-08-06 11:10:29.798732,0 days 00:01:19.311979,1.6853613601482866,5,98,COMPLETE
175,8826.191932218193,2025-08-06 11:09:10.511636,2025-08-06 11:09:58.638031,0 days 00:00:48.126395,1.790174949893189,6,100,COMPLETE
176,13562.460403984278,2025-08-06 11:09:10.542202,2025-08-06 11:11:33.948085,0 days 00:02:23.405883,1.3967923881967148,6,100,COMPLETE
177,8770.40963964593,2025-08-06 11:09:10.566694,2025-08-06 11:09:59.342700,0 days 00:00:48.776006,1.7426974202204963,9,99,COMPLETE
178,10238.99952298,2025-08-06 11:09:10.616546,2025-08-06 11:10:33.036584,0 days 00:01:22.420038,1.6947922940825233,6,100,COMPLETE
179,9984.52005891187,2025-08-06 11:09:10.617822,2025-08-06 11:10:35.660326,0 days 00:01:25.042504,1.713889498539769,5,97,COMPLETE
180,18573.13518917225,2025-08-06 11:09:10.659172,2025-08-06 11:10:00.658026,0 days 00:00:49.998854,1.6108107007818766,9,99,COMPLETE
181,15166.065429639399,2025-08-06 11:09:10.668182,2025-08-06 11:10:37.204343,0 days 00:01:26.536161,1.698596271698859,6,96,COMPLETE
182,10343.566268784565,2025-08-06 11:09:10.670388,2025-08-06 11:10:00.969741,0 days 00:00:50.299353,1.722654203004363,6,97,COMPLETE
183,20657.98799211348,2025-08-06 11:09:10.699570,2025-08-06 11:11:44.923358,0 days 00:02:34.223788,1.7376678451746113,5,58,COMPLETE
184,10238.99952298,2025-08-06 11:09:10.700922,2025-08-06 11:11:42.307411,0 days 00:02:31.606489,1.6963009953372903,6,100,COMPLETE
185,9271.122496471437,2025-08-06 11:09:10.702851,2025-08-06 11:10:01.947543,0 days 00:00:51.244692,1.6608839551718968,5,100,COMPLETE
186,9984.52005891187,2025-08-06 11:09:10.704044,2025-08-06 11:09:48.749186,0 days 00:00:38.045142,1.7248943637799725,5,98,COMPLETE
187,16875.756593209346,2025-08-06 11:09:10.704745,2025-08-06 11:10:38.751781,0 days 00:01:28.047036,1.5519989923260162,5,57,COMPLETE
188,16633.33833735428,2025-08-06 11:09:10.709467,2025-08-06 11:10:40.951034,0 days 00:01:30.241567,1.612078702453793,8,100,COMPLETE
189,24060.801806923,2025-08-06 11:09:10.710630,2025-08-06 11:11:45.457609,0 days 00:02:34.746979,1.5591976722323708,6,59,COMPLETE
190,10395.436945162553,2025-08-06 11:09:10.711305,2025-08-06 11:10:41.924078,0 days 00:01:31.212773,1.6963151118616522,7,100,COMPLETE
191,10238.99952298,2025-08-06 11:09:10.721555,2025-08-06 11:10:03.906317,0 days 00:00:53.184762,1.6900234558717715,6,100,COMPLETE
192,8262.536726242337,2025-08-06 11:09:10.726004,2025-08-06 11:10:43.424441,0 days 00:01:32.698437,1.840191695242279,7,99,COMPLETE
193,10589.434080262328,2025-08-06 11:09:10.727601,2025-08-06 11:10:43.540472,0 days 00:01:32.812871,1.737810090224476,9,99,COMPLETE
194,12944.634025257332,2025-08-06 11:09:10.728845,2025-08-06 11:10:42.085958,0 days 00:01:31.357113,1.615500076880454,10,100,COMPLETE
195,5792.019928181214,2025-08-06 11:09:10.733343,2025-08-06 11:10:05.350615,0 days 00:00:54.617272,1.8364690427795254,7,100,COMPLETE
196,10113.028565341874,2025-08-06 11:09:10.734315,2025-08-06 11:13:29.598092,0 days 00:04:18.863777,1.7261642782038567,6,99,COMPLETE
197,19950.85664377563,2025-08-06 11:09:10.736973,2025-08-06 11:10:04.276861,0 days 00:00:53.539888,1.6583392073951613,8,97,COMPLETE
198,10343.637238331628,2025-08-06 11:09:10.739404,2025-08-06 11:10:06.763694,0 days 00:00:56.024290,1.7108499850781853,6,99,COMPLETE
199,4912.180056971072,2025-08-06 11:09:10.741189,2025-08-06 11:11:53.312432,0 days 00:02:42.571243,1.900145982639788,6,99,COMPLETE
200,21705.184361747026,2025-08-06 11:09:10.744118,2025-08-06 11:11:56.371293,0 days 00:02:45.627175,1.6116169584805151,5,55,COMPLETE
201,9309.095645076231,2025-08-06 11:09:10.744724,2025-08-06 11:10:07.622173,0 days 00:00:56.877449,1.7727664527075058,5,97,COMPLETE
202,9984.52005891187,2025-08-06 11:09:10.752764,2025-08-06 11:10:06.947272,0 days 00:00:56.194508,1.7054753857538838,5,98,COMPLETE
203,10660.74907542011,2025-08-06 11:09:10.756179,2025-08-06 11:10:07.470116,0 days 00:00:56.713937,1.735283040812312,5,97,COMPLETE
204,9984.52005891187,2025-08-06 11:09:10.760015,2025-08-06 11:10:45.926694,0 days 00:01:35.166679,1.7127762626619432,5,98,COMPLETE
205,18616.07953309241,2025-08-06 11:09:10.761373,2025-08-06 11:10:08.420428,0 days 00:00:57.659055,1.658948232647934,5,57,COMPLETE
206,17003.95453985166,2025-08-06 11:09:10.763850,2025-08-06 11:10:08.414291,0 days 00:00:57.650441,1.4943041841264753,5,99,COMPLETE
207,14846.606872359924,2025-08-06 11:09:10.766430,2025-08-06 11:12:03.620460,0 days 00:02:52.854030,1.5704294834560941,8,98,COMPLETE
208,8704.06192095228,2025-08-06 11:09:10.823401,2025-08-06 11:10:09.454007,0 days 00:00:58.630606,1.7074625251756173,5,100,COMPLETE
209,11948.204148108274,2025-08-06 11:09:10.842708,2025-08-06 11:10:11.220645,0 days 00:01:00.377937,1.6638360395056373,5,99,COMPLETE
210,10238.99952298,2025-08-06 11:09:10.885766,2025-08-06 11:10:48.128154,0 days 00:01:37.242388,1.6954471559585906,6,100,COMPLETE
211,20700.63028530364,2025-08-06 11:09:10.892643,2025-08-06 11:10:10.598122,0 days 00:00:59.705479,1.693772734197388,5,59,COMPLETE
212,13440.013402195706,2025-08-06 11:09:10.906980,2025-08-06 11:10:11.431553,0 days 00:01:00.524573,1.6105434538908219,5,94,COMPLETE
213,9627.294125766188,2025-08-06 11:09:10.909175,2025-08-06 11:10:49.226666,0 days 00:01:38.317491,1.7833390286772879,5,97,COMPLETE
214,16851.222599675082,2025-08-06 11:09:10.916872,2025-08-06 11:10:11.421212,0 days 00:01:00.504340,1.7009843341082491,5,57,COMPLETE
215,7142.247766789502,2025-08-06 11:09:10.940594,2025-08-06 11:09:50.739413,0 days 00:00:39.798819,1.7808391927528677,7,98,COMPLETE
216,6000.393124087857,2025-08-06 11:09:10.963412,2025-08-06 11:10:11.812317,0 days 00:01:00.848905,1.9114392583439823,5,97,COMPLETE
217,9984.52005891187,2025-08-06 11:09:11.009287,2025-08-06 11:13:38.295261,0 days 00:04:27.285974,1.7237589970384728,5,99,COMPLETE
218,18181.345113350853,2025-08-06 11:09:11.053097,2025-08-06 11:10:52.151768,0 days 00:01:41.098671,1.6069554100081676,7,96,COMPLETE
219,10779.13226540814,2025-08-06 11:09:11.158228,2025-08-06 11:10:14.343316,0 days 00:01:03.185088,1.6706693126247592,6,100,COMPLETE
220,10622.308877162586,2025-08-06 11:09:11.229968,2025-08-06 11:10:15.161672,0 days 00:01:03.931704,1.6562076469102354,5,99,COMPLETE
221,10461.776754498265,2025-08-06 11:09:11.236432,2025-08-06 11:12:15.752032,0 days 00:03:04.515600,1.6665354546740199,5,100,COMPLETE
222,15632.38188733796,2025-08-06 11:09:11.276487,2025-08-06 11:10:15.344838,0 days 00:01:04.068351,1.6596900869008622,20,48,COMPLETE
223,9837.719551896696,2025-08-06 11:09:11.277779,2025-08-06 11:10:58.154341,0 days 00:01:46.876562,4.426154391697048,20,53,COMPLETE
224,9837.719551896696,2025-08-06 11:09:11.298764,2025-08-06 11:10:15.785809,0 days 00:01:04.487045,4.431892443381046,20,54,COMPLETE
225,12459.179147544699,2025-08-06 11:09:11.306188,2025-08-06 11:12:22.467486,0 days 00:03:11.161298,4.496400279828705,20,54,COMPLETE
226,8432.9584265585,2025-08-06 11:09:11.307115,2025-08-06 11:10:58.418495,0 days 00:01:47.111380,4.31533599258971,20,54,COMPLETE
227,9837.719551896696,2025-08-06 11:09:11.330892,2025-08-06 11:10:58.605280,0 days 00:01:47.274388,4.433700103962309,20,54,COMPLETE
228,10217.716716649456,2025-08-06 11:09:11.365355,2025-08-06 11:10:56.734828,0 days 00:01:45.369473,4.403982228332187,20,48,COMPLETE
229,12669.476077426276,2025-08-06 11:09:11.366339,2025-08-06 11:09:52.453099,0 days 00:00:41.086760,4.350962121787493,21,53,COMPLETE
230,3003.9197765488752,2025-08-06 11:09:11.367266,2025-08-06 11:10:17.048034,0 days 00:01:05.680768,4.461774102277673,8,57,COMPLETE
231,9163.860732237665,2025-08-06 11:09:11.416039,2025-08-06 11:11:02.667823,0 days 00:01:51.251784,4.47923878308759,20,55,COMPLETE
232,7688.484220102693,2025-08-06 11:09:11.439243,2025-08-06 11:13:47.213498,0 days 00:04:35.774255,1.7372441141774928,19,56,COMPLETE
233,10568.216899304789,2025-08-06 11:09:11.459511,2025-08-06 11:10:17.348702,0 days 00:01:05.889191,1.7311997668364838,20,53,COMPLETE
234,9837.719551896696,2025-08-06 11:09:11.505948,2025-08-06 11:09:53.671108,0 days 00:00:42.165160,4.429817103084528,20,54,COMPLETE
235,9837.719551896696,2025-08-06 11:09:11.507011,2025-08-06 11:09:53.267268,0 days 00:00:41.760257,4.454591243542025,20,54,COMPLETE
236,9965.378748388974,2025-08-06 11:09:11.525127,2025-08-06 11:13:50.583019,0 days 00:04:39.057892,4.388318531799378,20,57,COMPLETE
237,9837.719551896696,2025-08-06 11:09:11.527529,2025-08-06 11:10:17.499791,0 days 00:01:05.972262,4.449550919236622,20,54,COMPLETE
238,9550.59794933597,2025-08-06 11:09:11.532068,2025-08-06 11:11:04.859455,0 days 00:01:53.327387,1.764600188553095,20,54,COMPLETE
239,9185.362914460395,2025-08-06 11:09:11.537884,2025-08-06 11:10:17.677823,0 days 00:01:06.139939,4.385306567801441,20,49,COMPLETE
240,12220.633125866078,2025-08-06 11:09:11.539395,2025-08-06 11:11:05.426467,0 days 00:01:53.887072,4.396375893441395,20,46,COMPLETE
241,8328.888589471198,2025-08-06 11:09:11.542459,2025-08-06 11:11:05.237546,0 days 00:01:53.695087,4.36770610858291,20,51,COMPLETE
242,9817.828642905642,2025-08-06 11:09:11.554485,2025-08-06 11:12:27.810456,0 days 00:03:16.255971,4.455928318851119,20,52,COMPLETE
243,3735.1045112290685,2025-08-06 11:09:11.557401,2025-08-06 11:11:04.531896,0 days 00:01:52.974495,4.488962788058158,9,55,COMPLETE
244,9617.137096795946,2025-08-06 11:09:11.592265,2025-08-06 11:11:07.203764,0 days 00:01:55.611499,4.463166962164047,20,53,COMPLETE
245,11718.898611068857,2025-08-06 11:09:11.604138,2025-08-06 11:11:07.779876,0 days 00:01:56.175738,4.490460274940362,20,50,COMPLETE
246,13913.470475514247,2025-08-06 11:09:11.627614,2025-08-06 11:11:04.747194,0 days 00:01:53.119580,4.48946601736586,20,51,COMPLETE
247,9636.693327221017,2025-08-06 11:09:11.635784,2025-08-06 11:11:07.486303,0 days 00:01:55.850519,4.444881856689662,21,53,COMPLETE
248,9617.137096795946,2025-08-06 11:09:11.661310,2025-08-06 11:11:09.275324,0 days 00:01:57.614014,4.475202041275477,20,52,COMPLETE
249,12679.66622491413,2025-08-06 11:09:11.682575,2025-08-06 11:10:18.997105,0 days 00:01:07.314530,4.476163392255591,19,52,COMPLETE
250,17520.527139571695,2025-08-06 11:09:11.895100,2025-08-06 11:11:08.765781,0 days 00:01:56.870681,4.230463300186685,20,54,COMPLETE
251,7323.884043435885,2025-08-06 11:09:11.943931,2025-08-06 11:11:10.872490,0 days 00:01:58.928559,4.3732887520068155,20,53,COMPLETE
252,9636.693327221017,2025-08-06 11:09:12.058242,2025-08-06 11:11:11.011964,0 days 00:01:58.953722,4.478101074488915,21,53,COMPLETE
253,7802.87449519504,2025-08-06 11:09:12.154787,2025-08-06 11:11:13.675081,0 days 00:02:01.520294,4.347515964121614,20,57,COMPLETE
254,16311.860567801865,2025-08-06 11:09:12.160863,2025-08-06 11:11:11.331350,0 days 00:01:59.170487,4.163881783117441,19,52,COMPLETE
255,11079.153885797361,2025-08-06 11:09:12.210553,2025-08-06 11:10:20.016483,0 days 00:01:07.805930,4.4016384232819235,20,51,COMPLETE
256,9837.719551896696,2025-08-06 11:09:12.293943,2025-08-06 11:11:15.836123,0 days 00:02:03.542180,4.38803023896552,21,53,COMPLETE
257,11079.153885797361,2025-08-06 11:09:12.336016,2025-08-06 11:11:13.813444,0 days 00:02:01.477428,4.42145303843755,20,51,COMPLETE
258,8541.566733447886,2025-08-06 11:09:12.400762,2025-08-06 11:11:16.015791,0 days 00:02:03.615029,4.478104015027893,20,49,COMPLETE
259,8432.9584265585,2025-08-06 11:09:12.429334,2025-08-06 11:12:40.035163,0 days 00:03:27.605829,4.308243278247962,20,52,COMPLETE
260,9617.137096795946,2025-08-06 11:09:12.567949,2025-08-06 11:11:16.676442,0 days 00:02:04.108493,4.4699502030353315,20,53,COMPLETE
261,7323.884043435885,2025-08-06 11:09:12.613309,2025-08-06 11:10:20.271416,0 days 00:01:07.658107,4.377851915020455,20,52,COMPLETE
262,11545.451087103093,2025-08-06 11:09:12.614353,2025-08-06 11:11:15.557767,0 days 00:02:02.943414,4.272321455326613,20,49,COMPLETE
263,11718.898611068857,2025-08-06 11:09:12.620449,2025-08-06 11:11:17.208287,0 days 00:02:04.587838,4.490997436024816,20,49,COMPLETE
264,12459.179147544699,2025-08-06 11:09:12.649490,2025-08-06 11:12:42.274234,0 days 00:03:29.624744,4.4895372406068335,20,54,COMPLETE
265,11079.153885797361,2025-08-06 11:09:12.666190,2025-08-06 11:12:39.386364,0 days 00:03:26.720174,4.392907226121977,20,51,COMPLETE
266,6233.993636352911,2025-08-06 11:09:12.859488,2025-08-06 11:11:19.712283,0 days 00:02:06.852795,4.358024619722763,9,99,COMPLETE
267,11258.42399855881,2025-08-06 11:09:12.876859,2025-08-06 11:12:50.295558,0 days 00:03:37.418699,4.4137691706416575,20,99,COMPLETE
268,5008.593729490203,2025-08-06 11:09:13.039221,2025-08-06 11:11:17.830688,0 days 00:02:04.791467,4.360693472257471,19,100,COMPLETE
269,10174.27723748394,2025-08-06 11:09:13.041176,2025-08-06 11:11:20.967253,0 days 00:02:07.926077,4.486078207639851,20,100,COMPLETE
270,11258.42399855881,2025-08-06 11:09:13.074397,2025-08-06 11:11:15.882694,0 days 00:02:02.808297,4.433568660615896,20,98,COMPLETE
271,9365.161247274305,2025-08-06 11:09:13.469004,2025-08-06 11:14:07.225634,0 days 00:04:53.756630,3.7649280986339657,9,98,COMPLETE
272,10978.97180534232,2025-08-06 11:09:13.689014,2025-08-06 11:11:23.029009,0 days 00:02:09.339995,3.664980218143281,9,99,COMPLETE
273,4524.8607249661445,2025-08-06 11:09:13.809129,2025-08-06 11:11:21.300803,0 days 00:02:07.491674,3.6393430177824393,10,97,COMPLETE
274,8055.47805593535,2025-08-06 11:09:13.821619,2025-08-06 11:11:19.833649,0 days 00:02:06.012030,3.7671099041185174,10,100,COMPLETE
275,13332.38342241511,2025-08-06 11:09:13.829416,2025-08-06 11:11:21.867468,0 days 00:02:08.038052,1.6747790246155194,8,97,COMPLETE
276,16338.758058599276,2025-08-06 11:09:13.846432,2025-08-06 11:10:23.244095,0 days 00:01:09.397663,1.607878794065556,9,100,COMPLETE
277,7435.289012870325,2025-08-06 11:09:13.945784,2025-08-06 11:12:54.040156,0 days 00:03:40.094372,3.80417088324335,9,100,COMPLETE
278,16338.758058599276,2025-08-06 11:09:13.983426,2025-08-06 11:10:23.651279,0 days 00:01:09.667853,1.612822185641403,9,100,COMPLETE
279,10676.599955468813,2025-08-06 11:09:13.989680,2025-08-06 11:12:55.066627,0 days 00:03:41.076947,1.566224017256441,10,100,COMPLETE
280,10358.554029052553,2025-08-06 11:09:14.022243,2025-08-06 11:10:25.024957,0 days 00:01:11.002714,3.793279803584055,9,99,COMPLETE
281,10264.256256364994,2025-08-06 11:09:14.028543,2025-08-06 11:11:22.240171,0 days 00:02:08.211628,1.4482572593205982,9,97,COMPLETE
282,10302.898949171766,2025-08-06 11:09:14.063177,2025-08-06 11:11:24.557316,0 days 00:02:10.494139,3.703716263130533,10,96,COMPLETE
283,15859.168514258656,2025-08-06 11:09:14.074418,2025-08-06 11:11:23.876113,0 days 00:02:09.801695,1.6879851296491535,10,100,COMPLETE
284,10336.343520952427,2025-08-06 11:09:14.141522,2025-08-06 11:10:25.251938,0 days 00:01:11.110416,1.5001640642628316,10,99,COMPLETE
285,13368.213428347955,2025-08-06 11:09:14.193215,2025-08-06 11:09:55.445128,0 days 00:00:41.251913,1.5001941042900202,7,99,COMPLETE
286,10269.779819844702,2025-08-06 11:09:14.225233,2025-08-06 11:11:24.061322,0 days 00:02:09.836089,1.469836018767388,10,99,COMPLETE
287,12093.559387542378,2025-08-06 11:09:14.272676,2025-08-06 11:12:58.492579,0 days 00:03:44.219903,1.4236061963396445,8,99,COMPLETE
288,12413.70231857107,2025-08-06 11:09:14.328091,2025-08-06 11:11:28.305543,0 days 00:02:13.977452,1.5554109091042838,8,98,COMPLETE
289,26592.760482931193,2025-08-06 11:09:14.350041,2025-08-06 11:12:59.337429,0 days 00:03:44.987388,1.46326730895359,9,42,COMPLETE
290,24009.231998187686,2025-08-06 11:09:14.396520,2025-08-06 11:11:28.399662,0 days 00:02:14.003142,1.4705326606256865,9,36,COMPLETE
291,12984.980067282495,2025-08-06 11:09:14.438318,2025-08-06 11:11:28.635918,0 days 00:02:14.197600,1.5605791109529596,8,98,COMPLETE
292,15720.280811542887,2025-08-06 11:09:14.471481,2025-08-06 11:12:58.055327,0 days 00:03:43.583846,1.3918359884456284,8,96,COMPLETE
293,10594.759577326216,2025-08-06 11:09:14.479713,2025-08-06 11:10:27.074067,0 days 00:01:12.594354,1.3671554991378603,8,100,COMPLETE
294,19641.000269392694,2025-08-06 11:09:14.540453,2025-08-06 11:11:28.917403,0 days 00:02:14.376950,1.6204219558442476,8,99,COMPLETE
295,15526.244963352265,2025-08-06 11:09:14.572119,2025-08-06 11:10:27.672000,0 days 00:01:13.099881,1.5650147460440245,7,98,COMPLETE
296,13405.915261922404,2025-08-06 11:09:14.604497,2025-08-06 11:14:14.508426,0 days 00:04:59.903929,3.7208105884239657,5,99,COMPLETE
297,28133.02678821891,2025-08-06 11:09:14.618713,2025-08-06 11:12:59.372207,0 days 00:03:44.753494,1.5456082913005305,6,38,COMPLETE
298,15673.527746064188,2025-08-06 11:09:14.625136,2025-08-06 11:11:29.237491,0 days 00:02:14.612355,1.4278161094341917,8,96,COMPLETE
299,24554.950610686745,2025-08-06 11:09:14.661414,2025-08-06 11:11:30.248089,0 days 00:02:15.586675,1.510335236940009,8,40,COMPLETE
300,15431.206718174746,2025-08-06 11:09:14.709445,2025-08-06 11:11:30.626481,0 days 00:02:15.917036,1.5909604139985891,8,100,COMPLETE
301,12186.509921490051,2025-08-06 11:09:14.716343,2025-08-06 11:10:29.090677,0 days 00:01:14.374334,1.4595832893780138,8,98,COMPLETE
302,10395.436945162553,2025-08-06 11:09:14.732679,2025-08-06 11:11:32.383661,0 days 00:02:17.650982,1.6957409273215729,7,100,COMPLETE
303,15083.038347619276,2025-08-06 11:09:14.774336,2025-08-06 11:11:30.254741,0 days 00:02:15.480405,1.5220171330904255,7,43,COMPLETE
304,24538.934437306023,2025-08-06 11:09:14.795733,2025-08-06 11:13:07.876552,0 days 00:03:53.080819,1.4714934237005228,8,43,COMPLETE
305,13300.729394938913,2025-08-06 11:09:14.836707,2025-08-06 11:10:28.423256,0 days 00:01:13.586549,1.7092714964105724,8,99,COMPLETE
306,10362.091108332965,2025-08-06 11:09:14.842823,2025-08-06 11:13:05.106331,0 days 00:03:50.263508,1.4542319956623495,8,100,COMPLETE
307,20173.909994699963,2025-08-06 11:09:14.959323,2025-08-06 11:10:29.070327,0 days 00:01:14.111004,1.6372916867492142,8,98,COMPLETE
308,11562.000119801,2025-08-06 11:09:14.977924,2025-08-06 11:14:16.987633,0 days 00:05:02.009709,1.5232737632233053,8,99,COMPLETE
309,19032.754795792574,2025-08-06 11:09:14.979863,2025-08-06 11:10:32.220444,0 days 00:01:17.240581,1.71947628179354,8,39,COMPLETE
310,29912.081920287375,2025-08-06 11:09:14.985527,2025-08-06 11:10:30.402364,0 days 00:01:15.416837,1.575390686326937,6,39,COMPLETE
311,21291.67310230607,2025-08-06 11:09:14.986412,2025-08-06 11:13:11.196868,0 days 00:03:56.210456,1.424410182319805,8,40,COMPLETE
312,20944.329305105843,2025-08-06 11:09:14.990371,2025-08-06 11:11:31.448606,0 days 00:02:16.458235,1.5635188326653913,8,36,COMPLETE
313,28355.583592929732,2025-08-06 11:09:15.000011,2025-08-06 11:13:08.937782,0 days 00:03:53.937771,1.5669692330149787,10,38,COMPLETE
314,23800.878398563364,2025-08-06 11:09:15.002263,2025-08-06 11:13:11.793506,0 days 00:03:56.791243,1.482064131957508,9,39,COMPLETE
315,25406.370923525883,2025-08-06 11:09:15.019627,2025-08-06 11:10:34.716444,0 days 00:01:19.696817,1.467388027379577,8,36,COMPLETE
316,26317.567293386834,2025-08-06 11:09:15.029975,2025-08-06 11:11:36.491183,0 days 00:02:21.461208,1.4657703000896956,9,39,COMPLETE
317,21331.78515993396,2025-08-06 11:09:15.049211,2025-08-06 11:13:09.727711,0 days 00:03:54.678500,1.5533803484794848,8,35,COMPLETE
318,22428.164495043657,2025-08-06 11:09:15.051154,2025-08-06 11:11:37.126145,0 days 00:02:22.074991,1.4787061335411398,10,40,COMPLETE
319,26963.734877288236,2025-08-06 11:09:15.075809,2025-08-06 11:11:37.236337,0 days 00:02:22.160528,1.4668177421559765,8,38,COMPLETE
320,25325.33916204609,2025-08-06 11:09:15.120536,2025-08-06 11:13:12.150285,0 days 00:03:57.029749,1.3648947127926203,8,40,COMPLETE
321,19366.143943018793,2025-08-06 11:09:15.141036,2025-08-06 11:10:33.671720,0 days 00:01:18.530684,1.5378617068287102,8,40,COMPLETE
322,30207.764276346894,2025-08-06 11:09:15.152014,2025-08-06 11:10:32.853158,0 days 00:01:17.701144,1.6582921000163073,9,40,COMPLETE
323,21839.849850093633,2025-08-06 11:09:15.153974,2025-08-06 11:13:13.411614,0 days 00:03:58.257640,1.4468367661721744,9,39,COMPLETE
324,22182.66330989752,2025-08-06 11:09:15.155838,2025-08-06 11:13:12.960247,0 days 00:03:57.804409,1.4218034672684796,9,40,COMPLETE
325,18659.641707397015,2025-08-06 11:09:15.156625,2025-08-06 11:10:34.590150,0 days 00:01:19.433525,1.5355460848941662,8,40,COMPLETE
326,23747.810552874093,2025-08-06 11:09:15.163883,2025-08-06 11:10:34.263662,0 days 00:01:19.099779,1.6685238410647598,8,37,COMPLETE
327,22318.02782053282,2025-08-06 11:09:15.169966,2025-08-06 11:11:38.556741,0 days 00:02:23.386775,1.448752809375168,9,40,COMPLETE
328,24754.70808486974,2025-08-06 11:09:15.185014,2025-08-06 11:13:13.566753,0 days 00:03:58.381739,1.5200118443686494,8,40,COMPLETE
329,25044.108081146045,2025-08-06 11:09:15.233444,2025-08-06 11:13:17.293086,0 days 00:04:02.059642,1.5154680914030518,8,39,COMPLETE
330,17291.52266319641,2025-08-06 11:09:15.301429,2025-08-06 11:10:37.967444,0 days 00:01:22.666015,1.6325257227008925,8,100,COMPLETE
331,23055.379833926985,2025-08-06 11:09:15.359608,2025-08-06 11:13:18.595282,0 days 00:04:03.235674,1.392064942337188,8,39,COMPLETE
332,23055.379833926985,2025-08-06 11:09:15.413790,2025-08-06 11:14:18.285871,0 days 00:05:02.872081,1.3709728115930808,8,40,COMPLETE
333,18269.735681750393,2025-08-06 11:09:15.433594,2025-08-06 11:11:41.056367,0 days 00:02:25.622773,1.5541036980757486,8,42,COMPLETE
334,8270.09347452778,2025-08-06 11:09:15.543704,2025-08-06 11:11:45.248088,0 days 00:02:29.704384,1.5261852668532088,9,100,COMPLETE
335,12435.348597646307,2025-08-06 11:09:15.578947,2025-08-06 11:10:37.901042,0 days 00:01:22.322095,1.5632664948142523,8,98,COMPLETE
336,24702.479760189686,2025-08-06 11:09:15.645171,2025-08-06 11:13:15.160475,0 days 00:03:59.515304,1.3907036579178458,8,38,COMPLETE
337,25530.188671251803,2025-08-06 11:09:15.696412,2025-08-06 11:10:38.213334,0 days 00:01:22.516922,1.4579589811208198,8,38,COMPLETE
338,22299.774110439776,2025-08-06 11:09:15.702699,2025-08-06 11:10:40.717820,0 days 00:01:25.015121,1.6561306930056048,7,39,COMPLETE
339,26819.773443709517,2025-08-06 11:09:15.822831,2025-08-06 11:10:01.869314,0 days 00:00:46.046483,1.5167488368335538,8,38,COMPLETE
340,26765.885774365714,2025-08-06 11:09:15.841995,2025-08-06 11:14:50.619049,0 days 00:05:34.777054,1.4595320903895812,9,36,COMPLETE
341,25249.392574344995,2025-08-06 11:09:15.988417,2025-08-06 11:13:21.121005,0 days 00:04:05.132588,1.571434680064568,8,39,COMPLETE
342,29293.954436179247,2025-08-06 11:09:16.048094,2025-08-06 11:11:46.350543,0 days 00:02:30.302449,1.437070989442401,6,39,COMPLETE
343,27583.275890373367,2025-08-06 11:09:16.100848,2025-08-06 11:14:22.040192,0 days 00:05:05.939344,1.495799497679891,8,38,COMPLETE
344,26328.053823568942,2025-08-06 11:09:16.157052,2025-08-06 11:13:25.370606,0 days 00:04:09.213554,1.41454441079175,9,37,COMPLETE
345,18835.650643929428,2025-08-06 11:09:16.317700,2025-08-06 11:11:48.324995,0 days 00:02:32.007295,1.5345347704959658,8,36,COMPLETE
346,24872.217141821457,2025-08-06 11:09:16.409694,2025-08-06 11:10:40.861472,0 days 00:01:24.451778,1.475672769262795,6,40,COMPLETE
347,19746.25691735482,2025-08-06 11:09:16.482318,2025-08-06 11:11:47.615395,0 days 00:02:31.133077,1.5220491543171148,9,39,COMPLETE
348,25993.641412385517,2025-08-06 11:09:16.499425,2025-08-06 11:14:22.012363,0 days 00:05:05.512938,1.4878425963500077,8,36,COMPLETE
349,24513.000479905364,2025-08-06 11:09:16.557365,2025-08-06 11:10:04.498130,0 days 00:00:47.940765,1.6004994850069776,10,40,COMPLETE
350,22725.279829712923,2025-08-06 11:09:16.587641,2025-08-06 11:13:29.612652,0 days 00:04:13.025011,1.5116788314474379,8,37,COMPLETE
351,23055.379833926985,2025-08-06 11:09:16.638498,2025-08-06 11:10:43.903751,0 days 00:01:27.265253,1.3911790912518947,8,40,COMPLETE
352,22182.66330989752,2025-08-06 11:09:16.849131,2025-08-06 11:11:50.749241,0 days 00:02:33.900110,1.4235441013017347,9,40,COMPLETE
353,30539.896228239188,2025-08-06 11:09:16.982467,2025-08-06 11:11:51.739290,0 days 00:02:34.756823,1.672359193712712,9,37,COMPLETE
354,30706.98567932893,2025-08-06 11:09:16.989954,2025-08-06 11:11:54.446883,0 days 00:02:37.456929,1.5891213254216854,8,40,COMPLETE
355,14813.534062774168,2025-08-06 11:09:17.153568,2025-08-06 11:11:52.030562,0 days 00:02:34.876994,1.4705293832371233,21,39,COMPLETE
356,22916.92782328344,2025-08-06 11:09:17.172052,2025-08-06 11:11:52.868903,0 days 00:02:35.696851,1.5343173924593172,21,39,COMPLETE
357,25067.07687856632,2025-08-06 11:09:17.256210,2025-08-06 11:11:55.727681,0 days 00:02:38.471471,1.4526811313634393,9,41,COMPLETE
358,24503.089199123988,2025-08-06 11:09:17.273043,2025-08-06 11:11:54.138164,0 days 00:02:36.865121,1.4734340875104923,10,40,COMPLETE
359,32800.2595027158,2025-08-06 11:09:17.312452,2025-08-06 11:13:30.506553,0 days 00:04:13.194101,1.589089308409913,9,34,COMPLETE
360,8647.873577615825,2025-08-06 11:09:17.323892,2025-08-06 11:11:57.729298,0 days 00:02:40.405406,1.5004197416826919,9,100,COMPLETE
361,21134.059248491743,2025-08-06 11:09:17.334909,2025-08-06 11:10:44.488130,0 days 00:01:27.153221,1.5422319009792043,10,37,COMPLETE
362,33035.457684937,2025-08-06 11:09:17.415974,2025-08-06 11:10:44.876197,0 days 00:01:27.460223,1.6332148372450193,9,38,COMPLETE
363,30917.431739285712,2025-08-06 11:09:17.503102,2025-08-06 11:10:45.666075,0 days 00:01:28.162973,1.6405268007989309,9,40,COMPLETE
364,28503.503701355694,2025-08-06 11:09:17.541687,2025-08-06 11:11:55.800341,0 days 00:02:38.258654,1.6697168615708862,9,40,COMPLETE
365,29149.533669212324,2025-08-06 11:09:17.587627,2025-08-06 11:11:59.472052,0 days 00:02:41.884425,1.6598367528712146,10,41,COMPLETE
366,28214.2642405543,2025-08-06 11:09:17.709573,2025-08-06 11:13:33.687535,0 days 00:04:15.977962,1.5518582326630523,10,38,COMPLETE
367,19862.505112380386,2025-08-06 11:09:17.736723,2025-08-06 11:13:33.966323,0 days 00:04:16.229600,1.7248726783994557,9,37,COMPLETE
368,20017.325294193884,2025-08-06 11:09:17.973557,2025-08-06 11:13:35.181425,0 days 00:04:17.207868,1.7032356776594708,9,98,COMPLETE
369,10464.716593106908,2025-08-06 11:09:18.046907,2025-08-06 11:12:00.417529,0 days 00:02:42.370622,1.6462812042947828,20,100,COMPLETE
370,11223.948087268922,2025-08-06 11:09:18.088306,2025-08-06 11:10:47.610215,0 days 00:01:29.521909,1.7091682365122771,9,98,COMPLETE
371,10515.901907723653,2025-08-06 11:09:18.173714,2025-08-06 11:10:47.194580,0 days 00:01:29.020866,1.9228153471240532,9,95,COMPLETE
372,19206.063445163138,2025-08-06 11:09:18.201077,2025-08-06 11:14:29.852347,0 days 00:05:11.651270,1.6551886780261529,10,79,COMPLETE
373,14886.165041885279,2025-08-06 11:09:18.245412,2025-08-06 11:11:58.707792,0 days 00:02:40.462380,1.7008120896128278,10,100,COMPLETE
374,5404.4368160352615,2025-08-06 11:09:18.325234,2025-08-06 11:12:01.743808,0 days 00:02:43.418574,1.9167006860588398,9,100,COMPLETE
375,19166.12509209856,2025-08-06 11:09:18.348452,2025-08-06 11:10:51.376816,0 days 00:01:33.028364,1.6393459777976198,9,98,COMPLETE
376,18842.09313878863,2025-08-06 11:09:18.427060,2025-08-06 11:14:31.934731,0 days 00:05:13.507671,1.7355456371890472,9,32,COMPLETE
377,6049.519004358339,2025-08-06 11:09:18.440001,2025-08-06 11:12:07.084557,0 days 00:02:48.644556,2.765332812652603,8,33,COMPLETE
378,4805.161146560006,2025-08-06 11:09:18.455494,2025-08-06 11:12:03.772448,0 days 00:02:45.316954,2.6737037023952315,9,31,COMPLETE
379,793.4268141615435,2025-08-06 11:09:18.475535,2025-08-06 11:12:04.614139,0 days 00:02:46.138604,2.749228378268984,9,100,COMPLETE
380,4435.124048976675,2025-08-06 11:09:18.482672,2025-08-06 11:12:07.091595,0 days 00:02:48.608923,2.6892959001792662,9,33,COMPLETE
381,1260.5640919094478,2025-08-06 11:09:18.483560,2025-08-06 11:12:04.342589,0 days 00:02:45.859029,2.8103744779643915,9,100,COMPLETE
382,1337.1753876510702,2025-08-06 11:09:18.489891,2025-08-06 11:10:49.148103,0 days 00:01:30.658212,2.7645327084306377,9,99,COMPLETE
383,1367.5053336172066,2025-08-06 11:09:18.491662,2025-08-06 11:10:51.917369,0 days 00:01:33.425707,2.7328503302739913,8,100,COMPLETE
384,3927.801407181857,2025-08-06 11:09:18.511270,2025-08-06 11:13:40.976589,0 days 00:04:22.465319,2.8813451029037456,10,32,COMPLETE
385,7130.341066424393,2025-08-06 11:09:18.519501,2025-08-06 11:12:09.625106,0 days 00:02:51.105605,2.8030476897345604,9,28,COMPLETE
386,10098.159031932986,2025-08-06 11:09:18.569540,2025-08-06 11:12:08.055190,0 days 00:02:49.485650,2.7940031099741653,8,32,COMPLETE
387,744.5638974305343,2025-08-06 11:09:18.733240,2025-08-06 11:12:08.948312,0 days 00:02:50.215072,2.8059781038130356,9,100,COMPLETE
388,7626.775269093936,2025-08-06 11:09:18.834761,2025-08-06 11:12:09.114704,0 days 00:02:50.279943,1.7446734094863063,9,100,COMPLETE
389,1513.7458494389068,2025-08-06 11:09:18.901644,2025-08-06 11:10:52.975866,0 days 00:01:34.074222,2.7910088163828757,11,100,COMPLETE
390,687.8417242732298,2025-08-06 11:09:18.909530,2025-08-06 11:10:52.176175,0 days 00:01:33.266645,2.7347641868157773,9,100,COMPLETE
391,12955.334365464381,2025-08-06 11:09:18.935029,2025-08-06 11:10:51.188232,0 days 00:01:32.253203,2.892819635052452,9,31,COMPLETE
392,8574.063521560487,2025-08-06 11:09:19.061879,2025-08-06 11:13:44.832431,0 days 00:04:25.770552,2.814745941200203,9,31,COMPLETE
393,8469.46952861794,2025-08-06 11:09:19.136486,2025-08-06 11:10:51.682224,0 days 00:01:32.545738,2.6318373708976672,9,31,COMPLETE
394,5529.938326168483,2025-08-06 11:09:19.149190,2025-08-06 11:12:10.328616,0 days 00:02:51.179426,2.7620913113288013,9,31,COMPLETE
395,2842.8682168614896,2025-08-06 11:09:19.194499,2025-08-06 11:12:10.537067,0 days 00:02:51.342568,2.7345403196776066,9,96,COMPLETE
396,3716.3078314995964,2025-08-06 11:09:19.241577,2025-08-06 11:12:10.913292,0 days 00:02:51.671715,2.6068491102229956,10,97,COMPLETE
397,9505.397758251242,2025-08-06 11:09:19.254608,2025-08-06 11:13:43.952469,0 days 00:04:24.697861,2.5491668329609225,9,31,COMPLETE
398,4536.243431605327,2025-08-06 11:09:19.261688,2025-08-06 11:10:53.172903,0 days 00:01:33.911215,2.727272504839933,9,32,COMPLETE
399,5519.205342429134,2025-08-06 11:09:19.273645,2025-08-06 11:12:10.489151,0 days 00:02:51.215506,2.738939317101419,9,32,COMPLETE
400,749.0667658944753,2025-08-06 11:09:19.302408,2025-08-06 11:12:10.768384,0 days 00:02:51.465976,2.7793427948534184,9,100,COMPLETE
401,2950.5018666987453,2025-08-06 11:09:19.328972,2025-08-06 11:12:15.936709,0 days 00:02:56.607737,2.907862922351075,11,100,COMPLETE
402,11810.498354874599,2025-08-06 11:09:19.362561,2025-08-06 11:12:13.334769,0 days 00:02:53.972208,1.5434979153412214,9,98,COMPLETE
403,1387.1306325301016,2025-08-06 11:09:19.365104,2025-08-06 11:12:13.568072,0 days 00:02:54.202968,2.799260322340259,9,98,COMPLETE
404,1078.456941836079,2025-08-06 11:09:19.376728,2025-08-06 11:10:52.181554,0 days 00:01:32.804826,2.804297154055711,10,99,COMPLETE
405,4382.887728415545,2025-08-06 11:09:19.378409,2025-08-06 11:12:18.026975,0 days 00:02:58.648566,2.678878552417118,9,32,COMPLETE
406,749.0667658944753,2025-08-06 11:09:19.380301,2025-08-06 11:12:13.004025,0 days 00:02:53.623724,2.770159608424313,9,100,COMPLETE
407,1922.2277161138138,2025-08-06 11:09:19.386252,2025-08-06 11:10:55.240043,0 days 00:01:35.853791,2.811667871382062,9,99,COMPLETE
408,5064.471246057067,2025-08-06 11:09:19.416512,2025-08-06 11:14:35.559593,0 days 00:05:16.143081,2.7727883055643385,9,32,COMPLETE
409,5064.471246057067,2025-08-06 11:09:19.460842,2025-08-06 11:12:18.778108,0 days 00:02:59.317266,2.77145719526175,9,32,COMPLETE
410,4364.511336755566,2025-08-06 11:09:19.472777,2025-08-06 11:12:17.613335,0 days 00:02:58.140558,2.6805936418050735,9,33,COMPLETE
411,22431.20098590144,2025-08-06 11:09:19.479221,2025-08-06 11:12:17.158811,0 days 00:02:57.679590,1.5053371889375395,9,31,COMPLETE
412,24750.70976407577,2025-08-06 11:09:19.538282,2025-08-06 11:14:32.421830,0 days 00:05:12.883548,1.514147699240814,9,29,COMPLETE
413,6909.798586808037,2025-08-06 11:09:19.570285,2025-08-06 11:12:19.188872,0 days 00:02:59.618587,2.58115063615103,10,30,COMPLETE
414,11594.735822591403,2025-08-06 11:09:19.613227,2025-08-06 11:13:44.157508,0 days 00:04:24.544281,2.83644646482124,9,32,COMPLETE
415,5064.471246057067,2025-08-06 11:09:19.631720,2025-08-06 11:10:59.794817,0 days 00:01:40.163097,2.771487164209804,9,32,COMPLETE
416,8053.033680967036,2025-08-06 11:09:19.714442,2025-08-06 11:12:21.867666,0 days 00:03:02.153224,2.644002025912811,9,32,COMPLETE
417,12853.04352438373,2025-08-06 11:09:19.838066,2025-08-06 11:10:57.899722,0 days 00:01:38.061656,2.8981699489394623,9,31,COMPLETE
418,9666.660416273255,2025-08-06 11:09:19.856974,2025-08-06 11:13:45.226443,0 days 00:04:25.369469,2.8940090220013275,9,33,COMPLETE
419,8274.496589166767,2025-08-06 11:09:19.871390,2025-08-06 11:13:44.804559,0 days 00:04:24.933169,2.774659088080937,10,31,COMPLETE
420,5206.779848317125,2025-08-06 11:09:19.894797,2025-08-06 11:13:47.138019,0 days 00:04:27.243222,2.7447527791287514,9,30,COMPLETE
421,4452.370613771919,2025-08-06 11:09:19.904331,2025-08-06 11:10:58.785684,0 days 00:01:38.881353,2.7975546567087317,8,77,COMPLETE
422,12463.126405598645,2025-08-06 11:09:19.905313,2025-08-06 11:10:58.784813,0 days 00:01:38.879500,2.8390511021666303,9,31,COMPLETE
423,5206.779848317125,2025-08-06 11:09:19.982164,2025-08-06 11:12:17.371414,0 days 00:02:57.389250,2.743021875559715,9,30,COMPLETE
424,4266.488989299137,2025-08-06 11:09:20.108893,2025-08-06 11:14:37.368772,0 days 00:05:17.259879,2.7328003011394038,9,32,COMPLETE
425,8082.032581928892,2025-08-06 11:09:20.122940,2025-08-06 11:12:23.669967,0 days 00:03:03.547027,2.822660192197832,9,32,COMPLETE
426,4536.243431605327,2025-08-06 11:09:20.238863,2025-08-06 11:10:57.518067,0 days 00:01:37.279204,2.726421708477464,9,32,COMPLETE
427,6781.672294828646,2025-08-06 11:09:20.331306,2025-08-06 11:12:21.419882,0 days 00:03:01.088576,2.59069962095879,10,32,COMPLETE
428,7235.006866312812,2025-08-06 11:09:20.338414,2025-08-06 11:12:23.053690,0 days 00:03:02.715276,2.7929583309832067,9,31,COMPLETE
429,17288.176893504355,2025-08-06 11:09:20.345143,2025-08-06 11:12:23.789927,0 days 00:03:03.444784,2.852221980950274,8,31,COMPLETE
430,4382.887728415545,2025-08-06 11:09:20.424498,2025-08-06 11:12:17.720389,0 days 00:02:57.295891,2.6772624260660796,9,32,COMPLETE
431,2465.711354504245,2025-08-06 11:09:20.720887,2025-08-06 11:10:59.339185,0 days 00:01:38.618298,2.675752334083712,9,78,COMPLETE
432,3863.1596929442153,2025-08-06 11:09:20.797291,2025-08-06 11:12:24.992424,0 days 00:03:04.195133,2.6694927718638217,9,32,COMPLETE
433,6076.031774460418,2025-08-06 11:09:20.830819,2025-08-06 11:13:47.041186,0 days 00:04:26.210367,2.688428927842587,10,31,COMPLETE
434,3412.983083332323,2025-08-06 11:09:20.986848,2025-08-06 11:12:26.853816,0 days 00:03:05.866968,2.732827718025125,10,79,COMPLETE
435,27958.79334625975,2025-08-06 11:09:21.169148,2025-08-06 11:12:23.866434,0 days 00:03:02.697286,1.5481957559069925,10,31,COMPLETE
436,5529.938326168483,2025-08-06 11:09:21.192073,2025-08-06 11:12:21.574269,0 days 00:03:00.382196,2.760903622088449,9,31,COMPLETE
437,5064.471246057067,2025-08-06 11:09:21.237793,2025-08-06 11:10:59.059344,0 days 00:01:37.821551,2.7737829863480115,9,32,COMPLETE
438,12681.967866983783,2025-08-06 11:09:21.295510,2025-08-06 11:11:01.147169,0 days 00:01:39.851659,2.8693075332106166,9,29,COMPLETE
439,8228.804896492224,2025-08-06 11:09:21.336195,2025-08-06 11:12:24.628892,0 days 00:03:03.292697,2.9270648829662362,9,31,COMPLETE
440,10006.995540232343,2025-08-06 11:09:21.348326,2025-08-06 11:13:45.030272,0 days 00:04:23.681946,2.9626411453692394,10,31,COMPLETE
441,10237.422225314149,2025-08-06 11:09:21.393109,2025-08-06 11:12:25.815201,0 days 00:03:04.422092,2.747350602965181,20,31,COMPLETE
442,9095.8264687041,2025-08-06 11:09:21.483376,2025-08-06 11:13:51.559640,0 days 00:04:30.076264,2.9108098991653084,9,31,COMPLETE
443,13596.277373668056,2025-08-06 11:09:21.689207,2025-08-06 11:11:02.052520,0 days 00:01:40.363313,2.8772275994640886,9,31,COMPLETE
444,5379.905722075659,2025-08-06 11:09:21.815027,2025-08-06 11:11:02.196514,0 days 00:01:40.381487,2.7017088383576016,8,31,COMPLETE
445,7149.166210563931,2025-08-06 11:09:21.821049,2025-08-06 11:12:25.254906,0 days 00:03:03.433857,2.726619442510026,10,31,COMPLETE
446,6076.031774460418,2025-08-06 11:09:21.921851,2025-08-06 11:14:40.410401,0 days 00:05:18.488550,2.687806181830156,10,31,COMPLETE
447,6870.670532078688,2025-08-06 11:09:21.971273,2025-08-06 11:13:51.062042,0 days 00:04:29.090769,2.932170988841652,9,30,COMPLETE
448,4120.2598215194075,2025-08-06 11:09:22.160958,2025-08-06 11:13:51.906708,0 days 00:04:29.745750,2.8322836385680468,10,34,COMPLETE
449,12463.126405598645,2025-08-06 11:09:22.233554,2025-08-06 11:11:02.773160,0 days 00:01:40.539606,2.8378460345916037,9,31,COMPLETE
450,8396.693949298931,2025-08-06 11:09:22.349823,2025-08-06 11:12:24.179525,0 days 00:03:01.829702,3.745137131791505,8,32,COMPLETE
451,10837.883739876932,2025-08-06 11:09:22.397572,2025-08-06 11:12:27.912244,0 days 00:03:05.514672,3.731694285488851,9,32,COMPLETE
452,7112.43878409877,2025-08-06 11:09:22.403741,2025-08-06 11:11:01.092155,0 days 00:01:38.688414,2.9271627367184445,9,32,COMPLETE
453,3456.9362653429484,2025-08-06 11:09:22.462820,2025-08-06 11:11:01.276438,0 days 00:01:38.813618,2.6668798288362234,21,33,COMPLETE
454,10579.236114729587,2025-08-06 11:09:22.510621,2025-08-06 11:14:40.674547,0 days 00:05:18.163926,2.834967238729649,9,30,COMPLETE
455,5529.938326168483,2025-08-06 11:09:22.625230,2025-08-06 11:12:28.502048,0 days 00:03:05.876818,2.76712506057885,9,31,COMPLETE
456,8687.561301205587,2025-08-06 11:09:22.643102,2025-08-06 11:11:03.785996,0 days 00:01:41.142894,2.785042007243825,10,31,COMPLETE
457,10800.825535347436,2025-08-06 11:09:22.695004,2025-08-06 11:12:27.268214,0 days 00:03:04.573210,3.8225987822993712,10,30,COMPLETE
458,13596.277373668056,2025-08-06 11:09:22.773552,2025-08-06 11:11:03.217878,0 days 00:01:40.444326,2.8717554327082673,9,31,COMPLETE
459,4774.7272472526165,2025-08-06 11:09:22.807123,2025-08-06 11:14:39.938070,0 days 00:05:17.130947,2.670530913758046,9,31,COMPLETE
460,4769.073959061259,2025-08-06 11:09:22.835697,2025-08-06 11:12:29.342341,0 days 00:03:06.506644,2.6695719355835044,8,31,COMPLETE
461,11009.072322531558,2025-08-06 11:09:22.907039,2025-08-06 11:12:26.514029,0 days 00:03:03.606990,2.8946923907160267,9,30,COMPLETE
462,5599.28981039758,2025-08-06 11:09:23.081336,2025-08-06 11:12:30.899117,0 days 00:03:07.817781,2.6805530817838528,10,32,COMPLETE
463,5564.580298733721,2025-08-06 11:09:23.098247,2025-08-06 11:13:56.765742,0 days 00:04:33.667495,2.8699251681207447,10,31,COMPLETE
464,7375.102552742492,2025-08-06 11:09:23.165512,2025-08-06 11:12:29.343376,0 days 00:03:06.177864,2.802843491102237,10,31,COMPLETE
465,25878.324393958184,2025-08-06 11:09:23.194247,2025-08-06 11:12:28.847168,0 days 00:03:05.652921,1.560082060665431,9,32,COMPLETE
466,4708.060567827273,2025-08-06 11:09:23.227518,2025-08-06 11:11:05.534770,0 days 00:01:42.307252,2.778488862880705,9,30,COMPLETE
467,7134.666543486235,2025-08-06 11:09:23.471792,2025-08-06 11:11:06.397103,0 days 00:01:42.925311,2.721606928784761,10,31,COMPLETE
468,7473.265708121723,2025-08-06 11:09:23.715881,2025-08-06 11:14:47.026029,0 days 00:05:23.310148,2.7422987684944427,10,33,COMPLETE
469,4230.4514173735015,2025-08-06 11:09:23.723417,2025-08-06 11:12:33.132411,0 days 00:03:09.408994,2.7568339719902304,9,34,COMPLETE
470,5605.624710469589,2025-08-06 11:09:23.826827,2025-08-06 11:11:07.960032,0 days 00:01:44.133205,2.8692442070870383,10,32,COMPLETE
471,19139.820811024114,2025-08-06 11:09:23.973863,2025-08-06 11:11:09.330270,0 days 00:01:45.356407,3.8386226503768723,16,40,COMPLETE
472,9358.149946602996,2025-08-06 11:09:24.017615,2025-08-06 11:14:00.270231,0 days 00:04:36.252616,3.740660828989046,9,41,COMPLETE
473,10945.75374515122,2025-08-06 11:09:24.080851,2025-08-06 11:13:58.044894,0 days 00:04:33.964043,3.6928359820299006,9,41,COMPLETE
474,17819.908683090067,2025-08-06 11:09:24.092953,2025-08-06 11:12:36.226753,0 days 00:03:12.133800,3.76867762365308,16,41,COMPLETE
475,9192.869825342108,2025-08-06 11:09:24.155290,2025-08-06 11:12:36.297573,0 days 00:03:12.142283,3.7278439065985425,8,42,COMPLETE
476,9154.96395368884,2025-08-06 11:09:24.199133,2025-08-06 11:10:19.263256,0 days 00:00:55.064123,4.179623445100778,16,67,COMPLETE
477,10726.25093260762,2025-08-06 11:09:24.255899,2025-08-06 11:12:37.524216,0 days 00:03:13.268317,4.1138819249844785,16,78,COMPLETE
478,7222.755554460822,2025-08-06 11:09:24.264636,2025-08-06 11:14:00.640592,0 days 00:04:36.375956,4.138267013784753,15,67,COMPLETE
479,10513.058663965085,2025-08-06 11:09:24.354926,2025-08-06 11:11:11.613875,0 days 00:01:47.258949,4.129929101866589,16,77,COMPLETE
480,10680.755391637358,2025-08-06 11:09:24.376663,2025-08-06 11:11:09.712511,0 days 00:01:45.335848,4.072993102887096,16,78,COMPLETE
481,9047.050832557496,2025-08-06 11:09:24.388728,2025-08-06 11:14:41.858512,0 days 00:05:17.469784,4.144510553219884,16,68,COMPLETE
482,9047.050832557496,2025-08-06 11:09:24.402326,2025-08-06 11:12:36.003900,0 days 00:03:11.601574,4.123123112502053,16,67,COMPLETE
483,17966.10428191101,2025-08-06 11:09:24.425705,2025-08-06 11:11:09.148364,0 days 00:01:44.722659,4.193546424383415,16,26,COMPLETE
484,14655.143133067617,2025-08-06 11:09:24.432544,2025-08-06 11:11:14.960516,0 days 00:01:50.527972,4.129020785600172,15,26,COMPLETE
485,6952.496148795697,2025-08-06 11:09:24.485117,2025-08-06 11:12:36.741960,0 days 00:03:12.256843,4.1268915008860105,10,27,COMPLETE
486,7782.187350330877,2025-08-06 11:09:24.549083,2025-08-06 11:12:38.191116,0 days 00:03:13.642033,4.152033432456644,10,79,COMPLETE
487,8634.00269528134,2025-08-06 11:09:24.549987,2025-08-06 11:14:43.073192,0 days 00:05:18.523205,4.203031624755968,15,79,COMPLETE
488,16882.245810431647,2025-08-06 11:09:24.641699,2025-08-06 11:11:12.932079,0 days 00:01:48.290380,4.210261342307511,16,26,COMPLETE
489,9963.699585004906,2025-08-06 11:09:24.642993,2025-08-06 11:12:35.188401,0 days 00:03:10.545408,4.2219732121694165,16,76,COMPLETE
490,16310.338679949702,2025-08-06 11:09:24.667316,2025-08-06 11:14:01.761915,0 days 00:04:37.094599,4.0455246764408,16,26,COMPLETE
491,9963.699585004906,2025-08-06 11:09:24.669713,2025-08-06 11:14:03.340994,0 days 00:04:38.671281,4.211245102445413,16,78,COMPLETE
492,8650.109933658408,2025-08-06 11:09:24.705033,2025-08-06 11:12:38.603562,0 days 00:03:13.898529,4.218953726695228,15,77,COMPLETE
493,9674.302960848123,2025-08-06 11:09:24.723079,2025-08-06 11:12:34.566833,0 days 00:03:09.843754,3.84591294517334,16,76,COMPLETE
494,8634.00269528134,2025-08-06 11:09:24.747615,2025-08-06 11:11:15.388964,0 days 00:01:50.641349,4.158382765580623,15,76,COMPLETE
495,18537.703776254606,2025-08-06 11:09:24.865494,2025-08-06 11:11:14.562437,0 days 00:01:49.696943,4.175390222635512,16,26,COMPLETE
496,9084.114360928239,2025-08-06 11:09:24.872362,2025-08-06 11:12:36.875570,0 days 00:03:12.003208,4.131210146693738,15,77,COMPLETE
497,9485.353578039822,2025-08-06 11:09:24.886648,2025-08-06 11:11:15.550451,0 days 00:01:50.663803,4.1243252617930715,15,80,COMPLETE
498,9154.96395368884,2025-08-06 11:09:24.905008,2025-08-06 11:11:15.933239,0 days 00:01:51.028231,4.1653117366481425,16,67,COMPLETE
499,18537.703776254606,2025-08-06 11:09:24.940180,2025-08-06 11:12:38.100784,0 days 00:03:13.160604,4.1400369730144435,16,26,COMPLETE
500,9003.442456542709,2025-08-06 11:09:24.974402,2025-08-06 11:12:35.515471,0 days 00:03:10.541069,4.2397229328435575,17,67,COMPLETE
501,18294.243602563758,2025-08-06 11:09:25.114211,2025-08-06 11:14:07.521579,0 days 00:04:42.407368,3.862965841718446,15,26,COMPLETE
502,2110.2124933131627,2025-08-06 11:09:25.244355,2025-08-06 11:12:46.609795,0 days 00:03:21.365440,3.6846323747492598,16,68,COMPLETE
503,21563.815314127933,2025-08-06 11:09:25.336144,2025-08-06 11:12:46.213977,0 days 00:03:20.877833,3.8236754417629197,15,26,COMPLETE
504,6477.25011820488,2025-08-06 11:09:25.347866,2025-08-06 11:14:01.040513,0 days 00:04:35.692647,3.867720035257384,16,68,COMPLETE
505,3813.771386106836,2025-08-06 11:09:25.397875,2025-08-06 11:12:40.995027,0 days 00:03:15.597152,3.7838750502183447,15,78,COMPLETE
506,9876.03494572133,2025-08-06 11:09:25.492219,2025-08-06 11:12:39.487094,0 days 00:03:13.994875,3.8212699431669654,16,77,COMPLETE
507,3552.908153129251,2025-08-06 11:09:25.519435,2025-08-06 11:12:46.290763,0 days 00:03:20.771328,3.8166075563521735,17,79,COMPLETE
508,24057.174546388072,2025-08-06 11:09:25.576266,2025-08-06 11:14:07.191862,0 days 00:04:41.615596,3.837945313809808,16,26,COMPLETE
509,2274.1630874095326,2025-08-06 11:09:25.617396,2025-08-06 11:12:46.495550,0 days 00:03:20.878154,3.7167087888092443,16,69,COMPLETE
510,4184.156818771848,2025-08-06 11:09:25.625685,2025-08-06 11:11:19.764816,0 days 00:01:54.139131,3.8072611619577783,16,77,COMPLETE
511,7729.899303643421,2025-08-06 11:09:25.729333,2025-08-06 11:12:47.649630,0 days 00:03:21.920297,3.865743529688973,16,76,COMPLETE
512,6693.735310877183,2025-08-06 11:09:25.800577,2025-08-06 11:11:19.758450,0 days 00:01:53.957873,3.8922265472498325,16,78,COMPLETE
513,17673.794501256194,2025-08-06 11:09:25.851891,2025-08-06 11:11:18.978009,0 days 00:01:53.126118,3.911748965437313,16,26,COMPLETE
514,8551.003826120983,2025-08-06 11:09:25.919406,2025-08-06 11:14:08.811245,0 days 00:04:42.891839,3.8571263509973095,17,67,COMPLETE
515,6459.706736793722,2025-08-06 11:09:26.136662,2025-08-06 11:12:48.484950,0 days 00:03:22.348288,3.8835001718795223,16,68,COMPLETE
516,17819.908683090067,2025-08-06 11:09:26.295692,2025-08-06 11:12:48.483855,0 days 00:03:22.188163,3.7681146239168295,16,42,COMPLETE
517,23963.70159844776,2025-08-06 11:09:26.415749,2025-08-06 11:10:22.021084,0 days 00:00:55.605335,3.708881618147791,20,42,COMPLETE
518,14845.808799229826,2025-08-06 11:09:26.417002,2025-08-06 11:12:50.884468,0 days 00:03:24.467466,3.665574919182096,16,42,COMPLETE
519,3049.183300337838,2025-08-06 11:09:26.439468,2025-08-06 11:11:20.316775,0 days 00:01:53.877307,3.690432646284292,16,77,COMPLETE
520,12320.630916032502,2025-08-06 11:09:26.489748,2025-08-06 11:14:43.807309,0 days 00:05:17.317561,3.658529733182005,16,41,COMPLETE
521,3226.5106288554266,2025-08-06 11:09:26.508482,2025-08-06 11:11:17.090573,0 days 00:01:50.582091,3.7154387462003133,16,78,COMPLETE
522,14845.808799229826,2025-08-06 11:09:26.561935,2025-08-06 11:11:18.949993,0 days 00:01:52.388058,3.6681230345086595,16,42,COMPLETE
523,3420.178153295392,2025-08-06 11:09:26.598017,2025-08-06 11:11:19.973481,0 days 00:01:53.375464,3.7384104356281154,16,79,COMPLETE
524,3317.7804650170774,2025-08-06 11:09:26.610250,2025-08-06 11:14:11.102894,0 days 00:04:44.492644,3.7669394522304027,16,78,COMPLETE
525,18446.9529128445,2025-08-06 11:09:26.705352,2025-08-06 11:12:51.976867,0 days 00:03:25.271515,3.752577057079667,19,41,COMPLETE
526,13567.716399124822,2025-08-06 11:09:26.740158,2025-08-06 11:14:07.174661,0 days 00:04:40.434503,3.7195369186776395,33,42,COMPLETE
527,17819.908683090067,2025-08-06 11:09:26.782239,2025-08-06 11:12:51.220145,0 days 00:03:24.437906,3.742727827111621,16,41,COMPLETE
528,2191.5235208921986,2025-08-06 11:09:26.804178,2025-08-06 11:14:47.144429,0 days 00:05:20.340251,3.7132637121354843,16,67,COMPLETE
529,17245.827825020988,2025-08-06 11:09:26.854425,2025-08-06 11:10:23.718706,0 days 00:00:56.864281,3.724233816179198,16,42,COMPLETE
530,23672.96741273402,2025-08-06 11:09:27.101342,2025-08-06 11:10:23.747540,0 days 00:00:56.646198,3.7369189986224707,16,26,COMPLETE
531,13800.814019826144,2025-08-06 11:09:27.298074,2025-08-06 11:12:47.985758,0 days 00:03:20.687684,3.7890914057033407,33,40,COMPLETE
532,17742.00397900608,2025-08-06 11:09:27.445731,2025-08-06 11:14:14.047964,0 days 00:04:46.602233,3.7959123199834237,16,40,COMPLETE
533,24931.356425378715,2025-08-06 11:09:27.599832,2025-08-06 11:12:50.779853,0 days 00:03:23.180021,3.8327682500521845,17,41,COMPLETE
534,17245.827825020988,2025-08-06 11:09:27.756274,2025-08-06 11:12:49.122379,0 days 00:03:21.366105,3.712676340216738,16,41,COMPLETE
535,3947.7386306130275,2025-08-06 11:09:27.857923,2025-08-06 11:10:23.221049,0 days 00:00:55.363126,3.725744804159626,20,78,COMPLETE
536,3254.3002179490145,2025-08-06 11:09:27.953027,2025-08-06 11:12:53.977217,0 days 00:03:26.024190,3.7076153474492073,20,67,COMPLETE
537,6465.218478081404,2025-08-06 11:09:28.137907,2025-08-06 11:14:47.810021,0 days 00:05:19.672114,3.7308155751753134,10,78,COMPLETE
538,5251.205925181795,2025-08-06 11:09:28.144365,2025-08-06 11:12:52.016701,0 days 00:03:23.872336,3.811781492633661,9,68,COMPLETE
539,3328.799824497713,2025-08-06 11:09:28.227729,2025-08-06 11:14:13.521286,0 days 00:04:45.293557,3.704762061280772,15,79,COMPLETE
540,23249.53478553416,2025-08-06 11:09:28.345997,2025-08-06 11:12:53.690919,0 days 00:03:25.344922,3.7232385546383044,15,28,COMPLETE
541,11016.844619376854,2025-08-06 11:09:28.498242,2025-08-06 11:12:54.244993,0 days 00:03:25.746751,3.791370908518594,10,26,COMPLETE
542,8531.12117613025,2025-08-06 11:09:28.573312,2025-08-06 11:12:52.010400,0 days 00:03:23.437088,3.7094540283227984,10,25,COMPLETE
543,7104.723624209815,2025-08-06 11:09:28.661746,2025-08-06 11:14:08.034684,0 days 00:04:39.372938,3.758641932590714,10,80,COMPLETE
544,7638.216567002549,2025-08-06 11:09:28.762597,2025-08-06 11:11:23.008771,0 days 00:01:54.246174,3.734045655114782,11,79,COMPLETE
545,6692.285029931177,2025-08-06 11:09:28.864800,2025-08-06 11:12:51.543522,0 days 00:03:22.678722,3.824845860654292,10,79,COMPLETE
546,7117.028602254397,2025-08-06 11:09:28.992456,2025-08-06 11:12:55.037921,0 days 00:03:26.045465,3.735730744436547,10,77,COMPLETE
547,2742.9485574852997,2025-08-06 11:09:29.054894,2025-08-06 11:12:56.938685,0 days 00:03:27.883791,3.7261856455720532,15,80,COMPLETE
548,21546.816847823102,2025-08-06 11:09:29.109935,2025-08-06 11:14:08.077879,0 days 00:04:38.967944,3.7163351750059177,15,27,COMPLETE
549,6707.765539462866,2025-08-06 11:09:29.154648,2025-08-06 11:12:56.451829,0 days 00:03:27.297181,3.7848341666334653,10,79,COMPLETE
550,5779.9671219334505,2025-08-06 11:09:29.344475,2025-08-06 11:12:54.684915,0 days 00:03:25.340440,3.7628939174913447,10,68,COMPLETE
551,3328.799824497713,2025-08-06 11:09:29.388161,2025-08-06 11:12:53.301536,0 days 00:03:23.913375,3.7084177895416164,15,77,COMPLETE
552,8697.808490165004,2025-08-06 11:09:29.456556,2025-08-06 11:12:54.155108,0 days 00:03:24.698552,3.7480050748996847,10,80,COMPLETE
553,19032.368001099425,2025-08-06 11:09:29.933618,2025-08-06 11:12:55.637226,0 days 00:03:25.703608,3.6657713601282276,15,30,COMPLETE
554,6330.171799466532,2025-08-06 11:09:30.058128,2025-08-06 11:12:52.139965,0 days 00:03:22.081837,3.8529557934848824,10,79,COMPLETE
555,6330.171799466532,2025-08-06 11:09:30.101187,2025-08-06 11:12:56.745721,0 days 00:03:26.644534,3.8432450542949095,10,77,COMPLETE
556,9598.660827107951,2025-08-06 11:09:30.257213,2025-08-06 11:12:57.268864,0 days 00:03:27.011651,3.920602801168468,10,26,COMPLETE
557,3328.799824497713,2025-08-06 11:09:30.341665,2025-08-06 11:12:56.113267,0 days 00:03:25.771602,3.7049260269673163,15,78,COMPLETE
558,3328.799824497713,2025-08-06 11:09:30.399979,2025-08-06 11:12:52.652254,0 days 00:03:22.252275,3.7033108793665686,15,77,COMPLETE
559,22340.02961781035,2025-08-06 11:09:30.473679,2025-08-06 11:12:55.225991,0 days 00:03:24.752312,3.6903184929631845,15,25,COMPLETE
560,3116.6289785330773,2025-08-06 11:09:30.538848,2025-08-06 11:12:52.071573,0 days 00:03:21.532725,3.6938815189780763,15,77,COMPLETE
561,3328.799824497713,2025-08-06 11:09:30.617746,2025-08-06 11:11:25.663769,0 days 00:01:55.046023,3.718551643482143,15,78,COMPLETE
562,3813.771386106836,2025-08-06 11:09:30.645271,2025-08-06 11:12:56.522116,0 days 00:03:25.876845,3.783594992215317,15,78,COMPLETE
563,6465.218478081404,2025-08-06 11:09:30.673002,2025-08-06 11:14:17.358944,0 days 00:04:46.685942,3.725845622609568,10,80,COMPLETE
564,11158.007903230298,2025-08-06 11:09:30.774683,2025-08-06 11:14:45.886322,0 days 00:05:15.111639,3.9109086075247386,15,26,COMPLETE
565,34331.05778778949,2025-08-06 11:09:30.828267,2025-08-06 11:11:27.517918,0 days 00:01:56.689651,1.4644399761568494,10,26,COMPLETE
566,13850.336650484232,2025-08-06 11:09:30.948253,2025-08-06 11:11:26.290333,0 days 00:01:55.342080,1.4537207006765025,33,25,COMPLETE
567,33485.323251728536,2025-08-06 11:09:31.100089,2025-08-06 11:11:25.459084,0 days 00:01:54.358995,1.442866107923035,9,26,COMPLETE
568,26303.20399934813,2025-08-06 11:09:31.231559,2025-08-06 11:10:25.189484,0 days 00:00:53.957925,1.4953948464113953,10,25,COMPLETE
569,34469.08980229155,2025-08-06 11:09:31.392650,2025-08-06 11:14:45.987130,0 days 00:05:14.594480,3.922670652602586,21,25,COMPLETE
570,26263.538967631845,2025-08-06 11:09:31.416732,2025-08-06 11:14:11.633714,0 days 00:04:40.216982,1.482990864289325,9,25,COMPLETE
571,11115.394610012047,2025-08-06 11:09:31.446737,2025-08-06 11:14:12.734190,0 days 00:04:41.287453,3.9128248331874045,15,25,COMPLETE
572,13991.040777933602,2025-08-06 11:09:31.500518,2025-08-06 11:11:31.008738,0 days 00:01:59.508220,1.4803407191232039,10,79,COMPLETE
573,12995.35094460128,2025-08-06 11:09:31.667337,2025-08-06 11:14:09.261600,0 days 00:04:37.594263,1.4774661763396206,33,26,COMPLETE
574,20325.78885271097,2025-08-06 11:09:31.920904,2025-08-06 11:11:27.786223,0 days 00:01:55.865319,1.4651988323500582,20,27,COMPLETE
575,27410.683979852278,2025-08-06 11:09:32.074056,2025-08-06 11:14:10.823188,0 days 00:04:38.749132,3.9415324561203624,20,26,COMPLETE
576,24348.54935929303,2025-08-06 11:09:32.212664,2025-08-06 11:14:13.998032,0 days 00:04:41.785368,1.4984599214231962,9,25,COMPLETE
577,26303.20399934813,2025-08-06 11:09:32.224801,2025-08-06 11:14:48.294938,0 days 00:05:16.070137,1.4957850546777047,10,25,COMPLETE
578,33002.93844946459,2025-08-06 11:09:32.245328,2025-08-06 11:14:10.743659,0 days 00:04:38.498331,1.5542484090755073,10,26,COMPLETE
579,17025.565323783318,2025-08-06 11:09:32.251596,2025-08-06 11:11:28.595511,0 days 00:01:56.343915,1.4229382161091477,20,27,COMPLETE
580,47859.399656944,2025-08-06 11:09:32.268943,2025-08-06 11:13:02.406169,0 days 00:03:30.137226,1.6144763208414539,9,25,COMPLETE
581,27523.340019527797,2025-08-06 11:09:32.296222,2025-08-06 11:12:58.588190,0 days 00:03:26.291968,1.5012683400682723,15,25,COMPLETE
582,26848.768522083214,2025-08-06 11:09:32.369474,2025-08-06 11:12:59.233444,0 days 00:03:26.863970,1.506340335232313,9,26,COMPLETE
583,33837.259028663175,2025-08-06 11:09:32.456685,2025-08-06 11:12:58.884959,0 days 00:03:26.428274,1.5469282947963243,10,26,COMPLETE
584,8231.278148840807,2025-08-06 11:09:32.479436,2025-08-06 11:12:59.919717,0 days 00:03:27.440281,3.925727983010768,10,26,COMPLETE
585,24269.35202055732,2025-08-06 11:09:32.523596,2025-08-06 11:13:05.724869,0 days 00:03:33.201273,1.5175899102492818,10,25,COMPLETE
586,19820.185587258875,2025-08-06 11:09:32.536267,2025-08-06 11:12:58.479781,0 days 00:03:25.943514,1.4733427927368654,20,26,COMPLETE
587,27998.172383320954,2025-08-06 11:09:32.655254,2025-08-06 11:13:02.839732,0 days 00:03:30.184478,1.5193296071714157,10,26,COMPLETE
588,31137.43475860034,2025-08-06 11:09:32.714192,2025-08-06 11:13:00.740901,0 days 00:03:28.026709,1.4529859454650236,10,28,COMPLETE
589,8231.278148840807,2025-08-06 11:09:32.888100,2025-08-06 11:13:02.215536,0 days 00:03:29.327436,3.9256225191446337,10,25,COMPLETE
590,26806.034583724377,2025-08-06 11:09:32.942116,2025-08-06 11:13:01.315143,0 days 00:03:28.373027,1.5114105574574042,9,26,COMPLETE
591,25917.716450082906,2025-08-06 11:09:32.959884,2025-08-06 11:13:04.967990,0 days 00:03:32.008106,1.577624622181469,10,25,COMPLETE
592,8231.278148840807,2025-08-06 11:09:33.450666,2025-08-06 11:12:59.626737,0 days 00:03:26.176071,3.9502500894142645,10,25,COMPLETE
593,16146.76700225821,2025-08-06 11:09:33.535075,2025-08-06 11:11:31.823949,0 days 00:01:58.288874,3.9430579460262845,32,26,COMPLETE
594,41954.22758114273,2025-08-06 11:09:33.622405,2025-08-06 11:10:27.469587,0 days 00:00:53.847182,1.5862483762522057,9,26,COMPLETE
595,19445.493046546966,2025-08-06 11:09:33.654524,2025-08-06 11:11:31.714494,0 days 00:01:58.059970,1.44074202896201,20,26,COMPLETE
596,35993.03201319631,2025-08-06 11:09:33.817575,2025-08-06 11:11:31.415384,0 days 00:01:57.597809,1.4544041389994233,10,27,COMPLETE
597,8231.278148840807,2025-08-06 11:09:33.824055,2025-08-06 11:11:33.364875,0 days 00:01:59.540820,3.9501810583853723,10,25,COMPLETE
598,14191.037655672451,2025-08-06 11:09:34.218019,2025-08-06 11:14:15.587425,0 days 00:04:41.369406,1.5042988224082507,10,81,COMPLETE
599,16965.63802494303,2025-08-06 11:09:34.382756,2025-08-06 11:14:14.739712,0 days 00:04:40.356956,1.5511444592044237,10,78,COMPLETE
600,9933.109732519188,2025-08-06 11:09:34.447046,2025-08-06 11:11:32.634111,0 days 00:01:58.187065,1.5872187839384788,10,80,COMPLETE
601,14110.63883451489,2025-08-06 11:09:34.469253,2025-08-06 11:11:29.951045,0 days 00:01:55.481792,1.5101790914027138,9,78,COMPLETE
602,12987.920462902694,2025-08-06 11:09:34.470467,2025-08-06 11:13:05.433144,0 days 00:03:30.962677,1.5725161969376895,9,77,COMPLETE
603,15137.605625590824,2025-08-06 11:09:34.487646,2025-08-06 11:11:32.173758,0 days 00:01:57.686112,1.4575004383453907,9,79,COMPLETE
604,16721.06537355776,2025-08-06 11:09:34.796207,2025-08-06 11:13:04.447401,0 days 00:03:29.651194,1.46678360058427,9,80,COMPLETE
605,15970.213083719544,2025-08-06 11:09:34.813983,2025-08-06 11:14:08.528476,0 days 00:04:33.714493,1.6497989923985692,10,76,COMPLETE
606,6007.721644139952,2025-08-06 11:09:34.826220,2025-08-06 11:14:15.729089,0 days 00:04:40.902869,3.94525385459025,9,80,COMPLETE
607,13728.318478274401,2025-08-06 11:09:34.837996,2025-08-06 11:11:30.991143,0 days 00:01:56.153147,1.5063533516325491,9,77,COMPLETE
608,14191.037655672451,2025-08-06 11:09:35.001671,2025-08-06 11:14:48.124885,0 days 00:05:13.123214,1.5027428358419739,10,81,COMPLETE
609,16798.898433920724,2025-08-06 11:09:35.255934,2025-08-06 11:13:02.323415,0 days 00:03:27.067481,1.6105155010577348,9,79,COMPLETE
610,30599.053411365596,2025-08-06 11:09:35.299534,2025-08-06 11:11:32.906585,0 days 00:01:57.607051,1.5782727369008138,10,26,COMPLETE
611,14110.63883451489,2025-08-06 11:09:35.305814,2025-08-06 11:13:02.779033,0 days 00:03:27.473219,1.5353855439165665,10,79,COMPLETE
612,13795.915234408008,2025-08-06 11:09:35.327733,2025-08-06 11:11:32.740523,0 days 00:01:57.412790,1.487728062981827,9,80,COMPLETE
613,26090.615599107907,2025-08-06 11:09:35.388264,2025-08-06 11:13:09.734767,0 days 00:03:34.346503,1.5167111272422487,9,27,COMPLETE
614,13173.093787885202,2025-08-06 11:09:35.476649,2025-08-06 11:14:20.235516,0 days 00:04:44.758867,1.5305321788036341,9,81,COMPLETE
615,15620.16570381844,2025-08-06 11:09:35.549906,2025-08-06 11:11:33.202945,0 days 00:01:57.653039,1.566491391846588,10,79,COMPLETE
616,13630.560281917185,2025-08-06 11:09:35.624729,2025-08-06 11:13:09.685441,0 days 00:03:34.060712,1.4960806327132259,9,80,COMPLETE
617,13962.062393952976,2025-08-06 11:09:35.903587,2025-08-06 11:13:11.245073,0 days 00:03:35.341486,1.4423377119884413,9,78,COMPLETE
618,14191.037655672451,2025-08-06 11:09:35.982353,2025-08-06 11:13:10.574724,0 days 00:03:34.592371,1.496084272682562,10,80,COMPLETE
619,14110.63883451489,2025-08-06 11:09:35.988951,2025-08-06 11:13:10.395597,0 days 00:03:34.406646,1.5141197899103322,9,78,COMPLETE
620,12624.328079596422,2025-08-06 11:09:36.005353,2025-08-06 11:13:09.324107,0 days 00:03:33.318754,1.567113841578832,9,77,COMPLETE
621,14549.944138795414,2025-08-06 11:09:36.154063,2025-08-06 11:13:10.842650,0 days 00:03:34.688587,1.5186219419364402,10,77,COMPLETE
622,13991.040777933602,2025-08-06 11:09:36.254860,2025-08-06 11:13:10.114821,0 days 00:03:33.859961,1.4746257916939518,10,77,COMPLETE
623,14720.140884365741,2025-08-06 11:09:36.418937,2025-08-06 11:11:33.888563,0 days 00:01:57.469626,1.494996128115058,10,76,COMPLETE
624,13991.040777933602,2025-08-06 11:09:36.425783,2025-08-06 11:10:29.234700,0 days 00:00:52.808917,1.4710272728512277,10,78,COMPLETE
625,11624.918601908645,2025-08-06 11:09:36.468756,2025-08-06 11:13:11.094660,0 days 00:03:34.625904,3.9372604920195435,20,76,COMPLETE
626,19382.368169655456,2025-08-06 11:09:36.480616,2025-08-06 11:11:34.557467,0 days 00:01:58.076851,1.5813148218342739,20,78,COMPLETE
627,15047.881038890548,2025-08-06 11:09:36.569429,2025-08-06 11:13:11.437579,0 days 00:03:34.868150,1.483538447001315,9,77,COMPLETE
628,16963.123963835933,2025-08-06 11:09:36.663528,2025-08-06 11:14:47.009052,0 days 00:05:10.345524,1.6089509323113023,8,80,COMPLETE
629,14280.458770675008,2025-08-06 11:09:36.695809,2025-08-06 11:13:10.617589,0 days 00:03:33.921780,1.452740478856857,9,81,COMPLETE
630,58866.75004448136,2025-08-06 11:09:36.702404,2025-08-06 11:11:34.671847,0 days 00:01:57.969443,1.6290565687408909,9,28,COMPLETE
631,30208.588301376818,2025-08-06 11:09:36.774081,2025-08-06 11:13:13.082658,0 days 00:03:36.308577,1.5450586481562179,10,26,COMPLETE
632,14191.037655672451,2025-08-06 11:09:36.780795,2025-08-06 11:14:17.833231,0 days 00:04:41.052436,1.5097439353042283,10,80,COMPLETE
633,24481.135207546104,2025-08-06 11:09:36.817838,2025-08-06 11:10:32.096350,0 days 00:00:55.278512,1.5252669900735474,9,27,COMPLETE
634,5588.228925708484,2025-08-06 11:09:36.824370,2025-08-06 11:10:33.411694,0 days 00:00:56.587324,3.8951413435770363,8,80,COMPLETE
635,10373.07998158071,2025-08-06 11:09:36.831689,2025-08-06 11:13:11.258517,0 days 00:03:34.426828,1.5916483146217213,10,77,COMPLETE
636,14778.056089600448,2025-08-06 11:09:36.892730,2025-08-06 11:14:53.220169,0 days 00:05:16.327439,1.5296308229313285,10,79,COMPLETE
637,14549.944138795414,2025-08-06 11:09:36.958612,2025-08-06 11:13:13.080786,0 days 00:03:36.122174,1.5125258694956893,10,77,COMPLETE
638,10739.639195078727,2025-08-06 11:09:36.975113,2025-08-06 11:11:35.483365,0 days 00:01:58.508252,1.5567847761136682,9,81,COMPLETE
639,13738.799409717047,2025-08-06 11:09:37.034492,2025-08-06 11:11:42.080516,0 days 00:02:05.046024,1.5802975980378002,10,80,COMPLETE
640,34070.5551093416,2025-08-06 11:09:37.041631,2025-08-06 11:11:34.628802,0 days 00:01:57.587171,1.4722021567765513,10,27,COMPLETE
641,16798.898433920724,2025-08-06 11:09:37.042966,2025-08-06 11:10:31.409442,0 days 00:00:54.366476,1.611995700788701,9,79,COMPLETE
642,5343.860329515545,2025-08-06 11:09:37.065731,2025-08-06 11:14:18.138078,0 days 00:04:41.072347,3.9067014346677724,10,77,COMPLETE
643,15475.741596651585,2025-08-06 11:09:37.072776,2025-08-06 11:13:12.252920,0 days 00:03:35.180144,1.4899130175756838,10,80,COMPLETE
644,31696.52920049784,2025-08-06 11:09:37.095753,2025-08-06 11:13:12.926204,0 days 00:03:35.830451,1.5715171375733876,10,27,COMPLETE
645,4292.1173596288345,2025-08-06 11:09:37.120891,2025-08-06 11:11:37.567813,0 days 00:02:00.446922,3.9450373449364156,33,79,COMPLETE
646,13962.062393952976,2025-08-06 11:09:37.178294,2025-08-06 11:13:12.375660,0 days 00:03:35.197366,1.4473905603039714,9,80,COMPLETE
647,6072.929198313245,2025-08-06 11:09:37.190607,2025-08-06 11:10:34.788721,0 days 00:00:57.598114,3.817191025926582,9,79,COMPLETE
648,4176.5577522031645,2025-08-06 11:09:37.218911,2025-08-06 11:13:13.473025,0 days 00:03:36.254114,3.9175524616591053,33,77,COMPLETE
649,15562.858243019387,2025-08-06 11:09:37.226313,2025-08-06 11:13:13.193051,0 days 00:03:35.966738,3.945772559099191,27,77,COMPLETE
650,29165.739147653192,2025-08-06 11:09:37.239832,2025-08-06 11:14:14.738838,0 days 00:04:37.499006,1.4913465422459868,9,27,COMPLETE
651,14377.74525981939,2025-08-06 11:09:37.251587,2025-08-06 11:13:12.478587,0 days 00:03:35.227000,1.4518294637964178,10,79,COMPLETE
652,15137.605625590824,2025-08-06 11:09:37.273514,2025-08-06 11:11:39.862111,0 days 00:02:02.588597,1.453117364921273,10,77,COMPLETE
653,6007.721644139952,2025-08-06 11:09:37.279778,2025-08-06 11:10:34.766392,0 days 00:00:57.486614,3.941775946950836,9,77,COMPLETE
654,14110.63883451489,2025-08-06 11:09:37.287571,2025-08-06 11:14:19.904137,0 days 00:04:42.616566,1.5142591397839906,9,80,COMPLETE
655,2651.8283405120624,2025-08-06 11:09:37.321825,2025-08-06 11:13:12.918580,0 days 00:03:35.596755,3.7798387368435753,32,80,COMPLETE
656,8273.16907832793,2025-08-06 11:09:37.333312,2025-08-06 11:13:16.223412,0 days 00:03:38.890100,3.899521338951728,9,27,COMPLETE
657,5343.860329515545,2025-08-06 11:09:37.355605,2025-08-06 11:13:16.580848,0 days 00:03:39.225243,3.914172164352296,10,80,COMPLETE
658,14110.63883451489,2025-08-06 11:09:37.383469,2025-08-06 11:14:15.304970,0 days 00:04:37.921501,1.535235719344718,10,80,COMPLETE
659,8710.719510023817,2025-08-06 11:09:37.407476,2025-08-06 11:13:12.426747,0 days 00:03:35.019271,3.8806698349634203,9,26,COMPLETE
660,16721.06537355776,2025-08-06 11:09:37.432022,2025-08-06 11:11:40.981293,0 days 00:02:03.549271,1.4657725557985726,9,78,COMPLETE
661,6353.966126093337,2025-08-06 11:09:37.439153,2025-08-06 11:11:37.829539,0 days 00:02:00.390386,3.9170542616032864,33,43,COMPLETE
662,14720.140884365741,2025-08-06 11:09:37.451209,2025-08-06 11:14:14.408148,0 days 00:04:36.956939,1.4903099755901765,10,76,COMPLETE
663,6007.721644139952,2025-08-06 11:09:37.463642,2025-08-06 11:14:18.752917,0 days 00:04:41.289275,3.945025668591576,9,78,COMPLETE
664,13630.560281917185,2025-08-06 11:09:37.466821,2025-08-06 11:13:18.480296,0 days 00:03:41.013475,1.4950225225662404,9,77,COMPLETE
665,13991.040777933602,2025-08-06 11:09:37.469942,2025-08-06 11:14:18.890331,0 days 00:04:41.420389,1.4672327697004617,10,79,COMPLETE
666,6512.6379460451735,2025-08-06 11:09:37.472334,2025-08-06 11:14:15.277296,0 days 00:04:37.804962,3.8144406010905945,9,80,COMPLETE
667,5912.213253856733,2025-08-06 11:09:37.477225,2025-08-06 11:10:37.666095,0 days 00:01:00.188870,3.859423392200034,20,81,COMPLETE
668,13249.337140847769,2025-08-06 11:09:37.479946,2025-08-06 11:14:17.109191,0 days 00:04:39.629245,1.4474810014077133,10,80,COMPLETE
669,9551.195032842885,2025-08-06 11:09:37.481474,2025-08-06 11:11:41.383558,0 days 00:02:03.902084,3.884002617442853,10,25,COMPLETE
670,3374.3853574700997,2025-08-06 11:09:37.483796,2025-08-06 11:11:42.446043,0 days 00:02:04.962247,1.4933557157381367,33,77,COMPLETE
671,8193.171836256743,2025-08-06 11:09:37.485527,2025-08-06 11:14:52.993556,0 days 00:05:15.508029,1.4890334310040532,33,26,COMPLETE
672,13991.040777933602,2025-08-06 11:09:37.487634,2025-08-06 11:10:36.982641,0 days 00:00:59.495007,1.4656914433749848,10,80,COMPLETE
673,11067.561986828867,2025-08-06 11:09:37.489596,2025-08-06 11:14:16.473354,0 days 00:04:38.983758,1.5150910857482693,10,93,COMPLETE
674,4342.525537775317,2025-08-06 11:09:37.491337,2025-08-06 11:13:17.763690,0 days 00:03:40.272353,3.861368338435464,27,79,COMPLETE
675,4292.1173596288345,2025-08-06 11:09:37.492262,2025-08-06 11:11:42.428484,0 days 00:02:04.936222,3.9438889052681914,33,80,COMPLETE
676,26454.712187348832,2025-08-06 11:09:37.493746,2025-08-06 11:13:16.507363,0 days 00:03:39.013617,1.5355974351061203,9,26,COMPLETE
677,14110.63883451489,2025-08-06 11:09:37.494319,2025-08-06 11:10:36.890951,0 days 00:00:59.396632,1.5361402285399106,10,79,COMPLETE
678,14778.056089600448,2025-08-06 11:09:37.497526,2025-08-06 11:14:18.485194,0 days 00:04:40.987668,1.5251256790143382,10,77,COMPLETE
679,9966.7602345301,2025-08-06 11:09:37.498865,2025-08-06 11:14:25.271501,0 days 00:04:47.772636,3.8693091856036452,10,26,COMPLETE
680,15475.741596651585,2025-08-06 11:09:37.500474,2025-08-06 11:14:19.718711,0 days 00:04:42.218237,1.4923772689579158,10,80,COMPLETE
681,17878.61981743082,2025-08-06 11:09:37.501430,2025-08-06 11:14:52.403929,0 days 00:05:14.902499,1.5532383108041425,11,77,COMPLETE
682,6828.912974464846,2025-08-06 11:09:37.506800,2025-08-06 11:11:41.988581,0 days 00:02:04.481781,1.4679069949372945,27,80,COMPLETE
683,5343.860329515545,2025-08-06 11:09:37.508794,2025-08-06 11:10:37.787383,0 days 00:01:00.278589,3.9071426837894734,10,80,COMPLETE
684,31424.098388183596,2025-08-06 11:09:37.511403,2025-08-06 11:11:43.896382,0 days 00:02:06.384979,1.4772463895557193,10,35,COMPLETE
685,14549.944138795414,2025-08-06 11:09:37.513345,2025-08-06 11:11:41.625877,0 days 00:02:04.112532,1.5131313025618924,10,80,COMPLETE
686,14191.037655672451,2025-08-06 11:09:37.516699,2025-08-06 11:11:42.764821,0 days 00:02:05.248122,1.5030112351446983,10,79,COMPLETE
687,34990.78180063998,2025-08-06 11:09:37.520798,2025-08-06 11:11:42.447895,0 days 00:02:04.927097,1.4774636714121359,10,26,COMPLETE
688,13630.560281917185,2025-08-06 11:09:37.524433,2025-08-06 11:14:19.999896,0 days 00:04:42.475463,1.4947393437178778,9,77,COMPLETE
689,13991.040777933602,2025-08-06 11:09:37.525879,2025-08-06 11:13:20.027174,0 days 00:03:42.501295,1.4735722471148516,10,79,COMPLETE
690,14191.037655672451,2025-08-06 11:09:37.528612,2025-08-06 11:11:46.969761,0 days 00:02:09.441149,1.5110700742700651,10,78,COMPLETE
691,6330.171799466532,2025-08-06 11:09:37.529829,2025-08-06 11:13:19.318020,0 days 00:03:41.788191,3.8606017483484365,10,80,COMPLETE
692,13962.062393952976,2025-08-06 11:09:37.530906,2025-08-06 11:13:18.053724,0 days 00:03:40.522818,1.4452395059543157,9,81,COMPLETE
693,11624.918601908645,2025-08-06 11:09:37.532797,2025-08-06 11:11:44.858035,0 days 00:02:07.325238,3.933680230808074,20,81,COMPLETE
694,15137.605625590824,2025-08-06 11:09:37.535286,2025-08-06 11:14:14.248649,0 days 00:04:36.713363,1.459789407166713,9,79,COMPLETE
695,6007.721644139952,2025-08-06 11:09:37.537163,2025-08-06 11:13:20.013966,0 days 00:03:42.476803,3.953911326109573,9,81,COMPLETE
696,15137.605625590824,2025-08-06 11:09:37.538582,2025-08-06 11:14:53.132271,0 days 00:05:15.593689,1.4560130644828222,10,80,COMPLETE
697,14191.037655672451,2025-08-06 11:09:37.540045,2025-08-06 11:13:20.147154,0 days 00:03:42.607109,1.5080400955819497,10,79,COMPLETE
698,10739.639195078727,2025-08-06 11:09:37.541333,2025-08-06 11:11:46.513231,0 days 00:02:08.971898,1.5568807333783838,9,81,COMPLETE
699,11566.574089877424,2025-08-06 11:09:37.542509,2025-08-06 11:11:44.037047,0 days 00:02:06.494538,3.8961837125591354,20,79,COMPLETE
700,4953.037513269287,2025-08-06 11:09:37.544475,2025-08-06 11:14:17.185585,0 days 00:04:39.641110,1.5304565822912726,27,79,COMPLETE
701,6419.716361072046,2025-08-06 11:09:37.546424,2025-08-06 11:11:45.334725,0 days 00:02:07.788301,3.8750306744023395,10,79,COMPLETE
702,14110.63883451489,2025-08-06 11:09:37.548357,2025-08-06 11:13:22.253148,0 days 00:03:44.704791,1.508331942958862,9,80,COMPLETE
703,6512.6379460451735,2025-08-06 11:09:37.550172,2025-08-06 11:14:17.726725,0 days 00:04:40.176553,3.809917503429127,9,81,COMPLETE
704,13991.040777933602,2025-08-06 11:09:37.551146,2025-08-06 11:14:21.743756,0 days 00:04:44.192610,1.4724118892379736,10,80,COMPLETE
705,5343.860329515545,2025-08-06 11:09:37.553590,2025-08-06 11:14:50.097031,0 days 00:05:12.543441,3.9219024080058627,10,77,COMPLETE
706,35129.0648377716,2025-08-06 11:09:37.555079,2025-08-06 11:10:39.078313,0 days 00:01:01.523234,1.445196483784778,10,26,COMPLETE
707,14549.944138795414,2025-08-06 11:09:37.559256,2025-08-06 11:11:46.486903,0 days 00:02:08.927647,1.5144712486394063,10,81,COMPLETE
708,5343.860329515545,2025-08-06 11:09:37.562082,2025-08-06 11:11:44.262780,0 days 00:02:06.700698,3.9141524761849147,10,78,COMPLETE
709,5809.3183874785145,2025-08-06 11:09:37.562690,2025-08-06 11:10:38.117082,0 days 00:01:00.554392,3.880681377855132,9,79,COMPLETE
710,15137.605625590824,2025-08-06 11:09:37.564109,2025-08-06 11:13:24.937544,0 days 00:03:47.373435,1.453156406872183,10,77,COMPLETE
711,5534.281884375188,2025-08-06 11:09:37.565638,2025-08-06 11:13:19.904269,0 days 00:03:42.338631,1.4896544066573734,27,76,COMPLETE
712,13991.040777933602,2025-08-06 11:09:37.568415,2025-08-06 11:13:20.767617,0 days 00:03:43.199202,1.4802097968932522,10,78,COMPLETE
713,13991.040777933602,2025-08-06 11:09:37.571910,2025-08-06 11:14:23.649319,0 days 00:04:46.077409,1.4797468714233566,10,78,COMPLETE
714,4900.822629038332,2025-08-06 11:09:37.575938,2025-08-06 11:13:28.301793,0 days 00:03:50.725855,3.893884325839447,27,80,COMPLETE
715,13991.040777933602,2025-08-06 11:09:37.584149,2025-08-06 11:14:20.211377,0 days 00:04:42.627228,1.4718107404825587,10,80,COMPLETE
716,17112.942115460333,2025-08-06 11:09:37.586154,2025-08-06 11:13:21.816133,0 days 00:03:44.229979,1.5476289829278649,10,80,COMPLETE
717,14191.037655672451,2025-08-06 11:09:37.597047,2025-08-06 11:13:25.071993,0 days 00:03:47.474946,1.5025417154247598,10,78,COMPLETE
718,13837.227469194644,2025-08-06 11:09:37.602085,2025-08-06 11:11:49.690472,0 days 00:02:12.088387,3.931253695584,20,78,COMPLETE
719,5809.3183874785145,2025-08-06 11:09:37.606553,2025-08-06 11:13:24.010512,0 days 00:03:46.403959,3.87394128962143,9,81,COMPLETE
720,3374.3853574700997,2025-08-06 11:09:37.607704,2025-08-06 11:11:47.807769,0 days 00:02:10.200065,1.495063925644827,33,80,COMPLETE
721,13630.560281917185,2025-08-06 11:09:37.616666,2025-08-06 11:11:46.417666,0 days 00:02:08.801000,1.495343328614862,9,78,COMPLETE
722,8710.719510023817,2025-08-06 11:09:37.623659,2025-08-06 11:11:46.844149,0 days 00:02:09.220490,3.8745265567172704,9,26,COMPLETE
723,4342.525537775317,2025-08-06 11:09:37.628754,2025-08-06 11:13:25.298292,0 days 00:03:47.669538,3.8739827448226025,27,78,COMPLETE
724,15083.594588993152,2025-08-06 11:09:37.636145,2025-08-06 11:13:20.682377,0 days 00:03:43.046232,1.480213147773337,9,80,COMPLETE
725,13991.040777933602,2025-08-06 11:09:37.643011,2025-08-06 11:10:41.807604,0 days 00:01:04.164593,1.48375073506789,10,78,COMPLETE
726,28083.680586928796,2025-08-06 11:09:37.649525,2025-08-06 11:10:41.587335,0 days 00:01:03.937810,1.4974313888819124,9,26,COMPLETE
727,27660.49901396914,2025-08-06 11:09:37.652592,2025-08-06 11:14:22.480978,0 days 00:04:44.828386,1.5262614039530753,10,27,COMPLETE
728,13991.040777933602,2025-08-06 11:09:37.656103,2025-08-06 11:13:25.406291,0 days 00:03:47.750188,1.479149325979921,10,80,COMPLETE
729,15475.741596651585,2025-08-06 11:09:37.659207,2025-08-06 11:14:24.894778,0 days 00:04:47.235571,1.4852518555269743,10,79,COMPLETE
730,15135.215479041064,2025-08-06 11:09:37.662484,2025-08-06 11:14:22.053354,0 days 00:04:44.390870,1.543551839784702,10,77,COMPLETE
731,14110.63883451489,2025-08-06 11:09:37.664877,2025-08-06 11:14:22.926488,0 days 00:04:45.261611,1.5362269535041608,10,77,COMPLETE
732,4900.822629038332,2025-08-06 11:09:37.666760,2025-08-06 11:10:43.524583,0 days 00:01:05.857823,3.9017575201043764,27,79,COMPLETE
733,13249.337140847769,2025-08-06 11:09:37.669375,2025-08-06 11:13:28.311967,0 days 00:03:50.642592,1.446527609764881,10,81,COMPLETE
734,13356.876156459015,2025-08-06 11:09:37.682549,2025-08-06 11:11:48.905377,0 days 00:02:11.222828,1.4497194331561152,10,76,COMPLETE
735,14778.056089600448,2025-08-06 11:09:37.689099,2025-08-06 11:11:49.560548,0 days 00:02:11.871449,1.5219250311491705,10,78,COMPLETE
736,6460.379097373355,2025-08-06 11:09:37.736102,2025-08-06 11:11:50.284599,0 days 00:02:12.548497,1.4473816944690363,27,79,COMPLETE
737,13991.040777933602,2025-08-06 11:09:37.739754,2025-08-06 11:13:28.230085,0 days 00:03:50.490331,1.473525325121768,10,80,COMPLETE
738,3485.2115006132008,2025-08-06 11:09:37.740653,2025-08-06 11:14:24.219427,0 days 00:04:46.478774,1.4799637001989847,33,79,COMPLETE
739,9135.679637564657,2025-08-06 11:09:37.747939,2025-08-06 11:13:30.140705,0 days 00:03:52.392766,3.9119178163720325,10,27,COMPLETE
740,14549.944138795414,2025-08-06 11:09:37.762939,2025-08-06 11:13:24.904063,0 days 00:03:47.141124,1.517633464995292,10,78,COMPLETE
741,5343.860329515545,2025-08-06 11:09:37.769172,2025-08-06 11:14:24.253062,0 days 00:04:46.483890,3.903717056332966,10,79,COMPLETE
742,27870.339512761388,2025-08-06 11:09:37.776824,2025-08-06 11:10:44.143849,0 days 00:01:06.367025,1.4794627725033929,10,25,COMPLETE
743,14462.529346117874,2025-08-06 11:09:37.789809,2025-08-06 11:14:24.149035,0 days 00:04:46.359226,1.5378962659240825,10,79,COMPLETE
744,13991.040777933602,2025-08-06 11:09:37.796861,2025-08-06 11:10:43.779309,0 days 00:01:05.982448,1.47926943178488,10,78,COMPLETE
745,6330.171799466532,2025-08-06 11:09:37.799304,2025-08-06 11:14:22.195020,0 days 00:04:44.395716,3.845306144345622,10,80,COMPLETE
746,14778.056089600448,2025-08-06 11:09:37.801072,2025-08-06 11:11:52.347138,0 days 00:02:14.546066,1.5294370126222296,10,79,COMPLETE
747,21197.198112451435,2025-08-06 11:09:37.805055,2025-08-06 11:14:53.432544,0 days 00:05:15.627489,1.5269482120950801,10,55,COMPLETE
748,13991.040777933602,2025-08-06 11:09:37.806547,2025-08-06 11:14:23.166327,0 days 00:04:45.359780,1.4648007373032383,10,80,COMPLETE
749,13991.040777933602,2025-08-06 11:09:37.815890,2025-08-06 11:14:23.101845,0 days 00:04:45.285955,1.4644844880149452,10,79,COMPLETE
750,6094.835357964413,2025-08-06 11:09:37.845094,2025-08-06 11:14:54.475931,0 days 00:05:16.630837,1.4810712309569058,27,79,COMPLETE
751,6275.094852149754,2025-08-06 11:09:37.852080,2025-08-06 11:13:24.078498,0 days 00:03:46.226418,1.4977318379119233,27,80,COMPLETE
752,6330.171799466532,2025-08-06 11:09:37.854305,2025-08-06 11:13:26.839245,0 days 00:03:48.984940,3.864827735743988,10,80,COMPLETE
753,14191.037655672451,2025-08-06 11:09:37.885672,2025-08-06 11:13:31.822641,0 days 00:03:53.936969,1.5103541290369724,10,79,COMPLETE
754,15475.741596651585,2025-08-06 11:09:37.887462,2025-08-06 11:13:30.471483,0 days 00:03:52.584021,1.4896755726810582,10,80,COMPLETE
755,13991.040777933602,2025-08-06 11:09:37.927016,2025-08-06 11:11:52.635087,0 days 00:02:14.708071,1.4832715239915808,11,79,COMPLETE
756,27998.172383320954,2025-08-06 11:09:37.934273,2025-08-06 11:13:33.525207,0 days 00:03:55.590934,1.512357022499153,10,26,COMPLETE
757,10838.024843237768,2025-08-06 11:09:37.967973,2025-08-06 11:14:21.903355,0 days 00:04:43.935382,3.917630827643627,27,80,COMPLETE
758,5920.6288104127125,2025-08-06 11:09:37.987678,2025-08-06 11:14:23.700325,0 days 00:04:45.712647,3.923082863659539,9,80,COMPLETE
759,3374.3853574700997,2025-08-06 11:09:38.004198,2025-08-06 11:11:54.674692,0 days 00:02:16.670494,1.4964343182369186,33,77,COMPLETE
760,3843.6149349078464,2025-08-06 11:09:38.029429,2025-08-06 11:10:44.498077,0 days 00:01:06.468648,1.4765295114355215,33,80,COMPLETE
761,5343.860329515545,2025-08-06 11:09:38.049676,2025-08-06 11:10:44.376396,0 days 00:01:06.326720,3.9052120069572953,10,79,COMPLETE
762,17237.830765045863,2025-08-06 11:09:38.051025,2025-08-06 11:13:28.424157,0 days 00:03:50.373132,1.524266003011303,20,78,COMPLETE
763,14807.63192842946,2025-08-06 11:09:38.086169,2025-08-06 11:13:32.975539,0 days 00:03:54.889370,1.5374425280860116,10,78,COMPLETE
764,22081.101827553204,2025-08-06 11:09:38.094098,2025-08-06 11:14:26.382908,0 days 00:04:48.288810,1.4775866078599713,20,26,COMPLETE
765,29339.726811576806,2025-08-06 11:09:38.109509,2025-08-06 11:13:29.264688,0 days 00:03:51.155179,1.4534725210015913,10,36,COMPLETE
766,1008.8825805061454,2025-08-06 11:09:38.153742,2025-08-06 11:14:52.421623,0 days 00:05:14.267881,3.8550203430645773,33,79,COMPLETE
767,15475.741596651585,2025-08-06 11:09:38.159058,2025-08-06 11:11:58.179224,0 days 00:02:20.020166,1.494576743845577,10,81,COMPLETE
768,7104.723624209815,2025-08-06 11:09:38.162899,2025-08-06 11:13:28.541899,0 days 00:03:50.379000,3.7744457606421506,10,80,COMPLETE
769,14191.037655672451,2025-08-06 11:09:38.165842,2025-08-06 11:11:57.545571,0 days 00:02:19.379729,1.5002710521814748,10,77,COMPLETE
770,5809.3183874785145,2025-08-06 11:09:38.166998,2025-08-06 11:14:27.615192,0 days 00:04:49.448194,3.8808710618355877,9,77,COMPLETE
771,23654.33025898666,2025-08-06 11:09:38.168537,2025-08-06 11:14:27.742657,0 days 00:04:49.574120,1.4629151192759147,9,54,COMPLETE
772,15475.741596651585,2025-08-06 11:09:38.169893,2025-08-06 11:13:33.496688,0 days 00:03:55.326795,1.487843077279392,10,80,COMPLETE
773,11714.038063786284,2025-08-06 11:09:38.171439,2025-08-06 11:11:53.689815,0 days 00:02:15.518376,3.904082478478746,10,41,COMPLETE
774,14770.705876222291,2025-08-06 11:09:38.173028,2025-08-06 11:14:51.510944,0 days 00:05:13.337916,3.9082210133278377,33,26,COMPLETE
775,3181.977160010295,2025-08-06 11:09:38.174920,2025-08-06 11:11:59.183151,0 days 00:02:21.008231,3.7567025546046553,20,80,COMPLETE
776,1125.8618964004133,2025-08-06 11:09:38.178522,2025-08-06 11:13:31.218111,0 days 00:03:53.039589,3.8060796251940174,33,81,COMPLETE
777,5809.3183874785145,2025-08-06 11:09:38.180661,2025-08-06 11:13:32.209294,0 days 00:03:54.028633,3.8917622987621607,9,80,COMPLETE
778,6506.184426097207,2025-08-06 11:09:38.183684,2025-08-06 11:11:59.174363,0 days 00:02:20.990679,3.7845187696768314,9,78,COMPLETE
779,8710.719510023817,2025-08-06 11:09:38.185270,2025-08-06 11:14:53.848499,0 days 00:05:15.663229,3.9079144352063517,9,26,COMPLETE
780,5912.213253856733,2025-08-06 11:09:38.189180,2025-08-06 11:13:32.927735,0 days 00:03:54.738555,3.8465004625610453,20,78,COMPLETE
781,14191.037655672451,2025-08-06 11:09:38.190183,2025-08-06 11:13:30.080283,0 days 00:03:51.890100,1.5096892353614664,10,78,COMPLETE
782,5809.3183874785145,2025-08-06 11:09:38.195513,2025-08-06 11:11:55.203099,0 days 00:02:17.007586,3.8736001252015155,9,79,COMPLETE
783,27660.49901396914,2025-08-06 11:09:38.196724,2025-08-06 11:14:30.951464,0 days 00:04:52.754740,1.5221049646310527,10,27,COMPLETE
784,14191.037655672451,2025-08-06 11:09:38.198749,2025-08-06 11:11:57.538497,0 days 00:02:19.339748,1.5110916959416398,10,78,COMPLETE
785,6419.716361072046,2025-08-06 11:09:38.200183,2025-08-06 11:10:46.699918,0 days 00:01:08.499735,3.8798744172422697,10,78,COMPLETE
786,14110.63883451489,2025-08-06 11:09:38.201731,2025-08-06 11:14:53.372506,0 days 00:05:15.170775,1.5127467168535662,9,79,COMPLETE
787,13991.040777933602,2025-08-06 11:09:38.205104,2025-08-06 11:10:46.041394,0 days 00:01:07.836290,1.4835102820320314,10,77,COMPLETE
788,5751.301723269608,2025-08-06 11:09:38.206531,2025-08-06 11:13:31.563402,0 days 00:03:53.356871,3.9175720234703646,9,80,COMPLETE
789,12995.35094460128,2025-08-06 11:09:38.208315,2025-08-06 11:14:27.844148,0 days 00:04:49.635833,1.4753080274640331,33,26,COMPLETE
790,13991.040777933602,2025-08-06 11:09:38.217439,2025-08-06 11:13:37.245982,0 days 00:03:59.028543,1.4815491443837912,10,80,COMPLETE
791,15137.605625590824,2025-08-06 11:09:38.218254,2025-08-06 11:11:58.567324,0 days 00:02:20.349070,1.457052727480716,10,78,COMPLETE
792,5700.832270991105,2025-08-06 11:09:38.219170,2025-08-06 11:14:27.143605,0 days 00:04:48.924435,3.8294757580239143,9,80,COMPLETE
793,15083.594588993152,2025-08-06 11:09:38.221925,2025-08-06 11:11:59.983415,0 days 00:02:21.761490,1.4749140086703743,9,81,COMPLETE
794,5343.860329515545,2025-08-06 11:09:38.222903,2025-08-06 11:14:27.856444,0 days 00:04:49.633541,3.909792974131478,10,80,COMPLETE
795,5343.860329515545,2025-08-06 11:09:38.226736,2025-08-06 11:12:01.268262,0 days 00:02:23.041526,3.9221594101955435,10,81,COMPLETE
796,4685.582426604784,2025-08-06 11:09:38.230015,2025-08-06 11:14:53.590893,0 days 00:05:15.360878,1.5324288753172988,33,77,COMPLETE
797,15137.605625590824,2025-08-06 11:09:38.233262,2025-08-06 11:14:29.891203,0 days 00:04:51.657941,1.4553147145429939,10,79,COMPLETE
798,3905.8998566161627,2025-08-06 11:09:38.234603,2025-08-06 11:13:36.088930,0 days 00:03:57.854327,1.5213254117142974,33,78,COMPLETE
799,6430.318038383098,2025-08-06 11:09:38.237061,2025-08-06 11:14:25.367709,0 days 00:04:47.130648,3.9684948879689745,10,78,COMPLETE
800,13173.093787885202,2025-08-06 11:09:38.238202,2025-08-06 11:12:01.593781,0 days 00:02:23.355579,1.5269148788557019,9,80,COMPLETE
801,5343.860329515545,2025-08-06 11:09:38.240152,2025-08-06 11:13:35.174934,0 days 00:03:56.934782,3.9194273059787346,10,80,COMPLETE
802,12276.12021258576,2025-08-06 11:09:38.242048,2025-08-06 11:14:28.747289,0 days 00:04:50.505241,1.5078478225704781,20,79,COMPLETE
803,7692.89153473901,2025-08-06 11:09:38.244961,2025-08-06 11:11:58.318768,0 days 00:02:20.073807,3.924848872206184,10,55,COMPLETE
804,8123.377897909501,2025-08-06 11:09:38.247181,2025-08-06 11:13:32.935576,0 days 00:03:54.688395,3.845193610549566,9,27,COMPLETE
805,15475.741596651585,2025-08-06 11:09:38.249994,2025-08-06 11:10:47.455497,0 days 00:01:09.205503,1.487240999727328,10,80,COMPLETE
806,3921.447439663606,2025-08-06 11:09:38.253181,2025-08-06 11:13:35.968951,0 days 00:03:57.715770,1.5139161462472606,33,77,COMPLETE
807,737.5676129071758,2025-08-06 11:09:38.254106,2025-08-06 11:13:37.233913,0 days 00:03:58.979807,3.8964562419693367,33,78,COMPLETE
808,5338.106324908955,2025-08-06 11:09:38.254908,2025-08-06 11:12:01.162169,0 days 00:02:22.907261,3.902164457427591,10,79,COMPLETE
809,6330.171799466532,2025-08-06 11:09:38.256345,2025-08-06 11:11:59.920240,0 days 00:02:21.663895,3.8361933361263443,10,79,COMPLETE
810,27907.941506001385,2025-08-06 11:09:38.258980,2025-08-06 11:12:01.518894,0 days 00:02:23.259914,1.5010041769268605,10,26,COMPLETE
811,14010.638885072089,2025-08-06 11:09:38.260701,2025-08-06 11:13:36.768755,0 days 00:03:58.508054,1.5306000389036993,10,79,COMPLETE
812,5809.3183874785145,2025-08-06 11:09:38.262242,2025-08-06 11:13:36.548847,0 days 00:03:58.286605,3.8621214641946886,9,79,COMPLETE
813,3551.891039924158,2025-08-06 11:09:38.264516,2025-08-06 11:12:02.785907,0 days 00:02:24.521391,1.5025068172150577,33,77,COMPLETE
814,9493.213800255711,2025-08-06 11:09:38.269566,2025-08-06 11:12:00.804382,0 days 00:02:22.534816,3.8565748700792564,10,27,COMPLETE
815,5751.301723269608,2025-08-06 11:09:38.277543,2025-08-06 11:14:27.933530,0 days 00:04:49.655987,3.9169246536791107,9,80,COMPLETE
816,12327.0026572018,2025-08-06 11:09:38.280304,2025-08-06 11:14:29.890270,0 days 00:04:51.609966,1.5075366177552305,9,94,COMPLETE
817,28842.688960629595,2025-08-06 11:09:38.281212,2025-08-06 11:14:29.617105,0 days 00:04:51.335893,1.528476500338911,10,26,COMPLETE
818,10658.153808966577,2025-08-06 11:09:38.281965,2025-08-06 11:13:35.476424,0 days 00:03:57.194459,1.4918069035592596,20,80,COMPLETE
819,5343.860329515545,2025-08-06 11:09:38.283054,2025-08-06 11:13:36.940636,0 days 00:03:58.657582,3.9041171071776892,10,77,COMPLETE
820,10658.153808966577,2025-08-06 11:09:38.285164,2025-08-06 11:14:29.280801,0 days 00:04:50.995637,1.4872368793564648,20,80,COMPLETE
821,10658.153808966577,2025-08-06 11:09:38.286182,2025-08-06 11:12:02.642827,0 days 00:02:24.356645,1.4898024632151277,20,77,COMPLETE
822,3430.3644840959696,2025-08-06 11:09:38.295136,2025-08-06 11:13:38.065927,0 days 00:03:59.770791,1.4651326202978123,33,81,COMPLETE
823,15083.594588993152,2025-08-06 11:09:38.297029,2025-08-06 11:13:36.636028,0 days 00:03:58.338999,1.4761751064130058,9,81,COMPLETE
824,15620.16570381844,2025-08-06 11:09:38.310396,2025-08-06 11:13:40.019533,0 days 00:04:01.709137,1.5707635444477346,10,79,COMPLETE
825,5338.106324908955,2025-08-06 11:09:38.333970,2025-08-06 11:13:36.405502,0 days 00:03:58.071532,3.9017304154771395,10,81,COMPLETE
826,12307.759627667383,2025-08-06 11:09:38.359165,2025-08-06 11:14:54.268844,0 days 00:05:15.909679,1.461964897107131,27,26,COMPLETE
827,13630.560281917185,2025-08-06 11:09:38.381569,2025-08-06 11:14:30.738622,0 days 00:04:52.357053,1.5031076451644845,9,80,COMPLETE
828,15135.215479041064,2025-08-06 11:09:38.389654,2025-08-06 11:12:08.253641,0 days 00:02:29.863987,1.5414242869467936,10,80,COMPLETE
829,13137.645769575094,2025-08-06 11:09:38.396676,2025-08-06 11:14:31.973205,0 days 00:04:53.576529,3.9140536047803787,20,79,COMPLETE
830,6872.406559256189,2025-08-06 11:09:38.402947,2025-08-06 11:13:35.441569,0 days 00:03:57.038622,3.766726749788443,9,78,COMPLETE
831,8547.564183289829,2025-08-06 11:09:38.409890,2025-08-06 11:13:39.820776,0 days 00:04:01.410886,3.8349920052719586,9,26,COMPLETE
832,35129.0648377716,2025-08-06 11:09:38.423541,2025-08-06 11:12:06.474901,0 days 00:02:28.051360,1.440805811395149,10,26,COMPLETE
833,13991.040777933602,2025-08-06 11:09:38.444958,2025-08-06 11:13:42.418842,0 days 00:04:03.973884,1.4933348987820583,11,81,COMPLETE
834,14191.037655672451,2025-08-06 11:09:38.459541,2025-08-06 11:12:08.298952,0 days 00:02:29.839411,1.5006270166159172,10,80,COMPLETE
835,3551.891039924158,2025-08-06 11:09:38.461857,2025-08-06 11:12:08.031340,0 days 00:02:29.569483,1.5025311425962493,33,80,COMPLETE
836,14549.944138795414,2025-08-06 11:09:38.485133,2025-08-06 11:12:06.011883,0 days 00:02:27.526750,1.5148660714803641,10,80,COMPLETE
837,9489.206292587296,2025-08-06 11:09:38.515628,2025-08-06 11:13:42.696098,0 days 00:04:04.180470,3.8966964575677325,9,94,COMPLETE
838,23171.594897227358,2025-08-06 11:09:38.544930,2025-08-06 11:13:37.103727,0 days 00:03:58.558797,3.8123125148054577,20,54,COMPLETE
839,21085.204789129522,2025-08-06 11:09:38.547956,2025-08-06 11:14:34.544881,0 days 00:04:55.996925,1.518903880974827,21,26,COMPLETE
840,3921.447439663606,2025-08-06 11:09:38.587525,2025-08-06 11:13:41.292699,0 days 00:04:02.705174,1.506990117668357,33,79,COMPLETE
841,6330.171799466532,2025-08-06 11:09:38.616585,2025-08-06 11:10:51.231239,0 days 00:01:12.614654,3.866166592090256,10,77,COMPLETE
842,13795.915234408008,2025-08-06 11:09:38.627397,2025-08-06 11:14:31.625029,0 days 00:04:52.997632,1.4913864863888098,9,77,COMPLETE
843,6430.318038383098,2025-08-06 11:09:38.628321,2025-08-06 11:12:10.258132,0 days 00:02:31.629811,3.9298098124118894,10,81,COMPLETE
844,10991.645123964132,2025-08-06 11:09:38.648099,2025-08-06 11:12:08.642961,0 days 00:02:29.994862,1.4996574565706,20,79,COMPLETE
845,6430.318038383098,2025-08-06 11:09:38.664367,2025-08-06 11:14:35.708910,0 days 00:04:57.044543,3.927967709910566,10,80,COMPLETE
846,3485.2115006132008,2025-08-06 11:09:38.682645,2025-08-06 11:14:30.233588,0 days 00:04:51.550943,1.4801975126125038,33,78,COMPLETE
847,740.9873175124753,2025-08-06 11:09:38.684792,2025-08-06 11:13:42.190820,0 days 00:04:03.506028,3.910477080440108,33,80,COMPLETE
848,3048.710724031462,2025-08-06 11:09:38.688267,2025-08-06 11:12:10.040325,0 days 00:02:31.352058,1.483214957120921,33,76,COMPLETE
849,6430.318038383098,2025-08-06 11:09:38.692447,2025-08-06 11:13:45.817747,0 days 00:04:07.125300,3.936248871772212,10,79,COMPLETE
850,3905.8998566161627,2025-08-06 11:09:38.694395,2025-08-06 11:14:33.389837,0 days 00:04:54.695442,1.521346217906558,33,79,COMPLETE
851,29339.726811576806,2025-08-06 11:09:38.698973,2025-08-06 11:12:10.597017,0 days 00:02:31.898044,1.4588052259310134,10,36,COMPLETE
852,4922.57088061513,2025-08-06 11:09:38.701178,2025-08-06 11:13:45.577300,0 days 00:04:06.876122,3.7141205333352154,20,93,COMPLETE
853,5343.860329515545,2025-08-06 11:09:38.702275,2025-08-06 11:13:43.954822,0 days 00:04:05.252547,3.909457225959083,10,76,COMPLETE
854,14191.037655672451,2025-08-06 11:09:38.706104,2025-08-06 11:14:32.065709,0 days 00:04:53.359605,1.5076184008550957,10,79,COMPLETE
855,20379.365346609793,2025-08-06 11:09:38.711665,2025-08-06 11:12:09.705041,0 days 00:02:30.993376,1.4981177168486786,20,26,COMPLETE
856,5343.860329515545,2025-08-06 11:09:38.714269,2025-08-06 11:14:31.440145,0 days 00:04:52.725876,3.9084109403433205,10,80,COMPLETE
857,5343.860329515545,2025-08-06 11:09:38.717158,2025-08-06 11:14:34.913176,0 days 00:04:56.196018,3.908226065301188,10,78,COMPLETE
858,7864.322266874079,2025-08-06 11:09:38.723424,2025-08-06 11:12:13.441292,0 days 00:02:34.717868,1.4557667928337543,33,94,COMPLETE
859,5338.106324908955,2025-08-06 11:09:38.725700,2025-08-06 11:13:46.285218,0 days 00:04:07.559518,3.9018967966241247,10,81,COMPLETE
860,7104.723624209815,2025-08-06 11:09:38.730297,2025-08-06 11:13:45.165498,0 days 00:04:06.435201,3.755331220480394,10,78,COMPLETE
861,14716.201880213313,2025-08-06 11:09:38.731779,2025-08-06 11:14:35.423818,0 days 00:04:56.692039,3.8806288144903665,33,25,COMPLETE
862,27825.88932363795,2025-08-06 11:09:38.734822,2025-08-06 11:14:53.642384,0 days 00:05:14.907562,3.866408273527969,20,26,COMPLETE
863,16965.63802494303,2025-08-06 11:09:38.737135,2025-08-06 11:14:33.833828,0 days 00:04:55.096693,1.5522853382221538,10,77,COMPLETE
864,5338.106324908955,2025-08-06 11:09:38.741117,2025-08-06 11:12:18.190463,0 days 00:02:39.449346,3.8978313652587007,10,80,COMPLETE
865,3921.447439663606,2025-08-06 11:09:38.742098,2025-08-06 11:12:12.326725,0 days 00:02:33.584627,1.5142885259444991,33,79,COMPLETE
866,10188.832574500128,2025-08-06 11:09:38.749563,2025-08-06 11:12:16.408813,0 days 00:02:37.659250,3.87762187947256,10,36,COMPLETE
867,13962.062393952976,2025-08-06 11:09:38.753417,2025-08-06 11:14:32.083569,0 days 00:04:53.330152,1.4480495842101613,9,79,COMPLETE
868,15137.605625590824,2025-08-06 11:09:38.754921,2025-08-06 11:13:45.346951,0 days 00:04:06.592030,1.4565648348285765,10,80,COMPLETE
869,15135.215479041064,2025-08-06 11:09:38.759890,2025-08-06 11:12:18.744264,0 days 00:02:39.984374,1.5431683193107284,10,80,COMPLETE
870,34331.05778778949,2025-08-06 11:09:38.762543,2025-08-06 11:10:55.910326,0 days 00:01:17.147783,1.4649847093711426,10,26,COMPLETE
871,15475.741596651585,2025-08-06 11:09:38.764504,2025-08-06 11:12:18.401883,0 days 00:02:39.637379,1.4935332535081336,10,78,COMPLETE
872,9208.090754263052,2025-08-06 11:09:38.765343,2025-08-06 11:12:14.831709,0 days 00:02:36.066366,3.813261719900689,9,26,COMPLETE
873,6430.318038383098,2025-08-06 11:09:38.766398,2025-08-06 11:10:57.663770,0 days 00:01:18.897372,3.928504084591784,10,79,COMPLETE
874,20251.318344586267,2025-08-06 11:09:38.767128,2025-08-06 11:10:58.925496,0 days 00:01:20.158368,1.4895672141396537,20,25,COMPLETE
875,14191.037655672451,2025-08-06 11:09:38.768469,2025-08-06 11:14:38.333511,0 days 00:04:59.565042,1.5057040888966038,10,81,COMPLETE
876,14462.529346117874,2025-08-06 11:09:38.770865,2025-08-06 11:14:53.105910,0 days 00:05:14.335045,1.5395819674604547,10,81,COMPLETE
877,5809.3183874785145,2025-08-06 11:09:38.772704,2025-08-06 11:12:19.052722,0 days 00:02:40.280018,3.8923625472121617,9,78,COMPLETE
878,3905.8998566161627,2025-08-06 11:09:38.774561,2025-08-06 11:12:22.569455,0 days 00:02:43.794894,1.5182429377073936,33,79,COMPLETE
879,14778.056089600448,2025-08-06 11:09:38.776224,2025-08-06 11:13:47.805435,0 days 00:04:09.029211,1.5296088910703673,10,80,COMPLETE
880,5453.536197129897,2025-08-06 11:09:38.777829,2025-08-06 11:14:35.336967,0 days 00:04:56.559138,1.5552952382590202,33,76,COMPLETE
881,737.5676129071758,2025-08-06 11:09:38.779336,2025-08-06 11:13:48.886069,0 days 00:04:10.106733,3.8953693342079805,33,76,COMPLETE
882,16207.501281821798,2025-08-06 11:09:38.780979,2025-08-06 11:13:45.312852,0 days 00:04:06.531873,1.4486891492396414,33,26,COMPLETE
883,14010.638885072089,2025-08-06 11:09:38.782296,2025-08-06 11:14:52.450705,0 days 00:05:13.668409,1.5340815175222433,10,81,COMPLETE
884,8710.719510023817,2025-08-06 11:09:38.788063,2025-08-06 11:12:20.188684,0 days 00:02:41.400621,3.901247327231164,9,26,COMPLETE
885,15475.741596651585,2025-08-06 11:09:38.788932,2025-08-06 11:13:47.676031,0 days 00:04:08.887099,1.494246142275152,10,79,COMPLETE
886,3905.8998566161627,2025-08-06 11:09:38.789772,2025-08-06 11:12:21.989405,0 days 00:02:43.199633,1.5169190307182303,33,77,COMPLETE
887,13991.040777933602,2025-08-06 11:09:38.792388,2025-08-06 11:14:36.776433,0 days 00:04:57.984045,1.4640589152168502,10,77,COMPLETE
888,5343.860329515545,2025-08-06 11:09:38.793837,2025-08-06 11:14:53.475024,0 days 00:05:14.681187,3.9053466792268976,10,76,COMPLETE
889,15475.741596651585,2025-08-06 11:09:38.794656,2025-08-06 11:12:20.748950,0 days 00:02:41.954294,1.4942618045010776,10,80,COMPLETE
890,13630.560281917185,2025-08-06 11:09:38.795965,2025-08-06 11:14:43.206476,0 days 00:05:04.410511,1.5040713931395862,9,80,COMPLETE
891,11566.574089877424,2025-08-06 11:09:38.799742,2025-08-06 11:12:22.831820,0 days 00:02:44.032078,3.8896121777295196,20,80,COMPLETE
892,15475.741596651585,2025-08-06 11:09:38.804075,2025-08-06 11:13:46.646545,0 days 00:04:07.842470,1.4874740445362173,10,79,COMPLETE
893,3485.2115006132008,2025-08-06 11:09:38.806130,2025-08-06 11:12:23.222081,0 days 00:02:44.415951,1.48283386408813,33,81,COMPLETE
894,6419.716361072046,2025-08-06 11:09:38.807577,2025-08-06 11:14:40.650892,0 days 00:05:01.843315,3.8777227097190496,10,77,COMPLETE
895,12214.614580799513,2025-08-06 11:09:38.814976,2025-08-06 11:13:47.828771,0 days 00:04:09.013795,3.876523694482377,20,80,COMPLETE
896,15137.605625590824,2025-08-06 11:09:38.818177,2025-08-06 11:12:24.760356,0 days 00:02:45.942179,1.4589432159121074,10,79,COMPLETE
897,14191.037655672451,2025-08-06 11:09:38.827801,2025-08-06 11:14:54.109108,0 days 00:05:15.281307,1.497670881317666,10,79,COMPLETE
898,13991.040777933602,2025-08-06 11:09:38.835172,2025-08-06 11:13:48.837055,0 days 00:04:10.001883,1.4803142944938825,10,80,COMPLETE
899,13962.062393952976,2025-08-06 11:09:38.837281,2025-08-06 11:13:46.802865,0 days 00:04:07.965584,1.444239670850352,9,78,COMPLETE
900,14191.037655672451,2025-08-06 11:09:38.838122,2025-08-06 11:12:23.162067,0 days 00:02:44.323945,1.4960243955525596,10,77,COMPLETE
901,14549.944138795414,2025-08-06 11:09:38.842901,2025-08-06 11:14:41.395960,0 days 00:05:02.553059,1.514364073937499,10,80,COMPLETE
902,14282.519673191806,2025-08-06 11:09:38.847335,2025-08-06 11:11:02.372484,0 days 00:01:23.525149,1.4171948698071575,10,78,COMPLETE
903,7193.174518677083,2025-08-06 11:09:38.849410,2025-08-06 11:14:40.792079,0 days 00:05:01.942669,1.4412921075234209,26,77,COMPLETE
904,3864.817256379969,2025-08-06 11:09:38.853240,2025-08-06 11:13:51.716109,0 days 00:04:12.862869,1.4714245204889476,33,79,COMPLETE
905,4685.582426604784,2025-08-06 11:09:38.858775,2025-08-06 11:12:24.873573,0 days 00:02:46.014798,1.5389111816364531,33,80,COMPLETE
906,8339.390397250392,2025-08-06 11:09:38.860088,2025-08-06 11:14:40.520722,0 days 00:05:01.660634,1.4997356490808809,33,26,COMPLETE
907,13353.274123755566,2025-08-06 11:09:38.864410,2025-08-06 11:12:28.685324,0 days 00:02:49.820914,1.4329307405971334,10,78,COMPLETE
908,8231.278148840807,2025-08-06 11:09:38.866377,2025-08-06 11:13:50.308376,0 days 00:04:11.441999,3.9305623777772403,10,26,COMPLETE
909,24004.714507576027,2025-08-06 11:09:38.871319,2025-08-06 11:14:54.395866,0 days 00:05:15.524547,1.4690847787770005,9,55,COMPLETE
910,5338.106324908955,2025-08-06 11:09:38.873537,2025-08-06 11:13:49.290182,0 days 00:04:10.416645,3.8959797657462523,10,79,COMPLETE
911,14778.056089600448,2025-08-06 11:09:38.875736,2025-08-06 11:11:04.267189,0 days 00:01:25.391453,1.5261697355432076,10,81,COMPLETE
912,13401.279135155404,2025-08-06 11:09:38.876935,2025-08-06 11:13:49.558349,0 days 00:04:10.681414,1.5096910355070678,20,78,COMPLETE
913,13054.012213017,2025-08-06 11:09:38.879873,2025-08-06 11:12:28.152862,0 days 00:02:49.272989,1.4427984504464795,33,25,COMPLETE
914,5338.106324908955,2025-08-06 11:09:38.881294,2025-08-06 11:14:44.690681,0 days 00:05:05.809387,3.8911996907698385,10,79,COMPLETE
915,5997.603935538412,2025-08-06 11:09:38.883370,2025-08-06 11:14:42.841516,0 days 00:05:03.958146,1.55731350182067,33,78,COMPLETE
916,13249.337140847769,2025-08-06 11:09:38.886079,2025-08-06 11:13:53.360495,0 days 00:04:14.474416,1.4469581358831238,10,79,COMPLETE
917,10658.153808966577,2025-08-06 11:09:38.887101,2025-08-06 11:13:51.908252,0 days 00:04:13.021151,1.490975019468756,20,77,COMPLETE
918,5338.106324908955,2025-08-06 11:09:38.888464,2025-08-06 11:11:04.866344,0 days 00:01:25.977880,3.891350234088408,10,80,COMPLETE
919,9135.679637564657,2025-08-06 11:09:38.890487,2025-08-06 11:11:04.984323,0 days 00:01:26.093836,3.921461592341108,10,27,COMPLETE
920,14054.047129481542,2025-08-06 11:09:38.891891,2025-08-06 11:13:53.966381,0 days 00:04:15.074490,1.5100132836805433,26,26,COMPLETE
921,13991.040777933602,2025-08-06 11:09:38.893160,2025-08-06 11:12:28.057823,0 days 00:02:49.164663,1.4681557414697073,10,80,COMPLETE
922,7104.723624209815,2025-08-06 11:09:38.895330,2025-08-06 11:14:43.693623,0 days 00:05:04.798293,3.7781409807917035,10,79,COMPLETE
923,9709.21481048083,2025-08-06 11:09:38.897361,2025-08-06 11:13:52.657493,0 days 00:04:13.760132,3.8856778815724504,10,36,COMPLETE
924,13962.062393952976,2025-08-06 11:09:38.898980,2025-08-06 11:14:44.358009,0 days 00:05:05.459029,1.4473725481829272,9,81,COMPLETE
925,9126.985703121933,2025-08-06 11:09:38.900185,2025-08-06 11:12:31.499966,0 days 00:02:52.599781,3.882375822601178,10,27,COMPLETE
926,14807.63192842946,2025-08-06 11:09:38.904385,2025-08-06 11:13:55.787605,0 days 00:04:16.883220,1.5373656843127763,10,79,COMPLETE
927,13991.040777933602,2025-08-06 11:09:38.908118,2025-08-06 11:12:29.772745,0 days 00:02:50.864627,1.483304639964365,10,80,COMPLETE
928,27998.172383320954,2025-08-06 11:09:38.910485,2025-08-06 11:13:53.282076,0 days 00:04:14.371591,1.5121908735754535,10,26,COMPLETE
929,15047.881038890548,2025-08-06 11:09:38.913792,2025-08-06 11:12:30.103945,0 days 00:02:51.190153,1.486648578474619,9,80,COMPLETE
930,27410.683979852278,2025-08-06 11:09:38.915848,2025-08-06 11:14:43.252506,0 days 00:05:04.336658,3.934517677965698,20,26,COMPLETE
931,4477.5117020480075,2025-08-06 11:09:38.921664,2025-08-06 11:14:54.020969,0 days 00:05:15.099305,3.91806519375746,32,77,COMPLETE
932,15475.741596651585,2025-08-06 11:09:38.925993,2025-08-06 11:13:56.872732,0 days 00:04:17.946739,1.4925560967369338,10,77,COMPLETE
933,3864.817256379969,2025-08-06 11:09:38.926973,2025-08-06 11:13:51.209566,0 days 00:04:12.282593,1.4718851797233006,33,77,COMPLETE
934,3843.6149349078464,2025-08-06 11:09:38.927926,2025-08-06 11:14:44.985744,0 days 00:05:06.057818,1.478523322678867,33,78,COMPLETE
935,6430.318038383098,2025-08-06 11:09:38.929537,2025-08-06 11:12:31.459041,0 days 00:02:52.529504,3.930066354175402,10,81,COMPLETE
936,8193.171836256743,2025-08-06 11:09:38.930431,2025-08-06 11:14:47.690044,0 days 00:05:08.759613,1.487279554396881,33,26,COMPLETE
937,20379.365346609793,2025-08-06 11:09:38.932447,2025-08-06 11:13:57.901983,0 days 00:04:18.969536,1.5007685327198779,20,26,COMPLETE
938,14770.705876222291,2025-08-06 11:09:38.933812,2025-08-06 11:12:31.501730,0 days 00:02:52.567918,3.8971063211062282,33,26,COMPLETE
939,9589.706835164558,2025-08-06 11:09:38.934711,2025-08-06 11:14:40.221269,0 days 00:05:01.286558,3.888776331169571,10,26,COMPLETE
940,15491.418933307961,2025-08-06 11:09:38.940469,2025-08-06 11:14:40.830513,0 days 00:05:01.890044,3.8325919947999685,33,26,COMPLETE
941,753.0563285753656,2025-08-06 11:09:38.945549,2025-08-06 11:12:34.592103,0 days 00:02:55.646554,3.9027241250496205,33,93,COMPLETE
942,13353.274123755566,2025-08-06 11:09:38.946318,2025-08-06 11:12:33.068260,0 days 00:02:54.121942,1.4432700344274,10,80,COMPLETE
943,15475.741596651585,2025-08-06 11:09:38.949795,2025-08-06 11:12:32.993736,0 days 00:02:54.043941,1.4862901625056906,10,77,COMPLETE
944,4685.582426604784,2025-08-06 11:09:38.950537,2025-08-06 11:14:54.222301,0 days 00:05:15.271764,1.5317829384466883,33,80,COMPLETE
945,13630.560281917185,2025-08-06 11:09:38.952757,2025-08-06 11:14:00.303829,0 days 00:04:21.351072,1.504487390216012,9,77,COMPLETE
946,14191.037655672451,2025-08-06 11:09:38.957564,2025-08-06 11:12:35.728059,0 days 00:02:56.770495,1.5010447096704875,10,78,COMPLETE
947,18308.78292659996,2025-08-06 11:09:38.960256,2025-08-06 11:12:33.809443,0 days 00:02:54.849187,1.5392054766029568,20,81,COMPLETE
948,33202.71482318908,2025-08-06 11:09:38.964976,2025-08-06 11:14:40.848334,0 days 00:05:01.883358,1.4624775482258665,10,35,COMPLETE
949,1226.4622248991157,2025-08-06 11:09:38.968419,2025-08-06 11:14:45.011210,0 days 00:05:06.042791,3.8323161030931012,33,77,COMPLETE
950,15475.741596651585,2025-08-06 11:09:38.975076,2025-08-06 11:12:32.660526,0 days 00:02:53.685450,1.494303312452652,10,79,COMPLETE
951,27789.657124741472,2025-08-06 11:09:38.977316,2025-08-06 11:14:53.260323,0 days 00:05:14.283007,1.5372634962480434,10,26,COMPLETE
952,31706.2527718723,2025-08-06 11:09:38.979583,2025-08-06 11:13:57.765999,0 days 00:04:18.786416,1.4872556054218184,10,26,COMPLETE
953,3374.3853574700997,2025-08-06 11:09:38.983950,2025-08-06 11:14:53.692993,0 days 00:05:14.709043,1.4953975826083084,33,81,COMPLETE
954,16837.15943130271,2025-08-06 11:09:38.989004,2025-08-06 11:13:59.189116,0 days 00:04:20.200112,1.4693791049214209,33,26,COMPLETE
955,15083.594588993152,2025-08-06 11:09:39.053377,2025-08-06 11:11:10.579909,0 days 00:01:31.526532,1.4743518338787853,9,78,COMPLETE
956,12276.12021258576,2025-08-06 11:09:39.054576,2025-08-06 11:13:58.743617,0 days 00:04:19.689041,1.504100528685386,20,77,COMPLETE
957,15475.741596651585,2025-08-06 11:09:39.063351,2025-08-06 11:13:56.203320,0 days 00:04:17.139969,1.4931523013113321,10,81,COMPLETE
958,13991.040777933602,2025-08-06 11:09:39.065055,2025-08-06 11:14:40.989953,0 days 00:05:01.924898,1.4741859468082827,10,78,COMPLETE
959,32325.089689598655,2025-08-06 11:09:39.070441,2025-08-06 11:14:46.096001,0 days 00:05:07.025560,1.5619725237105422,10,26,COMPLETE
960,11676.615492184004,2025-08-06 11:09:39.073597,2025-08-06 11:14:46.262137,0 days 00:05:07.188540,1.5459754286388916,34,26,COMPLETE
961,5340.666487645115,2025-08-06 11:09:39.076027,2025-08-06 11:11:11.104271,0 days 00:01:32.028244,1.5449006042578428,33,77,COMPLETE
962,32110.53536696668,2025-08-06 11:09:39.076958,2025-08-06 11:11:10.824312,0 days 00:01:31.747354,1.4844449614809188,10,26,COMPLETE
963,13173.093787885202,2025-08-06 11:09:39.078251,2025-08-06 11:12:37.008261,0 days 00:02:57.930010,1.5188759756669148,9,80,COMPLETE
964,5338.106324908955,2025-08-06 11:09:39.079342,2025-08-06 11:13:58.206104,0 days 00:04:19.126762,3.898871036820751,10,80,COMPLETE
965,15137.605625590824,2025-08-06 11:09:39.081582,2025-08-06 11:12:35.778502,0 days 00:02:56.696920,1.4577038765861077,10,79,COMPLETE
966,12223.684824707114,2025-08-06 11:09:39.082728,2025-08-06 11:14:43.888227,0 days 00:05:04.805499,1.5356398518771703,9,80,COMPLETE
967,14191.037655672451,2025-08-06 11:09:39.086504,2025-08-06 11:13:59.714230,0 days 00:04:20.627726,1.5091556694667139,10,78,COMPLETE
968,14280.458770675008,2025-08-06 11:09:39.087247,2025-08-06 11:14:47.709366,0 days 00:05:08.622119,1.449607980019631,9,77,COMPLETE
969,14362.429775006975,2025-08-06 11:09:39.096673,2025-08-06 11:14:46.538419,0 days 00:05:07.441746,3.7945212743248646,33,26,COMPLETE
970,7844.483947090496,2025-08-06 11:09:39.098276,2025-08-06 11:14:01.607175,0 days 00:04:22.508899,3.8100537642499916,20,78,COMPLETE
971,14549.944138795414,2025-08-06 11:09:39.100270,2025-08-06 11:12:38.536569,0 days 00:02:59.436299,1.5167176922759769,10,80,COMPLETE
972,1037.1550353481757,2025-08-06 11:09:39.101400,2025-08-06 11:14:06.412522,0 days 00:04:27.311122,3.861979684776273,33,80,COMPLETE
973,9126.985703121933,2025-08-06 11:09:39.105536,2025-08-06 11:12:40.096045,0 days 00:03:00.990509,3.8863869515846865,10,27,COMPLETE
974,27825.88932363795,2025-08-06 11:09:39.107414,2025-08-06 11:14:02.366580,0 days 00:04:23.259166,3.8672508292806564,20,26,COMPLETE
975,15475.741596651585,2025-08-06 11:09:39.111255,2025-08-06 11:14:49.470955,0 days 00:05:10.359700,1.4898283571482815,10,80,COMPLETE
976,35993.03201319631,2025-08-06 11:09:39.112824,2025-08-06 11:12:45.831386,0 days 00:03:06.718562,1.4617007305178165,10,27,COMPLETE
977,13991.040777933602,2025-08-06 11:09:39.114636,2025-08-06 11:12:41.138468,0 days 00:03:02.023832,1.4664746656552199,10,79,COMPLETE
978,3485.2115006132008,2025-08-06 11:09:39.115856,2025-08-06 11:14:47.490975,0 days 00:05:08.375119,1.4832620588604188,33,78,COMPLETE
979,5338.106324908955,2025-08-06 11:09:39.117301,2025-08-06 11:14:48.100803,0 days 00:05:08.983502,3.9022238672971956,10,77,COMPLETE
980,1226.4622248991157,2025-08-06 11:09:39.122470,2025-08-06 11:14:07.309728,0 days 00:04:28.187258,3.8405980822736883,33,80,COMPLETE
981,13630.560281917185,2025-08-06 11:09:39.125514,2025-08-06 11:12:42.529125,0 days 00:03:03.403611,1.4998161739842941,9,78,COMPLETE
982,9565.99108935766,2025-08-06 11:09:39.127249,2025-08-06 11:14:07.131530,0 days 00:04:28.004281,1.4712096723308994,20,78,COMPLETE
983,8193.171836256743,2025-08-06 11:09:39.129782,2025-08-06 11:14:09.374820,0 days 00:04:30.245038,1.4920979788527289,33,26,COMPLETE
984,16965.63802494303,2025-08-06 11:09:39.137914,2025-08-06 11:12:41.901170,0 days 00:03:02.763256,1.5519601777433467,10,77,COMPLETE
985,8764.816347250115,2025-08-06 11:09:39.140388,2025-08-06 11:12:47.794603,0 days 00:03:08.654215,3.812100465953049,9,27,COMPLETE
986,11624.918601908645,2025-08-06 11:09:39.143621,2025-08-06 11:14:07.325780,0 days 00:04:28.182159,3.93797015048122,20,79,COMPLETE
987,7303.052954125614,2025-08-06 11:09:39.147276,2025-08-06 11:14:08.633065,0 days 00:04:29.485789,1.4707072996134203,26,80,COMPLETE
988,14778.056089600448,2025-08-06 11:09:39.183163,2025-08-06 11:14:07.632122,0 days 00:04:28.448959,1.5272887884755748,10,77,COMPLETE
989,737.5676129071758,2025-08-06 11:09:39.218256,2025-08-06 11:12:55.638131,0 days 00:03:16.419875,3.906687244878393,33,80,COMPLETE
990,35268.71107916335,2025-08-06 11:09:39.267419,2025-08-06 11:14:09.966750,0 days 00:04:30.699331,1.450490792365009,10,26,COMPLETE
991,13295.368603371584,2025-08-06 11:09:39.282954,2025-08-06 11:14:12.628171,0 days 00:04:33.345217,1.473429656386628,10,76,COMPLETE
992,14720.140884365741,2025-08-06 11:09:40.179979,2025-08-06 11:14:48.838879,0 days 00:05:08.658900,1.4858724852087357,10,76,COMPLETE
993,5338.106324908955,2025-08-06 11:09:40.969468,2025-08-06 11:14:21.424809,0 days 00:04:40.455341,3.898167511462333,10,80,COMPLETE
994,5343.860329515545,2025-08-06 11:09:41.112270,2025-08-06 11:13:31.871449,0 days 00:03:50.759179,3.9157155430668116,10,81,COMPLETE
995,8231.278148840807,2025-08-06 11:09:41.625372,2025-08-06 11:14:29.732951,0 days 00:04:48.107579,3.935517105408764,10,26,COMPLETE
996,737.5676129071758,2025-08-06 11:09:41.672253,2025-08-06 11:13:42.558700,0 days 00:04:00.886447,3.901620560765485,33,78,COMPLETE
997,6330.171799466532,2025-08-06 11:09:42.029159,2025-08-06 11:14:54.465734,0 days 00:05:12.436575,3.8375162308776063,10,81,COMPLETE
998,39653.02202889052,2025-08-06 11:09:45.173035,2025-08-06 11:14:11.715542,0 days 00:04:26.542507,1.6160491368555607,10,26,COMPLETE
999,4372.917674116871,2025-08-06 11:09:55.074675,2025-08-06 11:14:54.360943,0 days 00:04:59.286268,1.4294875633880926,33,77,COMPLETE
