number,value,datetime_start,datetime_complete,duration,params_atr_multiplier,params_atr_period,params_ema_period,state
0,982.1919912860901,2025-08-03 21:36:24.052108,2025-08-03 21:36:25.919017,0 days 00:00:01.866909,3.6776016278294055,41,70,COMPLETE
1,962.5689847760024,2025-08-03 21:36:24.054219,2025-08-03 21:36:26.109443,0 days 00:00:02.055224,3.3994916308162613,28,93,COMPLETE
2,3630.5264430143447,2025-08-03 21:36:24.057508,2025-08-03 21:36:26.186677,0 days 00:00:02.129169,2.6221850934207835,42,88,COMPLETE
3,2949.6409715317027,2025-08-03 21:36:24.059150,2025-08-03 21:36:26.560138,0 days 00:00:02.500988,2.862113104115328,16,46,COMPLETE
4,3264.3006707914424,2025-08-03 21:36:24.062282,2025-08-03 21:36:26.719395,0 days 00:00:02.657113,2.6751639659373954,32,79,COMPLETE
5,-inf,2025-08-03 21:36:24.071311,2025-08-03 21:36:26.683326,0 days 00:00:02.612015,1.5754834431943854,45,42,COMPLETE
6,-827.3623880474036,2025-08-03 21:36:24.072266,2025-08-03 21:36:26.846111,0 days 00:00:02.773845,3.2848413634576703,35,61,COMPLETE
7,3783.0832958323626,2025-08-03 21:36:24.076018,2025-08-03 21:36:26.569138,0 days 00:00:02.493120,4.022187153234704,50,66,COMPLETE
8,4470.302679310403,2025-08-03 21:36:24.093517,2025-08-03 21:36:27.301650,0 days 00:00:03.208133,2.7746448630524987,12,36,COMPLETE
9,6091.178661591487,2025-08-03 21:36:24.100658,2025-08-03 21:36:28.177775,0 days 00:00:04.077117,3.8522697182486745,27,56,COMPLETE
10,6511.753201863409,2025-08-03 21:36:24.102576,2025-08-03 21:36:28.572701,0 days 00:00:04.470125,1.052561284303584,19,20,COMPLETE
11,4362.319899728176,2025-08-03 21:36:24.104814,2025-08-03 21:36:28.893687,0 days 00:00:04.788873,1.2863798040594001,20,69,COMPLETE
12,1202.595602718724,2025-08-03 21:36:24.108651,2025-08-03 21:36:28.926023,0 days 00:00:04.817372,3.0602287560308032,38,65,COMPLETE
13,3379.1796471777384,2025-08-03 21:36:24.131293,2025-08-03 21:36:28.949754,0 days 00:00:04.818461,3.057113485769604,19,93,COMPLETE
14,4436.857823000565,2025-08-03 21:36:24.138742,2025-08-03 21:36:29.392938,0 days 00:00:05.254196,2.011016076843215,13,63,COMPLETE
15,8551.960200078822,2025-08-03 21:36:24.192470,2025-08-03 21:36:31.574627,0 days 00:00:07.382157,1.6752543212849136,18,78,COMPLETE
16,26880.094441580313,2025-08-03 21:36:24.278803,2025-08-03 21:36:31.453139,0 days 00:00:07.174336,1.6636742839119303,6,46,COMPLETE
17,4067.856982512681,2025-08-03 21:36:24.385393,2025-08-03 21:36:32.261344,0 days 00:00:07.875951,4.357308277748155,9,76,COMPLETE
18,1058.2950714394224,2025-08-03 21:36:24.460862,2025-08-03 21:36:32.617386,0 days 00:00:08.156524,0.8917453981198533,32,82,COMPLETE
19,3934.45816276525,2025-08-03 21:36:24.501262,2025-08-03 21:36:32.415177,0 days 00:00:07.913915,2.5588401424091445,31,75,COMPLETE
20,28.134554787966593,2025-08-03 21:36:24.910863,2025-08-03 21:36:33.172916,0 days 00:00:08.262053,3.252401884061866,30,78,COMPLETE
21,-inf,2025-08-03 21:36:25.065365,2025-08-03 21:36:33.693250,0 days 00:00:08.627885,2.840377687803323,46,42,COMPLETE
22,10941.202810227802,2025-08-03 21:36:25.184693,2025-08-03 21:36:34.026659,0 days 00:00:08.841966,4.110018377096283,22,75,COMPLETE
23,1761.7663968090294,2025-08-03 21:36:25.258758,2025-08-03 21:36:34.598997,0 days 00:00:09.340239,0.9629019642846397,47,99,COMPLETE
24,4856.640796029275,2025-08-03 21:36:25.391663,2025-08-03 21:36:35.114990,0 days 00:00:09.723327,3.0568549139362475,44,45,COMPLETE
25,3105.7618129559737,2025-08-03 21:36:25.492555,2025-08-03 21:36:35.013171,0 days 00:00:09.520616,3.174674798090747,50,43,COMPLETE
26,8726.462999755617,2025-08-03 21:36:25.590685,2025-08-03 21:36:35.973493,0 days 00:00:10.382808,3.5338539085420977,42,32,COMPLETE
27,1926.4004363754807,2025-08-03 21:36:25.956017,2025-08-03 21:36:36.356640,0 days 00:00:10.400623,3.5275744518986962,30,91,COMPLETE
28,3456.814440233007,2025-08-03 21:36:26.116544,2025-08-03 21:36:36.406729,0 days 00:00:10.290185,2.248842621649267,49,83,COMPLETE
29,3990.0175645367885,2025-08-03 21:36:26.158021,2025-08-03 21:36:36.408972,0 days 00:00:10.250951,0.937558104747104,40,46,COMPLETE
30,4144.9151037708425,2025-08-03 21:36:26.447862,2025-08-03 21:36:32.455423,0 days 00:00:06.007561,2.7855202331256033,5,61,COMPLETE
31,4009.5139131318992,2025-08-03 21:36:26.521707,2025-08-03 21:36:50.106630,0 days 00:00:23.584923,2.376383210802236,41,70,COMPLETE
32,-inf,2025-08-03 21:36:26.613244,2025-08-03 21:36:37.993391,0 days 00:00:11.380147,2.1450581311552073,46,35,COMPLETE
33,9125.360393192997,2025-08-03 21:36:26.660905,2025-08-03 21:36:38.500336,0 days 00:00:11.839431,1.4651301897082782,47,48,COMPLETE
34,12649.91305077062,2025-08-03 21:36:26.676700,2025-08-03 21:36:38.757994,0 days 00:00:12.081294,3.181044629706191,11,46,COMPLETE
35,23049.317179410657,2025-08-03 21:36:26.725684,2025-08-03 21:36:38.493796,0 days 00:00:11.768112,3.689120661893082,19,41,COMPLETE
36,7534.55399148588,2025-08-03 21:36:26.760028,2025-08-03 21:36:39.052774,0 days 00:00:12.292746,3.3890125327171168,7,45,COMPLETE
37,-260.65729131197793,2025-08-03 21:36:26.760908,2025-08-03 21:36:39.760007,0 days 00:00:12.999099,0.5507970342817434,39,95,COMPLETE
38,7739.126648586208,2025-08-03 21:36:26.761933,2025-08-03 21:36:39.344960,0 days 00:00:12.583027,4.0838508885778895,14,95,COMPLETE
39,17060.096092694803,2025-08-03 21:36:26.781032,2025-08-03 21:36:41.299346,0 days 00:00:14.518314,1.8885114257083666,30,27,COMPLETE
40,18683.9926386575,2025-08-03 21:36:26.805373,2025-08-03 21:36:42.284895,0 days 00:00:15.479522,4.022545467285629,39,33,COMPLETE
41,-inf,2025-08-03 21:36:26.843508,2025-08-03 21:36:43.931927,0 days 00:00:17.088419,4.35519344325295,49,41,COMPLETE
42,4460.60587455228,2025-08-03 21:36:26.846442,2025-08-03 21:36:43.145861,0 days 00:00:16.299419,3.264158628430974,48,54,COMPLETE
43,9390.98980983143,2025-08-03 21:36:26.848113,2025-08-03 21:36:43.133685,0 days 00:00:16.285572,1.9269916810350165,37,32,COMPLETE
44,3224.9067804706588,2025-08-03 21:36:26.849597,2025-08-03 21:36:42.490682,0 days 00:00:15.641085,2.5338556855842325,43,66,COMPLETE
45,594.1834426800348,2025-08-03 21:36:26.853971,2025-08-03 21:36:43.656616,0 days 00:00:16.802645,3.381001809920498,17,90,COMPLETE
46,9713.783216041844,2025-08-03 21:36:26.855762,2025-08-03 21:36:43.638843,0 days 00:00:16.783081,1.1993316471827362,27,24,COMPLETE
47,24250.735816700082,2025-08-03 21:36:26.878733,2025-08-03 21:36:44.263769,0 days 00:00:17.385036,4.177656337487841,25,45,COMPLETE
48,6004.677563106503,2025-08-03 21:36:26.879763,2025-08-03 21:36:44.106502,0 days 00:00:17.226739,4.062191764214299,40,89,COMPLETE
49,4059.154044234684,2025-08-03 21:36:26.932740,2025-08-03 21:36:44.625555,0 days 00:00:17.692815,2.6699488520499735,34,47,COMPLETE
50,8079.039425718365,2025-08-03 21:36:26.945875,2025-08-03 21:36:45.400392,0 days 00:00:18.454517,1.4496973338257173,45,90,COMPLETE
51,5462.834232641449,2025-08-03 21:36:26.957171,2025-08-03 21:36:46.597574,0 days 00:00:19.640403,2.3850140560116215,8,82,COMPLETE
52,-inf,2025-08-03 21:36:26.984573,2025-08-03 21:36:45.742736,0 days 00:00:18.758163,4.081295826689805,46,26,COMPLETE
53,4396.184045768919,2025-08-03 21:36:26.985554,2025-08-03 21:36:45.803829,0 days 00:00:18.818275,0.6495930600524948,40,42,COMPLETE
54,1072.7354935735268,2025-08-03 21:36:27.031483,2025-08-03 21:36:46.369056,0 days 00:00:19.337573,1.1169565496508493,48,78,COMPLETE
55,23864.8557504507,2025-08-03 21:36:27.042218,2025-08-03 21:36:46.622745,0 days 00:00:19.580527,3.937463831291369,27,46,COMPLETE
56,1118.5177242027507,2025-08-03 21:36:27.059643,2025-08-03 21:36:36.679219,0 days 00:00:09.619576,1.016860239662749,47,91,COMPLETE
57,5186.372324631539,2025-08-03 21:36:27.065939,2025-08-03 21:36:48.094480,0 days 00:00:21.028541,0.6825279694574409,25,45,COMPLETE
58,2192.069203968067,2025-08-03 21:36:27.112223,2025-08-03 21:36:47.409744,0 days 00:00:20.297521,1.0927299679565894,11,69,COMPLETE
59,3234.8962694795428,2025-08-03 21:36:27.163123,2025-08-03 21:36:49.499940,0 days 00:00:22.336817,3.4775507657713547,40,20,COMPLETE
60,2415.6644156053417,2025-08-03 21:36:27.182351,2025-08-03 21:36:50.052752,0 days 00:00:22.870401,3.3402396052672856,39,42,COMPLETE
61,1102.5876250406004,2025-08-03 21:36:27.205714,2025-08-03 21:36:50.206239,0 days 00:00:23.000525,0.6033063562310832,39,89,COMPLETE
62,16986.69253542955,2025-08-03 21:36:27.210328,2025-08-03 21:36:50.361772,0 days 00:00:23.151444,1.666904373468348,12,52,COMPLETE
63,11436.61287966331,2025-08-03 21:36:27.265653,2025-08-03 21:36:50.740091,0 days 00:00:23.474438,1.5397932179095006,23,75,COMPLETE
64,4157.181165486416,2025-08-03 21:36:27.308345,2025-08-03 21:36:51.205248,0 days 00:00:23.896903,2.0863812017648424,9,84,COMPLETE
65,2763.3991902822368,2025-08-03 21:36:27.341871,2025-08-03 21:36:51.133283,0 days 00:00:23.791412,0.8913639409846845,39,100,COMPLETE
66,1375.8176909523017,2025-08-03 21:36:27.429627,2025-08-03 21:36:53.478070,0 days 00:00:26.048443,4.321157436998107,42,64,COMPLETE
67,2954.6804155785335,2025-08-03 21:36:27.435898,2025-08-03 21:36:51.738187,0 days 00:00:24.302289,2.9344180764489014,16,35,COMPLETE
68,13597.519484200131,2025-08-03 21:36:27.467503,2025-08-03 21:36:54.207911,0 days 00:00:26.740408,3.8915988747160135,19,73,COMPLETE
69,9097.348315015619,2025-08-03 21:36:27.587959,2025-08-03 21:36:53.179950,0 days 00:00:25.591991,1.7835938426704905,27,90,COMPLETE
70,745.2827457527341,2025-08-03 21:36:27.599113,2025-08-03 21:36:53.574667,0 days 00:00:25.975554,1.137854909062689,34,80,COMPLETE
71,1551.518909258255,2025-08-03 21:36:27.620372,2025-08-03 21:36:54.474966,0 days 00:00:26.854594,0.5597265055736034,8,77,COMPLETE
72,11229.107017835653,2025-08-03 21:36:27.741457,2025-08-03 21:36:54.272129,0 days 00:00:26.530672,1.1101012575220106,19,38,COMPLETE
73,4540.436203120765,2025-08-03 21:36:27.827872,2025-08-03 21:36:53.172350,0 days 00:00:25.344478,2.564378799412305,31,62,COMPLETE
74,4076.982153593291,2025-08-03 21:36:27.971669,2025-08-03 21:36:54.409083,0 days 00:00:26.437414,4.450207567690327,8,59,COMPLETE
75,3190.621165603576,2025-08-03 21:36:27.987678,2025-08-03 21:36:54.247175,0 days 00:00:26.259497,3.2749432520101442,46,99,COMPLETE
76,4858.634567788211,2025-08-03 21:36:28.036033,2025-08-03 21:36:54.308078,0 days 00:00:26.272045,2.2577434047761864,33,62,COMPLETE
77,23177.372118323154,2025-08-03 21:36:28.189261,2025-08-03 21:36:30.159564,0 days 00:00:01.970303,4.426706653296176,20,22,COMPLETE
78,23177.372118323154,2025-08-03 21:36:28.376171,2025-08-03 21:36:31.444567,0 days 00:00:03.068396,4.4211073844183675,20,22,COMPLETE
79,20802.936767015413,2025-08-03 21:36:28.426286,2025-08-03 21:36:32.729071,0 days 00:00:04.302785,4.42120098088601,20,27,COMPLETE
80,21434.582474038256,2025-08-03 21:36:28.488197,2025-08-03 21:36:49.609734,0 days 00:00:21.121537,4.402843979289956,20,24,COMPLETE
81,21538.418563052597,2025-08-03 21:36:28.523943,2025-08-03 21:36:54.950382,0 days 00:00:26.426439,4.396414168505181,21,21,COMPLETE
82,25369.081863086736,2025-08-03 21:36:28.530703,2025-08-03 21:36:44.112619,0 days 00:00:15.581916,4.485823439813185,23,22,COMPLETE
83,9954.546580776238,2025-08-03 21:36:28.544350,2025-08-03 21:36:42.798973,0 days 00:00:14.254623,4.3914152200147845,20,53,COMPLETE
84,3018.6487023274744,2025-08-03 21:36:28.573154,2025-08-03 21:36:54.447718,0 days 00:00:25.874564,0.5717168666107157,20,22,COMPLETE
85,1902.4823966820952,2025-08-03 21:36:28.653787,2025-08-03 21:36:58.547946,0 days 00:00:29.894159,0.5047272934668307,21,26,COMPLETE
86,1405.183536989163,2025-08-03 21:36:28.917636,2025-08-03 21:36:57.461118,0 days 00:00:28.543482,0.52474185911246,6,20,COMPLETE
87,1188.4820973911935,2025-08-03 21:36:28.950911,2025-08-03 21:36:54.279133,0 days 00:00:25.328222,0.5134935243975713,8,23,COMPLETE
88,1346.833669683054,2025-08-03 21:36:28.966278,2025-08-03 21:36:59.839200,0 days 00:00:30.872922,0.521774847252154,7,20,COMPLETE
89,2283.0195631728693,2025-08-03 21:36:28.977669,2025-08-03 21:36:40.202494,0 days 00:00:11.224825,0.5806026140771364,5,25,COMPLETE
90,31410.07004205998,2025-08-03 21:36:28.992895,2025-08-03 21:36:55.345875,0 days 00:00:26.352980,1.7983958047203767,6,23,COMPLETE
91,2822.356998759638,2025-08-03 21:36:29.027951,2025-08-03 21:37:00.966719,0 days 00:00:31.938768,0.6768875216892423,5,22,COMPLETE
92,713.1726975730159,2025-08-03 21:36:29.053762,2025-08-03 21:36:55.821495,0 days 00:00:26.767733,0.5188740626371402,8,22,COMPLETE
93,3161.270549998599,2025-08-03 21:36:29.054896,2025-08-03 21:37:07.230713,0 days 00:00:38.175817,0.7467144133084089,26,21,COMPLETE
94,3335.916853584682,2025-08-03 21:36:29.076604,2025-08-03 21:36:56.776015,0 days 00:00:27.699411,0.5734905302012144,26,22,COMPLETE
95,2257.0815761873682,2025-08-03 21:36:29.078097,2025-08-03 21:37:08.992256,0 days 00:00:39.914159,0.5478918669173818,6,21,COMPLETE
96,4012.7232647033243,2025-08-03 21:36:29.093563,2025-08-03 21:37:08.351227,0 days 00:00:39.257664,0.7684304052753834,7,26,COMPLETE
97,38587.34262907281,2025-08-03 21:36:29.099734,2025-08-03 21:36:53.430377,0 days 00:00:24.330643,4.484958642836618,5,23,COMPLETE
98,3780.43572821898,2025-08-03 21:36:29.160982,2025-08-03 21:36:57.713350,0 days 00:00:28.552368,0.5658266497572253,24,20,COMPLETE
99,2750.311506717854,2025-08-03 21:36:29.178320,2025-08-03 21:36:58.666637,0 days 00:00:29.488317,0.6127341644561293,5,20,COMPLETE
100,3321.091994987593,2025-08-03 21:36:29.203692,2025-08-03 21:37:03.996183,0 days 00:00:34.792491,0.6589711714658689,25,23,COMPLETE
101,1736.1240101193412,2025-08-03 21:36:29.236646,2025-08-03 21:37:05.059401,0 days 00:00:35.822755,0.6311589245519569,5,23,COMPLETE
102,18193.324442010606,2025-08-03 21:36:29.246994,2025-08-03 21:36:59.394769,0 days 00:00:30.147775,4.482728484809741,6,23,COMPLETE
103,31739.59575762688,2025-08-03 21:36:29.301365,2025-08-03 21:37:35.275630,0 days 00:01:05.974265,1.9323611635283942,5,22,COMPLETE
104,2043.3978430709435,2025-08-03 21:36:29.327461,2025-08-03 21:37:15.406336,0 days 00:00:46.078875,0.7026545516604803,6,22,COMPLETE
105,2764.9879487725743,2025-08-03 21:36:29.335114,2025-08-03 21:37:06.945379,0 days 00:00:37.610265,0.7077265636114327,6,21,COMPLETE
106,2315.80725632992,2025-08-03 21:36:29.374895,2025-08-03 21:37:00.804575,0 days 00:00:31.429680,0.6836768337072013,6,26,COMPLETE
107,39229.9338518294,2025-08-03 21:36:29.381045,2025-08-03 21:36:56.767056,0 days 00:00:27.386011,1.9083275554942802,5,22,COMPLETE
108,3487.0526325616966,2025-08-03 21:36:29.395066,2025-08-03 21:37:08.734884,0 days 00:00:39.339818,0.6242386174059484,24,21,COMPLETE
109,2945.205263551927,2025-08-03 21:36:29.396654,2025-08-03 21:37:10.629080,0 days 00:00:41.232426,0.7491359968590019,24,22,COMPLETE
110,3277.5707847604895,2025-08-03 21:36:29.397917,2025-08-03 21:37:02.278194,0 days 00:00:32.880277,0.5378349314805875,24,20,COMPLETE
111,4523.1976232333245,2025-08-03 21:36:29.406583,2025-08-03 21:37:11.084016,0 days 00:00:41.677433,0.6520617949140064,25,21,COMPLETE
112,4190.409597239646,2025-08-03 21:36:29.409792,2025-08-03 21:37:12.051925,0 days 00:00:42.642133,0.5694341729427245,24,20,COMPLETE
113,2179.354081359218,2025-08-03 21:36:29.420367,2025-08-03 21:37:25.476820,0 days 00:00:56.056453,0.5532057810365469,6,20,COMPLETE
114,1643.3710584190214,2025-08-03 21:36:29.432345,2025-08-03 21:37:02.776862,0 days 00:00:33.344517,0.5150027431463773,5,26,COMPLETE
115,1720.0402790986193,2025-08-03 21:36:29.514948,2025-08-03 21:37:03.598302,0 days 00:00:34.083354,0.7070565047699211,6,26,COMPLETE
116,4243.111044811864,2025-08-03 21:36:29.543123,2025-08-03 21:37:04.092812,0 days 00:00:34.549689,0.7203710357824531,24,29,COMPLETE
117,9611.647819385013,2025-08-03 21:36:29.686777,2025-08-03 21:37:32.990411,0 days 00:01:03.303634,0.9491004977631907,7,49,COMPLETE
118,22479.774165096198,2025-08-03 21:36:29.694727,2025-08-03 21:37:05.055177,0 days 00:00:35.360450,4.456718671849892,24,20,COMPLETE
119,11785.629786683672,2025-08-03 21:36:29.746545,2025-08-03 21:37:05.909011,0 days 00:00:36.162466,1.0211885456781977,7,21,COMPLETE
120,1860.3089428801222,2025-08-03 21:36:29.770384,2025-08-03 21:37:14.202669,0 days 00:00:44.432285,0.5498731256859597,6,23,COMPLETE
121,2688.1916492421174,2025-08-03 21:36:29.793447,2025-08-03 21:37:14.826846,0 days 00:00:45.033399,0.6127794081999487,7,20,COMPLETE
122,1417.950870638126,2025-08-03 21:36:29.947704,2025-08-03 21:37:15.706545,0 days 00:00:45.758841,0.5265037580296349,6,20,COMPLETE
123,2769.48460971626,2025-08-03 21:36:30.015083,2025-08-03 21:37:15.845304,0 days 00:00:45.830221,0.7617152904569995,5,24,COMPLETE
124,22479.774165096198,2025-08-03 21:36:30.017837,2025-08-03 21:38:07.784351,0 days 00:01:37.766514,4.480885889843595,24,20,COMPLETE
125,2216.106839244046,2025-08-03 21:36:30.122644,2025-08-03 21:37:16.668534,0 days 00:00:46.545890,0.5981445390757969,6,22,COMPLETE
126,2246.8784473111045,2025-08-03 21:36:30.225606,2025-08-03 21:37:38.284614,0 days 00:01:08.059008,0.6857271446366986,5,22,COMPLETE
127,5859.092684555625,2025-08-03 21:36:30.243980,2025-08-03 21:37:18.264432,0 days 00:00:48.020452,0.7793010626587549,5,20,COMPLETE
128,1178.036158924413,2025-08-03 21:36:30.326319,2025-08-03 21:37:20.741946,0 days 00:00:50.415627,0.6856918822910667,6,23,COMPLETE
129,1877.9021172289442,2025-08-03 21:36:30.619048,2025-08-03 21:37:19.475785,0 days 00:00:48.856737,0.50596251272908,24,23,COMPLETE
130,1300.591960553101,2025-08-03 21:36:30.652755,2025-08-03 21:37:20.311909,0 days 00:00:49.659154,0.510338818811461,6,20,COMPLETE
131,18772.687009129815,2025-08-03 21:36:30.702672,2025-08-03 21:37:21.659008,0 days 00:00:50.956336,4.472812140884603,7,20,COMPLETE
132,2205.2992111135095,2025-08-03 21:36:30.815534,2025-08-03 21:37:01.526922,0 days 00:00:30.711388,0.5637554318286395,6,21,COMPLETE
133,4820.259316599091,2025-08-03 21:36:30.953552,2025-08-03 21:37:22.137877,0 days 00:00:51.184325,0.8346312429244174,6,23,COMPLETE
134,4780.058417009828,2025-08-03 21:36:31.380151,2025-08-03 21:37:09.270805,0 days 00:00:37.890654,0.7904611613281733,23,20,COMPLETE
135,15079.613263215082,2025-08-03 21:36:31.445197,2025-08-03 21:37:23.858992,0 days 00:00:52.413795,4.3033390588478175,5,21,COMPLETE
136,3193.541536022136,2025-08-03 21:36:31.626875,2025-08-03 21:37:09.797204,0 days 00:00:38.170329,0.582046303393803,6,31,COMPLETE
137,2145.7686483677344,2025-08-03 21:36:31.728930,2025-08-03 21:37:24.321050,0 days 00:00:52.592120,0.5330196117194208,7,31,COMPLETE
138,2496.164272469312,2025-08-03 21:36:31.763948,2025-08-03 21:37:10.716052,0 days 00:00:38.952104,0.7334005767591047,5,31,COMPLETE
139,13633.350233623521,2025-08-03 21:36:31.827656,2025-08-03 21:37:44.676196,0 days 00:01:12.848540,2.159623401430025,5,31,COMPLETE
140,2611.045544454403,2025-08-03 21:36:31.873734,2025-08-03 21:37:46.537778,0 days 00:01:14.664044,0.5015108060701636,5,31,COMPLETE
141,2351.495002748821,2025-08-03 21:36:31.912693,2025-08-03 21:38:45.892099,0 days 00:02:13.979406,0.566369128297386,5,29,COMPLETE
142,2849.7452292396847,2025-08-03 21:36:31.936330,2025-08-03 21:37:26.943764,0 days 00:00:55.007434,0.5492272985470268,5,32,COMPLETE
143,3003.452463694279,2025-08-03 21:36:31.987085,2025-08-03 21:37:26.215897,0 days 00:00:54.228812,0.5475856999066386,5,31,COMPLETE
144,1878.3638680842325,2025-08-03 21:36:32.099844,2025-08-03 21:37:51.075548,0 days 00:01:18.975704,0.7195284387954912,8,31,COMPLETE
145,1710.3897942203905,2025-08-03 21:36:32.193643,2025-08-03 21:37:12.073084,0 days 00:00:39.879441,0.5308151575532123,6,33,COMPLETE
146,11988.282610167607,2025-08-03 21:36:32.218601,2025-08-03 21:37:27.904824,0 days 00:00:55.686223,1.9605508838128878,5,32,COMPLETE
147,3556.553337616621,2025-08-03 21:36:32.252460,2025-08-03 21:38:53.882606,0 days 00:02:21.630146,0.7534346401136103,7,28,COMPLETE
148,20085.778540513806,2025-08-03 21:36:32.365437,2025-08-03 21:37:29.993199,0 days 00:00:57.627762,2.2191175886958807,6,27,COMPLETE
149,1390.6067939120308,2025-08-03 21:36:32.414091,2025-08-03 21:37:12.817482,0 days 00:00:40.403391,0.5422873519066815,8,33,COMPLETE
150,2131.131347794294,2025-08-03 21:36:32.503463,2025-08-03 21:37:12.996727,0 days 00:00:40.493264,0.5050667006029512,26,20,COMPLETE
151,27972.19616129264,2025-08-03 21:36:32.504904,2025-08-03 21:37:31.466741,0 days 00:00:58.961837,4.324638370049127,24,22,COMPLETE
152,3343.158283992715,2025-08-03 21:36:32.569187,2025-08-03 21:37:30.969130,0 days 00:00:58.399943,0.5490185393909921,24,20,COMPLETE
153,4502.661358148382,2025-08-03 21:36:32.570760,2025-08-03 21:37:33.772729,0 days 00:01:01.201969,0.6026418941498446,24,20,COMPLETE
154,3751.8127250880298,2025-08-03 21:36:32.580176,2025-08-03 21:37:13.565780,0 days 00:00:40.985604,0.5604011764104,24,20,COMPLETE
155,4286.426612002591,2025-08-03 21:36:32.613096,2025-08-03 21:37:32.714562,0 days 00:01:00.101466,0.6606359172217906,24,20,COMPLETE
156,8985.539915171577,2025-08-03 21:36:32.668818,2025-08-03 21:37:35.320155,0 days 00:01:02.651337,2.2018333270944277,23,20,COMPLETE
157,46240.382440153284,2025-08-03 21:36:32.685013,2025-08-03 21:37:35.466299,0 days 00:01:02.781286,4.48737651065555,5,20,COMPLETE
158,13430.986363782209,2025-08-03 21:36:32.761130,2025-08-03 21:37:06.084064,0 days 00:00:33.322934,2.08975837069867,24,32,COMPLETE
159,18541.994940767137,2025-08-03 21:36:32.773195,2025-08-03 21:37:36.394820,0 days 00:01:03.621625,2.158115212907673,24,29,COMPLETE
160,13847.235979616702,2025-08-03 21:36:32.784679,2025-08-03 21:37:16.670799,0 days 00:00:43.886120,1.9776415158567389,24,33,COMPLETE
161,3492.8694189575667,2025-08-03 21:36:32.798758,2025-08-03 21:37:36.738541,0 days 00:01:03.939783,0.5199048857203215,24,29,COMPLETE
162,11430.826121792077,2025-08-03 21:36:32.831797,2025-08-03 21:38:10.509405,0 days 00:01:37.677608,2.2178722979273124,24,30,COMPLETE
163,13613.962877436275,2025-08-03 21:36:32.836689,2025-08-03 21:38:10.816699,0 days 00:01:37.980010,2.160474042951475,24,30,COMPLETE
164,11530.021805942799,2025-08-03 21:36:32.839558,2025-08-03 21:37:17.125170,0 days 00:00:44.285612,2.1454849876270305,24,30,COMPLETE
165,7384.2300030442975,2025-08-03 21:36:32.890522,2025-08-03 21:37:18.402102,0 days 00:00:45.511580,2.2471534960278072,25,30,COMPLETE
166,13008.982382742739,2025-08-03 21:36:32.896495,2025-08-03 21:38:09.010393,0 days 00:01:36.113898,2.07209710715736,23,30,COMPLETE
167,19982.04353426828,2025-08-03 21:36:32.937347,2025-08-03 21:37:18.718993,0 days 00:00:45.781646,2.193510694033765,24,28,COMPLETE
168,5927.9772142607135,2025-08-03 21:36:33.043245,2025-08-03 21:37:18.794224,0 days 00:00:45.750979,2.2415529665723715,24,20,COMPLETE
169,2620.2495797561974,2025-08-03 21:36:33.088965,2025-08-03 21:37:39.232136,0 days 00:01:06.143171,0.6260064855019452,24,30,COMPLETE
170,20195.496500351313,2025-08-03 21:36:33.142734,2025-08-03 21:37:22.638643,0 days 00:00:49.495909,1.9799882230013468,24,27,COMPLETE
171,10617.836200971973,2025-08-03 21:36:33.200841,2025-08-03 21:38:26.186145,0 days 00:01:52.985304,2.1166959699911247,25,30,COMPLETE
172,20394.87086977067,2025-08-03 21:36:33.212176,2025-08-03 21:37:22.448904,0 days 00:00:49.236728,2.09515430766554,24,29,COMPLETE
173,15118.216340959982,2025-08-03 21:36:33.225490,2025-08-03 21:37:23.019127,0 days 00:00:49.793637,2.0886610314838396,23,30,COMPLETE
174,3948.781062980186,2025-08-03 21:36:33.261097,2025-08-03 21:39:49.867574,0 days 00:03:16.606477,0.5794202566820688,25,30,COMPLETE
175,13574.08938104876,2025-08-03 21:36:33.271481,2025-08-03 21:39:47.644460,0 days 00:03:14.372979,2.166822385853737,24,30,COMPLETE
176,3292.52790225175,2025-08-03 21:36:33.278638,2025-08-03 21:37:22.101496,0 days 00:00:48.822858,0.5670139885140566,24,30,COMPLETE
177,11053.476466517568,2025-08-03 21:36:33.325354,2025-08-03 21:38:28.116420,0 days 00:01:54.791066,2.0864639524623354,25,30,COMPLETE
178,15350.397485397008,2025-08-03 21:36:33.352144,2025-08-03 21:37:41.518474,0 days 00:01:08.166330,2.1557442576394603,25,31,COMPLETE
179,6518.977616911353,2025-08-03 21:36:33.402953,2025-08-03 21:37:41.292325,0 days 00:01:07.889372,2.2390277163599097,25,30,COMPLETE
180,13041.641297726825,2025-08-03 21:36:33.507018,2025-08-03 21:37:42.468066,0 days 00:01:08.961048,1.923989865687753,24,32,COMPLETE
181,5187.776607810009,2025-08-03 21:36:33.519378,2025-08-03 21:37:42.108351,0 days 00:01:08.588973,0.5845765889431522,24,31,COMPLETE
182,13094.848653491043,2025-08-03 21:36:33.543651,2025-08-03 21:37:42.745583,0 days 00:01:09.201932,1.9897932989056952,24,30,COMPLETE
183,20421.964039971976,2025-08-03 21:36:33.681863,2025-08-03 21:37:42.676611,0 days 00:01:08.994748,2.0139097555236747,24,29,COMPLETE
184,3286.2374365661176,2025-08-03 21:36:33.699643,2025-08-03 21:37:42.751985,0 days 00:01:09.052342,0.5306567391923727,24,30,COMPLETE
185,26259.478774191844,2025-08-03 21:36:33.852493,2025-08-03 21:37:43.845765,0 days 00:01:09.993272,2.1177669878744423,24,28,COMPLETE
186,14000.930178193887,2025-08-03 21:36:33.989535,2025-08-03 21:37:45.686616,0 days 00:01:11.697081,2.210999529832425,25,31,COMPLETE
187,22670.524690754366,2025-08-03 21:36:34.006889,2025-08-03 21:38:43.808513,0 days 00:02:09.801624,2.147664537187204,23,28,COMPLETE
188,11685.111693734108,2025-08-03 21:36:34.082288,2025-08-03 21:37:44.499424,0 days 00:01:10.417136,2.0712281870153304,25,30,COMPLETE
189,14409.268956546732,2025-08-03 21:36:34.122544,2025-08-03 21:37:46.019844,0 days 00:01:11.897300,2.271926575705095,24,29,COMPLETE
190,9846.475353359456,2025-08-03 21:36:34.244621,2025-08-03 21:37:46.484841,0 days 00:01:12.240220,2.2555501627074808,24,30,COMPLETE
191,3393.9713215453153,2025-08-03 21:36:34.374250,2025-08-03 21:37:24.969434,0 days 00:00:50.595184,0.550047224423539,25,30,COMPLETE
192,19504.511171771388,2025-08-03 21:36:34.457501,2025-08-03 21:37:49.576525,0 days 00:01:15.119024,2.192971639354781,24,29,COMPLETE
193,3003.9961538538123,2025-08-03 21:36:34.490412,2025-08-03 21:37:27.725514,0 days 00:00:53.235102,0.6325766161974162,25,29,COMPLETE
194,3231.6810367641933,2025-08-03 21:36:34.496470,2025-08-03 21:37:26.815806,0 days 00:00:52.319336,0.5199871573715455,25,30,COMPLETE
195,21715.725590628354,2025-08-03 21:36:34.612765,2025-08-03 21:40:21.998686,0 days 00:03:47.385921,2.1622108873294703,24,29,COMPLETE
196,3284.120071927456,2025-08-03 21:36:34.624793,2025-08-03 21:37:52.720292,0 days 00:01:18.095499,0.5418741039788857,24,30,COMPLETE
197,3179.355994080293,2025-08-03 21:36:34.658559,2025-08-03 21:41:35.090432,0 days 00:05:00.431873,0.6435940459475789,24,30,COMPLETE
198,12263.049361804073,2025-08-03 21:36:34.665699,2025-08-03 21:37:28.912007,0 days 00:00:54.246308,2.017098386046963,24,30,COMPLETE
199,5872.493457061223,2025-08-03 21:36:34.673652,2025-08-03 21:37:27.903773,0 days 00:00:53.230121,2.0600796841548275,7,30,COMPLETE
200,13583.059951318306,2025-08-03 21:36:34.691056,2025-08-03 21:37:52.301529,0 days 00:01:17.610473,2.1628240399060004,25,30,COMPLETE
201,12161.962761167233,2025-08-03 21:36:34.703128,2025-08-03 21:38:52.380321,0 days 00:02:17.677193,2.1830881221444387,24,30,COMPLETE
202,8008.836022883152,2025-08-03 21:36:34.781537,2025-08-03 21:37:29.366300,0 days 00:00:54.584763,2.2867682723479668,24,30,COMPLETE
203,19504.511171771388,2025-08-03 21:36:34.788623,2025-08-03 21:37:29.349678,0 days 00:00:54.561055,2.182747901982526,24,29,COMPLETE
204,12161.962761167233,2025-08-03 21:36:34.790866,2025-08-03 21:40:27.039089,0 days 00:03:52.248223,2.1942350214244772,24,30,COMPLETE
205,3755.7119714790792,2025-08-03 21:36:34.818934,2025-08-03 21:37:52.868279,0 days 00:01:18.049345,0.6304635675833286,25,29,COMPLETE
206,2718.4832875634306,2025-08-03 21:36:34.825216,2025-08-03 21:37:30.444189,0 days 00:00:55.618973,0.5040932273811438,23,30,COMPLETE
207,11799.590622705371,2025-08-03 21:36:34.845826,2025-08-03 21:37:54.348167,0 days 00:01:19.502341,2.2810547987659255,23,31,COMPLETE
208,21425.989298510925,2025-08-03 21:36:34.944848,2025-08-03 21:37:30.316690,0 days 00:00:55.371842,2.139433802253098,24,29,COMPLETE
209,20780.39267104213,2025-08-03 21:36:34.961687,2025-08-03 21:37:30.260431,0 days 00:00:55.298744,2.1890088594091592,25,29,COMPLETE
210,2892.339188466002,2025-08-03 21:36:35.085835,2025-08-03 21:37:31.572941,0 days 00:00:56.487106,0.5272228387472864,25,28,COMPLETE
211,13598.485290499935,2025-08-03 21:36:35.414638,2025-08-03 21:39:04.427143,0 days 00:02:29.012505,2.2254650970121013,24,32,COMPLETE
212,5051.562869732326,2025-08-03 21:36:35.484023,2025-08-03 21:37:58.188476,0 days 00:01:22.704453,0.5837274909643224,25,30,COMPLETE
213,9067.150147760092,2025-08-03 21:36:35.543810,2025-08-03 21:37:31.833389,0 days 00:00:56.289579,2.2771904377188434,25,31,COMPLETE
214,4883.313283290015,2025-08-03 21:36:35.563341,2025-08-03 21:37:59.734518,0 days 00:01:24.171177,0.5740989713715319,24,30,COMPLETE
215,4281.223557317818,2025-08-03 21:36:35.604974,2025-08-03 21:37:58.169407,0 days 00:01:22.564433,0.5930407990080813,25,30,COMPLETE
216,13766.942190160054,2025-08-03 21:36:35.697837,2025-08-03 21:37:32.035236,0 days 00:00:56.337399,2.1897676993198814,24,31,COMPLETE
217,10328.684883709017,2025-08-03 21:36:35.717291,2025-08-03 21:37:58.948264,0 days 00:01:23.230973,2.308063063736639,25,31,COMPLETE
218,12313.521559220113,2025-08-03 21:36:35.754444,2025-08-03 21:40:31.080728,0 days 00:03:55.326284,2.307996187354877,24,27,COMPLETE
219,12868.491170920552,2025-08-03 21:36:35.856332,2025-08-03 21:37:33.767718,0 days 00:00:57.911386,3.6163085671121533,24,30,COMPLETE
220,16569.436024366685,2025-08-03 21:36:35.932525,2025-08-03 21:38:00.548012,0 days 00:01:24.615487,3.6670827499636767,23,31,COMPLETE
221,25335.767157327704,2025-08-03 21:36:35.974083,2025-08-03 21:38:02.442956,0 days 00:01:26.468873,4.334824975495223,24,20,COMPLETE
222,22962.62557126833,2025-08-03 21:36:36.028582,2025-08-03 21:38:03.114122,0 days 00:01:27.085540,4.49319650729101,23,20,COMPLETE
223,17709.231243605722,2025-08-03 21:36:36.045236,2025-08-03 21:37:34.302056,0 days 00:00:58.256820,4.4881644745839235,25,20,COMPLETE
224,24672.351939509103,2025-08-03 21:36:36.115010,2025-08-03 21:38:03.150124,0 days 00:01:27.035114,4.4118627654434395,25,21,COMPLETE
225,25364.43730981324,2025-08-03 21:36:36.208376,2025-08-03 21:38:03.446174,0 days 00:01:27.237798,4.44469531181532,24,20,COMPLETE
226,22728.04323194385,2025-08-03 21:36:36.249408,2025-08-03 21:39:22.626740,0 days 00:02:46.377332,4.48271205113724,24,25,COMPLETE
227,22038.433547652003,2025-08-03 21:36:36.330369,2025-08-03 21:38:06.296007,0 days 00:01:29.965638,4.424185326551449,24,24,COMPLETE
228,27275.45306472467,2025-08-03 21:36:36.338668,2025-08-03 21:37:36.286394,0 days 00:00:59.947726,4.386520937637161,24,20,COMPLETE
229,22479.774165096198,2025-08-03 21:36:36.421812,2025-08-03 21:37:36.803669,0 days 00:01:00.381857,4.481836024619312,24,21,COMPLETE
230,24604.942111061257,2025-08-03 21:36:36.460198,2025-08-03 21:38:04.733627,0 days 00:01:28.273429,4.372486941515596,24,20,COMPLETE
231,21319.74589447863,2025-08-03 21:36:36.576092,2025-08-03 21:38:07.643249,0 days 00:01:31.067157,4.498216332616759,25,25,COMPLETE
232,22479.774165096198,2025-08-03 21:36:36.666496,2025-08-03 21:39:24.375247,0 days 00:02:47.708751,4.458418234567832,24,21,COMPLETE
233,23211.105922819206,2025-08-03 21:36:36.679621,2025-08-03 21:37:17.524796,0 days 00:00:40.845175,4.448598731458595,25,20,COMPLETE
234,19606.64294437786,2025-08-03 21:36:36.698134,2025-08-03 21:38:08.661108,0 days 00:01:31.962974,4.494264068844227,25,22,COMPLETE
235,2537.230763316813,2025-08-03 21:36:36.709858,2025-08-03 21:38:08.167600,0 days 00:01:31.457742,0.5312831551737038,25,22,COMPLETE
236,2865.419919053531,2025-08-03 21:36:36.765322,2025-08-03 21:39:27.223048,0 days 00:02:50.457726,0.5186051847584747,24,21,COMPLETE
237,23725.12563177538,2025-08-03 21:36:37.065019,2025-08-03 21:38:11.818577,0 days 00:01:34.753558,4.459929017633016,23,20,COMPLETE
238,23982.139454589025,2025-08-03 21:36:37.090540,2025-08-03 21:38:11.856504,0 days 00:01:34.765964,4.422642888829948,24,22,COMPLETE
239,22962.62557126833,2025-08-03 21:36:37.157672,2025-08-03 21:39:28.221427,0 days 00:02:51.063755,4.478353023071476,23,20,COMPLETE
240,3262.70683371366,2025-08-03 21:36:37.177352,2025-08-03 21:38:12.102351,0 days 00:01:34.924999,0.5415371293007354,24,20,COMPLETE
241,25364.43730981324,2025-08-03 21:36:37.202422,2025-08-03 21:37:38.113282,0 days 00:01:00.910860,4.4392034436526515,24,20,COMPLETE
242,43176.64737922326,2025-08-03 21:36:37.209011,2025-08-03 21:38:12.309199,0 days 00:01:35.100188,4.290622686064075,25,22,COMPLETE
243,22479.774165096198,2025-08-03 21:36:37.278909,2025-08-03 21:38:12.792055,0 days 00:01:35.513146,4.461408136214272,24,20,COMPLETE
244,2520.1287605439416,2025-08-03 21:36:37.341307,2025-08-03 21:38:12.615454,0 days 00:01:35.274147,0.5085265730644319,24,21,COMPLETE
245,3277.5707847604895,2025-08-03 21:36:37.400003,2025-08-03 21:39:32.247684,0 days 00:02:54.847681,0.5367925025203628,24,20,COMPLETE
246,22479.774165096198,2025-08-03 21:36:37.481178,2025-08-03 21:39:33.882209,0 days 00:02:56.401031,4.463355379349532,24,20,COMPLETE
247,22479.774165096198,2025-08-03 21:36:37.957989,2025-08-03 21:38:15.665175,0 days 00:01:37.707186,4.486275427651158,24,20,COMPLETE
248,26892.82732586711,2025-08-03 21:36:38.054492,2025-08-03 21:39:37.419325,0 days 00:02:59.364833,4.399908612752615,23,20,COMPLETE
249,22479.774165096198,2025-08-03 21:36:38.071872,2025-08-03 21:38:16.092728,0 days 00:01:38.020856,4.487649586984265,24,20,COMPLETE
250,22728.04323194385,2025-08-03 21:36:38.157267,2025-08-03 21:39:37.462807,0 days 00:02:59.305540,4.455155910609865,24,25,COMPLETE
251,24626.369944436778,2025-08-03 21:36:38.391116,2025-08-03 21:38:17.169934,0 days 00:01:38.778818,4.272559547346539,24,20,COMPLETE
252,31631.624480385064,2025-08-03 21:36:38.564234,2025-08-03 21:38:20.153384,0 days 00:01:41.589150,4.212521763000633,26,22,COMPLETE
253,45277.08399912769,2025-08-03 21:36:38.642101,2025-08-03 21:37:39.487885,0 days 00:01:00.845784,4.185333497035549,26,23,COMPLETE
254,62591.54999010618,2025-08-03 21:36:38.721301,2025-08-03 21:38:21.808910,0 days 00:01:43.087609,4.141363354276529,24,23,COMPLETE
255,22963.50895879965,2025-08-03 21:36:38.723348,2025-08-03 21:38:24.246659,0 days 00:01:45.523311,4.2490465336001355,24,21,COMPLETE
256,2631.5649235122964,2025-08-03 21:36:38.810297,2025-08-03 21:41:08.418256,0 days 00:04:29.607959,0.6207362364978088,24,22,COMPLETE
257,39022.178121040175,2025-08-03 21:36:38.864441,2025-08-03 21:39:44.987627,0 days 00:03:06.123186,4.166116617078006,26,20,COMPLETE
258,22537.429290800275,2025-08-03 21:36:38.900287,2025-08-03 21:38:22.873827,0 days 00:01:43.973540,4.203385506566257,24,21,COMPLETE
259,22537.429290800275,2025-08-03 21:36:38.901652,2025-08-03 21:39:46.540113,0 days 00:03:07.638461,4.204177030986701,24,20,COMPLETE
260,28279.52467783708,2025-08-03 21:36:38.962268,2025-08-03 21:38:24.312060,0 days 00:01:45.349792,4.177389567086877,25,20,COMPLETE
261,28279.52467783708,2025-08-03 21:36:38.997826,2025-08-03 21:38:21.346226,0 days 00:01:42.348400,4.177774165649961,25,21,COMPLETE
262,47174.883399189515,2025-08-03 21:36:39.053601,2025-08-03 21:37:21.794181,0 days 00:00:42.740580,4.116859071426261,24,21,COMPLETE
263,25735.019414602764,2025-08-03 21:36:39.060171,2025-08-03 21:38:24.661072,0 days 00:01:45.600901,4.177118085508677,25,20,COMPLETE
264,4349.203017736238,2025-08-03 21:36:39.091148,2025-08-03 21:39:49.781935,0 days 00:03:10.690787,0.5966915443710388,23,20,COMPLETE
265,4873.921172636532,2025-08-03 21:36:39.188634,2025-08-03 21:38:26.132170,0 days 00:01:46.943536,0.5935846498881001,23,22,COMPLETE
266,17709.231243605722,2025-08-03 21:36:39.420509,2025-08-03 21:38:30.647598,0 days 00:01:51.227089,4.494034072317765,25,20,COMPLETE
267,22962.62557126833,2025-08-03 21:36:39.537225,2025-08-03 21:38:31.001981,0 days 00:01:51.464756,4.483382546783891,23,20,COMPLETE
268,21560.697190375915,2025-08-03 21:36:39.757831,2025-08-03 21:38:27.981106,0 days 00:01:48.223275,4.375793757474934,25,20,COMPLETE
269,22479.774165096198,2025-08-03 21:36:39.777202,2025-08-03 21:38:31.137094,0 days 00:01:51.359892,4.463127844208707,24,20,COMPLETE
270,22962.62557126833,2025-08-03 21:36:39.889063,2025-08-03 21:39:57.836086,0 days 00:03:17.947023,4.4934572325515445,23,20,COMPLETE
271,21086.008398930604,2025-08-03 21:36:39.932017,2025-08-03 21:41:12.691753,0 days 00:04:32.759736,4.464641768543596,25,20,COMPLETE
272,22494.035564622587,2025-08-03 21:36:40.018776,2025-08-03 21:38:32.517297,0 days 00:01:52.498521,4.41835200147414,24,20,COMPLETE
273,22803.039678147314,2025-08-03 21:36:40.377889,2025-08-03 21:38:34.716992,0 days 00:01:54.339103,4.457188687503774,24,26,COMPLETE
274,22803.039678147314,2025-08-03 21:36:40.384711,2025-08-03 21:38:33.580095,0 days 00:01:53.195384,4.452792119109416,24,28,COMPLETE
275,22803.039678147314,2025-08-03 21:36:40.450102,2025-08-03 21:41:16.983169,0 days 00:04:36.533067,4.491919102117652,23,26,COMPLETE
276,18566.946164625486,2025-08-03 21:36:40.514180,2025-08-03 21:38:34.076793,0 days 00:01:53.562613,4.4716297706905435,22,26,COMPLETE
277,22803.039678147314,2025-08-03 21:36:41.076163,2025-08-03 21:38:34.121671,0 days 00:01:53.045508,4.4360635001721045,24,28,COMPLETE
278,22803.039678147314,2025-08-03 21:36:41.187498,2025-08-03 21:38:37.130094,0 days 00:01:55.942596,4.458657959234073,24,28,COMPLETE
279,22962.62557126833,2025-08-03 21:36:41.341959,2025-08-03 21:38:36.349371,0 days 00:01:55.007412,4.499293508448514,24,20,COMPLETE
280,17709.231243605722,2025-08-03 21:36:41.656673,2025-08-03 21:41:23.653962,0 days 00:04:41.997289,4.479541795391482,25,20,COMPLETE
281,22479.774165096198,2025-08-03 21:36:41.752682,2025-08-03 21:40:09.131194,0 days 00:03:27.378512,4.469546013439612,24,21,COMPLETE
282,22479.774165096198,2025-08-03 21:36:41.838496,2025-08-03 21:38:38.542813,0 days 00:01:56.704317,4.464493448889896,24,20,COMPLETE
283,22479.774165096198,2025-08-03 21:36:41.927433,2025-08-03 21:38:38.738562,0 days 00:01:56.811129,4.470075788611926,24,21,COMPLETE
284,19606.64294437786,2025-08-03 21:36:42.270180,2025-08-03 21:40:09.993964,0 days 00:03:27.723784,4.466108083219154,26,22,COMPLETE
285,26095.756250053473,2025-08-03 21:36:42.395670,2025-08-03 21:37:44.881371,0 days 00:01:02.485701,4.454122196710278,23,22,COMPLETE
286,25364.43730981324,2025-08-03 21:36:42.528368,2025-08-03 21:38:44.515259,0 days 00:02:01.986891,4.431964772808021,24,20,COMPLETE
287,22479.774165096198,2025-08-03 21:36:42.897701,2025-08-03 21:38:42.186452,0 days 00:01:59.288751,4.486822053740265,24,20,COMPLETE
288,24626.369944436778,2025-08-03 21:36:43.029298,2025-08-03 21:38:44.268944,0 days 00:02:01.239646,4.2826211635589715,24,20,COMPLETE
289,15415.49375205771,2025-08-03 21:36:43.051529,2025-08-03 21:38:45.161533,0 days 00:02:02.110004,3.7825418982611856,24,21,COMPLETE
290,12693.682734231079,2025-08-03 21:36:43.396228,2025-08-03 21:38:43.366297,0 days 00:01:59.970069,3.784414576183038,25,20,COMPLETE
291,17709.231243605722,2025-08-03 21:36:43.509036,2025-08-03 21:38:46.300189,0 days 00:02:02.791153,4.498057800219586,25,20,COMPLETE
292,29710.248968083517,2025-08-03 21:36:43.777858,2025-08-03 21:40:18.710567,0 days 00:03:34.932709,3.8486148920643855,24,20,COMPLETE
293,31114.01256392515,2025-08-03 21:36:43.802198,2025-08-03 21:37:47.175970,0 days 00:01:03.373772,3.878050499151556,24,20,COMPLETE
294,17957.259118887832,2025-08-03 21:36:44.098805,2025-08-03 21:37:47.985237,0 days 00:01:03.886432,3.8117877819954846,24,20,COMPLETE
295,17957.259118887832,2025-08-03 21:36:44.118537,2025-08-03 21:37:47.304706,0 days 00:01:03.186169,3.8076902761758467,24,20,COMPLETE
296,41677.12795290409,2025-08-03 21:36:44.314834,2025-08-03 21:37:49.325615,0 days 00:01:05.010781,3.8520027019482757,25,22,COMPLETE
297,20684.575543355433,2025-08-03 21:36:44.713119,2025-08-03 21:38:46.867556,0 days 00:02:02.154437,3.8555665777575006,22,20,COMPLETE
298,17957.259118887832,2025-08-03 21:36:44.724825,2025-08-03 21:38:49.899972,0 days 00:02:05.175147,3.8222777641197423,24,20,COMPLETE
299,31628.587829269476,2025-08-03 21:36:44.839293,2025-08-03 21:38:50.652452,0 days 00:02:05.813159,3.8189657115296964,24,38,COMPLETE
300,31752.679533928327,2025-08-03 21:36:44.884426,2025-08-03 21:38:47.428317,0 days 00:02:02.543891,3.8952696557360147,23,20,COMPLETE
301,20402.339094537187,2025-08-03 21:36:44.952416,2025-08-03 21:37:50.847753,0 days 00:01:05.895337,3.8719583938670534,23,21,COMPLETE
302,29456.078018594973,2025-08-03 21:36:45.089858,2025-08-03 21:37:52.669378,0 days 00:01:07.579520,3.816386972930652,24,23,COMPLETE
303,17062.368395219673,2025-08-03 21:36:45.119810,2025-08-03 21:38:52.175997,0 days 00:02:07.056187,4.233459178047668,24,38,COMPLETE
304,22963.50895879965,2025-08-03 21:36:45.173668,2025-08-03 21:37:49.537467,0 days 00:01:04.363799,4.229055952329532,24,21,COMPLETE
305,41783.51235614884,2025-08-03 21:36:45.236439,2025-08-03 21:37:52.249492,0 days 00:01:07.013053,3.8196482285287643,23,37,COMPLETE
306,27098.03795222586,2025-08-03 21:36:45.251450,2025-08-03 21:37:50.860268,0 days 00:01:05.608818,3.8263344710674536,24,22,COMPLETE
307,34597.473350943255,2025-08-03 21:36:45.258218,2025-08-03 21:38:51.080910,0 days 00:02:05.822692,3.809272817442997,23,23,COMPLETE
308,17957.259118887832,2025-08-03 21:36:45.320826,2025-08-03 21:40:21.727271,0 days 00:03:36.406445,3.7928510218622153,24,20,COMPLETE
309,29710.248968083517,2025-08-03 21:36:45.413382,2025-08-03 21:37:53.102413,0 days 00:01:07.689031,3.857606188622558,24,20,COMPLETE
310,31131.452297347274,2025-08-03 21:36:45.450806,2025-08-03 21:37:51.856357,0 days 00:01:06.405551,3.794843555634905,24,39,COMPLETE
311,20402.339094537187,2025-08-03 21:36:45.496713,2025-08-03 21:38:51.182190,0 days 00:02:05.685477,3.857790073385978,23,20,COMPLETE
312,19873.13577307099,2025-08-03 21:36:45.743339,2025-08-03 21:37:53.517899,0 days 00:01:07.774560,3.714859975279191,24,22,COMPLETE
313,17957.259118887832,2025-08-03 21:36:45.822677,2025-08-03 21:38:50.426530,0 days 00:02:04.603853,3.8360867598680626,24,21,COMPLETE
314,19314.550171297935,2025-08-03 21:36:46.081913,2025-08-03 21:38:54.463300,0 days 00:02:08.381387,3.834856508086261,23,20,COMPLETE
315,12693.682734231079,2025-08-03 21:36:46.107197,2025-08-03 21:37:29.162386,0 days 00:00:43.055189,3.7639624298939602,24,20,COMPLETE
316,19314.550171297935,2025-08-03 21:36:46.218642,2025-08-03 21:38:57.026148,0 days 00:02:10.807506,3.8086849849793625,23,20,COMPLETE
317,30347.805358580485,2025-08-03 21:36:46.537267,2025-08-03 21:38:55.549914,0 days 00:02:09.012647,3.8815765586034567,24,29,COMPLETE
318,19314.550171297935,2025-08-03 21:36:46.621248,2025-08-03 21:39:01.197380,0 days 00:02:14.576132,3.840828591290304,23,21,COMPLETE
319,17957.259118887832,2025-08-03 21:36:46.700556,2025-08-03 21:37:54.033937,0 days 00:01:07.333381,3.814792675666552,24,20,COMPLETE
320,27333.29378334111,2025-08-03 21:36:46.992172,2025-08-03 21:38:58.463747,0 days 00:02:11.471575,3.787849420970504,24,38,COMPLETE
321,43943.23418536966,2025-08-03 21:36:47.357241,2025-08-03 21:38:56.729109,0 days 00:02:09.371868,3.8686595497832466,24,22,COMPLETE
322,19314.550171297935,2025-08-03 21:36:47.533169,2025-08-03 21:37:56.139839,0 days 00:01:08.606670,3.8170238828617653,23,20,COMPLETE
323,17957.259118887832,2025-08-03 21:36:47.550326,2025-08-03 21:40:28.186630,0 days 00:03:40.636304,3.7991994714918857,24,20,COMPLETE
324,27725.424355981206,2025-08-03 21:36:47.698977,2025-08-03 21:37:54.055532,0 days 00:01:06.356555,3.8845426327421424,25,20,COMPLETE
325,17605.084822227265,2025-08-03 21:36:48.024467,2025-08-03 21:42:10.527812,0 days 00:05:22.503345,4.265974690779497,24,38,COMPLETE
326,17957.259118887832,2025-08-03 21:36:48.114738,2025-08-03 21:40:30.291111,0 days 00:03:42.176373,3.787799004241382,23,20,COMPLETE
327,37126.35409733397,2025-08-03 21:36:48.265996,2025-08-03 21:38:56.960902,0 days 00:02:08.694906,3.849295108959135,24,38,COMPLETE
328,31392.465341080875,2025-08-03 21:36:48.360966,2025-08-03 21:38:59.133452,0 days 00:02:10.772486,3.9040118033379727,25,20,COMPLETE
329,22963.50895879965,2025-08-03 21:36:48.421560,2025-08-03 21:39:01.031024,0 days 00:02:12.609464,4.232094566641278,24,21,COMPLETE
330,17957.259118887832,2025-08-03 21:36:48.490762,2025-08-03 21:40:31.532558,0 days 00:03:43.041796,3.8346264125664598,24,21,COMPLETE
331,15415.49375205771,2025-08-03 21:36:48.731518,2025-08-03 21:40:30.904931,0 days 00:03:42.173413,3.7750115310419736,24,21,COMPLETE
332,21587.30829832945,2025-08-03 21:36:48.800696,2025-08-03 21:39:01.782124,0 days 00:02:12.981428,3.7989961944726445,24,51,COMPLETE
333,22963.50895879965,2025-08-03 21:36:49.050749,2025-08-03 21:39:01.642003,0 days 00:02:12.591254,4.240219583641652,24,21,COMPLETE
334,17957.259118887832,2025-08-03 21:36:49.114299,2025-08-03 21:41:46.561126,0 days 00:04:57.446827,3.8287549002347174,24,20,COMPLETE
335,17957.259118887832,2025-08-03 21:36:49.326724,2025-08-03 21:37:55.290164,0 days 00:01:05.963440,3.833267724302362,24,20,COMPLETE
336,12721.752629606548,2025-08-03 21:36:49.401656,2025-08-03 21:37:56.744315,0 days 00:01:07.342659,3.7381206381392103,24,20,COMPLETE
337,11271.436125738042,2025-08-03 21:36:49.615399,2025-08-03 21:39:03.926915,0 days 00:02:14.311516,3.742280256741278,24,50,COMPLETE
338,21459.84695144825,2025-08-03 21:36:49.709963,2025-08-03 21:40:29.333408,0 days 00:03:39.623445,3.732540680347935,24,39,COMPLETE
339,34085.31013118679,2025-08-03 21:36:49.742104,2025-08-03 21:39:04.538769,0 days 00:02:14.796665,3.837577623316129,24,39,COMPLETE
340,17062.368395219673,2025-08-03 21:36:50.088787,2025-08-03 21:41:46.664181,0 days 00:04:56.575394,4.249780515974992,24,38,COMPLETE
341,31131.452297347274,2025-08-03 21:36:50.112427,2025-08-03 21:39:05.934351,0 days 00:02:15.821924,3.811944430681166,24,39,COMPLETE
342,34619.25727345688,2025-08-03 21:36:50.511035,2025-08-03 21:39:05.247091,0 days 00:02:14.736056,3.827201934768274,23,39,COMPLETE
343,14200.837614045786,2025-08-03 21:36:50.554169,2025-08-03 21:39:04.245839,0 days 00:02:13.691670,3.8595930832115597,23,50,COMPLETE
344,28159.8606171281,2025-08-03 21:36:50.718840,2025-08-03 21:37:58.281908,0 days 00:01:07.563068,3.8829005728733685,23,38,COMPLETE
345,15456.093740694496,2025-08-03 21:36:50.838056,2025-08-03 21:37:59.834877,0 days 00:01:08.996821,3.7227726714691123,25,39,COMPLETE
346,15983.375997161855,2025-08-03 21:36:51.160478,2025-08-03 21:39:04.319857,0 days 00:02:13.159379,3.807670408233233,15,38,COMPLETE
347,26539.063444540017,2025-08-03 21:36:51.237203,2025-08-03 21:39:02.944807,0 days 00:02:11.707604,3.7986763865513473,23,22,COMPLETE
348,24718.643571601486,2025-08-03 21:36:51.333298,2025-08-03 21:37:59.981179,0 days 00:01:08.647881,3.791838062896575,23,22,COMPLETE
349,34597.473350943255,2025-08-03 21:36:52.085731,2025-08-03 21:39:05.326803,0 days 00:02:13.241072,3.8393678449390167,23,23,COMPLETE
350,29561.81436653787,2025-08-03 21:36:52.390767,2025-08-03 21:37:59.215502,0 days 00:01:06.824735,4.228643076732309,22,23,COMPLETE
351,27696.246244719136,2025-08-03 21:36:52.506419,2025-08-03 21:38:00.400914,0 days 00:01:07.894495,3.82938224487936,22,23,COMPLETE
352,30944.566411052772,2025-08-03 21:36:52.685466,2025-08-03 21:39:14.228522,0 days 00:02:21.543056,4.246117236528521,22,23,COMPLETE
353,24527.744918370783,2025-08-03 21:36:52.863440,2025-08-03 21:39:08.755135,0 days 00:02:15.891695,3.8669380235104507,22,22,COMPLETE
354,23404.21849298953,2025-08-03 21:36:52.875648,2025-08-03 21:39:08.550958,0 days 00:02:15.675310,3.817110673765897,22,22,COMPLETE
355,30359.89478365761,2025-08-03 21:36:52.908296,2025-08-03 21:40:35.224491,0 days 00:03:42.316195,3.7632015402160235,23,39,COMPLETE
356,27907.256303210237,2025-08-03 21:36:53.159893,2025-08-03 21:39:13.168215,0 days 00:02:20.008322,3.8162570230595207,22,23,COMPLETE
357,24718.643571601486,2025-08-03 21:36:53.201549,2025-08-03 21:39:10.346604,0 days 00:02:17.145055,3.7866498363771273,23,22,COMPLETE
358,17316.174111271514,2025-08-03 21:36:53.203184,2025-08-03 21:39:09.126439,0 days 00:02:15.923255,4.243635638805626,23,39,COMPLETE
359,27925.32821438657,2025-08-03 21:36:53.428809,2025-08-03 21:39:10.989526,0 days 00:02:17.560717,3.81831023881374,22,39,COMPLETE
360,22378.188058271196,2025-08-03 21:36:53.430952,2025-08-03 21:39:10.691627,0 days 00:02:17.260675,3.7411535250554855,24,38,COMPLETE
361,42526.44050619164,2025-08-03 21:36:53.465248,2025-08-03 21:39:12.107248,0 days 00:02:18.642000,3.855051410064571,24,29,COMPLETE
362,37126.35409733397,2025-08-03 21:36:53.505161,2025-08-03 21:38:00.376345,0 days 00:01:06.871184,3.8038929129763113,23,38,COMPLETE
363,32386.716753663917,2025-08-03 21:36:53.532294,2025-08-03 21:39:10.500020,0 days 00:02:16.967726,3.7485440321058277,23,30,COMPLETE
364,22378.188058271196,2025-08-03 21:36:53.591092,2025-08-03 21:38:01.073647,0 days 00:01:07.482555,3.7992398678954205,25,38,COMPLETE
365,31131.452297347274,2025-08-03 21:36:53.688278,2025-08-03 21:39:12.038428,0 days 00:02:18.350150,3.816399960895844,24,39,COMPLETE
366,32670.084626782158,2025-08-03 21:36:53.700003,2025-08-03 21:39:11.067418,0 days 00:02:17.367415,3.8476729853428653,25,39,COMPLETE
367,26431.422234664726,2025-08-03 21:36:53.827579,2025-08-03 21:40:38.295538,0 days 00:03:44.467959,3.828348605844801,25,38,COMPLETE
368,22378.188058271196,2025-08-03 21:36:53.829288,2025-08-03 21:39:13.541585,0 days 00:02:19.712297,3.7664454083439103,25,38,COMPLETE
369,35325.92858307493,2025-08-03 21:36:53.840800,2025-08-03 21:38:00.821692,0 days 00:01:06.980892,3.8902194091152253,25,38,COMPLETE
370,24307.72620270399,2025-08-03 21:36:54.009410,2025-08-03 21:39:15.356768,0 days 00:02:21.347358,3.8304838073090823,25,39,COMPLETE
371,32670.084626782158,2025-08-03 21:36:54.066575,2025-08-03 21:38:02.528812,0 days 00:01:08.462237,3.8722198904565124,25,39,COMPLETE
372,25380.224488553464,2025-08-03 21:36:54.073225,2025-08-03 21:39:13.674170,0 days 00:02:19.600945,3.822572223056229,25,39,COMPLETE
373,22926.846063381112,2025-08-03 21:36:54.094098,2025-08-03 21:39:14.110065,0 days 00:02:20.015967,3.7260105573591185,24,30,COMPLETE
374,31131.452297347274,2025-08-03 21:36:54.096468,2025-08-03 21:39:13.717548,0 days 00:02:19.621080,3.7812505289742173,23,39,COMPLETE
375,22733.866929034997,2025-08-03 21:36:54.145595,2025-08-03 21:40:38.556900,0 days 00:03:44.411305,3.808480023847875,25,38,COMPLETE
376,22018.340816539516,2025-08-03 21:36:54.169954,2025-08-03 21:38:04.219728,0 days 00:01:10.049774,3.7729079053726626,25,39,COMPLETE
377,20690.560740938192,2025-08-03 21:36:54.240123,2025-08-03 21:38:04.798302,0 days 00:01:10.558179,3.680485764313657,23,39,COMPLETE
378,25369.823731432956,2025-08-03 21:36:54.295300,2025-08-03 21:39:14.702912,0 days 00:02:20.407612,4.2344391930476215,24,22,COMPLETE
379,58879.14317760667,2025-08-03 21:36:54.308517,2025-08-03 21:39:15.918554,0 days 00:02:21.610037,4.195405096409009,25,30,COMPLETE
380,59282.243770723275,2025-08-03 21:36:54.310584,2025-08-03 21:40:38.789943,0 days 00:03:44.479359,4.2307767662321085,25,29,COMPLETE
381,19804.349276562836,2025-08-03 21:36:54.401463,2025-08-03 21:40:43.505744,0 days 00:03:49.104281,4.222872651273054,25,50,COMPLETE
382,17002.67951194082,2025-08-03 21:36:54.410208,2025-08-03 21:39:15.226828,0 days 00:02:20.816620,4.2200240354680245,23,29,COMPLETE
383,58879.14317760667,2025-08-03 21:36:54.454508,2025-08-03 21:38:03.981308,0 days 00:01:09.526800,4.229737388883825,25,30,COMPLETE
384,59282.243770723275,2025-08-03 21:36:54.467472,2025-08-03 21:38:04.929884,0 days 00:01:10.462412,4.223792483208302,25,29,COMPLETE
385,16476.72875411279,2025-08-03 21:36:54.479809,2025-08-03 21:39:18.019908,0 days 00:02:23.540099,4.204437921900369,23,29,COMPLETE
386,18148.865215026948,2025-08-03 21:36:54.482889,2025-08-03 21:39:19.864840,0 days 00:02:25.381951,4.242707492092638,22,29,COMPLETE
387,19487.19849887608,2025-08-03 21:36:54.484766,2025-08-03 21:40:45.400003,0 days 00:03:50.915237,4.211514667855904,22,29,COMPLETE
388,20964.581468762557,2025-08-03 21:36:54.487983,2025-08-03 21:40:46.341874,0 days 00:03:51.853891,4.198749374927928,22,29,COMPLETE
389,18148.865215026948,2025-08-03 21:36:54.495207,2025-08-03 21:39:19.909037,0 days 00:02:25.413830,4.240606983395137,22,29,COMPLETE
390,19487.19849887608,2025-08-03 21:36:54.497583,2025-08-03 21:38:05.501726,0 days 00:01:11.004143,4.2057773363700575,22,29,COMPLETE
391,22926.913597887815,2025-08-03 21:36:54.500368,2025-08-03 21:39:22.037698,0 days 00:02:27.537330,4.21472759710818,24,29,COMPLETE
392,17002.67951194082,2025-08-03 21:36:54.502715,2025-08-03 21:39:23.207675,0 days 00:02:28.704960,4.2255657608209125,22,29,COMPLETE
393,19911.302293383305,2025-08-03 21:36:54.506132,2025-08-03 21:39:21.006172,0 days 00:02:26.500040,4.181672987979542,23,30,COMPLETE
394,17002.67951194082,2025-08-03 21:36:54.511789,2025-08-03 21:39:21.429491,0 days 00:02:26.917702,4.234922648389446,22,29,COMPLETE
395,17002.67951194082,2025-08-03 21:36:54.516106,2025-08-03 21:38:06.081832,0 days 00:01:11.565726,4.216505971994375,23,29,COMPLETE
396,27427.350869484326,2025-08-03 21:36:54.518099,2025-08-03 21:39:21.085222,0 days 00:02:26.567123,3.707650402849919,22,22,COMPLETE
397,18148.865215026948,2025-08-03 21:36:54.523643,2025-08-03 21:38:05.500680,0 days 00:01:10.977037,4.247877391416563,22,29,COMPLETE
398,18728.058986240554,2025-08-03 21:36:54.526077,2025-08-03 21:39:23.853878,0 days 00:02:29.327801,4.242036676019871,22,28,COMPLETE
399,17002.67951194082,2025-08-03 21:36:54.530891,2025-08-03 21:39:23.038423,0 days 00:02:28.507532,4.2213375066997205,22,29,COMPLETE
400,18728.058986240554,2025-08-03 21:36:54.532522,2025-08-03 21:39:25.150674,0 days 00:02:30.618152,4.263589640043733,22,28,COMPLETE
401,17002.67951194082,2025-08-03 21:36:54.534658,2025-08-03 21:38:05.804987,0 days 00:01:11.270329,4.213228856143232,23,29,COMPLETE
402,59282.243770723275,2025-08-03 21:36:54.537576,2025-08-03 21:39:22.662783,0 days 00:02:28.125207,4.225196218354064,25,29,COMPLETE
403,18148.865215026948,2025-08-03 21:36:54.538986,2025-08-03 21:39:25.249814,0 days 00:02:30.710828,4.2590049788688225,22,29,COMPLETE
404,18148.865215026948,2025-08-03 21:36:54.544173,2025-08-03 21:39:24.966210,0 days 00:02:30.422037,4.245000901576083,22,29,COMPLETE
405,18275.118633238864,2025-08-03 21:36:54.546944,2025-08-03 21:39:24.784952,0 days 00:02:30.238008,4.227870551575033,22,30,COMPLETE
406,18148.865215026948,2025-08-03 21:36:54.571185,2025-08-03 21:40:45.613126,0 days 00:03:51.041941,4.242372459016085,22,29,COMPLETE
407,18728.058986240554,2025-08-03 21:36:54.577378,2025-08-03 21:40:51.794051,0 days 00:03:57.216673,4.2479394379819135,22,28,COMPLETE
408,18148.865215026948,2025-08-03 21:36:54.597203,2025-08-03 21:40:48.084703,0 days 00:03:53.487500,4.2382700692076885,22,29,COMPLETE
409,17002.67951194082,2025-08-03 21:36:54.623184,2025-08-03 21:40:52.951199,0 days 00:03:58.328015,4.236165342344123,22,29,COMPLETE
410,21504.027977834023,2025-08-03 21:36:54.655245,2025-08-03 21:39:26.795278,0 days 00:02:32.140033,4.20611486695244,22,31,COMPLETE
411,17002.67951194082,2025-08-03 21:36:54.717498,2025-08-03 21:39:25.137181,0 days 00:02:30.419683,4.23342240183625,23,29,COMPLETE
412,19487.19849887608,2025-08-03 21:36:54.737542,2025-08-03 21:39:28.317970,0 days 00:02:33.580428,4.209112914888176,22,29,COMPLETE
413,18275.118633238864,2025-08-03 21:36:54.765093,2025-08-03 21:41:49.966602,0 days 00:04:55.201509,4.224795070824414,22,30,COMPLETE
414,19498.510260008432,2025-08-03 21:36:54.773846,2025-08-03 21:40:54.433927,0 days 00:03:59.660081,4.2556759074741946,22,30,COMPLETE
415,18148.865215026948,2025-08-03 21:36:54.803864,2025-08-03 21:38:12.261213,0 days 00:01:17.457349,4.239239778666639,22,29,COMPLETE
416,33547.846925777136,2025-08-03 21:36:54.810852,2025-08-03 21:38:09.073913,0 days 00:01:14.263061,3.702205027289803,22,28,COMPLETE
417,18148.865215026948,2025-08-03 21:36:54.828914,2025-08-03 21:39:29.345112,0 days 00:02:34.516198,4.262838085830235,22,29,COMPLETE
418,18275.118633238864,2025-08-03 21:36:54.836649,2025-08-03 21:39:32.540460,0 days 00:02:37.703811,4.218058254881541,22,30,COMPLETE
419,20926.97916944497,2025-08-03 21:36:54.837699,2025-08-03 21:40:52.627072,0 days 00:03:57.789373,4.179024226977079,22,30,COMPLETE
420,17002.67951194082,2025-08-03 21:36:54.858724,2025-08-03 21:40:54.388551,0 days 00:03:59.529827,4.224705519909464,22,29,COMPLETE
421,24564.743822305998,2025-08-03 21:36:54.886048,2025-08-03 21:38:10.955675,0 days 00:01:16.069627,4.2708930631000195,23,31,COMPLETE
422,19487.19849887608,2025-08-03 21:36:54.905475,2025-08-03 21:40:56.326967,0 days 00:04:01.421492,4.205174191573525,22,29,COMPLETE
423,19947.13207036324,2025-08-03 21:36:54.911681,2025-08-03 21:39:30.822812,0 days 00:02:35.911131,4.17868562723825,23,29,COMPLETE
424,19498.510260008432,2025-08-03 21:36:54.912722,2025-08-03 21:40:53.005956,0 days 00:03:58.093234,4.252655624317137,22,30,COMPLETE
425,20926.97916944497,2025-08-03 21:36:54.934464,2025-08-03 21:39:33.604245,0 days 00:02:38.669781,4.200027799103795,22,30,COMPLETE
426,17002.67951194082,2025-08-03 21:36:54.943046,2025-08-03 21:39:34.029200,0 days 00:02:39.086154,4.225324670593109,22,29,COMPLETE
427,24089.817510568944,2025-08-03 21:36:54.944476,2025-08-03 21:40:53.162145,0 days 00:03:58.217669,4.252699671952025,24,28,COMPLETE
428,59282.243770723275,2025-08-03 21:36:54.951003,2025-08-03 21:37:38.519589,0 days 00:00:43.568586,4.228321468532017,25,29,COMPLETE
429,23912.160667914206,2025-08-03 21:36:54.956473,2025-08-03 21:38:13.989626,0 days 00:01:19.033153,4.258540867555267,23,30,COMPLETE
430,23359.91386234827,2025-08-03 21:36:54.969377,2025-08-03 21:41:52.466000,0 days 00:04:57.496623,4.227442789435204,24,29,COMPLETE
431,58879.14317760667,2025-08-03 21:36:54.981717,2025-08-03 21:38:14.639588,0 days 00:01:19.657871,4.215261770808864,25,30,COMPLETE
432,23359.91386234827,2025-08-03 21:36:54.994478,2025-08-03 21:37:38.365271,0 days 00:00:43.370793,4.238917008376588,24,29,COMPLETE
433,17002.67951194082,2025-08-03 21:36:55.012213,2025-08-03 21:39:34.757036,0 days 00:02:39.744823,4.218882082370316,23,29,COMPLETE
434,39740.09296024461,2025-08-03 21:36:55.013774,2025-08-03 21:42:13.290122,0 days 00:05:18.276348,4.276707474664583,25,29,COMPLETE
435,19804.349276562836,2025-08-03 21:36:55.055275,2025-08-03 21:39:39.216403,0 days 00:02:44.161128,4.215566896260186,25,49,COMPLETE
436,58879.14317760667,2025-08-03 21:36:55.056064,2025-08-03 21:38:14.214515,0 days 00:01:19.158451,4.219612936702768,25,30,COMPLETE
437,58879.14317760667,2025-08-03 21:36:55.057561,2025-08-03 21:40:57.273139,0 days 00:04:02.215578,4.2304846881139815,25,30,COMPLETE
438,19804.349276562836,2025-08-03 21:36:55.075241,2025-08-03 21:40:57.189087,0 days 00:04:02.113846,4.236816687949108,25,49,COMPLETE
439,59282.243770723275,2025-08-03 21:36:55.082747,2025-08-03 21:39:34.775031,0 days 00:02:39.692284,4.23300912792258,25,29,COMPLETE
440,59282.243770723275,2025-08-03 21:36:55.102285,2025-08-03 21:40:55.084160,0 days 00:03:59.981875,4.2176992818774925,25,29,COMPLETE
441,59282.243770723275,2025-08-03 21:36:55.127720,2025-08-03 21:39:38.186550,0 days 00:02:43.058830,4.1857062609338085,25,29,COMPLETE
442,59282.243770723275,2025-08-03 21:36:55.129182,2025-08-03 21:38:14.676055,0 days 00:01:19.546873,4.220016547664465,25,29,COMPLETE
443,16476.72875411279,2025-08-03 21:36:55.144576,2025-08-03 21:41:00.114245,0 days 00:04:04.969669,4.20680184216685,23,29,COMPLETE
444,59282.243770723275,2025-08-03 21:36:55.159682,2025-08-03 21:38:15.087356,0 days 00:01:19.927674,4.205770616991001,25,29,COMPLETE
445,24089.817510568944,2025-08-03 21:36:55.191386,2025-08-03 21:40:58.479055,0 days 00:04:03.287669,4.224635080071686,24,28,COMPLETE
446,59282.243770723275,2025-08-03 21:36:55.193351,2025-08-03 21:39:39.870482,0 days 00:02:44.677131,4.233408882104628,25,29,COMPLETE
447,59282.243770723275,2025-08-03 21:36:55.200603,2025-08-03 21:38:15.756233,0 days 00:01:20.555630,4.216404294878669,25,29,COMPLETE
448,51938.636502980975,2025-08-03 21:36:55.208322,2025-08-03 21:37:39.443411,0 days 00:00:44.235089,4.178378855839279,24,29,COMPLETE
449,58879.14317760667,2025-08-03 21:36:55.244347,2025-08-03 21:39:39.309459,0 days 00:02:44.065112,4.233910345379138,25,30,COMPLETE
450,58879.14317760667,2025-08-03 21:36:55.251348,2025-08-03 21:39:41.637317,0 days 00:02:46.385969,4.225597185001166,25,30,COMPLETE
451,39203.03110167428,2025-08-03 21:36:55.295077,2025-08-03 21:39:40.168310,0 days 00:02:44.873233,4.260410223340224,25,29,COMPLETE
452,58879.14317760667,2025-08-03 21:36:55.325326,2025-08-03 21:39:40.781118,0 days 00:02:45.455792,4.186500022778705,25,30,COMPLETE
453,58879.14317760667,2025-08-03 21:36:55.331527,2025-08-03 21:41:58.467176,0 days 00:05:03.135649,4.206547973910945,25,30,COMPLETE
454,58879.14317760667,2025-08-03 21:36:55.342041,2025-08-03 21:40:58.925959,0 days 00:04:03.583918,4.195521459203423,25,30,COMPLETE
455,59282.243770723275,2025-08-03 21:36:55.349453,2025-08-03 21:39:38.314979,0 days 00:02:42.965526,4.1894447997486886,25,29,COMPLETE
456,51938.636502980975,2025-08-03 21:36:55.350435,2025-08-03 21:41:06.434456,0 days 00:04:11.084021,4.161082473346649,24,29,COMPLETE
457,23193.680643773503,2025-08-03 21:36:55.354497,2025-08-03 21:39:42.998466,0 days 00:02:47.643969,4.23419500346821,24,30,COMPLETE
458,23359.91386234827,2025-08-03 21:36:55.357632,2025-08-03 21:38:17.002421,0 days 00:01:21.644789,4.242288075328791,24,29,COMPLETE
459,51468.320252720274,2025-08-03 21:36:55.360667,2025-08-03 21:39:44.645070,0 days 00:02:49.284403,4.167771637197163,25,30,COMPLETE
460,51938.636502980975,2025-08-03 21:36:55.362265,2025-08-03 21:41:05.187622,0 days 00:04:09.825357,4.184512667753684,24,29,COMPLETE
461,16476.72875411279,2025-08-03 21:36:55.364643,2025-08-03 21:39:39.250798,0 days 00:02:43.886155,4.208434002004382,23,29,COMPLETE
462,61052.24422493007,2025-08-03 21:36:55.365339,2025-08-03 21:39:41.987351,0 days 00:02:46.622012,4.243446151132606,25,28,COMPLETE
463,38380.93671596131,2025-08-03 21:36:55.368740,2025-08-03 21:39:39.780769,0 days 00:02:44.412029,3.863122388880273,25,29,COMPLETE
464,16476.72875411279,2025-08-03 21:36:55.371865,2025-08-03 21:38:17.229420,0 days 00:01:21.857555,4.208376396789834,23,29,COMPLETE
465,59282.243770723275,2025-08-03 21:36:55.373965,2025-08-03 21:39:45.929295,0 days 00:02:50.555330,4.218188117654666,25,29,COMPLETE
466,58879.14317760667,2025-08-03 21:36:55.378211,2025-08-03 21:38:18.585987,0 days 00:01:23.207776,4.232260058356,25,30,COMPLETE
467,38609.59833976906,2025-08-03 21:36:55.380569,2025-08-03 21:38:19.275416,0 days 00:01:23.894847,4.256094185322047,25,29,COMPLETE
468,11814.055318935116,2025-08-03 21:36:55.382052,2025-08-03 21:41:00.873133,0 days 00:04:05.491081,4.235163305742223,24,50,COMPLETE
469,60417.47230100725,2025-08-03 21:36:55.384526,2025-08-03 21:39:45.519473,0 days 00:02:50.134947,4.193875450458551,25,31,COMPLETE
470,23359.91386234827,2025-08-03 21:36:55.386823,2025-08-03 21:39:43.719704,0 days 00:02:48.332881,4.224036042544751,24,29,COMPLETE
471,59282.243770723275,2025-08-03 21:36:55.387557,2025-08-03 21:39:45.311031,0 days 00:02:49.923474,4.229257939517859,25,29,COMPLETE
472,51938.636502980975,2025-08-03 21:36:55.391047,2025-08-03 21:38:20.239373,0 days 00:01:24.848326,4.178918578628996,24,29,COMPLETE
473,58879.14317760667,2025-08-03 21:36:55.394090,2025-08-03 21:38:21.079791,0 days 00:01:25.685701,4.240406848724159,25,30,COMPLETE
474,24089.817510568944,2025-08-03 21:36:55.397953,2025-08-03 21:39:46.936467,0 days 00:02:51.538514,4.223779744402124,24,28,COMPLETE
475,23193.680643773503,2025-08-03 21:36:55.402143,2025-08-03 21:39:46.927594,0 days 00:02:51.525451,4.224079003059116,24,30,COMPLETE
476,51846.88637232451,2025-08-03 21:36:55.404343,2025-08-03 21:38:23.297069,0 days 00:01:27.892726,4.176836400266903,24,30,COMPLETE
477,24089.817510568944,2025-08-03 21:36:55.406426,2025-08-03 21:41:56.579995,0 days 00:05:01.173569,4.230613336683786,24,28,COMPLETE
478,11814.055318935116,2025-08-03 21:36:55.407897,2025-08-03 21:39:45.590506,0 days 00:02:50.182609,4.225300964050338,24,49,COMPLETE
479,19804.349276562836,2025-08-03 21:36:55.414533,2025-08-03 21:42:02.416729,0 days 00:05:07.002196,4.208420831814314,25,50,COMPLETE
480,59282.243770723275,2025-08-03 21:36:55.421375,2025-08-03 21:38:23.170196,0 days 00:01:27.748821,4.203705767568651,25,29,COMPLETE
481,61052.24422493007,2025-08-03 21:36:55.462848,2025-08-03 21:37:39.963731,0 days 00:00:44.500883,4.231658021181739,25,28,COMPLETE
482,51938.636502980975,2025-08-03 21:36:55.473654,2025-08-03 21:38:24.401677,0 days 00:01:28.928023,4.179894653201054,24,29,COMPLETE
483,15974.857762196023,2025-08-03 21:36:55.522023,2025-08-03 21:38:23.607187,0 days 00:01:28.085164,4.199754122649372,24,50,COMPLETE
484,17434.69472864757,2025-08-03 21:36:55.523594,2025-08-03 21:38:26.183730,0 days 00:01:30.660136,4.20346150012338,24,28,COMPLETE
485,23359.91386234827,2025-08-03 21:36:55.542600,2025-08-03 21:39:50.560568,0 days 00:02:55.017968,4.223913445500183,24,29,COMPLETE
486,56487.508612317084,2025-08-03 21:36:55.544081,2025-08-03 21:38:25.693739,0 days 00:01:30.149658,4.173537549089204,25,29,COMPLETE
487,51938.636502980975,2025-08-03 21:36:55.546979,2025-08-03 21:38:24.438312,0 days 00:01:28.891333,4.186922267387073,24,29,COMPLETE
488,39740.09296024461,2025-08-03 21:36:55.551872,2025-08-03 21:39:50.760508,0 days 00:02:55.208636,4.265035298489164,25,29,COMPLETE
489,40325.61629062924,2025-08-03 21:36:55.571041,2025-08-03 21:39:49.995007,0 days 00:02:54.423966,4.265774309425101,25,28,COMPLETE
490,59282.243770723275,2025-08-03 21:36:55.574089,2025-08-03 21:41:13.343703,0 days 00:04:17.769614,4.223037503323676,25,29,COMPLETE
491,19804.349276562836,2025-08-03 21:36:55.582363,2025-08-03 21:41:13.679197,0 days 00:04:18.096834,4.203799062995142,25,49,COMPLETE
492,17002.67951194082,2025-08-03 21:36:55.597468,2025-08-03 21:38:26.933565,0 days 00:01:31.336097,4.215745863981393,23,29,COMPLETE
493,45676.651388011735,2025-08-03 21:36:55.611960,2025-08-03 21:39:51.651928,0 days 00:02:56.039968,4.188035776881034,24,29,COMPLETE
494,56102.8355295715,2025-08-03 21:36:55.643106,2025-08-03 21:38:28.609025,0 days 00:01:32.965919,4.175240696048672,25,30,COMPLETE
495,58879.14317760667,2025-08-03 21:36:55.658216,2025-08-03 21:38:27.869449,0 days 00:01:32.211233,4.235126250767167,25,30,COMPLETE
496,21504.027977834023,2025-08-03 21:36:55.665815,2025-08-03 21:39:52.959145,0 days 00:02:57.293330,4.183817804735869,22,31,COMPLETE
497,58879.14317760667,2025-08-03 21:36:55.685111,2025-08-03 21:39:52.272733,0 days 00:02:56.587622,4.221484517831928,25,30,COMPLETE
498,51559.40963838185,2025-08-03 21:36:55.710389,2025-08-03 21:38:30.110839,0 days 00:01:34.400450,4.16912984823291,25,29,COMPLETE
499,23193.680643773503,2025-08-03 21:36:55.728588,2025-08-03 21:39:50.031754,0 days 00:02:54.303166,4.223796726088549,24,30,COMPLETE
500,19804.349276562836,2025-08-03 21:36:55.734925,2025-08-03 21:41:12.555447,0 days 00:04:16.820522,4.206530075707142,25,49,COMPLETE
501,58879.14317760667,2025-08-03 21:36:55.768345,2025-08-03 21:38:29.465277,0 days 00:01:33.696932,4.233651637601278,25,30,COMPLETE
502,59296.93945411458,2025-08-03 21:36:55.783371,2025-08-03 21:41:16.980822,0 days 00:04:21.197451,4.252576958602703,25,29,COMPLETE
503,22926.913597887815,2025-08-03 21:36:55.812512,2025-08-03 21:38:29.855034,0 days 00:01:34.042522,4.213195193084654,24,29,COMPLETE
504,17007.510020554084,2025-08-03 21:36:55.822688,2025-08-03 21:38:31.251087,0 days 00:01:35.428399,4.209071489612535,23,28,COMPLETE
505,39780.99344311731,2025-08-03 21:36:55.826377,2025-08-03 21:39:56.270057,0 days 00:03:00.443680,4.259055151506702,25,28,COMPLETE
506,58879.14317760667,2025-08-03 21:36:55.828002,2025-08-03 21:38:30.762550,0 days 00:01:34.934548,4.243596851097931,25,30,COMPLETE
507,38932.34154350406,2025-08-03 21:36:55.828874,2025-08-03 21:38:30.563291,0 days 00:01:34.734417,4.262872996909683,25,30,COMPLETE
508,22926.913597887815,2025-08-03 21:36:55.830464,2025-08-03 21:38:31.144097,0 days 00:01:35.313633,4.217496728231865,24,29,COMPLETE
509,59282.243770723275,2025-08-03 21:36:55.832003,2025-08-03 21:39:55.187700,0 days 00:02:59.355697,4.219675858624342,25,29,COMPLETE
510,23193.680643773503,2025-08-03 21:36:55.833385,2025-08-03 21:39:55.470474,0 days 00:02:59.637089,4.2302154025663805,24,30,COMPLETE
511,59282.243770723275,2025-08-03 21:36:55.835822,2025-08-03 21:39:52.845954,0 days 00:02:57.010132,4.225551343431761,25,29,COMPLETE
512,39740.09296024461,2025-08-03 21:36:55.841463,2025-08-03 21:39:56.135056,0 days 00:03:00.293593,4.275694602244726,25,29,COMPLETE
513,23359.91386234827,2025-08-03 21:36:55.843692,2025-08-03 21:38:31.799734,0 days 00:01:35.956042,4.23150474070773,24,29,COMPLETE
514,59282.243770723275,2025-08-03 21:36:55.845884,2025-08-03 21:39:54.835532,0 days 00:02:58.989648,4.214613985204369,25,29,COMPLETE
515,39465.86240810328,2025-08-03 21:36:55.849018,2025-08-03 21:39:55.260803,0 days 00:02:59.411785,4.26796533248469,25,30,COMPLETE
516,24083.16229227306,2025-08-03 21:36:55.852150,2025-08-03 21:39:53.764847,0 days 00:02:57.912697,4.255565567383445,23,29,COMPLETE
517,61052.24422493007,2025-08-03 21:36:55.854830,2025-08-03 21:39:59.199777,0 days 00:03:03.344947,4.2041657427783425,25,28,COMPLETE
518,59282.243770723275,2025-08-03 21:36:55.857471,2025-08-03 21:39:59.268589,0 days 00:03:03.411118,4.233946588907117,25,29,COMPLETE
519,22926.913597887815,2025-08-03 21:36:55.863776,2025-08-03 21:39:58.864753,0 days 00:03:03.000977,4.218131834183737,24,29,COMPLETE
520,51938.636502980975,2025-08-03 21:36:55.865711,2025-08-03 21:41:19.503745,0 days 00:04:23.638034,4.1819217406865645,24,29,COMPLETE
521,58879.14317760667,2025-08-03 21:36:55.868517,2025-08-03 21:38:32.858459,0 days 00:01:36.989942,4.211456926264355,25,30,COMPLETE
522,25323.679418447926,2025-08-03 21:36:55.870476,2025-08-03 21:39:59.580344,0 days 00:03:03.709868,3.749254495594198,25,30,COMPLETE
523,24089.817510568944,2025-08-03 21:36:55.873806,2025-08-03 21:38:32.148765,0 days 00:01:36.274959,4.2311867497173274,24,28,COMPLETE
524,59282.243770723275,2025-08-03 21:36:55.876715,2025-08-03 21:38:33.056903,0 days 00:01:37.180188,4.234087938714911,25,29,COMPLETE
525,15633.32728773916,2025-08-03 21:36:55.878223,2025-08-03 21:41:23.117100,0 days 00:04:27.238877,3.7006400810738462,24,29,COMPLETE
526,23359.91386234827,2025-08-03 21:36:55.880685,2025-08-03 21:41:24.915712,0 days 00:04:29.035027,4.2226321052201605,24,29,COMPLETE
527,11579.20913374584,2025-08-03 21:36:55.883613,2025-08-03 21:41:24.902527,0 days 00:04:29.018914,4.216977899349314,24,50,COMPLETE
528,59282.243770723275,2025-08-03 21:36:55.891138,2025-08-03 21:38:34.039692,0 days 00:01:38.148554,4.2333182704213845,25,29,COMPLETE
529,11814.055318935116,2025-08-03 21:36:55.898739,2025-08-03 21:41:18.784198,0 days 00:04:22.885459,4.242878614314007,24,49,COMPLETE
530,56102.8355295715,2025-08-03 21:36:55.900456,2025-08-03 21:40:02.892600,0 days 00:03:06.992144,4.176508036073317,25,30,COMPLETE
531,24834.00522989094,2025-08-03 21:36:55.903594,2025-08-03 21:38:35.668579,0 days 00:01:39.764985,4.270928054065963,24,28,COMPLETE
532,25369.56848777678,2025-08-03 21:36:55.905058,2025-08-03 21:40:01.954116,0 days 00:03:06.049058,3.7513162762259475,25,29,COMPLETE
533,23193.680643773503,2025-08-03 21:36:55.907733,2025-08-03 21:40:00.375077,0 days 00:03:04.467344,4.235303585179303,24,30,COMPLETE
534,24089.817510568944,2025-08-03 21:36:55.912060,2025-08-03 21:38:36.676829,0 days 00:01:40.764769,4.228719347107751,24,28,COMPLETE
535,23193.680643773503,2025-08-03 21:36:55.914974,2025-08-03 21:40:02.247151,0 days 00:03:06.332177,4.230179890416406,24,30,COMPLETE
536,9572.627644600918,2025-08-03 21:36:55.922972,2025-08-03 21:38:37.699481,0 days 00:01:41.776509,4.231362522433554,23,50,COMPLETE
537,58879.14317760667,2025-08-03 21:36:55.925345,2025-08-03 21:41:26.548434,0 days 00:04:30.623089,4.242076599503482,25,30,COMPLETE
538,59282.243770723275,2025-08-03 21:36:55.929653,2025-08-03 21:42:09.423467,0 days 00:05:13.493814,4.223557969785339,25,29,COMPLETE
539,23359.91386234827,2025-08-03 21:36:55.931886,2025-08-03 21:41:27.661658,0 days 00:04:31.729772,4.2517241459361585,24,29,COMPLETE
540,59282.243770723275,2025-08-03 21:36:55.938328,2025-08-03 21:38:36.927841,0 days 00:01:40.989513,4.222188055369743,25,29,COMPLETE
541,59282.243770723275,2025-08-03 21:36:55.943352,2025-08-03 21:38:40.455555,0 days 00:01:44.512203,4.21308713836216,25,29,COMPLETE
542,14264.12613838282,2025-08-03 21:36:55.944722,2025-08-03 21:40:06.337312,0 days 00:03:10.392590,4.264932342354054,24,51,COMPLETE
543,37459.49912422571,2025-08-03 21:36:55.950420,2025-08-03 21:38:38.393617,0 days 00:01:42.443197,4.277966052646681,25,30,COMPLETE
544,22926.913597887815,2025-08-03 21:36:55.952247,2025-08-03 21:42:07.916621,0 days 00:05:11.964374,4.208207227016838,24,29,COMPLETE
545,39740.09296024461,2025-08-03 21:36:55.956820,2025-08-03 21:38:39.083979,0 days 00:01:43.127159,4.272832682159627,25,29,COMPLETE
546,17002.67951194082,2025-08-03 21:36:55.958947,2025-08-03 21:41:33.369190,0 days 00:04:37.410243,4.2298793354881346,23,29,COMPLETE
547,23912.160667914206,2025-08-03 21:36:55.960855,2025-08-03 21:41:31.254671,0 days 00:04:35.293816,4.26349013925814,24,30,COMPLETE
548,57927.27187172299,2025-08-03 21:36:55.962969,2025-08-03 21:41:27.622574,0 days 00:04:31.659605,4.219363466914395,26,28,COMPLETE
549,18814.0810189771,2025-08-03 21:36:55.964073,2025-08-03 21:40:13.719166,0 days 00:03:17.755093,4.181180086773952,25,50,COMPLETE
550,59282.243770723275,2025-08-03 21:36:55.967984,2025-08-03 21:40:12.945204,0 days 00:03:16.977220,4.229147212342596,25,29,COMPLETE
551,58879.14317760667,2025-08-03 21:36:55.969630,2025-08-03 21:38:39.569959,0 days 00:01:43.600329,4.225728203988719,25,30,COMPLETE
552,58246.67083061037,2025-08-03 21:36:55.970816,2025-08-03 21:40:12.648717,0 days 00:03:16.677901,4.250440982464397,25,29,COMPLETE
553,24083.16229227306,2025-08-03 21:36:55.972493,2025-08-03 21:38:39.674422,0 days 00:01:43.701929,4.253296272370092,23,29,COMPLETE
554,22968.54107765077,2025-08-03 21:36:55.977863,2025-08-03 21:40:10.469704,0 days 00:03:14.491841,3.707582431001445,23,29,COMPLETE
555,11814.055318935116,2025-08-03 21:36:55.978770,2025-08-03 21:40:10.904934,0 days 00:03:14.926164,4.249135570222058,24,50,COMPLETE
556,23359.91386234827,2025-08-03 21:36:55.980024,2025-08-03 21:41:34.295362,0 days 00:04:38.315338,4.2329459659896935,24,29,COMPLETE
557,58879.14317760667,2025-08-03 21:36:55.983810,2025-08-03 21:41:31.022623,0 days 00:04:35.038813,4.215665009457158,25,30,COMPLETE
558,22763.535432265053,2025-08-03 21:36:55.990972,2025-08-03 21:42:10.909339,0 days 00:05:14.918367,4.20829247308511,24,30,COMPLETE
559,58879.14317760667,2025-08-03 21:36:55.992402,2025-08-03 21:42:05.829503,0 days 00:05:09.837101,4.197609006797413,25,30,COMPLETE
560,32685.83511608244,2025-08-03 21:36:55.993259,2025-08-03 21:40:11.940198,0 days 00:03:15.946939,3.758495713134647,23,29,COMPLETE
561,56102.8355295715,2025-08-03 21:36:56.000190,2025-08-03 21:40:12.379407,0 days 00:03:16.379217,4.178882299267926,25,30,COMPLETE
562,59282.243770723275,2025-08-03 21:36:56.001514,2025-08-03 21:40:18.343415,0 days 00:03:22.341901,4.22268067484786,25,29,COMPLETE
563,17002.67951194082,2025-08-03 21:36:56.005137,2025-08-03 21:38:45.228730,0 days 00:01:49.223593,4.2272602890911966,23,29,COMPLETE
564,23912.160667914206,2025-08-03 21:36:56.008125,2025-08-03 21:41:35.597660,0 days 00:04:39.589535,4.264281428906597,24,30,COMPLETE
565,17002.67951194082,2025-08-03 21:36:56.009754,2025-08-03 21:38:45.030505,0 days 00:01:49.020751,4.211375776991791,23,29,COMPLETE
566,59282.243770723275,2025-08-03 21:36:56.018487,2025-08-03 21:40:13.674837,0 days 00:03:17.656350,4.21866219030955,25,29,COMPLETE
567,23359.91386234827,2025-08-03 21:36:56.023085,2025-08-03 21:40:13.615321,0 days 00:03:17.592236,4.232792842664613,24,29,COMPLETE
568,28136.14891500434,2025-08-03 21:36:56.025988,2025-08-03 21:38:44.462004,0 days 00:01:48.436016,4.20135920517538,24,32,COMPLETE
569,59282.243770723275,2025-08-03 21:36:56.029342,2025-08-03 21:41:33.403116,0 days 00:04:37.373774,4.214862040944014,25,29,COMPLETE
570,19911.302293383305,2025-08-03 21:36:56.032592,2025-08-03 21:40:16.394804,0 days 00:03:20.362212,4.174400820117433,23,30,COMPLETE
571,19804.349276562836,2025-08-03 21:36:56.034613,2025-08-03 21:40:13.109963,0 days 00:03:17.075350,4.233769101967833,25,50,COMPLETE
572,23193.680643773503,2025-08-03 21:36:56.041210,2025-08-03 21:38:48.269929,0 days 00:01:52.228719,4.247309179797944,24,30,COMPLETE
573,22926.913597887815,2025-08-03 21:36:56.045934,2025-08-03 21:40:15.779861,0 days 00:03:19.733927,4.217878006255477,24,29,COMPLETE
574,37720.41260747239,2025-08-03 21:36:56.049032,2025-08-03 21:40:17.252668,0 days 00:03:21.203636,4.286826548670523,25,29,COMPLETE
575,58879.14317760667,2025-08-03 21:36:56.053929,2025-08-03 21:38:47.221691,0 days 00:01:51.167762,4.232062203680392,25,30,COMPLETE
576,59282.243770723275,2025-08-03 21:36:56.055465,2025-08-03 21:40:17.556375,0 days 00:03:21.500910,4.211703638497881,25,29,COMPLETE
577,39465.86240810328,2025-08-03 21:36:56.075555,2025-08-03 21:40:17.061784,0 days 00:03:20.986229,4.2699912082981815,25,30,COMPLETE
578,59282.243770723275,2025-08-03 21:36:56.084203,2025-08-03 21:40:18.911958,0 days 00:03:22.827755,4.200772227288289,25,29,COMPLETE
579,59282.243770723275,2025-08-03 21:36:56.119163,2025-08-03 21:40:15.819030,0 days 00:03:19.699867,4.214543758985609,25,29,COMPLETE
580,11579.20913374584,2025-08-03 21:36:56.145264,2025-08-03 21:40:14.171728,0 days 00:03:18.026464,4.219301130613819,24,50,COMPLETE
581,23193.680643773503,2025-08-03 21:36:56.146901,2025-08-03 21:40:18.979176,0 days 00:03:22.832275,4.25622912786762,24,30,COMPLETE
582,28751.30021713913,2025-08-03 21:36:56.185866,2025-08-03 21:42:09.240190,0 days 00:05:13.054324,4.198336999449229,24,29,COMPLETE
583,23193.680643773503,2025-08-03 21:36:56.233034,2025-08-03 21:38:43.167869,0 days 00:01:46.934835,4.229264512022243,24,30,COMPLETE
584,58879.14317760667,2025-08-03 21:36:56.234948,2025-08-03 21:38:47.135705,0 days 00:01:50.900757,4.2216288381487415,25,30,COMPLETE
585,18891.972466451414,2025-08-03 21:36:56.241551,2025-08-03 21:41:35.483720,0 days 00:04:39.242169,4.198777760252058,23,29,COMPLETE
586,59282.243770723275,2025-08-03 21:36:56.248280,2025-08-03 21:40:18.088566,0 days 00:03:21.840286,4.22570757754077,25,29,COMPLETE
587,18814.0810189771,2025-08-03 21:36:56.249546,2025-08-03 21:40:17.963587,0 days 00:03:21.714041,4.181952236571605,25,50,COMPLETE
588,59282.243770723275,2025-08-03 21:36:56.255555,2025-08-03 21:41:39.955523,0 days 00:04:43.699968,4.222713313148645,25,29,COMPLETE
589,23359.91386234827,2025-08-03 21:36:56.272311,2025-08-03 21:42:09.427171,0 days 00:05:13.154860,4.235140179359613,24,29,COMPLETE
590,59282.243770723275,2025-08-03 21:36:56.278591,2025-08-03 21:38:48.668892,0 days 00:01:52.390301,4.225703023982079,25,29,COMPLETE
591,61052.24422493007,2025-08-03 21:36:56.307879,2025-08-03 21:38:47.440762,0 days 00:01:51.132883,4.215678742538112,25,28,COMPLETE
592,39780.99344311731,2025-08-03 21:36:56.348751,2025-08-03 21:40:19.721397,0 days 00:03:23.372646,4.253616044540725,25,28,COMPLETE
593,18275.118633238864,2025-08-03 21:36:56.355098,2025-08-03 21:40:20.496690,0 days 00:03:24.141592,4.225114274212941,23,30,COMPLETE
594,23193.680643773503,2025-08-03 21:36:56.372900,2025-08-03 21:40:20.595320,0 days 00:03:24.222420,4.242452256647288,24,30,COMPLETE
595,59282.243770723275,2025-08-03 21:36:56.402215,2025-08-03 21:41:38.290131,0 days 00:04:41.887916,4.186487376964546,25,29,COMPLETE
596,59282.243770723275,2025-08-03 21:36:56.426878,2025-08-03 21:41:37.986094,0 days 00:04:41.559216,4.216817293251634,25,29,COMPLETE
597,58879.14317760667,2025-08-03 21:36:56.455857,2025-08-03 21:37:49.460119,0 days 00:00:53.004262,4.236530894039161,25,30,COMPLETE
598,58879.14317760667,2025-08-03 21:36:56.511744,2025-08-03 21:40:18.388204,0 days 00:03:21.876460,4.2245907574079755,25,30,COMPLETE
599,58879.14317760667,2025-08-03 21:36:56.592757,2025-08-03 21:40:20.541356,0 days 00:03:23.948599,4.223715271600364,25,30,COMPLETE
600,39203.03110167428,2025-08-03 21:36:56.625486,2025-08-03 21:40:18.264422,0 days 00:03:21.638936,4.262092202938209,25,29,COMPLETE
601,59282.243770723275,2025-08-03 21:36:56.710985,2025-08-03 21:40:20.208323,0 days 00:03:23.497338,4.224862703337733,25,29,COMPLETE
602,61052.24422493007,2025-08-03 21:36:56.763578,2025-08-03 21:42:12.186046,0 days 00:05:15.422468,4.241890640079433,25,28,COMPLETE
603,57850.39844482371,2025-08-03 21:36:56.768543,2025-08-03 21:38:45.964125,0 days 00:01:49.195582,4.2504143925359426,25,30,COMPLETE
604,39780.99344311731,2025-08-03 21:36:56.773002,2025-08-03 21:40:22.293337,0 days 00:03:25.520335,4.262023688545643,25,28,COMPLETE
605,23359.91386234827,2025-08-03 21:36:56.774744,2025-08-03 21:42:10.690732,0 days 00:05:13.915988,4.2269724669710085,24,29,COMPLETE
606,14308.414689242534,2025-08-03 21:36:56.776365,2025-08-03 21:40:18.794438,0 days 00:03:22.018073,4.212357406203315,6,29,COMPLETE
607,35697.975189333505,2025-08-03 21:36:56.778976,2025-08-03 21:38:50.843187,0 days 00:01:54.064211,3.785565616110434,23,30,COMPLETE
608,23359.91386234827,2025-08-03 21:36:56.780200,2025-08-03 21:42:10.517813,0 days 00:05:13.737613,4.228439318879156,24,29,COMPLETE
609,22926.913597887815,2025-08-03 21:36:56.781867,2025-08-03 21:40:19.470733,0 days 00:03:22.688866,4.219746181865457,24,29,COMPLETE
610,23359.91386234827,2025-08-03 21:36:56.784279,2025-08-03 21:40:22.655671,0 days 00:03:25.871392,4.229184443890548,24,29,COMPLETE
611,22926.913597887815,2025-08-03 21:36:56.785837,2025-08-03 21:37:50.523285,0 days 00:00:53.737448,4.218095968599851,24,29,COMPLETE
612,23359.91386234827,2025-08-03 21:36:56.792231,2025-08-03 21:40:22.794423,0 days 00:03:26.002192,4.254314551698576,24,29,COMPLETE
613,17002.67951194082,2025-08-03 21:36:56.800924,2025-08-03 21:38:53.459368,0 days 00:01:56.658444,4.211275712541955,23,29,COMPLETE
614,23359.91386234827,2025-08-03 21:36:56.802639,2025-08-03 21:41:42.985896,0 days 00:04:46.183257,4.22691279516999,24,29,COMPLETE
615,19947.13207036324,2025-08-03 21:36:56.804368,2025-08-03 21:40:22.395870,0 days 00:03:25.591502,4.185858520459294,23,29,COMPLETE
616,51846.88637232451,2025-08-03 21:36:56.806128,2025-08-03 21:40:23.052295,0 days 00:03:26.246167,4.164443347157114,24,30,COMPLETE
617,18070.24224527033,2025-08-03 21:36:56.811616,2025-08-03 21:41:39.631580,0 days 00:04:42.819964,4.170222703915755,24,49,COMPLETE
618,23193.680643773503,2025-08-03 21:36:56.813624,2025-08-03 21:40:22.193875,0 days 00:03:25.380251,4.223540475038718,24,30,COMPLETE
619,19947.13207036324,2025-08-03 21:36:56.815180,2025-08-03 21:42:08.402792,0 days 00:05:11.587612,4.178285743893183,23,29,COMPLETE
620,23359.91386234827,2025-08-03 21:36:56.819786,2025-08-03 21:38:51.555068,0 days 00:01:54.735282,4.237886592434008,24,29,COMPLETE
621,53496.1645771929,2025-08-03 21:36:56.822856,2025-08-03 21:42:11.619498,0 days 00:05:14.796642,4.187024660757811,24,28,COMPLETE
622,14308.414689242534,2025-08-03 21:36:56.824727,2025-08-03 21:41:36.801062,0 days 00:04:39.976335,4.213619980661303,6,29,COMPLETE
623,59282.243770723275,2025-08-03 21:36:56.834058,2025-08-03 21:37:53.270210,0 days 00:00:56.436152,4.226392257883708,25,29,COMPLETE
624,24089.817510568944,2025-08-03 21:36:56.836731,2025-08-03 21:41:39.120104,0 days 00:04:42.283373,4.223725688747293,24,28,COMPLETE
625,23359.91386234827,2025-08-03 21:36:56.838906,2025-08-03 21:40:22.704676,0 days 00:03:25.865770,4.244523033054375,24,29,COMPLETE
626,9246.305047152402,2025-08-03 21:36:56.843614,2025-08-03 21:38:54.708171,0 days 00:01:57.864557,4.2387715107303965,23,49,COMPLETE
627,51846.88637232451,2025-08-03 21:36:56.851203,2025-08-03 21:41:38.738059,0 days 00:04:41.886856,4.1710746071776414,24,30,COMPLETE
628,28953.3866378507,2025-08-03 21:36:56.870430,2025-08-03 21:41:35.969678,0 days 00:04:39.099248,3.916106267215298,24,29,COMPLETE
629,9831.58457647004,2025-08-03 21:36:56.895653,2025-08-03 21:40:28.011296,0 days 00:03:31.115643,4.225234823745236,5,28,COMPLETE
630,22926.913597887815,2025-08-03 21:36:56.903651,2025-08-03 21:38:52.585920,0 days 00:01:55.682269,4.21004772512892,24,29,COMPLETE
631,23193.680643773503,2025-08-03 21:36:56.910068,2025-08-03 21:38:52.287211,0 days 00:01:55.377143,4.252702526487148,24,30,COMPLETE
632,23359.91386234827,2025-08-03 21:36:56.917851,2025-08-03 21:38:55.421841,0 days 00:01:58.503990,4.232078136394195,24,29,COMPLETE
633,24083.16229227306,2025-08-03 21:36:56.934444,2025-08-03 21:40:27.328422,0 days 00:03:30.393978,4.262266708409252,23,29,COMPLETE
634,23193.680643773503,2025-08-03 21:36:56.953658,2025-08-03 21:38:59.324180,0 days 00:02:02.370522,4.228821988208255,24,30,COMPLETE
635,24083.16229227306,2025-08-03 21:36:56.973256,2025-08-03 21:40:27.214279,0 days 00:03:30.241023,4.26985825681809,24,29,COMPLETE
636,23794.92300379505,2025-08-03 21:36:57.015102,2025-08-03 21:38:54.019558,0 days 00:01:57.004456,4.251522728084721,23,28,COMPLETE
637,53207.16168400357,2025-08-03 21:36:57.058978,2025-08-03 21:40:26.511681,0 days 00:03:29.452703,4.183796892793448,24,31,COMPLETE
638,17007.510020554084,2025-08-03 21:36:57.065923,2025-08-03 21:41:37.668987,0 days 00:04:40.603064,4.204396970329874,23,28,COMPLETE
639,23359.91386234827,2025-08-03 21:36:57.101128,2025-08-03 21:41:40.360792,0 days 00:04:43.259664,4.23573805797508,24,29,COMPLETE
640,22926.913597887815,2025-08-03 21:36:57.117147,2025-08-03 21:38:53.876255,0 days 00:01:56.759108,4.213588640725561,24,29,COMPLETE
641,23073.31814777485,2025-08-03 21:36:57.141045,2025-08-03 21:41:46.169767,0 days 00:04:49.028722,4.249034631435649,23,29,COMPLETE
642,10718.357681994832,2025-08-03 21:36:57.154115,2025-08-03 21:38:57.232266,0 days 00:02:00.078151,4.196937711835793,23,50,COMPLETE
643,23359.91386234827,2025-08-03 21:36:57.259643,2025-08-03 21:40:26.242480,0 days 00:03:28.982837,4.246884838047241,24,29,COMPLETE
644,12298.42997706452,2025-08-03 21:36:57.287739,2025-08-03 21:38:56.744458,0 days 00:01:59.456719,4.273579868342555,6,30,COMPLETE
645,23359.91386234827,2025-08-03 21:36:57.403963,2025-08-03 21:40:25.277558,0 days 00:03:27.873595,4.248261142159475,24,29,COMPLETE
646,22926.913597887815,2025-08-03 21:36:57.467367,2025-08-03 21:42:13.315451,0 days 00:05:15.848084,4.2090850446456605,24,29,COMPLETE
647,22926.913597887815,2025-08-03 21:36:57.479068,2025-08-03 21:42:11.109141,0 days 00:05:13.630073,4.208199466699046,24,29,COMPLETE
648,16781.513351464513,2025-08-03 21:36:57.522242,2025-08-03 21:38:55.072723,0 days 00:01:57.550481,4.2242364362994245,24,39,COMPLETE
649,36202.03697932502,2025-08-03 21:36:57.528864,2025-08-03 21:40:28.098571,0 days 00:03:30.569707,3.82242231775251,24,30,COMPLETE
650,22763.535432265053,2025-08-03 21:36:57.555932,2025-08-03 21:37:53.920500,0 days 00:00:56.364568,4.2045179209017265,24,30,COMPLETE
651,18148.865215026948,2025-08-03 21:36:57.586183,2025-08-03 21:41:39.948536,0 days 00:04:42.362353,4.241194270803761,22,29,COMPLETE
652,30815.04111377444,2025-08-03 21:36:57.626533,2025-08-03 21:40:27.126920,0 days 00:03:29.500387,4.198829684985288,24,30,COMPLETE
653,23359.91386234827,2025-08-03 21:36:57.662054,2025-08-03 21:38:59.968360,0 days 00:02:02.306306,4.23330027576377,24,29,COMPLETE
654,23193.680643773503,2025-08-03 21:36:57.679524,2025-08-03 21:41:41.364722,0 days 00:04:43.685198,4.228250798134111,24,30,COMPLETE
655,24083.16229227306,2025-08-03 21:36:57.710326,2025-08-03 21:40:27.879240,0 days 00:03:30.168914,4.2816863672752525,23,29,COMPLETE
656,55775.31993146326,2025-08-03 21:36:57.714963,2025-08-03 21:39:00.368425,0 days 00:02:02.653462,4.237968515179549,28,29,COMPLETE
657,44651.68809917987,2025-08-03 21:36:57.717569,2025-08-03 21:39:00.207334,0 days 00:02:02.489765,4.2363025270246615,29,30,COMPLETE
658,44651.68809917987,2025-08-03 21:36:57.719465,2025-08-03 21:42:11.032349,0 days 00:05:13.312884,4.2292490503591305,29,30,COMPLETE
659,45619.40701478066,2025-08-03 21:36:57.721206,2025-08-03 21:39:00.725764,0 days 00:02:03.004558,4.235162943458579,29,28,COMPLETE
660,41044.27098800963,2025-08-03 21:36:57.723418,2025-08-03 21:41:40.131349,0 days 00:04:42.407931,4.199843246026938,29,29,COMPLETE
661,47845.62310828157,2025-08-03 21:36:57.730330,2025-08-03 21:41:43.075946,0 days 00:04:45.345616,4.269911770308592,29,30,COMPLETE
662,53383.15881368369,2025-08-03 21:36:57.732158,2025-08-03 21:42:12.471025,0 days 00:05:14.738867,4.241326656858245,28,32,COMPLETE
663,19498.510260008432,2025-08-03 21:36:57.733759,2025-08-03 21:38:57.313052,0 days 00:01:59.579293,4.239557098828494,22,30,COMPLETE
664,19498.510260008432,2025-08-03 21:36:57.734911,2025-08-03 21:40:28.513447,0 days 00:03:30.778536,4.248092419111098,22,30,COMPLETE
665,44960.35494003617,2025-08-03 21:36:57.739242,2025-08-03 21:40:28.343335,0 days 00:03:30.604093,4.231738942669021,29,29,COMPLETE
666,48175.48942627302,2025-08-03 21:36:57.742454,2025-08-03 21:41:40.079477,0 days 00:04:42.337023,4.275804856482479,29,29,COMPLETE
667,39561.39889691578,2025-08-03 21:36:57.744944,2025-08-03 21:41:40.154428,0 days 00:04:42.409484,4.2497300859820255,29,28,COMPLETE
668,40761.42544096094,2025-08-03 21:36:57.746928,2025-08-03 21:40:30.435841,0 days 00:03:32.688913,4.199186690513196,29,30,COMPLETE
669,17002.67951194082,2025-08-03 21:36:57.748846,2025-08-03 21:40:28.177171,0 days 00:03:30.428325,4.216410539098895,22,29,COMPLETE
670,45619.40701478066,2025-08-03 21:36:57.751179,2025-08-03 21:40:31.372959,0 days 00:03:33.621780,4.231739145470304,29,28,COMPLETE
671,17548.68769575911,2025-08-03 21:36:57.752972,2025-08-03 21:40:27.466794,0 days 00:03:29.713822,4.222989513540265,22,28,COMPLETE
672,43911.61632002368,2025-08-03 21:36:57.754799,2025-08-03 21:40:30.426560,0 days 00:03:32.671761,4.190750118442487,28,29,COMPLETE
673,14887.694376969168,2025-08-03 21:36:57.757356,2025-08-03 21:40:31.641407,0 days 00:03:33.884051,4.202923578255716,22,49,COMPLETE
674,45190.32515199729,2025-08-03 21:36:57.762481,2025-08-03 21:40:31.216578,0 days 00:03:33.454097,4.202218398394562,29,29,COMPLETE
675,45619.40701478066,2025-08-03 21:36:57.763759,2025-08-03 21:40:30.434422,0 days 00:03:32.670663,4.242503143625482,29,28,COMPLETE
676,50296.99100197822,2025-08-03 21:36:57.764873,2025-08-03 21:40:30.425611,0 days 00:03:32.660738,4.290262497268636,28,28,COMPLETE
677,41044.27098800963,2025-08-03 21:36:57.769769,2025-08-03 21:39:01.886428,0 days 00:02:04.116659,4.19808562245052,29,29,COMPLETE
678,44582.852524895316,2025-08-03 21:36:57.770784,2025-08-03 21:40:30.131435,0 days 00:03:32.360651,4.199597195006249,28,29,COMPLETE
679,56586.63414751104,2025-08-03 21:36:57.776192,2025-08-03 21:38:59.254936,0 days 00:02:01.478744,4.227358901490406,28,28,COMPLETE
680,15214.80878555216,2025-08-03 21:36:57.778276,2025-08-03 21:41:45.407190,0 days 00:04:47.628914,3.7434699662189304,29,29,COMPLETE
681,45190.32515199729,2025-08-03 21:36:57.781028,2025-08-03 21:41:41.912258,0 days 00:04:44.131230,4.216209144948896,29,29,COMPLETE
682,44960.35494003617,2025-08-03 21:36:57.782398,2025-08-03 21:39:00.663785,0 days 00:02:02.881387,4.233861317444924,29,29,COMPLETE
683,45190.32515199729,2025-08-03 21:36:57.785024,2025-08-03 21:41:41.358351,0 days 00:04:43.573327,4.222838124651577,29,29,COMPLETE
684,44960.35494003617,2025-08-03 21:36:57.787129,2025-08-03 21:41:40.287462,0 days 00:04:42.500333,4.235811459191079,29,29,COMPLETE
685,45190.32515199729,2025-08-03 21:36:57.795543,2025-08-03 21:37:56.685997,0 days 00:00:58.890454,4.220251154376287,29,29,COMPLETE
686,55775.31993146326,2025-08-03 21:36:57.798241,2025-08-03 21:39:04.858890,0 days 00:02:07.060649,4.236456863387948,28,29,COMPLETE
687,21625.29257303605,2025-08-03 21:36:57.801695,2025-08-03 21:40:30.870527,0 days 00:03:33.068832,4.201823988624583,22,28,COMPLETE
688,44651.68809917987,2025-08-03 21:36:57.807240,2025-08-03 21:39:04.909441,0 days 00:02:07.102201,4.2383095714663845,29,30,COMPLETE
689,37341.78539471254,2025-08-03 21:36:57.813890,2025-08-03 21:41:45.901685,0 days 00:04:48.087795,3.7955320706660745,22,29,COMPLETE
690,40211.143945982134,2025-08-03 21:36:57.815553,2025-08-03 21:39:04.295637,0 days 00:02:06.480084,4.182651349707634,29,30,COMPLETE
691,45190.32515199729,2025-08-03 21:36:57.819005,2025-08-03 21:39:02.714751,0 days 00:02:04.895746,4.213561336033017,29,29,COMPLETE
692,18275.118633238864,2025-08-03 21:36:57.822324,2025-08-03 21:40:34.490766,0 days 00:03:36.668442,4.223354647112523,22,30,COMPLETE
693,18889.178508397534,2025-08-03 21:36:57.826637,2025-08-03 21:40:32.288646,0 days 00:03:34.462009,4.273765942801611,22,30,COMPLETE
694,44960.35494003617,2025-08-03 21:36:57.835175,2025-08-03 21:40:34.355425,0 days 00:03:36.520250,4.2434283972465305,29,29,COMPLETE
695,45852.61494012655,2025-08-03 21:36:57.838725,2025-08-03 21:41:42.078481,0 days 00:04:44.239756,4.206708995256899,29,28,COMPLETE
696,18148.865215026948,2025-08-03 21:36:57.840368,2025-08-03 21:39:09.948438,0 days 00:02:12.108070,4.238610468692079,22,29,COMPLETE
697,44960.35494003617,2025-08-03 21:36:57.844587,2025-08-03 21:41:46.042743,0 days 00:04:48.198156,4.224629712855723,29,29,COMPLETE
698,39603.103685085895,2025-08-03 21:36:57.849601,2025-08-03 21:40:34.554871,0 days 00:03:36.705270,4.160768459046625,29,30,COMPLETE
699,19487.19849887608,2025-08-03 21:36:57.851501,2025-08-03 21:40:32.961735,0 days 00:03:35.110234,4.215516433801353,22,29,COMPLETE
700,17002.67951194082,2025-08-03 21:36:57.855398,2025-08-03 21:39:07.722605,0 days 00:02:09.867207,4.223087270780987,22,29,COMPLETE
701,20926.97916944497,2025-08-03 21:36:57.902726,2025-08-03 21:41:42.972906,0 days 00:04:45.070180,4.210897479932293,22,30,COMPLETE
702,44960.35494003617,2025-08-03 21:36:57.971931,2025-08-03 21:42:11.106528,0 days 00:05:13.134597,4.225614785180258,29,29,COMPLETE
703,18148.865215026948,2025-08-03 21:36:57.984851,2025-08-03 21:39:04.627608,0 days 00:02:06.642757,4.247221158595588,22,29,COMPLETE
704,9801.47906236011,2025-08-03 21:36:58.014485,2025-08-03 21:40:35.264148,0 days 00:03:37.249663,4.248843258390108,5,29,COMPLETE
705,45619.40701478066,2025-08-03 21:36:58.022424,2025-08-03 21:41:45.238433,0 days 00:04:47.216009,4.2279743854676175,29,28,COMPLETE
706,17002.67951194082,2025-08-03 21:36:58.049820,2025-08-03 21:39:07.839760,0 days 00:02:09.789940,4.2300318082541555,22,29,COMPLETE
707,44651.68809917987,2025-08-03 21:36:58.120103,2025-08-03 21:40:35.777893,0 days 00:03:37.657790,4.224503728705491,29,30,COMPLETE
708,9572.627644600918,2025-08-03 21:36:58.167521,2025-08-03 21:39:03.119976,0 days 00:02:04.952455,4.236166150048401,22,49,COMPLETE
709,31059.089836152576,2025-08-03 21:36:58.205191,2025-08-03 21:39:09.439668,0 days 00:02:11.234477,4.498658377972607,29,29,COMPLETE
710,15806.343501122123,2025-08-03 21:36:58.221540,2025-08-03 21:39:08.585534,0 days 00:02:10.363994,4.225333061942465,29,50,COMPLETE
711,16892.97506526729,2025-08-03 21:36:58.253450,2025-08-03 21:41:44.948124,0 days 00:04:46.694674,3.723434114510289,29,29,COMPLETE
712,17002.67951194082,2025-08-03 21:36:58.255187,2025-08-03 21:40:36.380118,0 days 00:03:38.124931,4.213903096421877,23,29,COMPLETE
713,18148.865215026948,2025-08-03 21:36:58.256402,2025-08-03 21:40:33.748943,0 days 00:03:35.492541,4.264880636567064,22,29,COMPLETE
714,17002.67951194082,2025-08-03 21:36:58.305764,2025-08-03 21:40:35.374740,0 days 00:03:37.068976,4.23473084393278,22,29,COMPLETE
715,19487.19849887608,2025-08-03 21:36:58.359996,2025-08-03 21:41:47.216743,0 days 00:04:48.856747,4.212594719456377,22,29,COMPLETE
716,18785.006756580977,2025-08-03 21:36:58.430405,2025-08-03 21:41:49.324967,0 days 00:04:50.894562,4.223171375757707,23,31,COMPLETE
717,17002.67951194082,2025-08-03 21:36:58.513832,2025-08-03 21:40:36.788299,0 days 00:03:38.274467,4.231085417582521,22,29,COMPLETE
718,17019.515653851646,2025-08-03 21:36:58.537941,2025-08-03 21:37:34.016118,0 days 00:00:35.478177,4.278067249987255,29,49,COMPLETE
719,20926.97916944497,2025-08-03 21:36:58.545392,2025-08-03 21:39:10.172953,0 days 00:02:11.627561,4.205554238626314,22,30,COMPLETE
720,44960.35494003617,2025-08-03 21:36:58.566808,2025-08-03 21:42:12.370123,0 days 00:05:13.803315,4.232993107046341,29,29,COMPLETE
721,45190.32515199729,2025-08-03 21:36:58.575581,2025-08-03 21:42:10.769861,0 days 00:05:12.194280,4.2198223597140965,29,29,COMPLETE
722,55775.31993146326,2025-08-03 21:36:58.583095,2025-08-03 21:39:12.037317,0 days 00:02:13.454222,4.212615238326001,28,29,COMPLETE
723,44960.35494003617,2025-08-03 21:36:58.584915,2025-08-03 21:41:44.340568,0 days 00:04:45.755653,4.223717137261074,29,29,COMPLETE
724,48852.91807285243,2025-08-03 21:36:58.588117,2025-08-03 21:39:09.804415,0 days 00:02:11.216298,4.287472498339472,29,29,COMPLETE
725,45190.32515199729,2025-08-03 21:36:58.614517,2025-08-03 21:41:46.663178,0 days 00:04:48.048661,4.2070799970159785,29,29,COMPLETE
726,18785.006756580977,2025-08-03 21:36:58.667513,2025-08-03 21:41:46.102747,0 days 00:04:47.435234,4.231862485957341,23,31,COMPLETE
727,56586.63414751104,2025-08-03 21:36:58.672218,2025-08-03 21:39:14.135474,0 days 00:02:15.463256,4.225479663655783,28,28,COMPLETE
728,45190.32515199729,2025-08-03 21:36:58.674176,2025-08-03 21:42:12.871125,0 days 00:05:14.196949,4.21319439001837,29,29,COMPLETE
729,30660.68566131601,2025-08-03 21:36:58.680252,2025-08-03 21:39:15.116018,0 days 00:02:16.435766,4.2271246290440985,29,39,COMPLETE
730,40597.319935575455,2025-08-03 21:36:58.684193,2025-08-03 21:40:40.015355,0 days 00:03:41.331162,4.162243198065108,28,29,COMPLETE
731,13351.269069350281,2025-08-03 21:36:58.686577,2025-08-03 21:40:36.786483,0 days 00:03:38.099906,4.218479219665593,14,30,COMPLETE
732,45190.32515199729,2025-08-03 21:36:58.690087,2025-08-03 21:40:36.314477,0 days 00:03:37.624390,4.211415412321839,29,29,COMPLETE
733,44880.141967650176,2025-08-03 21:36:58.692010,2025-08-03 21:41:47.932046,0 days 00:04:49.240036,4.212453080720251,29,30,COMPLETE
734,44400.59852802006,2025-08-03 21:36:58.693385,2025-08-03 21:40:41.046452,0 days 00:03:42.353067,4.192875527834608,24,29,COMPLETE
735,49233.91726392601,2025-08-03 21:36:58.699183,2025-08-03 21:40:38.423677,0 days 00:03:39.724494,4.289083439701254,28,30,COMPLETE
736,41648.18915075974,2025-08-03 21:36:58.704736,2025-08-03 21:40:43.089236,0 days 00:03:44.384500,4.192739557594232,29,28,COMPLETE
737,12470.38536353375,2025-08-03 21:36:58.706250,2025-08-03 21:41:48.329484,0 days 00:04:49.623234,4.256022302883381,14,29,COMPLETE
738,40597.319935575455,2025-08-03 21:36:58.707504,2025-08-03 21:39:12.369943,0 days 00:02:13.662439,4.15296514218587,28,29,COMPLETE
739,22908.97508402769,2025-08-03 21:36:58.711011,2025-08-03 21:41:50.151800,0 days 00:04:51.440789,4.245663314735851,23,30,COMPLETE
740,13426.895890501815,2025-08-03 21:36:58.715734,2025-08-03 21:42:12.525500,0 days 00:05:13.809766,4.243450242243286,14,30,COMPLETE
741,11717.218820640719,2025-08-03 21:36:58.717151,2025-08-03 21:39:16.095812,0 days 00:02:17.378661,4.192251395544163,14,29,COMPLETE
742,12460.24351321222,2025-08-03 21:36:58.719698,2025-08-03 21:40:39.482662,0 days 00:03:40.762964,4.249686478245344,14,29,COMPLETE
743,38986.45242852881,2025-08-03 21:36:58.721357,2025-08-03 21:40:39.505533,0 days 00:03:40.784176,4.246058565490365,29,29,COMPLETE
744,19887.172597543806,2025-08-03 21:36:58.726059,2025-08-03 21:41:49.860323,0 days 00:04:51.134264,4.2290572682029515,28,49,COMPLETE
745,55775.31993146326,2025-08-03 21:36:58.729288,2025-08-03 21:40:40.636411,0 days 00:03:41.907123,4.235176546870213,28,29,COMPLETE
746,44960.35494003617,2025-08-03 21:36:58.730582,2025-08-03 21:40:44.172430,0 days 00:03:45.441848,4.2268429384187804,29,29,COMPLETE
747,17002.67951194082,2025-08-03 21:36:58.737011,2025-08-03 21:40:41.706823,0 days 00:03:42.969812,4.221569414986322,23,29,COMPLETE
748,44582.852524895316,2025-08-03 21:36:58.743784,2025-08-03 21:40:41.789833,0 days 00:03:43.046049,4.2025237917938485,28,29,COMPLETE
749,44960.35494003617,2025-08-03 21:36:58.746576,2025-08-03 21:39:16.764960,0 days 00:02:18.018384,4.235132274585516,29,29,COMPLETE
750,45190.32515199729,2025-08-03 21:36:58.750230,2025-08-03 21:40:47.346099,0 days 00:03:48.595869,4.210835535328456,29,29,COMPLETE
751,48175.48942627302,2025-08-03 21:36:58.754015,2025-08-03 21:40:42.208462,0 days 00:03:43.454447,4.256969242790433,29,29,COMPLETE
752,55775.31993146326,2025-08-03 21:36:58.756290,2025-08-03 21:41:53.870747,0 days 00:04:55.114457,4.236053734688788,28,29,COMPLETE
753,44960.35494003617,2025-08-03 21:36:58.757579,2025-08-03 21:40:43.986373,0 days 00:03:45.228794,4.230170711871432,29,29,COMPLETE
754,48175.48942627302,2025-08-03 21:36:58.760502,2025-08-03 21:40:43.413633,0 days 00:03:44.653131,4.25529004223465,29,29,COMPLETE
755,50296.99100197822,2025-08-03 21:36:58.763072,2025-08-03 21:39:18.548592,0 days 00:02:19.785520,4.283849114233803,28,28,COMPLETE
756,48250.63024290356,2025-08-03 21:36:58.768430,2025-08-03 21:39:18.634546,0 days 00:02:19.866116,4.273816386304164,28,29,COMPLETE
757,12944.451421596465,2025-08-03 21:36:58.772855,2025-08-03 21:42:12.439906,0 days 00:05:13.667051,4.2301154957633695,15,29,COMPLETE
758,44651.68809917987,2025-08-03 21:36:58.775153,2025-08-03 21:39:22.614241,0 days 00:02:23.839088,4.238440546718907,29,30,COMPLETE
759,44960.35494003617,2025-08-03 21:36:58.781351,2025-08-03 21:40:43.027180,0 days 00:03:44.245829,4.227600814695581,29,29,COMPLETE
760,15214.80878555216,2025-08-03 21:36:58.782930,2025-08-03 21:41:50.339665,0 days 00:04:51.556735,3.777901420468814,29,29,COMPLETE
761,19780.87195203281,2025-08-03 21:36:58.784080,2025-08-03 21:42:11.094252,0 days 00:05:12.310172,4.258560962674263,28,49,COMPLETE
762,55775.31993146326,2025-08-03 21:36:58.788761,2025-08-03 21:40:45.816081,0 days 00:03:47.027320,4.231290985716448,28,29,COMPLETE
763,13760.144132948091,2025-08-03 21:36:58.791458,2025-08-03 21:39:18.936120,0 days 00:02:20.144662,4.188143404585723,14,28,COMPLETE
764,55775.31993146326,2025-08-03 21:36:58.793759,2025-08-03 21:41:48.250485,0 days 00:04:49.456726,4.239447362535671,28,29,COMPLETE
765,45619.40701478066,2025-08-03 21:36:58.797687,2025-08-03 21:40:46.604497,0 days 00:03:47.806810,4.225664114199734,29,28,COMPLETE
766,44651.68809917987,2025-08-03 21:36:58.799578,2025-08-03 21:39:24.078532,0 days 00:02:25.278954,4.240387468727995,29,30,COMPLETE
767,24083.16229227306,2025-08-03 21:36:58.802135,2025-08-03 21:40:45.822516,0 days 00:03:47.020381,4.263623635142244,23,29,COMPLETE
768,49572.99826854241,2025-08-03 21:36:58.806468,2025-08-03 21:40:46.467133,0 days 00:03:47.660665,4.2850383577338675,28,29,COMPLETE
769,39603.103685085895,2025-08-03 21:36:58.807450,2025-08-03 21:40:49.849677,0 days 00:03:51.042227,4.167568888254213,29,30,COMPLETE
770,24089.817510568944,2025-08-03 21:36:58.822836,2025-08-03 21:41:51.405523,0 days 00:04:52.582687,4.221601208030231,24,28,COMPLETE
771,12389.391269348116,2025-08-03 21:36:58.824535,2025-08-03 21:41:54.316852,0 days 00:04:55.492317,4.228090997382492,14,29,COMPLETE
772,55395.342977753375,2025-08-03 21:36:58.826258,2025-08-03 21:40:51.063157,0 days 00:03:52.236899,4.242615284830326,28,30,COMPLETE
773,44651.68809917987,2025-08-03 21:36:58.834088,2025-08-03 21:40:48.813400,0 days 00:03:49.979312,4.239270079268983,29,30,COMPLETE
774,45829.63511640717,2025-08-03 21:36:58.836290,2025-08-03 21:40:46.550684,0 days 00:03:47.714394,4.228469365775161,29,31,COMPLETE
775,12460.24351321222,2025-08-03 21:36:58.847883,2025-08-03 21:39:25.100202,0 days 00:02:26.252319,4.252433042983081,14,29,COMPLETE
776,15893.118551529136,2025-08-03 21:36:58.853078,2025-08-03 21:41:50.379681,0 days 00:04:51.526603,4.203997857561838,29,49,COMPLETE
777,55395.342977753375,2025-08-03 21:36:58.858804,2025-08-03 21:41:53.741399,0 days 00:04:54.882595,4.242458143612832,28,30,COMPLETE
778,15806.343501122123,2025-08-03 21:36:58.862708,2025-08-03 21:39:26.878633,0 days 00:02:28.015925,4.239329070642716,29,49,COMPLETE
779,15806.343501122123,2025-08-03 21:36:58.868644,2025-08-03 21:39:27.637739,0 days 00:02:28.769095,4.233839770204213,29,50,COMPLETE
780,23359.91386234827,2025-08-03 21:36:58.874878,2025-08-03 21:40:51.329108,0 days 00:03:52.454230,4.242674131276141,24,29,COMPLETE
781,23359.91386234827,2025-08-03 21:36:58.879033,2025-08-03 21:40:50.826246,0 days 00:03:51.947213,4.239951184966813,24,29,COMPLETE
782,12389.391269348116,2025-08-03 21:36:58.880327,2025-08-03 21:41:48.844980,0 days 00:04:49.964653,4.230850790110811,14,29,COMPLETE
783,16892.97506526729,2025-08-03 21:36:58.886920,2025-08-03 21:39:26.372170,0 days 00:02:27.485250,3.737508091149413,29,29,COMPLETE
784,45190.32515199729,2025-08-03 21:36:58.894581,2025-08-03 21:38:07.700375,0 days 00:01:08.805794,4.220872437725841,29,29,COMPLETE
785,45190.32515199729,2025-08-03 21:36:58.899003,2025-08-03 21:40:47.125258,0 days 00:03:48.226255,4.217808007199017,29,29,COMPLETE
786,12389.391269348116,2025-08-03 21:36:58.901254,2025-08-03 21:39:25.881290,0 days 00:02:26.980036,4.219947295590737,14,29,COMPLETE
787,38986.45242852881,2025-08-03 21:36:58.904365,2025-08-03 21:40:56.218685,0 days 00:03:57.314320,4.245041981669476,29,29,COMPLETE
788,14328.575590685703,2025-08-03 21:36:58.906741,2025-08-03 21:39:28.319408,0 days 00:02:29.412667,4.1726759369413715,29,50,COMPLETE
789,17002.67951194082,2025-08-03 21:36:58.921501,2025-08-03 21:40:51.536044,0 days 00:03:52.614543,4.2299992604448455,23,29,COMPLETE
790,24089.817510568944,2025-08-03 21:36:58.926692,2025-08-03 21:39:29.647403,0 days 00:02:30.720711,4.232971108434377,24,28,COMPLETE
791,23359.91386234827,2025-08-03 21:36:58.932992,2025-08-03 21:39:28.982404,0 days 00:02:30.049412,4.223602125340212,24,29,COMPLETE
792,24083.16229227306,2025-08-03 21:36:58.940846,2025-08-03 21:40:57.095257,0 days 00:03:58.154411,4.255565932997112,23,29,COMPLETE
793,55493.60321836313,2025-08-03 21:36:58.966921,2025-08-03 21:39:28.188579,0 days 00:02:29.221658,4.246332978504556,28,29,COMPLETE
794,56586.63414751104,2025-08-03 21:36:58.982395,2025-08-03 21:41:53.760666,0 days 00:04:54.778271,4.215810121186259,28,28,COMPLETE
795,13351.269069350281,2025-08-03 21:36:58.990325,2025-08-03 21:40:50.515625,0 days 00:03:51.525300,4.2252668293532265,14,30,COMPLETE
796,19947.13207036324,2025-08-03 21:36:59.051265,2025-08-03 21:40:55.973426,0 days 00:03:56.922161,4.166958120459367,23,29,COMPLETE
797,44960.35494003617,2025-08-03 21:36:59.097078,2025-08-03 21:39:33.648352,0 days 00:02:34.551274,4.239873547221583,29,29,COMPLETE
798,44651.68809917987,2025-08-03 21:36:59.181811,2025-08-03 21:38:11.020937,0 days 00:01:11.839126,4.243890209028452,29,30,COMPLETE
799,44880.141967650176,2025-08-03 21:36:59.227248,2025-08-03 21:40:53.161233,0 days 00:03:53.933985,4.219853331473302,29,30,COMPLETE
800,44880.141967650176,2025-08-03 21:36:59.228872,2025-08-03 21:38:12.201220,0 days 00:01:12.972348,4.21613727774065,29,30,COMPLETE
801,13351.269069350281,2025-08-03 21:36:59.267527,2025-08-03 21:39:30.190058,0 days 00:02:30.922531,4.2301923338154825,14,30,COMPLETE
802,41044.27098800963,2025-08-03 21:36:59.285351,2025-08-03 21:41:58.314375,0 days 00:04:59.029024,4.1860269005406385,29,29,COMPLETE
803,55493.60321836313,2025-08-03 21:36:59.286647,2025-08-03 21:41:50.216727,0 days 00:04:50.930080,4.254112693847863,28,29,COMPLETE
804,12926.738295115298,2025-08-03 21:36:59.372769,2025-08-03 21:39:33.314783,0 days 00:02:33.942014,4.201537508688542,14,29,COMPLETE
805,44276.67459860653,2025-08-03 21:36:59.374365,2025-08-03 21:41:50.316401,0 days 00:04:50.942036,4.200945787876111,28,30,COMPLETE
806,44700.17560500555,2025-08-03 21:36:59.435455,2025-08-03 21:40:54.441145,0 days 00:03:55.005690,4.168035244316248,28,29,COMPLETE
807,23073.31814777485,2025-08-03 21:36:59.464291,2025-08-03 21:39:31.578171,0 days 00:02:32.113880,4.242960510372164,23,29,COMPLETE
808,44960.35494003617,2025-08-03 21:36:59.490594,2025-08-03 21:42:13.205373,0 days 00:05:13.714779,4.237575391568535,29,29,COMPLETE
809,46063.8757195847,2025-08-03 21:36:59.521480,2025-08-03 21:40:57.306717,0 days 00:03:57.785237,4.215956398911859,29,31,COMPLETE
810,18275.118633238864,2025-08-03 21:36:59.522463,2025-08-03 21:41:53.046191,0 days 00:04:53.523728,4.226849562912984,23,30,COMPLETE
811,17002.67951194082,2025-08-03 21:36:59.554750,2025-08-03 21:38:15.112977,0 days 00:01:15.558227,4.2304094998820005,23,29,COMPLETE
812,13051.320896727128,2025-08-03 21:36:59.564151,2025-08-03 21:40:58.412122,0 days 00:03:58.847971,4.168212536510857,14,30,COMPLETE
813,55395.342977753375,2025-08-03 21:36:59.617782,2025-08-03 21:39:35.325061,0 days 00:02:35.707279,4.209023797915143,28,30,COMPLETE
814,23073.31814777485,2025-08-03 21:36:59.624335,2025-08-03 21:40:56.046381,0 days 00:03:56.422046,4.252608091497233,23,29,COMPLETE
815,17002.67951194082,2025-08-03 21:36:59.633799,2025-08-03 21:39:31.176566,0 days 00:02:31.542767,4.223502211721722,23,29,COMPLETE
816,17019.515653851646,2025-08-03 21:36:59.662564,2025-08-03 21:41:56.650096,0 days 00:04:56.987532,4.263396565361951,29,50,COMPLETE
817,48175.48942627302,2025-08-03 21:36:59.702436,2025-08-03 21:39:34.491324,0 days 00:02:34.788888,4.261028349333255,29,29,COMPLETE
818,48175.48942627302,2025-08-03 21:36:59.709199,2025-08-03 21:41:53.888190,0 days 00:04:54.178991,4.265778648229144,28,29,COMPLETE
819,17002.67951194082,2025-08-03 21:36:59.747273,2025-08-03 21:41:49.781521,0 days 00:04:50.034248,4.225143962095737,22,29,COMPLETE
820,15806.343501122123,2025-08-03 21:36:59.772677,2025-08-03 21:40:56.550630,0 days 00:03:56.777953,4.233055361744902,29,50,COMPLETE
821,13340.79891223719,2025-08-03 21:36:59.779892,2025-08-03 21:39:32.331866,0 days 00:02:32.551974,4.158367701301847,15,29,COMPLETE
822,25122.87350640881,2025-08-03 21:36:59.786373,2025-08-03 21:39:36.501373,0 days 00:02:36.715000,3.9101176420495714,29,28,COMPLETE
823,55775.31993146326,2025-08-03 21:36:59.815324,2025-08-03 21:39:35.761318,0 days 00:02:35.945994,4.2145508885873015,28,29,COMPLETE
824,18275.118633238864,2025-08-03 21:36:59.822810,2025-08-03 21:42:11.512839,0 days 00:05:11.690029,4.2203695292882974,23,30,COMPLETE
825,13552.20072696887,2025-08-03 21:36:59.831312,2025-08-03 21:41:03.625763,0 days 00:04:03.794451,4.245698401972713,29,50,COMPLETE
826,9173.065672799485,2025-08-03 21:36:59.840114,2025-08-03 21:39:38.520956,0 days 00:02:38.680842,4.217813697326416,15,50,COMPLETE
827,18275.118633238864,2025-08-03 21:36:59.841379,2025-08-03 21:39:38.168541,0 days 00:02:38.327162,4.23456154552891,23,30,COMPLETE
828,45829.63511640717,2025-08-03 21:36:59.847285,2025-08-03 21:41:55.048977,0 days 00:04:55.201692,4.23249991818497,29,31,COMPLETE
829,18454.25781003446,2025-08-03 21:36:59.852567,2025-08-03 21:41:54.861348,0 days 00:04:55.008781,4.280479551558377,22,29,COMPLETE
830,49104.472474388014,2025-08-03 21:36:59.853696,2025-08-03 21:41:02.866856,0 days 00:04:03.013160,4.25428607122344,29,31,COMPLETE
831,44761.422699774754,2025-08-03 21:36:59.856475,2025-08-03 21:40:57.941121,0 days 00:03:58.084646,4.180686162750304,28,31,COMPLETE
832,47845.62310828157,2025-08-03 21:36:59.859186,2025-08-03 21:39:38.527740,0 days 00:02:38.668554,4.254866156790313,29,30,COMPLETE
833,12944.451421596465,2025-08-03 21:36:59.863870,2025-08-03 21:41:56.667643,0 days 00:04:56.803773,4.233909241950421,15,29,COMPLETE
834,17002.67951194082,2025-08-03 21:36:59.865344,2025-08-03 21:41:01.797398,0 days 00:04:01.932054,4.217366431504137,23,29,COMPLETE
835,18785.006756580977,2025-08-03 21:36:59.867260,2025-08-03 21:39:39.677247,0 days 00:02:39.809987,4.219242063847291,23,31,COMPLETE
836,22926.913597887815,2025-08-03 21:36:59.870023,2025-08-03 21:42:06.140356,0 days 00:05:06.270333,4.214510063092605,24,29,COMPLETE
837,48175.48942627302,2025-08-03 21:36:59.871254,2025-08-03 21:39:45.655108,0 days 00:02:45.783854,4.270128218066792,29,29,COMPLETE
838,44880.141967650176,2025-08-03 21:36:59.876684,2025-08-03 21:41:59.970825,0 days 00:05:00.094141,4.217086215400866,29,30,COMPLETE
839,48175.48942627302,2025-08-03 21:36:59.885999,2025-08-03 21:38:16.510638,0 days 00:01:16.624639,4.265461929908296,29,29,COMPLETE
840,45190.32515199729,2025-08-03 21:36:59.888597,2025-08-03 21:41:01.832820,0 days 00:04:01.944223,4.213593701933957,29,29,COMPLETE
841,38986.45242852881,2025-08-03 21:36:59.893789,2025-08-03 21:41:00.687624,0 days 00:04:00.793835,4.248972969800193,29,29,COMPLETE
842,48175.48942627302,2025-08-03 21:36:59.895813,2025-08-03 21:42:05.656477,0 days 00:05:05.760664,4.251608993258497,29,29,COMPLETE
843,16476.72875411279,2025-08-03 21:36:59.902708,2025-08-03 21:41:00.507438,0 days 00:04:00.604730,4.2071256464981,23,29,COMPLETE
844,38986.45242852881,2025-08-03 21:36:59.907320,2025-08-03 21:38:19.467136,0 days 00:01:19.559816,4.248556202187423,29,29,COMPLETE
845,45190.32515199729,2025-08-03 21:36:59.909788,2025-08-03 21:40:59.959917,0 days 00:04:00.050129,4.209579837947285,29,29,COMPLETE
846,55493.60321836313,2025-08-03 21:36:59.916258,2025-08-03 21:40:59.277661,0 days 00:03:59.361403,4.259195684136424,28,29,COMPLETE
847,12944.451421596465,2025-08-03 21:36:59.917579,2025-08-03 21:41:00.354451,0 days 00:04:00.436872,4.21811526637465,15,29,COMPLETE
848,10267.625675566704,2025-08-03 21:36:59.920860,2025-08-03 21:41:03.947977,0 days 00:04:04.027117,4.2454020944859225,22,50,COMPLETE
849,20291.660959232657,2025-08-03 21:36:59.923023,2025-08-03 21:42:13.153758,0 days 00:05:13.230735,4.1948996979361,23,30,COMPLETE
850,47920.26847253496,2025-08-03 21:36:59.926501,2025-08-03 21:39:45.358142,0 days 00:02:45.431641,4.269806855779928,28,30,COMPLETE
851,55775.31993146326,2025-08-03 21:36:59.928836,2025-08-03 21:41:02.959440,0 days 00:04:03.030604,4.219767615818522,28,29,COMPLETE
852,25455.90883287742,2025-08-03 21:36:59.933886,2025-08-03 21:42:00.480044,0 days 00:05:00.546158,3.7790437243685706,15,29,COMPLETE
853,12910.186559318905,2025-08-03 21:36:59.941316,2025-08-03 21:39:45.653702,0 days 00:02:45.712386,4.2143855833140815,15,29,COMPLETE
854,44651.68809917987,2025-08-03 21:36:59.942288,2025-08-03 21:39:44.159371,0 days 00:02:44.217083,4.241833664105441,29,30,COMPLETE
855,44582.852524895316,2025-08-03 21:36:59.949302,2025-08-03 21:42:12.392168,0 days 00:05:12.442866,4.201831925977136,28,29,COMPLETE
856,44651.68809917987,2025-08-03 21:36:59.952109,2025-08-03 21:41:03.528199,0 days 00:04:03.576090,4.22430617496219,29,30,COMPLETE
857,55775.31993146326,2025-08-03 21:36:59.958019,2025-08-03 21:42:13.264285,0 days 00:05:13.306266,4.219126662320611,28,29,COMPLETE
858,55395.342977753375,2025-08-03 21:36:59.964914,2025-08-03 21:41:02.514761,0 days 00:04:02.549847,4.22038200664704,28,30,COMPLETE
859,40761.42544096094,2025-08-03 21:36:59.967141,2025-08-03 21:39:43.878910,0 days 00:02:43.911769,4.193929652813499,29,30,COMPLETE
860,49181.008605135976,2025-08-03 21:36:59.972817,2025-08-03 21:41:06.383633,0 days 00:04:06.410816,4.269341794091933,28,31,COMPLETE
861,13943.717518834235,2025-08-03 21:36:59.977208,2025-08-03 21:41:01.899846,0 days 00:04:01.922638,4.237595343978543,15,30,COMPLETE
862,12460.24351321222,2025-08-03 21:36:59.981500,2025-08-03 21:41:08.753107,0 days 00:04:08.771607,4.259987016739743,15,29,COMPLETE
863,12356.463561858453,2025-08-03 21:36:59.984590,2025-08-03 21:39:47.385440,0 days 00:02:47.400850,4.205335349011494,15,29,COMPLETE
864,44960.35494003617,2025-08-03 21:36:59.987457,2025-08-03 21:41:07.433630,0 days 00:04:07.446173,4.224052259918266,29,29,COMPLETE
865,43911.61632002368,2025-08-03 21:36:59.992536,2025-08-03 21:39:47.254579,0 days 00:02:47.262043,4.18986306355641,28,29,COMPLETE
866,18275.118633238864,2025-08-03 21:37:00.000656,2025-08-03 21:41:58.438977,0 days 00:04:58.438321,4.226922333329778,23,30,COMPLETE
867,9148.0566475196,2025-08-03 21:37:00.005409,2025-08-03 21:41:07.794714,0 days 00:04:07.789305,4.181034329793602,15,50,COMPLETE
868,48175.48942627302,2025-08-03 21:37:00.018009,2025-08-03 21:41:09.464701,0 days 00:04:09.446692,4.255894116726275,29,29,COMPLETE
869,27714.20331026732,2025-08-03 21:37:00.024872,2025-08-03 21:41:05.961304,0 days 00:04:05.936432,3.8838283827310702,23,39,COMPLETE
870,45190.32515199729,2025-08-03 21:37:00.026968,2025-08-03 21:39:45.483717,0 days 00:02:45.456749,4.204870922913724,28,29,COMPLETE
871,15893.118551529136,2025-08-03 21:37:00.030146,2025-08-03 21:41:07.266487,0 days 00:04:07.236341,4.213045708251181,29,50,COMPLETE
872,9581.789976599153,2025-08-03 21:37:00.035572,2025-08-03 21:41:08.550588,0 days 00:04:08.515016,4.226814718522251,16,49,COMPLETE
873,45190.32515199729,2025-08-03 21:37:00.053760,2025-08-03 21:41:58.522515,0 days 00:04:58.468755,4.203749286840278,29,29,COMPLETE
874,15806.343501122123,2025-08-03 21:37:00.075194,2025-08-03 21:42:12.859106,0 days 00:05:12.783912,4.22970297966859,29,50,COMPLETE
875,17002.67951194082,2025-08-03 21:37:00.099608,2025-08-03 21:41:07.651072,0 days 00:04:07.551464,4.216890035885038,23,29,COMPLETE
876,39878.26117437823,2025-08-03 21:37:00.130243,2025-08-03 21:39:47.017875,0 days 00:02:46.887632,4.17575574324697,29,29,COMPLETE
877,39603.103685085895,2025-08-03 21:37:00.137121,2025-08-03 21:41:09.701065,0 days 00:04:09.563944,4.1768919786183885,29,30,COMPLETE
878,45190.32515199729,2025-08-03 21:37:00.152442,2025-08-03 21:38:24.497551,0 days 00:01:24.345109,4.220820405773853,29,29,COMPLETE
879,13907.078023640037,2025-08-03 21:37:00.170683,2025-08-03 21:41:12.223248,0 days 00:04:12.052565,4.227826236341361,16,30,COMPLETE
880,14780.04110691035,2025-08-03 21:37:00.172684,2025-08-03 21:41:09.811994,0 days 00:04:09.639310,3.6989553043964705,29,30,COMPLETE
881,48852.91807285243,2025-08-03 21:37:00.207846,2025-08-03 21:41:12.542564,0 days 00:04:12.334718,4.279844754644488,29,29,COMPLETE
882,23912.160667914206,2025-08-03 21:37:00.212193,2025-08-03 21:39:49.236218,0 days 00:02:49.024025,4.256645702822659,23,30,COMPLETE
883,44960.35494003617,2025-08-03 21:37:00.273612,2025-08-03 21:42:02.106541,0 days 00:05:01.832929,4.237585569570645,29,29,COMPLETE
884,44651.68809917987,2025-08-03 21:37:00.343447,2025-08-03 21:39:47.669035,0 days 00:02:47.325588,4.227803862477606,29,30,COMPLETE
885,44651.68809917987,2025-08-03 21:37:00.408438,2025-08-03 21:42:03.159615,0 days 00:05:02.751177,4.22620893131572,29,30,COMPLETE
886,37291.22823749093,2025-08-03 21:37:00.425818,2025-08-03 21:41:09.372645,0 days 00:04:08.946827,4.246028100527214,29,32,COMPLETE
887,14186.388880301749,2025-08-03 21:37:00.439409,2025-08-03 21:39:48.880916,0 days 00:02:48.441507,4.242144093352779,15,39,COMPLETE
888,17002.67951194082,2025-08-03 21:37:00.495794,2025-08-03 21:42:00.452278,0 days 00:04:59.956484,4.220476872468997,23,29,COMPLETE
889,44651.68809917987,2025-08-03 21:37:00.497050,2025-08-03 21:41:58.629837,0 days 00:04:58.132787,4.242255335967134,29,30,COMPLETE
890,48175.48942627302,2025-08-03 21:37:00.682838,2025-08-03 21:38:28.835485,0 days 00:01:28.152647,4.252708577276689,29,29,COMPLETE
891,14428.238626627844,2025-08-03 21:37:00.696961,2025-08-03 21:38:28.684649,0 days 00:01:27.987688,4.243756057225123,15,38,COMPLETE
892,44651.68809917987,2025-08-03 21:37:00.829885,2025-08-03 21:42:04.912137,0 days 00:05:04.082252,4.238555450963375,29,30,COMPLETE
893,45190.32515199729,2025-08-03 21:37:00.831718,2025-08-03 21:42:04.059204,0 days 00:05:03.227486,4.217513496166549,29,29,COMPLETE
894,48175.48942627302,2025-08-03 21:37:00.837928,2025-08-03 21:42:01.888057,0 days 00:05:01.050129,4.274442176429007,29,29,COMPLETE
895,44651.68809917987,2025-08-03 21:37:00.866832,2025-08-03 21:42:03.319759,0 days 00:05:02.452927,4.229832684326013,29,30,COMPLETE
896,43609.86429151253,2025-08-03 21:37:00.935919,2025-08-03 21:41:10.661115,0 days 00:04:09.725196,4.183919544549382,28,30,COMPLETE
897,44960.35494003617,2025-08-03 21:37:00.958962,2025-08-03 21:41:12.086911,0 days 00:04:11.127949,4.239004092197616,29,29,COMPLETE
898,44651.68809917987,2025-08-03 21:37:00.968232,2025-08-03 21:41:11.708495,0 days 00:04:10.740263,4.232109604178754,29,30,COMPLETE
899,15893.118551529136,2025-08-03 21:37:00.972915,2025-08-03 21:39:51.701766,0 days 00:02:50.728851,4.220419029509586,29,49,COMPLETE
900,48852.91807285243,2025-08-03 21:37:00.977955,2025-08-03 21:42:04.481755,0 days 00:05:03.503800,4.2841186265816225,29,29,COMPLETE
901,41044.27098800963,2025-08-03 21:37:00.983009,2025-08-03 21:41:16.460029,0 days 00:04:15.477020,4.191824690346631,29,29,COMPLETE
902,44960.35494003617,2025-08-03 21:37:00.988671,2025-08-03 21:41:14.556451,0 days 00:04:13.567780,4.23689372285689,29,29,COMPLETE
903,19947.13207036324,2025-08-03 21:37:00.990651,2025-08-03 21:41:14.548991,0 days 00:04:13.558340,4.175434389902601,23,29,COMPLETE
904,18275.118633238864,2025-08-03 21:37:00.993273,2025-08-03 21:41:17.411052,0 days 00:04:16.417779,4.2235703537007385,23,30,COMPLETE
905,13351.269069350281,2025-08-03 21:37:00.998921,2025-08-03 21:41:16.146145,0 days 00:04:15.147224,4.2170738141448805,14,30,COMPLETE
906,15841.975522928069,2025-08-03 21:37:01.002951,2025-08-03 21:42:01.750247,0 days 00:05:00.747296,3.7736297491170814,28,29,COMPLETE
907,9612.824809584945,2025-08-03 21:37:01.005032,2025-08-03 21:41:15.268586,0 days 00:04:14.263554,4.281303393536327,14,50,COMPLETE
908,12389.391269348116,2025-08-03 21:37:01.006446,2025-08-03 21:39:52.700666,0 days 00:02:51.694220,4.205613863444708,14,29,COMPLETE
909,44880.141967650176,2025-08-03 21:37:01.009529,2025-08-03 21:41:15.875773,0 days 00:04:14.866244,4.215911907988244,29,30,COMPLETE
910,6797.238815126441,2025-08-03 21:37:01.011902,2025-08-03 21:39:54.066331,0 days 00:02:53.054429,3.7561107118072803,28,50,COMPLETE
911,12206.35763489251,2025-08-03 21:37:01.012898,2025-08-03 21:42:03.378670,0 days 00:05:02.365772,4.258555968779853,23,49,COMPLETE
912,55395.342977753375,2025-08-03 21:37:01.018021,2025-08-03 21:41:11.488831,0 days 00:04:10.470810,4.238617677341477,28,30,COMPLETE
913,13552.20072696887,2025-08-03 21:37:01.021040,2025-08-03 21:41:20.950212,0 days 00:04:19.929172,4.247819094568466,29,50,COMPLETE
914,55395.342977753375,2025-08-03 21:37:01.029314,2025-08-03 21:41:18.785281,0 days 00:04:17.755967,4.236402086551165,28,30,COMPLETE
915,48852.91807285243,2025-08-03 21:37:01.040719,2025-08-03 21:41:18.255283,0 days 00:04:17.214564,4.296771162158495,29,29,COMPLETE
916,44960.35494003617,2025-08-03 21:37:01.050258,2025-08-03 21:41:17.755971,0 days 00:04:16.705713,4.223908086980309,29,29,COMPLETE
917,12460.24351321222,2025-08-03 21:37:01.054620,2025-08-03 21:39:58.040135,0 days 00:02:56.985515,4.275098992370724,15,29,COMPLETE
918,55395.342977753375,2025-08-03 21:37:01.057448,2025-08-03 21:42:12.881739,0 days 00:05:11.824291,4.214455029800609,28,30,COMPLETE
919,47845.62310828157,2025-08-03 21:37:01.065501,2025-08-03 21:39:56.079469,0 days 00:02:55.013968,4.251034002511086,29,30,COMPLETE
920,55493.60321836313,2025-08-03 21:37:01.070122,2025-08-03 21:42:04.793650,0 days 00:05:03.723528,4.263801613140128,28,29,COMPLETE
921,13661.693688303652,2025-08-03 21:37:01.073923,2025-08-03 21:41:18.328157,0 days 00:04:17.254234,4.2505329976611845,14,40,COMPLETE
922,12389.391269348116,2025-08-03 21:37:01.075373,2025-08-03 21:39:56.908037,0 days 00:02:55.832664,4.231101958477171,14,29,COMPLETE
923,17002.67951194082,2025-08-03 21:37:01.081143,2025-08-03 21:42:01.163093,0 days 00:05:00.081950,4.2194546004752,23,29,COMPLETE
924,44582.852524895316,2025-08-03 21:37:01.086227,2025-08-03 21:42:04.360620,0 days 00:05:03.274393,4.196258158038227,28,29,COMPLETE
925,17510.95527331929,2025-08-03 21:37:01.087532,2025-08-03 21:42:09.611512,0 days 00:05:08.523980,4.21556992469208,29,48,COMPLETE
926,9723.98471461176,2025-08-03 21:37:01.090482,2025-08-03 21:41:20.063259,0 days 00:04:18.972777,4.1589377830119165,14,50,COMPLETE
927,19887.172597543806,2025-08-03 21:37:01.103060,2025-08-03 21:39:55.370096,0 days 00:02:54.267036,4.216118808054658,28,50,COMPLETE
928,41044.27098800963,2025-08-03 21:37:01.111414,2025-08-03 21:39:57.689489,0 days 00:02:56.578075,4.19739792693968,29,29,COMPLETE
929,51938.636502980975,2025-08-03 21:37:01.117591,2025-08-03 21:41:21.563123,0 days 00:04:20.445532,4.176356983140943,24,29,COMPLETE
930,38717.17542042827,2025-08-03 21:37:01.167423,2025-08-03 21:42:02.758615,0 days 00:05:01.591192,4.2487844321551504,29,30,COMPLETE
931,20291.660959232657,2025-08-03 21:37:01.179025,2025-08-03 21:41:19.045400,0 days 00:04:17.866375,4.1980630823692415,23,30,COMPLETE
932,14626.578715315694,2025-08-03 21:37:01.207600,2025-08-03 21:41:18.865373,0 days 00:04:17.657773,4.265250197896593,14,28,COMPLETE
933,45852.61494012655,2025-08-03 21:37:01.209271,2025-08-03 21:41:18.716413,0 days 00:04:17.507142,4.222036346171756,29,28,COMPLETE
934,40211.143945982134,2025-08-03 21:37:01.283070,2025-08-03 21:42:08.483778,0 days 00:05:07.200708,4.178139846851032,29,30,COMPLETE
935,55775.31993146326,2025-08-03 21:37:01.302619,2025-08-03 21:41:21.980091,0 days 00:04:20.677472,4.226720719533311,28,29,COMPLETE
936,44651.68809917987,2025-08-03 21:37:01.308511,2025-08-03 21:41:20.482520,0 days 00:04:19.174009,4.232726799083778,29,30,COMPLETE
937,44880.141967650176,2025-08-03 21:37:01.321107,2025-08-03 21:41:24.380370,0 days 00:04:23.059263,4.207725971512039,29,30,COMPLETE
938,11923.329245747385,2025-08-03 21:37:01.328583,2025-08-03 21:41:23.014867,0 days 00:04:21.686284,4.238519480691798,14,29,COMPLETE
939,45829.63511640717,2025-08-03 21:37:01.362793,2025-08-03 21:39:58.527771,0 days 00:02:57.164978,4.2334211947915925,29,31,COMPLETE
940,45190.32515199729,2025-08-03 21:37:01.366174,2025-08-03 21:41:23.498569,0 days 00:04:22.132395,4.206206669417558,29,29,COMPLETE
941,19780.87195203281,2025-08-03 21:37:01.379593,2025-08-03 21:41:23.320408,0 days 00:04:21.940815,4.2448284888978804,28,49,COMPLETE
942,55493.60321836313,2025-08-03 21:37:01.392183,2025-08-03 21:41:21.692810,0 days 00:04:20.300627,4.2473334958732005,28,29,COMPLETE
943,12389.391269348116,2025-08-03 21:37:01.410371,2025-08-03 21:40:01.211982,0 days 00:02:59.801611,4.2177949146911775,14,29,COMPLETE
944,44651.68809917987,2025-08-03 21:37:01.438051,2025-08-03 21:41:23.978646,0 days 00:04:22.540595,4.2387486119474005,29,30,COMPLETE
945,44582.852524895316,2025-08-03 21:37:01.475116,2025-08-03 21:41:23.750585,0 days 00:04:22.275469,4.204237615184373,28,29,COMPLETE
946,44960.35494003617,2025-08-03 21:37:01.505165,2025-08-03 21:41:22.856286,0 days 00:04:21.351121,4.23413542239201,29,29,COMPLETE
947,15806.343501122123,2025-08-03 21:37:01.507130,2025-08-03 21:40:02.364830,0 days 00:03:00.857700,4.2410272974959,29,50,COMPLETE
948,45190.32515199729,2025-08-03 21:37:01.519855,2025-08-03 21:41:23.837792,0 days 00:04:22.317937,4.214868471008141,29,29,COMPLETE
949,20105.134840271694,2025-08-03 21:37:01.529847,2025-08-03 21:41:25.393608,0 days 00:04:23.863761,4.210381243677284,22,28,COMPLETE
950,17002.67951194082,2025-08-03 21:37:01.534107,2025-08-03 21:39:58.704058,0 days 00:02:57.169951,4.229156185459178,23,29,COMPLETE
951,19487.19849887608,2025-08-03 21:37:01.535711,2025-08-03 21:40:06.131513,0 days 00:03:04.595802,4.21549573398678,22,29,COMPLETE
952,19487.19849887608,2025-08-03 21:37:01.540104,2025-08-03 21:41:27.685499,0 days 00:04:26.145395,4.215297287789311,22,29,COMPLETE
953,18148.865215026948,2025-08-03 21:37:01.542005,2025-08-03 21:42:07.197956,0 days 00:05:05.655951,4.2664483163221565,22,29,COMPLETE
954,9572.627644600918,2025-08-03 21:37:01.542831,2025-08-03 21:41:25.125908,0 days 00:04:23.583077,4.217749220627419,22,50,COMPLETE
955,19487.19849887608,2025-08-03 21:37:01.547948,2025-08-03 21:42:03.965060,0 days 00:05:02.417112,4.204424492100714,22,29,COMPLETE
956,18275.118633238864,2025-08-03 21:37:01.549493,2025-08-03 21:41:26.851597,0 days 00:04:25.302104,4.226229868187862,22,30,COMPLETE
957,18889.178508397534,2025-08-03 21:37:01.555699,2025-08-03 21:40:05.044356,0 days 00:03:03.488657,4.261790844587899,22,30,COMPLETE
958,9572.627644600918,2025-08-03 21:37:01.558888,2025-08-03 21:40:02.343999,0 days 00:03:00.785111,4.230376249727333,22,49,COMPLETE
959,18275.118633238864,2025-08-03 21:37:01.561765,2025-08-03 21:41:27.186460,0 days 00:04:25.624695,4.229613189735301,22,30,COMPLETE
960,17548.68769575911,2025-08-03 21:37:01.563163,2025-08-03 21:42:04.800290,0 days 00:05:03.237127,4.226307645681112,22,28,COMPLETE
961,17002.67951194082,2025-08-03 21:37:01.567019,2025-08-03 21:41:26.384136,0 days 00:04:24.817117,4.223383785371277,22,29,COMPLETE
962,17002.67951194082,2025-08-03 21:37:01.569001,2025-08-03 21:40:06.286259,0 days 00:03:04.717258,4.222623226060179,22,29,COMPLETE
963,18148.865215026948,2025-08-03 21:37:01.572072,2025-08-03 21:42:13.122878,0 days 00:05:11.550806,4.239572206823129,22,29,COMPLETE
964,18148.865215026948,2025-08-03 21:37:01.573584,2025-08-03 21:41:31.287868,0 days 00:04:29.714284,4.239159787640695,22,29,COMPLETE
965,18148.865215026948,2025-08-03 21:37:01.577276,2025-08-03 21:40:05.757916,0 days 00:03:04.180640,4.266442291277869,22,29,COMPLETE
966,18454.25781003446,2025-08-03 21:37:01.579127,2025-08-03 21:40:03.289517,0 days 00:03:01.710390,4.276369957919179,22,29,COMPLETE
967,18891.972466451414,2025-08-03 21:37:01.582403,2025-08-03 21:40:10.289737,0 days 00:03:08.707334,4.20206608135636,23,29,COMPLETE
968,20964.581468762557,2025-08-03 21:37:01.588470,2025-08-03 21:40:08.851393,0 days 00:03:07.262923,4.177080106751957,22,29,COMPLETE
969,18275.118633238864,2025-08-03 21:37:01.590596,2025-08-03 21:40:06.190857,0 days 00:03:04.600261,4.2337033302514415,22,30,COMPLETE
970,18889.178508397534,2025-08-03 21:37:01.592649,2025-08-03 21:42:12.937497,0 days 00:05:11.344848,4.267536271927826,22,30,COMPLETE
971,17002.67951194082,2025-08-03 21:37:01.598962,2025-08-03 21:41:34.608343,0 days 00:04:33.009381,4.217244835281878,23,29,COMPLETE
972,19498.510260008432,2025-08-03 21:37:01.603419,2025-08-03 21:41:34.725073,0 days 00:04:33.121654,4.245769359619475,22,30,COMPLETE
973,18728.058986240554,2025-08-03 21:37:01.604715,2025-08-03 21:41:30.609012,0 days 00:04:29.004297,4.24183997375176,22,28,COMPLETE
974,17002.67951194082,2025-08-03 21:37:01.612772,2025-08-03 21:41:29.564486,0 days 00:04:27.951714,4.225463036014365,22,29,COMPLETE
975,19487.19849887608,2025-08-03 21:37:01.616966,2025-08-03 21:42:06.912575,0 days 00:05:05.295609,4.214625011517804,22,29,COMPLETE
976,16476.72875411279,2025-08-03 21:37:01.621327,2025-08-03 21:40:09.713978,0 days 00:03:08.092651,4.204086869947304,23,29,COMPLETE
977,20926.97916944497,2025-08-03 21:37:01.623631,2025-08-03 21:40:10.288164,0 days 00:03:08.664533,4.207157126758768,22,30,COMPLETE
978,19739.30176085499,2025-08-03 21:37:01.625014,2025-08-03 21:41:28.658531,0 days 00:04:27.033517,4.27654472313555,22,31,COMPLETE
979,17002.67951194082,2025-08-03 21:37:01.627295,2025-08-03 21:41:32.717852,0 days 00:04:31.090557,4.227275168977327,23,29,COMPLETE
980,19498.510260008432,2025-08-03 21:37:01.633211,2025-08-03 21:41:34.745824,0 days 00:04:33.112613,4.252717268307087,22,30,COMPLETE
981,17002.67951194082,2025-08-03 21:37:01.635746,2025-08-03 21:42:09.646594,0 days 00:05:08.010848,4.231763310581502,22,29,COMPLETE
982,17002.67951194082,2025-08-03 21:37:01.638138,2025-08-03 21:40:08.690686,0 days 00:03:07.052548,4.238328164570857,23,29,COMPLETE
983,17337.466420534405,2025-08-03 21:37:01.639396,2025-08-03 21:41:35.925954,0 days 00:04:34.286558,4.21268269294178,22,51,COMPLETE
984,17002.67951194082,2025-08-03 21:37:01.640667,2025-08-03 21:38:39.361013,0 days 00:01:37.720346,4.237234924874094,22,29,COMPLETE
985,17002.67951194082,2025-08-03 21:37:01.644888,2025-08-03 21:42:07.794576,0 days 00:05:06.149688,4.228924935058036,22,29,COMPLETE
986,18148.865215026948,2025-08-03 21:37:01.646583,2025-08-03 21:40:10.779847,0 days 00:03:09.133264,4.2493155691134685,22,29,COMPLETE
987,24083.16229227306,2025-08-03 21:37:01.649566,2025-08-03 21:40:10.182496,0 days 00:03:08.532930,4.278499285978438,23,29,COMPLETE
988,59282.243770723275,2025-08-03 21:37:01.652169,2025-08-03 21:41:31.784201,0 days 00:04:30.132032,4.24840524584855,25,29,COMPLETE
989,18148.865215026948,2025-08-03 21:37:01.654016,2025-08-03 21:40:11.143306,0 days 00:03:09.489290,4.2663603148292655,22,29,COMPLETE
990,24991.719559941423,2025-08-03 21:37:01.655697,2025-08-03 21:40:15.019519,0 days 00:03:13.363822,4.299122640498886,22,29,COMPLETE
991,20964.581468762557,2025-08-03 21:37:01.659717,2025-08-03 21:41:39.906072,0 days 00:04:38.246355,4.200091089846853,22,29,COMPLETE
992,18148.865215026948,2025-08-03 21:37:01.661502,2025-08-03 21:41:34.713391,0 days 00:04:33.051889,4.239966754934622,22,29,COMPLETE
993,17002.67951194082,2025-08-03 21:37:01.662897,2025-08-03 21:40:08.409002,0 days 00:03:06.746105,4.235017654372375,22,29,COMPLETE
994,44960.35494003617,2025-08-03 21:37:02.844600,2025-08-03 21:42:12.511139,0 days 00:05:09.666539,4.228022173843405,29,29,COMPLETE
995,20964.581468762557,2025-08-03 21:37:04.790736,2025-08-03 21:41:50.081183,0 days 00:04:45.290447,4.187598446516636,22,29,COMPLETE
996,15806.343501122123,2025-08-03 21:37:06.293394,2025-08-03 21:42:00.918783,0 days 00:04:54.625389,4.241674732545299,29,50,COMPLETE
997,17383.737085723027,2025-08-03 21:37:07.112267,2025-08-03 21:41:08.885696,0 days 00:04:01.773429,4.194694946637536,28,51,COMPLETE
998,19498.510260008432,2025-08-03 21:37:07.232167,2025-08-03 21:42:12.849015,0 days 00:05:05.616848,4.24064384543326,22,30,COMPLETE
999,19887.172597543806,2025-08-03 21:37:07.318282,2025-08-03 21:41:15.175890,0 days 00:04:07.857608,4.234263225456562,28,50,COMPLETE
