number,value,datetime_start,datetime_complete,duration,params_atr_multiplier,params_atr_period,params_ema_period,state
0,8306.617378615294,2025-08-03 22:51:33.059272,2025-08-03 22:51:33.461901,0 days 00:00:00.402629,3.7300427996466636,17,24,COMPLETE
1,5613.861239122688,2025-08-03 22:51:33.061419,2025-08-03 22:51:33.868130,0 days 00:00:00.806711,2.122311872716743,26,38,COMPLETE
2,2434.9243988885037,2025-08-03 22:51:33.067026,2025-08-03 22:51:34.508534,0 days 00:00:01.441508,4.387598236545049,42,45,COMPLETE
3,5697.296776618594,2025-08-03 22:51:33.068621,2025-08-03 22:51:34.769737,0 days 00:00:01.701116,1.2722882337247543,19,46,COMPLETE
4,-164.63587568605521,2025-08-03 22:51:33.073168,2025-08-03 22:51:35.325114,0 days 00:00:02.251946,3.2230030069403623,36,93,COMPLETE
5,-inf,2025-08-03 22:51:33.074359,2025-08-03 22:51:35.391638,0 days 00:00:02.317279,3.6388327862686425,46,20,COMPLETE
6,654.1208810723928,2025-08-03 22:51:33.075467,2025-08-03 22:51:35.155239,0 days 00:00:02.079772,2.855599285963315,23,49,COMPLETE
7,8457.841933993304,2025-08-03 22:51:33.077437,2025-08-03 22:51:37.104656,0 days 00:00:04.027219,1.6578196243809349,19,60,COMPLETE
8,4790.667848943471,2025-08-03 22:51:33.081877,2025-08-03 22:51:35.952776,0 days 00:00:02.870899,4.41511316491412,15,93,COMPLETE
9,2675.489416494761,2025-08-03 22:51:33.087653,2025-08-03 22:51:36.130808,0 days 00:00:03.043155,2.058769307508025,27,58,COMPLETE
10,3615.9692974647523,2025-08-03 22:51:33.095385,2025-08-03 22:51:37.043655,0 days 00:00:03.948270,0.9931998583567725,28,40,COMPLETE
11,458.24850809066504,2025-08-03 22:51:33.123438,2025-08-03 22:51:37.604097,0 days 00:00:04.480659,2.3528755821482537,16,95,COMPLETE
12,13577.236069336617,2025-08-03 22:51:33.156899,2025-08-03 22:51:37.967055,0 days 00:00:04.810156,3.6112422765091265,18,21,COMPLETE
13,7655.19943260948,2025-08-03 22:51:33.167985,2025-08-03 22:51:38.645325,0 days 00:00:05.477340,1.7123653748204042,21,32,COMPLETE
14,1323.4323273912773,2025-08-03 22:51:33.169768,2025-08-03 22:51:38.746173,0 days 00:00:05.576405,3.860430881231407,47,76,COMPLETE
15,2423.430544286221,2025-08-03 22:51:33.176641,2025-08-03 22:51:39.005378,0 days 00:00:05.828737,3.8869901753867775,9,66,COMPLETE
16,5686.618100580357,2025-08-03 22:51:33.193514,2025-08-03 22:51:39.821172,0 days 00:00:06.627658,1.8649288563813249,10,79,COMPLETE
17,17379.821140070777,2025-08-03 22:51:33.216407,2025-08-03 22:51:48.562563,0 days 00:00:15.346156,3.804236531182146,24,41,COMPLETE
18,1665.661211496701,2025-08-03 22:51:33.253682,2025-08-03 22:51:40.140503,0 days 00:00:06.886821,2.3397238854860096,50,86,COMPLETE
19,4157.899010029064,2025-08-03 22:51:33.276914,2025-08-03 22:51:41.021747,0 days 00:00:07.744833,3.1882276509993557,12,33,COMPLETE
20,2313.108728678015,2025-08-03 22:51:33.298273,2025-08-03 22:51:41.683887,0 days 00:00:08.385614,3.010709706848668,12,68,COMPLETE
21,4455.9189044170735,2025-08-03 22:51:33.309055,2025-08-03 22:51:42.157027,0 days 00:00:08.847972,3.7564621441105004,26,47,COMPLETE
22,1604.9122323671245,2025-08-03 22:51:33.333386,2025-08-03 22:51:43.021260,0 days 00:00:09.687874,1.2823180974319794,39,53,COMPLETE
23,531.7533607210095,2025-08-03 22:51:33.350408,2025-08-03 22:51:42.904231,0 days 00:00:09.553823,3.2352740117282024,44,69,COMPLETE
24,6428.172795840152,2025-08-03 22:51:33.389111,2025-08-03 22:51:43.876354,0 days 00:00:10.487243,1.0443007732200371,12,26,COMPLETE
25,2430.293195896159,2025-08-03 22:51:33.429516,2025-08-03 22:51:44.377926,0 days 00:00:10.948410,3.949400856184062,34,87,COMPLETE
26,678.7320277250427,2025-08-03 22:51:33.468826,2025-08-03 22:51:45.027634,0 days 00:00:11.558808,0.9889295755329286,23,85,COMPLETE
27,1982.6199186831864,2025-08-03 22:51:33.470073,2025-08-03 22:51:45.211191,0 days 00:00:11.741118,3.914931337087634,47,46,COMPLETE
28,3004.068617909454,2025-08-03 22:51:33.492200,2025-08-03 22:51:45.339941,0 days 00:00:11.847741,1.3778529561747601,46,91,COMPLETE
29,663.6918018314979,2025-08-03 22:51:33.524522,2025-08-03 22:51:45.686119,0 days 00:00:12.161597,2.811255061253146,28,35,COMPLETE
30,18553.993940485045,2025-08-03 22:51:33.574775,2025-08-03 22:51:46.266236,0 days 00:00:12.691461,1.614405315075591,15,44,COMPLETE
31,1696.701294568489,2025-08-03 22:51:33.636541,2025-08-03 22:51:47.706034,0 days 00:00:14.069493,2.9461012046399935,32,28,COMPLETE
32,1139.9275297485692,2025-08-03 22:51:33.694594,2025-08-03 22:51:48.489970,0 days 00:00:14.795376,0.7062979757031198,8,51,COMPLETE
33,698.1876268868318,2025-08-03 22:51:33.716710,2025-08-03 22:51:48.493920,0 days 00:00:14.777210,1.1938670046253392,42,88,COMPLETE
34,1479.2063800936112,2025-08-03 22:51:33.754453,2025-08-03 22:51:48.761437,0 days 00:00:15.006984,3.3904953075461064,18,55,COMPLETE
35,7090.670971465468,2025-08-03 22:51:33.922170,2025-08-03 22:51:49.690594,0 days 00:00:15.768424,1.8294853368660688,11,59,COMPLETE
36,751.0467206962571,2025-08-03 22:51:33.998204,2025-08-03 22:51:40.502580,0 days 00:00:06.504376,4.394795369609163,50,100,COMPLETE
37,3379.0974302711134,2025-08-03 22:51:34.139307,2025-08-03 22:51:50.131412,0 days 00:00:15.992105,3.922760694194322,31,46,COMPLETE
38,2561.7858775435516,2025-08-03 22:51:34.199946,2025-08-03 22:51:50.436039,0 days 00:00:16.236093,2.051244771123775,6,50,COMPLETE
39,2720.496411719293,2025-08-03 22:51:34.368774,2025-08-03 22:51:50.725312,0 days 00:00:16.356538,3.225685000836712,48,82,COMPLETE
40,552.2749879414422,2025-08-03 22:51:34.458769,2025-08-03 22:51:51.373148,0 days 00:00:16.914379,3.3586179434124386,25,95,COMPLETE
41,3484.9893703775633,2025-08-03 22:51:34.571964,2025-08-03 22:51:52.712458,0 days 00:00:18.140494,3.6754118493633463,35,47,COMPLETE
42,2558.0101565622845,2025-08-03 22:51:34.686451,2025-08-03 22:51:52.654655,0 days 00:00:17.968204,3.5534536737415605,33,51,COMPLETE
43,9125.506596918227,2025-08-03 22:51:34.751678,2025-08-03 22:51:44.108977,0 days 00:00:09.357299,1.723604902984662,12,83,COMPLETE
44,331.4374717785868,2025-08-03 22:51:34.819036,2025-08-03 22:51:53.541123,0 days 00:00:18.722087,0.95480922313727,21,96,COMPLETE
45,3521.566957889583,2025-08-03 22:51:34.840638,2025-08-03 22:51:53.831962,0 days 00:00:18.991324,4.079879207939671,48,85,COMPLETE
46,3528.0771446071153,2025-08-03 22:51:34.912209,2025-08-03 22:51:53.468708,0 days 00:00:18.556499,2.058912627841982,42,49,COMPLETE
47,1347.8451049030639,2025-08-03 22:51:35.026746,2025-08-03 22:51:54.189596,0 days 00:00:19.162850,2.44539545883551,16,71,COMPLETE
48,2637.1631839555016,2025-08-03 22:51:35.214338,2025-08-03 22:51:54.319695,0 days 00:00:19.105357,1.392288547386698,43,59,COMPLETE
49,2701.1360344012387,2025-08-03 22:51:35.241622,2025-08-03 22:51:55.578076,0 days 00:00:20.336454,0.9407587047676533,31,32,COMPLETE
50,1820.3878253419512,2025-08-03 22:51:35.257862,2025-08-03 22:51:56.502764,0 days 00:00:21.244902,2.254125462802264,48,67,COMPLETE
51,6511.503370506001,2025-08-03 22:51:35.289457,2025-08-03 22:51:56.294354,0 days 00:00:21.004897,1.7547334353832529,10,66,COMPLETE
52,1488.1837425804424,2025-08-03 22:51:35.316160,2025-08-03 22:51:56.614536,0 days 00:00:21.298376,2.991103841201467,25,40,COMPLETE
53,804.840638135117,2025-08-03 22:51:35.330970,2025-08-03 22:51:57.116699,0 days 00:00:21.785729,0.7799192916480933,28,87,COMPLETE
54,441.7722587158028,2025-08-03 22:51:35.361166,2025-08-03 22:51:58.255121,0 days 00:00:22.893955,2.7430846160528852,27,40,COMPLETE
55,1719.7130999033693,2025-08-03 22:51:35.377752,2025-08-03 22:51:58.073079,0 days 00:00:22.695327,2.2209351852812924,34,89,COMPLETE
56,1546.7162278932988,2025-08-03 22:51:35.388932,2025-08-03 22:51:58.886560,0 days 00:00:23.497628,2.8663575203444864,34,75,COMPLETE
57,933.5933545457743,2025-08-03 22:51:35.392712,2025-08-03 22:51:58.594079,0 days 00:00:23.201367,3.526304704898149,35,95,COMPLETE
58,3024.9877633138153,2025-08-03 22:51:35.396761,2025-08-03 22:51:47.098638,0 days 00:00:11.701877,3.222559238707133,13,28,COMPLETE
59,966.7528336734066,2025-08-03 22:51:35.398034,2025-08-03 22:51:47.531539,0 days 00:00:12.133505,2.7896491433607102,9,62,COMPLETE
60,206.85255679487923,2025-08-03 22:51:35.400660,2025-08-03 22:51:59.792420,0 days 00:00:24.391760,3.2409578027619066,44,61,COMPLETE
61,1689.8437367912038,2025-08-03 22:51:35.407409,2025-08-03 22:51:49.396709,0 days 00:00:13.989300,0.759045547981303,11,33,COMPLETE
62,1125.163973666627,2025-08-03 22:51:35.408922,2025-08-03 22:52:02.298502,0 days 00:00:26.889580,3.4849565653543464,36,89,COMPLETE
63,4776.472008785023,2025-08-03 22:51:35.410458,2025-08-03 22:52:01.480509,0 days 00:00:26.070051,4.276421299435384,9,54,COMPLETE
64,12689.092430786573,2025-08-03 22:51:35.411547,2025-08-03 22:52:03.186499,0 days 00:00:27.774952,4.487525585474321,18,22,COMPLETE
65,5969.197944142013,2025-08-03 22:51:35.413366,2025-08-03 22:52:02.965932,0 days 00:00:27.552566,3.844248559200888,21,85,COMPLETE
66,11266.606358863362,2025-08-03 22:51:35.414200,2025-08-03 22:52:02.393137,0 days 00:00:26.978937,1.4679913719324151,19,31,COMPLETE
67,3575.8969038407954,2025-08-03 22:51:35.421318,2025-08-03 22:52:03.861500,0 days 00:00:28.440182,1.9816494788603083,19,74,COMPLETE
68,3541.4039200661887,2025-08-03 22:51:35.422648,2025-08-03 22:52:03.590644,0 days 00:00:28.167996,1.4842650596476332,28,57,COMPLETE
69,1625.365089909617,2025-08-03 22:51:35.423644,2025-08-03 22:52:03.268362,0 days 00:00:27.844718,3.5173703634395643,9,95,COMPLETE
70,64.39874146230255,2025-08-03 22:51:35.425998,2025-08-03 22:52:03.761001,0 days 00:00:28.335003,3.1065607216728615,37,56,COMPLETE
71,2369.493370334294,2025-08-03 22:51:35.432143,2025-08-03 22:52:03.987379,0 days 00:00:28.555236,1.5836041846172355,31,59,COMPLETE
72,-inf,2025-08-03 22:51:35.433405,2025-08-03 22:52:03.453980,0 days 00:00:28.020575,4.154461370185616,47,34,COMPLETE
73,2866.9254502048125,2025-08-03 22:51:35.472040,2025-08-03 22:52:03.738553,0 days 00:00:28.266513,1.331503261070421,18,72,COMPLETE
74,2524.6140021544165,2025-08-03 22:51:35.524069,2025-08-03 22:52:05.029132,0 days 00:00:29.505063,2.271144291794389,15,34,COMPLETE
75,2813.7211097172385,2025-08-03 22:51:35.542727,2025-08-03 22:52:06.873260,0 days 00:00:31.330533,1.5215167819033977,28,65,COMPLETE
76,1868.8542857392113,2025-08-03 22:51:35.576584,2025-08-03 22:52:05.741781,0 days 00:00:30.165197,2.921452827520888,20,71,COMPLETE
77,1971.640380266204,2025-08-03 22:51:35.583310,2025-08-03 22:52:07.768648,0 days 00:00:32.185338,2.3388694468483004,21,20,COMPLETE
78,3345.2406708363087,2025-08-03 22:51:35.601173,2025-08-03 22:52:07.708598,0 days 00:00:32.107425,1.524950566871424,26,68,COMPLETE
79,2766.4517515241146,2025-08-03 22:51:35.608496,2025-08-03 22:52:08.542445,0 days 00:00:32.933949,3.808320505809259,9,70,COMPLETE
80,-48.328204161407314,2025-08-03 22:51:35.722622,2025-08-03 22:52:07.815678,0 days 00:00:32.093056,3.347052851556707,28,74,COMPLETE
81,4222.562993159812,2025-08-03 22:51:35.768777,2025-08-03 22:52:07.228205,0 days 00:00:31.459428,1.384768064380638,23,62,COMPLETE
82,-26.450335395271324,2025-08-03 22:51:35.770703,2025-08-03 22:52:09.149516,0 days 00:00:33.378813,0.5272972120296746,12,91,COMPLETE
83,8116.307124182376,2025-08-03 22:51:35.815017,2025-08-03 22:52:08.669544,0 days 00:00:32.854527,3.6586717046807262,28,33,COMPLETE
84,2832.7327946706555,2025-08-03 22:51:35.897017,2025-08-03 22:52:09.683727,0 days 00:00:33.786710,1.9991631308125326,49,57,COMPLETE
85,2172.34968436721,2025-08-03 22:51:35.950814,2025-08-03 22:52:09.858202,0 days 00:00:33.907388,1.221382948974485,15,74,COMPLETE
86,9853.36909682504,2025-08-03 22:51:35.963818,2025-08-03 22:52:09.762972,0 days 00:00:33.799154,1.993889976933351,7,22,COMPLETE
87,-40.442237497684836,2025-08-03 22:51:35.982493,2025-08-03 22:52:11.617349,0 days 00:00:35.634856,3.8110433832718558,49,72,COMPLETE
88,2165.5410920442723,2025-08-03 22:51:36.027669,2025-08-03 22:52:12.699544,0 days 00:00:36.671875,2.295566034668221,37,21,COMPLETE
89,2874.398449173124,2025-08-03 22:51:36.048825,2025-08-03 22:52:12.258822,0 days 00:00:36.209997,1.4836462321541197,36,63,COMPLETE
90,6105.382594553419,2025-08-03 22:51:36.059223,2025-08-03 22:52:26.204081,0 days 00:00:50.144858,4.243430260006214,30,76,COMPLETE
91,-inf,2025-08-03 22:51:36.065891,2025-08-03 22:52:12.917568,0 days 00:00:36.851677,1.0015989732777233,46,42,COMPLETE
92,538.6912292663768,2025-08-03 22:51:36.079955,2025-08-03 22:52:12.406995,0 days 00:00:36.327040,0.7507763975285395,43,75,COMPLETE
93,3478.4349243112833,2025-08-03 22:51:36.090451,2025-08-03 22:52:13.704542,0 days 00:00:37.614091,4.102385951683502,43,87,COMPLETE
94,3381.581777102919,2025-08-03 22:51:36.091815,2025-08-03 22:52:12.147993,0 days 00:00:36.056178,1.9571511540514033,46,48,COMPLETE
95,1210.4727630199695,2025-08-03 22:51:36.115360,2025-08-03 22:52:13.407201,0 days 00:00:37.291841,1.0818730662148095,9,71,COMPLETE
96,4850.160208943504,2025-08-03 22:51:36.131155,2025-08-03 22:52:13.494911,0 days 00:00:37.363756,1.8413102817595313,40,90,COMPLETE
97,16290.092231772574,2025-08-03 22:51:36.132402,2025-08-03 22:52:15.159402,0 days 00:00:39.027000,1.5393328503867498,18,52,COMPLETE
98,1893.2286124700288,2025-08-03 22:51:36.139600,2025-08-03 22:52:14.318077,0 days 00:00:38.178477,2.7501051804741716,34,35,COMPLETE
99,865.3527693572767,2025-08-03 22:51:36.141175,2025-08-03 22:52:14.555434,0 days 00:00:38.414259,2.9006658996378185,23,73,COMPLETE
100,3259.315137407004,2025-08-03 22:51:36.144543,2025-08-03 22:52:16.297123,0 days 00:00:40.152580,1.9273083628917322,5,99,COMPLETE
101,2493.8301149497242,2025-08-03 22:51:36.149832,2025-08-03 22:52:16.272525,0 days 00:00:40.122693,2.613930962565286,31,82,COMPLETE
102,7651.2640115120275,2025-08-03 22:51:36.152564,2025-08-03 22:52:16.670719,0 days 00:00:40.518155,1.8187268463324844,25,94,COMPLETE
103,-160.45265601702104,2025-08-03 22:51:36.154030,2025-08-03 22:52:15.799636,0 days 00:00:39.645606,3.2787585651697313,35,92,COMPLETE
104,1329.4226176232942,2025-08-03 22:51:36.158037,2025-08-03 22:52:17.659818,0 days 00:00:41.501781,3.6542638108480636,26,79,COMPLETE
105,1472.4296097784827,2025-08-03 22:51:36.159152,2025-08-03 22:52:16.852830,0 days 00:00:40.693678,0.9989173540063039,40,51,COMPLETE
106,246.0290295176096,2025-08-03 22:51:36.161899,2025-08-03 22:52:17.999787,0 days 00:00:41.837888,2.9245117534082956,30,41,COMPLETE
107,946.0910783574329,2025-08-03 22:51:36.162873,2025-08-03 22:52:19.504970,0 days 00:00:43.342097,2.493563881373862,22,53,COMPLETE
108,5517.556209862288,2025-08-03 22:51:36.163906,2025-08-03 22:52:19.703786,0 days 00:00:43.539880,2.1012719864893317,35,94,COMPLETE
109,5625.256741798312,2025-08-03 22:51:36.165994,2025-08-03 22:52:20.017289,0 days 00:00:43.851295,1.8136473464198284,29,87,COMPLETE
110,1405.4606938407271,2025-08-03 22:51:36.171557,2025-08-03 22:52:20.034923,0 days 00:00:43.863366,2.0485385028707386,9,63,COMPLETE
111,6560.148214160863,2025-08-03 22:51:36.172207,2025-08-03 22:52:19.696476,0 days 00:00:43.524269,4.291330124572902,34,50,COMPLETE
112,216.94351092824226,2025-08-03 22:51:36.173137,2025-08-03 22:52:19.394703,0 days 00:00:43.221566,3.224576792218403,21,85,COMPLETE
113,422.74139285419795,2025-08-03 22:51:36.174897,2025-08-03 22:52:20.240589,0 days 00:00:44.065692,1.001257008177983,29,66,COMPLETE
114,1344.8081319939133,2025-08-03 22:51:36.181619,2025-08-03 22:52:19.830535,0 days 00:00:43.648916,2.635312612206994,38,69,COMPLETE
115,2892.375540219522,2025-08-03 22:51:36.210103,2025-08-03 22:52:19.911630,0 days 00:00:43.701527,1.7101508116155055,37,86,COMPLETE
116,-45.978861472275895,2025-08-03 22:51:36.234564,2025-08-03 22:52:20.453992,0 days 00:00:44.219428,0.539156409541695,47,82,COMPLETE
117,-inf,2025-08-03 22:51:36.312047,2025-08-03 22:52:21.578754,0 days 00:00:45.266707,3.6984272940401497,49,28,COMPLETE
118,6271.289014067549,2025-08-03 22:51:36.405191,2025-08-03 22:52:23.382643,0 days 00:00:46.977452,4.380448804050301,14,51,COMPLETE
119,-inf,2025-08-03 22:51:36.439638,2025-08-03 22:52:21.843035,0 days 00:00:45.403397,3.534700972419592,44,24,COMPLETE
120,2366.6514912601738,2025-08-03 22:51:36.499565,2025-08-03 22:52:23.138935,0 days 00:00:46.639370,2.7441577635475753,17,37,COMPLETE
121,213.13335527380664,2025-08-03 22:51:36.507801,2025-08-03 22:52:22.265092,0 days 00:00:45.757291,3.677330807914431,49,56,COMPLETE
122,1904.0923132684356,2025-08-03 22:51:36.548897,2025-08-03 22:52:23.701152,0 days 00:00:47.152255,2.0514641274970726,7,89,COMPLETE
123,2574.60557549209,2025-08-03 22:51:36.726038,2025-08-03 22:52:24.938446,0 days 00:00:48.212408,3.0230843682280377,43,73,COMPLETE
124,357.2990576371483,2025-08-03 22:51:36.776984,2025-08-03 22:52:26.821263,0 days 00:00:50.044279,3.4279900444236513,41,60,COMPLETE
125,1893.1159913891179,2025-08-03 22:51:36.831427,2025-08-03 22:52:24.969353,0 days 00:00:48.137926,4.487848400296334,46,52,COMPLETE
126,-inf,2025-08-03 22:51:36.954609,2025-08-03 22:52:24.550429,0 days 00:00:47.595820,4.467021995605228,48,23,COMPLETE
127,826.9489514377177,2025-08-03 22:51:36.977577,2025-08-03 22:52:24.431942,0 days 00:00:47.454365,0.567212298012568,13,62,COMPLETE
128,18.327187624608115,2025-08-03 22:51:36.989295,2025-08-03 22:52:24.930553,0 days 00:00:47.941258,3.4270662673043875,26,80,COMPLETE
129,9154.51461554421,2025-08-03 22:51:37.177990,2025-08-03 22:51:40.238020,0 days 00:00:03.060030,1.7348473447622832,6,68,COMPLETE
130,286.9007576132704,2025-08-03 22:51:37.351887,2025-08-03 22:51:40.504954,0 days 00:00:03.153067,0.5267197964936208,5,75,COMPLETE
131,7878.516334088524,2025-08-03 22:51:37.354030,2025-08-03 22:51:41.734106,0 days 00:00:04.380076,1.6249809261098564,6,76,COMPLETE
132,10336.7843654217,2025-08-03 22:51:37.427663,2025-08-03 22:51:43.668953,0 days 00:00:06.241290,1.5979576086060314,9,75,COMPLETE
133,8170.776389212368,2025-08-03 22:51:37.528114,2025-08-03 22:51:50.576469,0 days 00:00:13.048355,1.7439573829022663,5,76,COMPLETE
134,8394.653300440987,2025-08-03 22:51:37.537101,2025-08-03 22:52:19.507018,0 days 00:00:41.969917,1.6196417482767602,11,75,COMPLETE
135,9673.956071300536,2025-08-03 22:51:37.554334,2025-08-03 22:51:43.042241,0 days 00:00:05.487907,1.6873077945179213,8,76,COMPLETE
136,9096.3046306252,2025-08-03 22:51:37.804583,2025-08-03 22:52:25.391853,0 days 00:00:47.587270,1.5418825247926318,8,72,COMPLETE
137,11044.204839740727,2025-08-03 22:51:37.854598,2025-08-03 22:52:04.636238,0 days 00:00:26.781640,1.5654343746382144,5,72,COMPLETE
138,12370.0402132837,2025-08-03 22:51:37.898737,2025-08-03 22:51:57.354807,0 days 00:00:19.456070,1.4738145214530944,6,75,COMPLETE
139,9111.238275662185,2025-08-03 22:51:37.940444,2025-08-03 22:52:09.783716,0 days 00:00:31.843272,1.513628406283316,8,76,COMPLETE
140,9115.913215418723,2025-08-03 22:51:37.968464,2025-08-03 22:52:16.145308,0 days 00:00:38.176844,1.5671517386057272,5,77,COMPLETE
141,3958.4173553630503,2025-08-03 22:51:38.141658,2025-08-03 22:51:53.669228,0 days 00:00:15.527570,1.2882749772707836,5,79,COMPLETE
142,7602.873916094574,2025-08-03 22:51:38.248516,2025-08-03 22:52:02.989904,0 days 00:00:24.741388,1.541778570784138,5,76,COMPLETE
143,8970.147139026769,2025-08-03 22:51:38.286432,2025-08-03 22:52:30.884598,0 days 00:00:52.598166,1.4552545811148705,9,76,COMPLETE
144,8409.605499435687,2025-08-03 22:51:38.310997,2025-08-03 22:52:48.556521,0 days 00:01:10.245524,1.5682457854203022,5,76,COMPLETE
145,1550.7476473045351,2025-08-03 22:51:38.473180,2025-08-03 22:52:04.984839,0 days 00:00:26.511659,1.642168372781385,34,73,COMPLETE
146,11663.577825287963,2025-08-03 22:51:38.535448,2025-08-03 22:52:08.766405,0 days 00:00:30.230957,1.649293267184424,9,77,COMPLETE
147,9781.240980141034,2025-08-03 22:51:38.570891,2025-08-03 22:51:52.141674,0 days 00:00:13.570783,1.5696739187161377,10,76,COMPLETE
148,60.38341998588437,2025-08-03 22:51:38.599042,2025-08-03 22:52:15.787509,0 days 00:00:37.188467,0.5038469989078145,6,75,COMPLETE
149,8437.507188200678,2025-08-03 22:51:38.599811,2025-08-03 22:52:28.794226,0 days 00:00:50.194415,1.5117705284373184,7,75,COMPLETE
150,8385.908656540654,2025-08-03 22:51:38.611954,2025-08-03 22:52:35.601124,0 days 00:00:56.989170,1.450049818472536,9,76,COMPLETE
151,903.4897890072374,2025-08-03 22:51:38.676861,2025-08-03 22:52:24.957808,0 days 00:00:46.280947,0.6216545637530753,7,77,COMPLETE
152,665.645436651304,2025-08-03 22:51:38.721738,2025-08-03 22:52:23.084217,0 days 00:00:44.362479,0.6878940122311497,7,74,COMPLETE
153,3175.77492850995,2025-08-03 22:51:38.829748,2025-08-03 22:52:39.038847,0 days 00:01:00.209099,2.8505130613638716,8,73,COMPLETE
154,2003.570927466807,2025-08-03 22:51:38.899133,2025-08-03 22:52:41.642835,0 days 00:01:02.743702,2.921030965814321,7,75,COMPLETE
155,780.9259992887321,2025-08-03 22:51:39.057600,2025-08-03 22:53:01.662248,0 days 00:01:22.604648,0.6391085174535638,5,78,COMPLETE
156,1700.651327269912,2025-08-03 22:51:39.093851,2025-08-03 22:52:44.672227,0 days 00:01:05.578376,2.9783563822663996,10,81,COMPLETE
157,463.09976151615507,2025-08-03 22:51:39.127293,2025-08-03 22:52:31.586915,0 days 00:00:52.459622,0.6795195788460362,5,77,COMPLETE
158,3076.9473795039444,2025-08-03 22:51:39.187846,2025-08-03 22:51:58.752621,0 days 00:00:19.564775,2.948508681089966,5,78,COMPLETE
159,2593.535842659054,2025-08-03 22:51:39.210775,2025-08-03 22:52:27.302028,0 days 00:00:48.091253,2.817083297327654,7,75,COMPLETE
160,2316.9007409550422,2025-08-03 22:51:39.232518,2025-08-03 22:52:32.727860,0 days 00:00:53.495342,2.826218979822322,5,79,COMPLETE
161,3076.9473795039444,2025-08-03 22:51:39.271272,2025-08-03 22:52:27.765992,0 days 00:00:48.494720,2.9571070006494535,5,77,COMPLETE
162,3223.641928665083,2025-08-03 22:51:39.400939,2025-08-03 22:52:35.059953,0 days 00:00:55.659014,2.851994608664053,8,77,COMPLETE
163,2369.3269317655026,2025-08-03 22:51:39.441531,2025-08-03 22:52:35.069689,0 days 00:00:55.628158,2.860138274843501,6,70,COMPLETE
164,2541.3558970802537,2025-08-03 22:51:39.473934,2025-08-03 22:52:33.556546,0 days 00:00:54.082612,2.8645157116426976,5,79,COMPLETE
165,1045.2842212625299,2025-08-03 22:51:39.899909,2025-08-03 22:52:37.002821,0 days 00:00:57.102912,0.7399011404158093,5,58,COMPLETE
166,2713.9269320831304,2025-08-03 22:51:39.945964,2025-08-03 22:52:36.650204,0 days 00:00:56.704240,0.696253390229082,32,57,COMPLETE
167,1752.9134693150368,2025-08-03 22:51:39.952489,2025-08-03 22:52:36.974366,0 days 00:00:57.021877,2.871969632505568,5,56,COMPLETE
168,741.391152354746,2025-08-03 22:51:40.008640,2025-08-03 22:52:37.926538,0 days 00:00:57.917898,0.5531616430732211,32,60,COMPLETE
169,1162.3426948736942,2025-08-03 22:51:40.142659,2025-08-03 22:52:37.760283,0 days 00:00:57.617624,0.6214370665625184,32,60,COMPLETE
170,2303.8745427881004,2025-08-03 22:51:40.254536,2025-08-03 22:52:38.545211,0 days 00:00:58.290675,2.8187274456272684,6,69,COMPLETE
171,3533.940189640116,2025-08-03 22:51:40.276355,2025-08-03 22:52:59.059569,0 days 00:01:18.783214,2.8205019379584284,7,70,COMPLETE
172,543.5509223466653,2025-08-03 22:51:40.304824,2025-08-03 22:52:39.545979,0 days 00:00:59.241155,0.6507688182707265,5,69,COMPLETE
173,467.3473619241655,2025-08-03 22:51:40.316546,2025-08-03 22:52:40.151949,0 days 00:00:59.835403,0.6444695521415711,7,67,COMPLETE
174,2121.2454646216606,2025-08-03 22:51:40.334035,2025-08-03 22:52:41.418815,0 days 00:01:01.084780,2.7995107451211574,5,62,COMPLETE
175,2375.6212036770885,2025-08-03 22:51:40.408903,2025-08-03 22:52:43.031805,0 days 00:01:02.622902,2.77775862091541,5,69,COMPLETE
176,993.4942060252049,2025-08-03 22:51:40.457327,2025-08-03 22:52:43.785600,0 days 00:01:03.328273,0.6106723290030442,5,70,COMPLETE
177,1313.8904200845298,2025-08-03 22:51:40.490723,2025-08-03 22:53:00.605594,0 days 00:01:20.114871,0.6040894650199005,5,69,COMPLETE
178,13359.42560556835,2025-08-03 22:51:40.540401,2025-08-03 22:52:25.823657,0 days 00:00:45.283256,1.4239872356841796,11,60,COMPLETE
179,13207.42377257136,2025-08-03 22:51:40.596648,2025-08-03 22:51:58.917604,0 days 00:00:18.320956,1.4840805860210216,12,59,COMPLETE
180,12617.02073455127,2025-08-03 22:51:40.672915,2025-08-03 22:53:04.282329,0 days 00:01:23.609414,1.4366072194381956,12,61,COMPLETE
181,786.7352633747596,2025-08-03 22:51:40.707721,2025-08-03 22:52:45.677356,0 days 00:01:04.969635,2.7604795249545,33,63,COMPLETE
182,4054.1728066982073,2025-08-03 22:51:40.791214,2025-08-03 22:52:48.308882,0 days 00:01:07.517668,1.4367150829703736,33,61,COMPLETE
183,12990.593680780978,2025-08-03 22:51:40.821658,2025-08-03 22:52:33.094037,0 days 00:00:52.272379,1.4473860159970244,12,62,COMPLETE
184,2841.149173489294,2025-08-03 22:51:40.850757,2025-08-03 22:52:47.733499,0 days 00:01:06.882742,1.2894794575264878,33,62,COMPLETE
185,11549.881128334917,2025-08-03 22:51:40.852069,2025-08-03 22:52:47.695606,0 days 00:01:06.843537,1.3891562230509704,12,60,COMPLETE
186,14710.458823513123,2025-08-03 22:51:40.914750,2025-08-03 22:52:32.075110,0 days 00:00:51.160360,1.4156812442080178,10,60,COMPLETE
187,13397.483488970413,2025-08-03 22:51:40.982463,2025-08-03 22:52:49.346043,0 days 00:01:08.363580,1.4498065326837746,10,59,COMPLETE
188,5081.497118599356,2025-08-03 22:51:41.039036,2025-08-03 22:53:11.838645,0 days 00:01:30.799609,1.3828599556930852,32,61,COMPLETE
189,3434.8528303250614,2025-08-03 22:51:41.110730,2025-08-03 22:52:34.452806,0 days 00:00:53.342076,1.3142194248771342,32,62,COMPLETE
190,2951.1773457137733,2025-08-03 22:51:41.145392,2025-08-03 22:53:12.734847,0 days 00:01:31.589455,1.4744871704336708,32,60,COMPLETE
191,5772.199181130154,2025-08-03 22:51:41.266807,2025-08-03 22:52:50.756256,0 days 00:01:09.489449,1.2620929064438982,5,60,COMPLETE
192,4914.426907289271,2025-08-03 22:51:41.291346,2025-08-03 22:53:18.460750,0 days 00:01:37.169404,1.4146172440992828,32,62,COMPLETE
193,18305.54482621003,2025-08-03 22:51:41.377316,2025-08-03 22:52:51.622999,0 days 00:01:10.245683,1.3684280237057207,6,60,COMPLETE
194,2742.631268232752,2025-08-03 22:51:41.406481,2025-08-03 22:52:52.550259,0 days 00:01:11.143778,1.4557557650146642,33,58,COMPLETE
195,5502.804630997843,2025-08-03 22:51:41.412874,2025-08-03 22:52:52.660141,0 days 00:01:11.247267,1.4058794111814894,32,61,COMPLETE
196,3534.6338145211043,2025-08-03 22:51:41.661246,2025-08-03 22:52:53.706569,0 days 00:01:12.045323,1.5311752261648528,33,60,COMPLETE
197,3126.4394282464773,2025-08-03 22:51:41.813049,2025-08-03 22:54:23.107817,0 days 00:02:41.294768,1.2905508543574817,32,56,COMPLETE
198,3808.5203856196904,2025-08-03 22:51:41.882877,2025-08-03 22:52:55.094335,0 days 00:01:13.211458,1.316717732244621,31,55,COMPLETE
199,4196.070767810035,2025-08-03 22:51:41.905636,2025-08-03 22:52:57.125868,0 days 00:01:15.220232,1.4551301703615231,34,60,COMPLETE
200,2839.050256382699,2025-08-03 22:51:42.029044,2025-08-03 22:52:55.381522,0 days 00:01:13.352478,1.3252492051102522,31,56,COMPLETE
201,2627.014792541097,2025-08-03 22:51:42.076507,2025-08-03 22:52:57.167261,0 days 00:01:15.090754,1.3560487741874847,33,57,COMPLETE
202,4281.599279782955,2025-08-03 22:51:42.148604,2025-08-03 22:52:57.017606,0 days 00:01:14.869002,1.409063569784558,32,57,COMPLETE
203,4817.852773262861,2025-08-03 22:51:42.244788,2025-08-03 22:52:58.338540,0 days 00:01:16.093752,1.3678143532429239,32,56,COMPLETE
204,2246.613119372322,2025-08-03 22:51:42.350692,2025-08-03 22:52:41.978133,0 days 00:00:59.627441,1.3362540527268232,35,58,COMPLETE
205,3438.1613574590574,2025-08-03 22:51:42.408739,2025-08-03 22:52:57.767993,0 days 00:01:15.359254,1.2753473869507523,32,53,COMPLETE
206,1039.407925386609,2025-08-03 22:51:42.543779,2025-08-03 22:52:41.968777,0 days 00:00:59.424998,1.2083214900732324,34,57,COMPLETE
207,2317.1430100051507,2025-08-03 22:51:42.627470,2025-08-03 22:53:39.042109,0 days 00:01:56.414639,1.2883958763155485,35,57,COMPLETE
208,2545.9303377869187,2025-08-03 22:51:42.634685,2025-08-03 22:52:43.053179,0 days 00:01:00.418494,1.3307658929943171,33,57,COMPLETE
209,4108.7747006770005,2025-08-03 22:51:42.740974,2025-08-03 22:53:01.663923,0 days 00:01:18.922949,1.40555907326305,33,55,COMPLETE
210,3470.323451558742,2025-08-03 22:51:42.825806,2025-08-03 22:53:02.451743,0 days 00:01:19.625937,1.38705031246986,34,61,COMPLETE
211,2907.1078283284432,2025-08-03 22:51:42.894562,2025-08-03 22:53:46.146992,0 days 00:02:03.252430,1.281309143323297,32,56,COMPLETE
212,2368.8687294502997,2025-08-03 22:51:42.974615,2025-08-03 22:52:43.965717,0 days 00:01:00.991102,1.337473088316988,33,56,COMPLETE
213,1462.8598148694846,2025-08-03 22:51:43.043299,2025-08-03 22:52:45.474651,0 days 00:01:02.431352,2.629071674772896,7,86,COMPLETE
214,1218.4507475907749,2025-08-03 22:51:43.049814,2025-08-03 22:52:44.802618,0 days 00:01:01.752804,2.7359131695329335,8,61,COMPLETE
215,1772.3709477840334,2025-08-03 22:51:43.060826,2025-08-03 22:52:30.191054,0 days 00:00:47.130228,2.6553065426686304,8,82,COMPLETE
216,1005.8578949667194,2025-08-03 22:51:43.213094,2025-08-03 22:53:03.605655,0 days 00:01:20.392561,2.70187996677521,9,60,COMPLETE
217,2213.47622558766,2025-08-03 22:51:43.255099,2025-08-03 22:53:04.668206,0 days 00:01:21.413107,2.692860959823004,8,84,COMPLETE
218,2806.4889031542566,2025-08-03 22:51:43.442466,2025-08-03 22:52:46.267695,0 days 00:01:02.825229,2.6811220879694084,32,83,COMPLETE
219,3134.9360830733713,2025-08-03 22:51:43.455894,2025-08-03 22:52:46.695272,0 days 00:01:03.239378,2.795554829780686,8,83,COMPLETE
220,2145.0874944729,2025-08-03 22:51:43.580608,2025-08-03 22:53:08.624886,0 days 00:01:25.044278,2.7113355261847745,31,83,COMPLETE
221,2017.9353716054602,2025-08-03 22:51:43.701232,2025-08-03 22:53:08.187981,0 days 00:01:24.486749,2.7546777117044257,13,86,COMPLETE
222,741.8081297012699,2025-08-03 22:51:43.841351,2025-08-03 22:54:02.930994,0 days 00:02:19.089643,0.7911766902241489,14,85,COMPLETE
223,2855.384694421789,2025-08-03 22:51:43.998254,2025-08-03 22:54:04.129198,0 days 00:02:20.130944,2.62674487189228,32,84,COMPLETE
224,1606.4208663145291,2025-08-03 22:51:44.010594,2025-08-03 22:53:12.292007,0 days 00:01:28.281413,2.553119972356781,15,88,COMPLETE
225,2895.700225878562,2025-08-03 22:51:44.090245,2025-08-03 22:52:50.039288,0 days 00:01:05.949043,2.633915654158594,15,82,COMPLETE
226,1847.5064051746126,2025-08-03 22:51:44.128620,2025-08-03 22:53:13.296557,0 days 00:01:29.167937,2.7803170030555613,8,62,COMPLETE
227,862.909269855195,2025-08-03 22:51:44.155185,2025-08-03 22:55:40.663028,0 days 00:03:56.507843,2.541419450779259,8,62,COMPLETE
228,637.6186862110893,2025-08-03 22:51:44.167250,2025-08-03 22:53:14.828085,0 days 00:01:30.660835,2.672118299133238,8,63,COMPLETE
229,862.909269855195,2025-08-03 22:51:44.182945,2025-08-03 22:53:14.683137,0 days 00:01:30.500192,2.544386677240424,8,62,COMPLETE
230,1428.678611692133,2025-08-03 22:51:44.261909,2025-08-03 22:52:51.928910,0 days 00:01:07.667001,2.760773332166483,8,63,COMPLETE
231,892.4517575857095,2025-08-03 22:51:44.291681,2025-08-03 22:54:08.654512,0 days 00:02:24.362831,2.6321007605256788,8,61,COMPLETE
232,544.9882100890923,2025-08-03 22:51:44.298014,2025-08-03 22:54:09.728371,0 days 00:02:25.430357,2.596392163266356,8,62,COMPLETE
233,1663.016242208522,2025-08-03 22:51:44.329747,2025-08-03 22:53:17.046212,0 days 00:01:32.716465,2.774336522812697,8,61,COMPLETE
234,798.5945031764879,2025-08-03 22:51:44.338189,2025-08-03 22:53:17.200853,0 days 00:01:32.862664,2.6213464447034873,8,60,COMPLETE
235,2172.698805610194,2025-08-03 22:51:44.400618,2025-08-03 22:54:10.984747,0 days 00:02:26.584129,2.781268255240529,8,60,COMPLETE
236,798.5945031764879,2025-08-03 22:51:44.461291,2025-08-03 22:53:17.954679,0 days 00:01:33.493388,2.625015132011606,8,62,COMPLETE
237,1396.5195116472046,2025-08-03 22:51:44.546209,2025-08-03 22:53:17.689157,0 days 00:01:33.142948,2.685565570897936,7,64,COMPLETE
238,855.2064272790819,2025-08-03 22:51:44.548539,2025-08-03 22:52:53.504238,0 days 00:01:08.955699,2.759995700515834,8,63,COMPLETE
239,1171.8938407103647,2025-08-03 22:51:44.584239,2025-08-03 22:53:19.732629,0 days 00:01:35.148390,2.698827397706766,8,62,COMPLETE
240,1171.8938407103647,2025-08-03 22:51:44.624293,2025-08-03 22:53:19.810276,0 days 00:01:35.185983,2.6938213890536913,8,62,COMPLETE
241,15021.308621907347,2025-08-03 22:51:44.804250,2025-08-03 22:53:23.112117,0 days 00:01:38.307867,1.4186000576745728,8,62,COMPLETE
242,673.095504921524,2025-08-03 22:51:44.841205,2025-08-03 22:53:21.706247,0 days 00:01:36.865042,2.6219084559185593,7,62,COMPLETE
243,766.0838201541727,2025-08-03 22:51:45.020322,2025-08-03 22:53:23.815519,0 days 00:01:38.795197,2.665555727385006,8,65,COMPLETE
244,8390.840655299697,2025-08-03 22:51:45.028344,2025-08-03 22:53:22.179169,0 days 00:01:37.150825,1.306578536666084,7,61,COMPLETE
245,13226.092515404524,2025-08-03 22:51:45.085631,2025-08-03 22:54:17.158890,0 days 00:02:32.073259,1.412835714952574,8,63,COMPLETE
246,13977.619087997104,2025-08-03 22:51:45.087847,2025-08-03 22:53:22.166693,0 days 00:01:37.078846,1.4036455053454788,8,63,COMPLETE
247,892.4517575857095,2025-08-03 22:51:45.129240,2025-08-03 22:53:22.941924,0 days 00:01:37.812684,2.651086842642317,8,62,COMPLETE
248,2337.3334851057543,2025-08-03 22:51:45.157460,2025-08-03 22:53:24.291930,0 days 00:01:39.134470,2.1076459607879716,8,60,COMPLETE
249,2320.6732850655944,2025-08-03 22:51:45.194127,2025-08-03 22:53:26.055575,0 days 00:01:40.861448,2.520491743638436,8,59,COMPLETE
250,974.5691514519816,2025-08-03 22:51:45.231429,2025-08-03 22:54:25.253661,0 days 00:02:40.022232,2.667198813635796,8,62,COMPLETE
251,10595.962682349196,2025-08-03 22:51:45.238544,2025-08-03 22:53:28.234529,0 days 00:01:42.995985,1.3226197988695836,8,61,COMPLETE
252,542.5101004936539,2025-08-03 22:51:45.276620,2025-08-03 22:53:27.505548,0 days 00:01:42.228928,2.616041723826552,7,64,COMPLETE
253,11707.656529514847,2025-08-03 22:51:45.320232,2025-08-03 22:52:39.670534,0 days 00:00:54.350302,1.378589135690087,8,64,COMPLETE
254,1279.3556670850514,2025-08-03 22:51:45.357857,2025-08-03 22:52:56.926813,0 days 00:01:11.568956,2.0611358804445197,8,62,COMPLETE
255,815.7094477176576,2025-08-03 22:51:45.376627,2025-08-03 22:52:56.107352,0 days 00:01:10.730725,2.6305282535712475,8,64,COMPLETE
256,2147.89479002406,2025-08-03 22:51:45.404964,2025-08-03 22:53:30.611324,0 days 00:01:45.206360,2.0893866546877424,7,62,COMPLETE
257,892.4517575857095,2025-08-03 22:51:45.418387,2025-08-03 22:54:28.840850,0 days 00:02:43.422463,2.632787504954614,8,62,COMPLETE
258,568.8633398554796,2025-08-03 22:51:45.446225,2025-08-03 22:54:30.604680,0 days 00:02:45.158455,2.6112053201277017,8,60,COMPLETE
259,974.5691514519816,2025-08-03 22:51:45.473410,2025-08-03 22:53:34.721347,0 days 00:01:49.247937,2.6733449545549823,8,62,COMPLETE
260,1404.6405720220953,2025-08-03 22:51:45.494398,2025-08-03 22:53:32.161135,0 days 00:01:46.666737,2.0364607504101424,8,63,COMPLETE
261,974.5691514519816,2025-08-03 22:51:45.525228,2025-08-03 22:53:34.666463,0 days 00:01:49.141235,2.6721308785415214,8,62,COMPLETE
262,528.6496851629436,2025-08-03 22:51:45.537375,2025-08-03 22:53:33.967116,0 days 00:01:48.429741,2.664555041459097,8,63,COMPLETE
263,808.9933620542953,2025-08-03 22:51:45.539075,2025-08-03 22:53:34.430837,0 days 00:01:48.891762,2.6495930282880185,7,63,COMPLETE
264,1463.7647737694276,2025-08-03 22:51:45.616162,2025-08-03 22:53:35.449346,0 days 00:01:49.833184,2.6840886677093634,7,61,COMPLETE
265,956.0635961075884,2025-08-03 22:51:45.641449,2025-08-03 22:53:36.295091,0 days 00:01:50.653642,2.0635017020907407,8,63,COMPLETE
266,2323.234108177123,2025-08-03 22:51:45.657494,2025-08-03 22:52:58.665876,0 days 00:01:13.008382,2.1523730632219964,8,62,COMPLETE
267,808.9933620542953,2025-08-03 22:51:45.684030,2025-08-03 22:52:59.503795,0 days 00:01:13.819765,2.6585423931411376,7,63,COMPLETE
268,1833.046963253872,2025-08-03 22:51:45.707438,2025-08-03 22:52:59.941991,0 days 00:01:14.234553,2.1098156864453435,7,63,COMPLETE
269,2049.4422952147693,2025-08-03 22:51:45.713665,2025-08-03 22:52:42.843539,0 days 00:00:57.129874,2.082261906122902,8,60,COMPLETE
270,2354.2119896357126,2025-08-03 22:51:45.757226,2025-08-03 22:53:39.209142,0 days 00:01:53.451916,2.155804067662596,7,72,COMPLETE
271,1373.862682144302,2025-08-03 22:51:45.771494,2025-08-03 22:53:39.449652,0 days 00:01:53.678158,2.030521652873261,8,64,COMPLETE
272,1595.6918649272782,2025-08-03 22:51:45.859662,2025-08-03 22:53:40.434273,0 days 00:01:54.574611,2.018573169744488,8,64,COMPLETE
273,2049.4422952147693,2025-08-03 22:51:45.866927,2025-08-03 22:53:40.538209,0 days 00:01:54.671282,2.077301398773046,8,62,COMPLETE
274,544.9882100890923,2025-08-03 22:51:45.868690,2025-08-03 22:53:40.656952,0 days 00:01:54.788262,2.589005628326559,8,60,COMPLETE
275,952.1108374021719,2025-08-03 22:51:45.870983,2025-08-03 22:54:45.083261,0 days 00:02:59.212278,2.058391753910401,8,64,COMPLETE
276,1377.2548603106015,2025-08-03 22:51:45.956294,2025-08-03 22:53:00.897766,0 days 00:01:14.941472,2.0050137990341845,8,64,COMPLETE
277,1953.6216251357346,2025-08-03 22:51:46.005911,2025-08-03 22:53:44.092794,0 days 00:01:58.086883,2.1589657418507575,8,64,COMPLETE
278,1141.7028368236304,2025-08-03 22:51:46.010822,2025-08-03 22:53:43.398003,0 days 00:01:57.387181,2.0186141378718863,8,71,COMPLETE
279,1404.6405720220953,2025-08-03 22:51:46.072045,2025-08-03 22:53:46.920976,0 days 00:02:00.848931,2.0394989993913715,8,63,COMPLETE
280,2382.067542548789,2025-08-03 22:51:46.115615,2025-08-03 22:53:46.080812,0 days 00:01:59.965197,1.9833216540176937,8,63,COMPLETE
281,2782.107284896183,2025-08-03 22:51:46.117210,2025-08-03 22:53:45.692990,0 days 00:01:59.575780,2.097867072183073,5,63,COMPLETE
282,903.331663909573,2025-08-03 22:51:46.159946,2025-08-03 22:53:02.563733,0 days 00:01:16.403787,2.5777116341963757,8,62,COMPLETE
283,985.0490862873511,2025-08-03 22:51:46.176812,2025-08-03 22:53:45.556506,0 days 00:01:59.379694,2.0375457818582494,7,64,COMPLETE
284,1038.065189168492,2025-08-03 22:51:46.179446,2025-08-03 22:53:45.807073,0 days 00:01:59.627627,2.0686742794565323,8,63,COMPLETE
285,2974.978397841527,2025-08-03 22:51:46.196313,2025-08-03 22:53:46.434526,0 days 00:02:00.238213,1.98241425522201,8,61,COMPLETE
286,8206.572451372595,2025-08-03 22:51:46.285577,2025-08-03 22:54:51.365509,0 days 00:03:05.079932,2.5332698552027195,8,28,COMPLETE
287,17796.034343497537,2025-08-03 22:51:46.400579,2025-08-03 22:53:03.470440,0 days 00:01:17.069861,2.0274536945616295,18,26,COMPLETE
288,7962.594796423326,2025-08-03 22:51:46.431226,2025-08-03 22:53:47.104236,0 days 00:02:00.673010,2.0285424363666733,8,27,COMPLETE
289,8239.718712975433,2025-08-03 22:51:46.438031,2025-08-03 22:53:47.729938,0 days 00:02:01.291907,2.1446643363145177,8,23,COMPLETE
290,5277.957097937252,2025-08-03 22:51:46.506513,2025-08-03 22:53:48.621609,0 days 00:02:02.115096,2.0502256729522594,8,20,COMPLETE
291,11322.510474621846,2025-08-03 22:51:46.528253,2025-08-03 22:54:54.849997,0 days 00:03:08.321744,2.2348121484566628,9,28,COMPLETE
292,8297.09431921168,2025-08-03 22:51:46.623482,2025-08-03 22:53:04.429943,0 days 00:01:17.806461,2.0295780495419913,8,26,COMPLETE
293,7313.129508577313,2025-08-03 22:51:46.767259,2025-08-03 22:53:49.502600,0 days 00:02:02.735341,2.031916157243619,8,27,COMPLETE
294,7511.180714941623,2025-08-03 22:51:46.922467,2025-08-03 22:53:05.259156,0 days 00:01:18.336689,2.1352990051067158,8,25,COMPLETE
295,6978.0639510640685,2025-08-03 22:51:47.032779,2025-08-03 22:53:51.095809,0 days 00:02:04.063030,2.0831158267447067,8,26,COMPLETE
296,7094.489791880633,2025-08-03 22:51:47.044282,2025-08-03 22:53:05.365193,0 days 00:01:18.320911,2.069670879571911,8,23,COMPLETE
297,493.6800609531382,2025-08-03 22:51:47.518453,2025-08-03 22:53:06.033282,0 days 00:01:18.514829,2.6189758173752855,8,63,COMPLETE
298,2610.3656240854784,2025-08-03 22:51:47.690375,2025-08-03 22:53:06.490861,0 days 00:01:18.800486,0.6058813650189929,18,42,COMPLETE
299,9319.294578231624,2025-08-03 22:51:47.722834,2025-08-03 22:55:11.280034,0 days 00:03:23.557200,2.046656162720618,19,21,COMPLETE
300,3553.451937257907,2025-08-03 22:51:47.777104,2025-08-03 22:53:53.105030,0 days 00:02:05.327926,2.0918639866324265,15,40,COMPLETE
301,2396.800932489058,2025-08-03 22:51:47.810558,2025-08-03 22:53:07.110649,0 days 00:01:19.300091,2.5534114942952257,18,21,COMPLETE
302,1720.7411358170746,2025-08-03 22:51:47.906283,2025-08-03 22:55:13.293504,0 days 00:03:25.387221,2.11121679649289,16,53,COMPLETE
303,3176.0288524790417,2025-08-03 22:51:47.944087,2025-08-03 22:53:08.408842,0 days 00:01:20.464755,2.070259112505643,15,20,COMPLETE
304,9758.787694887373,2025-08-03 22:51:47.972981,2025-08-03 22:53:54.521042,0 days 00:02:06.548061,2.0535804847228505,17,21,COMPLETE
305,8950.903962683291,2025-08-03 22:51:48.064390,2025-08-03 22:53:08.762438,0 days 00:01:20.698048,1.9943628783428689,17,21,COMPLETE
306,5289.11860648739,2025-08-03 22:51:48.197249,2025-08-03 22:55:20.374429,0 days 00:03:32.177180,2.1139146666377933,18,20,COMPLETE
307,5909.510686018428,2025-08-03 22:51:48.215848,2025-08-03 22:53:58.967269,0 days 00:02:10.751421,2.120960651805664,18,41,COMPLETE
308,7201.090654019179,2025-08-03 22:51:48.353991,2025-08-03 22:53:58.072300,0 days 00:02:09.718309,2.0903554894296263,18,20,COMPLETE
309,8168.59105714511,2025-08-03 22:51:48.412479,2025-08-03 22:53:09.806979,0 days 00:01:21.394500,2.092352907230198,18,40,COMPLETE
310,3683.0884801598017,2025-08-03 22:51:48.516219,2025-08-03 22:55:26.533769,0 days 00:03:38.017550,2.0586643281029064,18,71,COMPLETE
311,4257.289643693476,2025-08-03 22:51:48.519011,2025-08-03 22:54:02.425697,0 days 00:02:13.906686,1.9620850697223433,19,71,COMPLETE
312,11020.185352120065,2025-08-03 22:51:48.594862,2025-08-03 22:54:03.657393,0 days 00:02:15.062531,3.5143069972758822,18,20,COMPLETE
313,3770.953514993287,2025-08-03 22:51:48.601395,2025-08-03 22:53:11.840243,0 days 00:01:23.238848,3.4853310676711375,18,38,COMPLETE
314,5861.821850476544,2025-08-03 22:51:48.649628,2025-08-03 22:53:11.423076,0 days 00:01:22.773448,3.506617250190002,19,21,COMPLETE
315,3667.898720335283,2025-08-03 22:51:48.726383,2025-08-03 22:53:11.733861,0 days 00:01:23.007478,3.4926160975448775,18,43,COMPLETE
316,3364.585678244532,2025-08-03 22:51:48.812906,2025-08-03 22:54:04.303522,0 days 00:02:15.490616,2.541128941858103,15,41,COMPLETE
317,9456.269705110084,2025-08-03 22:51:48.889002,2025-08-03 22:54:04.285221,0 days 00:02:15.396219,4.112301155471512,15,39,COMPLETE
318,9456.269705110084,2025-08-03 22:51:48.921176,2025-08-03 22:55:36.345227,0 days 00:03:47.424051,4.115594223701718,15,41,COMPLETE
319,7490.572622283049,2025-08-03 22:51:48.946069,2025-08-03 22:55:40.939918,0 days 00:03:51.993849,4.190769078445163,15,41,COMPLETE
320,21984.93258395485,2025-08-03 22:51:48.971506,2025-08-03 22:54:05.882757,0 days 00:02:16.911251,1.48854496866311,16,22,COMPLETE
321,5622.496645193235,2025-08-03 22:51:49.017647,2025-08-03 22:53:13.340653,0 days 00:01:24.323006,2.0256871021644733,15,39,COMPLETE
322,6034.08544850309,2025-08-03 22:51:49.048077,2025-08-03 22:54:07.310009,0 days 00:02:18.261932,2.0622915528894192,15,38,COMPLETE
323,4215.572590069621,2025-08-03 22:51:49.065569,2025-08-03 22:55:45.361177,0 days 00:03:56.295608,2.069281052915029,15,39,COMPLETE
324,3547.7382128129525,2025-08-03 22:51:49.147975,2025-08-03 22:54:07.503177,0 days 00:02:18.355202,2.082497967295949,16,41,COMPLETE
325,3222.532561091018,2025-08-03 22:51:49.222625,2025-08-03 22:55:51.662325,0 days 00:04:02.439700,2.5783626617922573,15,41,COMPLETE
326,5971.216244084799,2025-08-03 22:51:49.450679,2025-08-03 22:53:16.746888,0 days 00:01:27.296209,2.1097933641979045,21,20,COMPLETE
327,4371.668293389026,2025-08-03 22:51:49.536432,2025-08-03 22:54:09.078655,0 days 00:02:19.542223,2.0498812258092007,15,20,COMPLETE
328,9456.269705110084,2025-08-03 22:51:49.580207,2025-08-03 22:58:50.248250,0 days 00:07:00.668043,4.097541910664784,15,41,COMPLETE
329,8354.485849927962,2025-08-03 22:51:49.591478,2025-08-03 22:55:58.982935,0 days 00:04:09.391457,1.9670557031750342,21,41,COMPLETE
330,13958.532384657556,2025-08-03 22:51:49.668004,2025-08-03 22:53:16.192952,0 days 00:01:26.524948,4.206923012642136,15,20,COMPLETE
331,3194.2088791127426,2025-08-03 22:51:49.756381,2025-08-03 22:55:58.207312,0 days 00:04:08.450931,2.0902738711615583,16,20,COMPLETE
332,3472.129865014328,2025-08-03 22:51:49.785058,2025-08-03 22:54:10.679162,0 days 00:02:20.894104,2.0766725662818013,16,42,COMPLETE
333,16349.680002777293,2025-08-03 22:51:49.792970,2025-08-03 22:56:02.261999,0 days 00:04:12.469029,1.453232231281239,15,20,COMPLETE
334,9590.405599120179,2025-08-03 22:51:49.817215,2025-08-03 22:54:10.818683,0 days 00:02:21.001468,4.098606865232045,16,42,COMPLETE
335,10950.956653221427,2025-08-03 22:51:49.831775,2025-08-03 22:53:18.704058,0 days 00:01:28.872283,4.101044509032664,15,21,COMPLETE
336,7533.837882546166,2025-08-03 22:51:49.920888,2025-08-03 22:53:19.346962,0 days 00:01:29.426074,4.142586622203407,14,42,COMPLETE
337,7845.925905044412,2025-08-03 22:51:49.937669,2025-08-03 22:56:00.653726,0 days 00:04:10.716057,4.2257544875347675,15,42,COMPLETE
338,14588.864843798161,2025-08-03 22:51:50.084527,2025-08-03 22:54:13.606384,0 days 00:02:23.521857,4.154114927560696,16,20,COMPLETE
339,15663.895888857785,2025-08-03 22:51:50.114314,2025-08-03 22:54:13.573399,0 days 00:02:23.459085,4.220130180876399,15,20,COMPLETE
340,7711.272497381612,2025-08-03 22:51:50.131863,2025-08-03 22:58:58.821647,0 days 00:07:08.689784,4.1340358465806935,15,41,COMPLETE
341,1867.7154954681391,2025-08-03 22:51:50.188446,2025-08-03 22:53:19.548268,0 days 00:01:29.359822,2.2025940526415626,15,20,COMPLETE
342,11335.806789086188,2025-08-03 22:51:50.226837,2025-08-03 22:56:09.950075,0 days 00:04:19.723238,4.152654243757992,14,23,COMPLETE
343,15617.193916956394,2025-08-03 22:51:50.328830,2025-08-03 22:53:19.757817,0 days 00:01:29.428987,4.228046110513093,16,21,COMPLETE
344,8785.984339976481,2025-08-03 22:51:50.397040,2025-08-03 22:53:20.688250,0 days 00:01:30.291210,4.113806881730714,14,20,COMPLETE
345,19050.866797440667,2025-08-03 22:51:50.436761,2025-08-03 22:54:15.867258,0 days 00:02:25.430497,1.5303240494595658,15,21,COMPLETE
346,7490.572622283049,2025-08-03 22:51:50.484330,2025-08-03 22:56:12.997107,0 days 00:04:22.512777,4.141334437059227,15,42,COMPLETE
347,2056.322800579004,2025-08-03 22:51:50.523912,2025-08-03 22:53:21.832942,0 days 00:01:31.309030,2.275921776676531,15,42,COMPLETE
348,15880.841443482157,2025-08-03 22:51:50.588074,2025-08-03 22:53:21.671903,0 days 00:01:31.083829,1.4274676843586018,15,22,COMPLETE
349,9456.269705110084,2025-08-03 22:51:50.673417,2025-08-03 22:56:18.793911,0 days 00:04:28.120494,4.110189553303121,15,40,COMPLETE
350,3877.384510552574,2025-08-03 22:51:50.698179,2025-08-03 22:53:24.492915,0 days 00:01:33.794736,2.500742186874267,15,20,COMPLETE
351,13958.532384657556,2025-08-03 22:51:50.708581,2025-08-03 22:53:24.075997,0 days 00:01:33.367416,4.195950368495879,15,21,COMPLETE
352,16532.224641683217,2025-08-03 22:51:50.710958,2025-08-03 22:54:18.688938,0 days 00:02:27.977980,1.487967292306757,15,42,COMPLETE
353,19700.412641347306,2025-08-03 22:51:50.721673,2025-08-03 22:54:19.777644,0 days 00:02:29.055971,1.473602812905653,15,41,COMPLETE
354,6979.6632806568705,2025-08-03 22:51:50.722721,2025-08-03 22:53:26.030411,0 days 00:01:35.307690,4.1698091393174685,15,36,COMPLETE
355,19058.409696329367,2025-08-03 22:51:50.727746,2025-08-03 22:54:21.168624,0 days 00:02:30.440878,1.495926649606592,15,20,COMPLETE
356,9456.269705110084,2025-08-03 22:51:50.729337,2025-08-03 22:53:25.722152,0 days 00:01:34.992815,4.121775260858678,15,41,COMPLETE
357,13839.942346093467,2025-08-03 22:51:50.731819,2025-08-03 22:54:22.375075,0 days 00:02:31.643256,4.1646098770608475,21,41,COMPLETE
358,7490.572622283049,2025-08-03 22:51:50.734370,2025-08-03 22:53:26.247411,0 days 00:01:35.513041,4.1506339189848545,15,40,COMPLETE
359,14588.864843798161,2025-08-03 22:51:50.760847,2025-08-03 22:56:24.315250,0 days 00:04:33.554403,4.135412851343287,16,21,COMPLETE
360,9381.389348615061,2025-08-03 22:51:50.775260,2025-08-03 22:53:26.757539,0 days 00:01:35.982279,4.13580058945139,15,20,COMPLETE
361,9399.47234202502,2025-08-03 22:51:50.791904,2025-08-03 22:54:21.600867,0 days 00:02:30.808963,4.166959786596224,16,41,COMPLETE
362,21297.13114072608,2025-08-03 22:51:50.817070,2025-08-03 22:53:26.547360,0 days 00:01:35.730290,1.5025660927133928,16,20,COMPLETE
363,20042.728382165737,2025-08-03 22:51:50.842110,2025-08-03 22:54:24.681365,0 days 00:02:33.839255,4.15474274714349,20,20,COMPLETE
364,20350.18501929194,2025-08-03 22:51:50.882598,2025-08-03 22:54:23.673632,0 days 00:02:32.791034,1.5198058911757362,16,20,COMPLETE
365,8386.385178144716,2025-08-03 22:51:50.889615,2025-08-03 22:54:23.737137,0 days 00:02:32.847522,1.4833909801961824,21,40,COMPLETE
366,13010.944811968506,2025-08-03 22:51:50.906349,2025-08-03 22:54:24.659996,0 days 00:02:33.753647,1.4745903469743216,21,20,COMPLETE
367,14588.864843798161,2025-08-03 22:51:50.908834,2025-08-03 22:53:28.101878,0 days 00:01:37.193044,4.163228760913373,16,21,COMPLETE
368,9456.269705110084,2025-08-03 22:51:50.920259,2025-08-03 22:54:26.708635,0 days 00:02:35.788376,4.1189174126740795,15,41,COMPLETE
369,7845.925905044412,2025-08-03 22:51:50.977683,2025-08-03 22:53:28.511337,0 days 00:01:37.533654,4.237436424446224,15,40,COMPLETE
370,7845.925905044412,2025-08-03 22:51:50.979470,2025-08-03 22:53:29.159511,0 days 00:01:38.180041,4.224042659651905,15,40,COMPLETE
371,4209.614429951065,2025-08-03 22:51:51.052596,2025-08-03 22:59:37.919999,0 days 00:07:46.867403,2.6127937182651793,15,42,COMPLETE
372,17639.68600504473,2025-08-03 22:51:51.096848,2025-08-03 22:53:31.009409,0 days 00:01:39.912561,1.4680208322970325,16,42,COMPLETE
373,1823.3349749411507,2025-08-03 22:51:51.156211,2025-08-03 22:56:34.403044,0 days 00:04:43.246833,2.4400333404211105,15,41,COMPLETE
374,21699.00262568606,2025-08-03 22:51:51.157231,2025-08-03 22:53:29.983418,0 days 00:01:38.826187,4.19271529846986,20,20,COMPLETE
375,4581.43156902508,2025-08-03 22:51:51.181944,2025-08-03 22:54:27.568597,0 days 00:02:36.386653,2.605859802107868,16,41,COMPLETE
376,15048.18017313382,2025-08-03 22:51:51.183674,2025-08-03 22:54:33.186312,0 days 00:02:42.002638,1.4305506949019604,15,40,COMPLETE
377,7651.322898625041,2025-08-03 22:51:51.243289,2025-08-03 22:53:32.371139,0 days 00:01:41.127850,4.188845370411389,15,38,COMPLETE
378,4292.220287898637,2025-08-03 22:51:51.262298,2025-08-03 22:53:30.000992,0 days 00:01:38.738694,2.6159974831185053,15,39,COMPLETE
379,16833.81952779613,2025-08-03 22:51:51.338708,2025-08-03 22:54:30.415383,0 days 00:02:39.076675,1.4927101027053467,15,41,COMPLETE
380,13331.355450202545,2025-08-03 22:51:51.361325,2025-08-03 22:53:32.391940,0 days 00:01:41.030615,1.4782627155186625,15,23,COMPLETE
381,9456.269705110084,2025-08-03 22:51:51.442029,2025-08-03 22:56:41.037045,0 days 00:04:49.595016,4.11774093532475,15,41,COMPLETE
382,22222.25517333982,2025-08-03 22:51:51.448908,2025-08-03 22:56:38.808389,0 days 00:04:47.359481,1.524939267533602,15,20,COMPLETE
383,2777.2640461372566,2025-08-03 22:51:51.546844,2025-08-03 22:53:33.037848,0 days 00:01:41.491004,2.258802872863109,15,41,COMPLETE
384,20124.697018932,2025-08-03 22:51:51.576734,2025-08-03 22:59:45.502241,0 days 00:07:53.925507,1.5231706865039032,15,41,COMPLETE
385,17476.665287687272,2025-08-03 22:51:51.693891,2025-08-03 22:54:35.857535,0 days 00:02:44.163644,1.5028617562885196,15,21,COMPLETE
386,7490.572622283049,2025-08-03 22:51:51.714401,2025-08-03 22:53:34.127138,0 days 00:01:42.412737,4.159433323101721,15,41,COMPLETE
387,20079.007247265454,2025-08-03 22:51:51.820561,2025-08-03 22:56:44.324452,0 days 00:04:52.503891,1.5295039879230852,15,41,COMPLETE
388,7490.572622283049,2025-08-03 22:51:51.866582,2025-08-03 22:54:37.394979,0 days 00:02:45.528397,4.159663350912067,15,40,COMPLETE
389,9456.269705110084,2025-08-03 22:51:51.906709,2025-08-03 22:53:34.577861,0 days 00:01:42.671152,4.1144328443497855,15,42,COMPLETE
390,1635.0072054466277,2025-08-03 22:51:52.053098,2025-08-03 22:54:34.555274,0 days 00:02:42.502176,2.238149209687079,16,21,COMPLETE
391,20350.18501929194,2025-08-03 22:51:52.103965,2025-08-03 22:54:34.917893,0 days 00:02:42.813928,1.501932362972076,15,20,COMPLETE
392,15280.9578882294,2025-08-03 22:51:52.228075,2025-08-03 22:53:36.801461,0 days 00:01:44.573386,1.4608350017340803,15,20,COMPLETE
393,19547.715743463123,2025-08-03 22:51:52.320415,2025-08-03 22:53:36.515806,0 days 00:01:44.195391,1.4731317957920016,15,21,COMPLETE
394,17616.524201828226,2025-08-03 22:51:52.348359,2025-08-03 22:56:46.286019,0 days 00:04:53.937660,1.5128603534545744,15,41,COMPLETE
395,9381.389348615061,2025-08-03 22:51:52.360460,2025-08-03 22:56:47.745519,0 days 00:04:55.385059,4.126509339396076,15,21,COMPLETE
396,7824.75469993552,2025-08-03 22:51:52.683623,2025-08-03 22:53:36.698126,0 days 00:01:44.014503,4.215344014169315,15,41,COMPLETE
397,9399.47234202502,2025-08-03 22:51:52.772159,2025-08-03 22:56:49.807017,0 days 00:04:57.034858,4.133600032476743,16,41,COMPLETE
398,7490.572622283049,2025-08-03 22:51:52.807410,2025-08-03 22:53:38.922522,0 days 00:01:46.115112,4.177415893754508,15,41,COMPLETE
399,13958.532384657556,2025-08-03 22:51:53.006210,2025-08-03 22:54:40.433540,0 days 00:02:47.427330,4.197415083422282,15,20,COMPLETE
400,7490.572622283049,2025-08-03 22:51:53.050257,2025-08-03 22:53:38.509659,0 days 00:01:45.459402,4.191696864689879,15,39,COMPLETE
401,9549.299051964854,2025-08-03 22:51:53.124240,2025-08-03 22:53:38.380017,0 days 00:01:45.255777,1.403988878508376,16,39,COMPLETE
402,18808.628263448627,2025-08-03 22:51:53.178066,2025-08-03 22:53:40.409631,0 days 00:01:47.231565,1.497111811267075,15,20,COMPLETE
403,16880.729057625518,2025-08-03 22:51:53.185387,2025-08-03 22:54:40.507255,0 days 00:02:47.321868,1.4281752517893176,15,41,COMPLETE
404,7711.272497381612,2025-08-03 22:51:53.203935,2025-08-03 22:54:40.155387,0 days 00:02:46.951452,4.129451849077943,15,41,COMPLETE
405,17715.849413068936,2025-08-03 22:51:53.224788,2025-08-03 22:54:42.064353,0 days 00:02:48.839565,1.4283154539818128,14,41,COMPLETE
406,22222.25517333982,2025-08-03 22:51:53.408046,2025-08-03 22:56:56.212350,0 days 00:05:02.804304,1.5224699016476964,15,20,COMPLETE
407,15390.288603754596,2025-08-03 22:51:53.504446,2025-08-03 22:53:42.093334,0 days 00:01:48.588888,1.483999251454247,15,42,COMPLETE
408,13491.62073833696,2025-08-03 22:51:53.539055,2025-08-03 22:54:43.358784,0 days 00:02:49.819729,1.4611323070669275,15,39,COMPLETE
409,7490.572622283049,2025-08-03 22:51:53.590317,2025-08-03 22:53:43.042294,0 days 00:01:49.451977,4.181670986386951,15,39,COMPLETE
410,17845.678702123147,2025-08-03 22:51:53.611932,2025-08-03 22:53:41.639640,0 days 00:01:48.027708,1.4731778142856626,16,21,COMPLETE
411,18059.793465828792,2025-08-03 22:51:53.640243,2025-08-03 22:54:46.757058,0 days 00:02:53.116815,1.5136558935434765,15,21,COMPLETE
412,14508.545680498033,2025-08-03 22:51:53.666757,2025-08-03 23:00:10.360289,0 days 00:08:16.693532,1.4981983316109662,15,39,COMPLETE
413,4871.1996526369185,2025-08-03 22:51:53.679719,2025-08-03 22:54:44.647525,0 days 00:02:50.967806,4.160994048740862,15,43,COMPLETE
414,7711.272497381612,2025-08-03 22:51:53.732906,2025-08-03 22:53:42.549318,0 days 00:01:48.816412,4.1320598563785556,15,41,COMPLETE
415,9590.405599120179,2025-08-03 22:51:53.741326,2025-08-03 22:54:46.378025,0 days 00:02:52.636699,4.104401375339574,16,41,COMPLETE
416,18633.061400225284,2025-08-03 22:51:53.781541,2025-08-03 22:53:44.284308,0 days 00:01:50.502767,1.5595749915037493,14,22,COMPLETE
417,18397.998507672975,2025-08-03 22:51:53.805692,2025-08-03 22:53:43.561228,0 days 00:01:49.755536,1.5610798113943454,14,39,COMPLETE
418,19772.276114455915,2025-08-03 22:51:53.832415,2025-08-03 22:54:46.875114,0 days 00:02:53.042699,1.5214091763022841,15,42,COMPLETE
419,20663.698135569037,2025-08-03 22:51:53.838528,2025-08-03 22:57:00.987125,0 days 00:05:07.148597,1.4979193128053578,16,42,COMPLETE
420,17305.15677496779,2025-08-03 22:51:53.839524,2025-08-03 22:57:05.276314,0 days 00:05:11.436790,1.5074265906391207,15,42,COMPLETE
421,4659.91773076905,2025-08-03 22:51:53.846420,2025-08-03 22:57:01.925664,0 days 00:05:08.079244,2.5542190769171134,15,20,COMPLETE
422,16577.402679892228,2025-08-03 22:51:53.903639,2025-08-03 22:54:47.371030,0 days 00:02:53.467391,1.4291185926802243,15,42,COMPLETE
423,19441.18067690183,2025-08-03 22:51:53.934848,2025-08-03 22:53:44.536570,0 days 00:01:50.601722,1.5655527314991657,17,41,COMPLETE
424,17577.56208538454,2025-08-03 22:51:53.996159,2025-08-03 22:54:48.662347,0 days 00:02:54.666188,1.4702569489991162,15,39,COMPLETE
425,11261.326520383305,2025-08-03 22:51:54.021279,2025-08-03 22:53:45.557822,0 days 00:01:51.536543,1.4951803728395414,15,71,COMPLETE
426,15986.413071898369,2025-08-03 22:51:54.038899,2025-08-03 22:54:48.948917,0 days 00:02:54.910018,1.553430617703519,15,40,COMPLETE
427,17355.8878598477,2025-08-03 22:51:54.045118,2025-08-03 22:54:48.537786,0 days 00:02:54.492668,1.496164731480914,16,40,COMPLETE
428,15143.47033148349,2025-08-03 22:51:54.110966,2025-08-03 22:57:06.894223,0 days 00:05:12.783257,1.4625986243659828,15,41,COMPLETE
429,22222.25517333982,2025-08-03 22:51:54.145187,2025-08-03 22:54:53.864601,0 days 00:02:59.719414,1.5228062998697567,15,20,COMPLETE
430,15557.340481390194,2025-08-03 22:51:54.210953,2025-08-03 22:54:55.399819,0 days 00:03:01.188866,1.476284247592797,15,41,COMPLETE
431,11448.2459239793,2025-08-03 22:51:54.245445,2025-08-03 22:54:52.913747,0 days 00:02:58.668302,1.4928447539311498,20,42,COMPLETE
432,25300.680605830934,2025-08-03 22:51:54.246581,2025-08-03 22:54:54.106057,0 days 00:02:59.859476,1.5081950840448946,14,20,COMPLETE
433,18672.417745800372,2025-08-03 22:51:54.309792,2025-08-03 22:53:47.994300,0 days 00:01:53.684508,1.5183895283851871,14,42,COMPLETE
434,1616.5941535741995,2025-08-03 22:51:54.317491,2025-08-03 22:54:54.258576,0 days 00:02:59.941085,2.240306680477583,14,20,COMPLETE
435,16953.008752614896,2025-08-03 22:51:54.330554,2025-08-03 22:54:55.392889,0 days 00:03:01.062335,1.5186662246111564,14,39,COMPLETE
436,7510.918494347655,2025-08-03 22:51:54.332923,2025-08-03 22:54:54.671411,0 days 00:03:00.338488,4.207667328785629,14,42,COMPLETE
437,17614.155170174527,2025-08-03 22:51:54.334058,2025-08-03 22:54:55.456068,0 days 00:03:01.122010,1.5560064418364197,15,42,COMPLETE
438,7533.837882546166,2025-08-03 22:51:54.449271,2025-08-03 22:54:56.930316,0 days 00:03:02.481045,4.147775915310451,14,42,COMPLETE
439,7533.837882546166,2025-08-03 22:51:54.489267,2025-08-03 22:54:57.939387,0 days 00:03:03.450120,4.141813213439422,14,41,COMPLETE
440,6640.426922731078,2025-08-03 22:51:54.511655,2025-08-03 22:54:59.122984,0 days 00:03:04.611329,4.235927370485431,14,37,COMPLETE
441,20626.587432173736,2025-08-03 22:51:54.584491,2025-08-03 22:53:49.365852,0 days 00:01:54.781361,1.552824097959355,14,41,COMPLETE
442,20042.728382165737,2025-08-03 22:51:54.809766,2025-08-03 22:53:49.948960,0 days 00:01:55.139194,4.142144138580118,20,20,COMPLETE
443,17402.058554121042,2025-08-03 22:51:54.838875,2025-08-03 22:55:02.607820,0 days 00:03:07.768945,1.5474174208658615,20,40,COMPLETE
444,18397.998507672975,2025-08-03 22:51:54.906613,2025-08-03 22:57:22.802130,0 days 00:05:27.895517,1.5520401710785179,14,39,COMPLETE
445,7510.918494347655,2025-08-03 22:51:54.920078,2025-08-03 22:55:02.351667,0 days 00:03:07.431589,4.21062175212568,14,42,COMPLETE
446,18656.350554854256,2025-08-03 22:51:55.035910,2025-08-03 22:53:50.232127,0 days 00:01:55.196217,1.5298180531064505,14,42,COMPLETE
447,4918.709610489413,2025-08-03 22:51:55.147710,2025-08-03 23:00:32.081722,0 days 00:08:36.934012,4.178295025175906,14,43,COMPLETE
448,7490.572622283049,2025-08-03 22:51:55.219626,2025-08-03 22:53:50.841719,0 days 00:01:55.622093,4.163781141122634,15,40,COMPLETE
449,16167.202761495935,2025-08-03 22:51:55.237479,2025-08-03 22:55:06.719367,0 days 00:03:11.481888,1.5140037593840763,14,43,COMPLETE
450,7845.925905044412,2025-08-03 22:51:55.376310,2025-08-03 22:55:06.178308,0 days 00:03:10.801998,4.22559385608887,15,41,COMPLETE
451,23102.98507327628,2025-08-03 22:51:55.388893,2025-08-03 22:55:03.730011,0 days 00:03:08.341118,1.5403743225663271,14,20,COMPLETE
452,21055.215889991483,2025-08-03 22:51:55.546809,2025-08-03 22:57:27.961469,0 days 00:05:32.414660,1.5223508173745293,14,21,COMPLETE
453,11338.436639361968,2025-08-03 22:51:55.594159,2025-08-03 22:55:06.054186,0 days 00:03:10.460027,1.4628446909793247,14,39,COMPLETE
454,16953.008752614896,2025-08-03 22:51:55.752227,2025-08-03 22:55:06.314022,0 days 00:03:10.561795,1.5156606603211773,14,40,COMPLETE
455,16847.041356939037,2025-08-03 22:51:55.764617,2025-08-03 22:55:07.806905,0 days 00:03:12.042288,4.250654744732333,15,22,COMPLETE
456,11903.488202227429,2025-08-03 22:51:55.819279,2025-08-03 22:57:32.916187,0 days 00:05:37.096908,1.544921947105029,14,72,COMPLETE
457,16816.831435118886,2025-08-03 22:51:55.911736,2025-08-03 22:55:08.254845,0 days 00:03:12.343109,1.5648613807373755,8,20,COMPLETE
458,7490.572622283049,2025-08-03 22:51:55.947046,2025-08-03 22:53:51.815128,0 days 00:01:55.868082,4.204882032429529,15,41,COMPLETE
459,12316.104574362938,2025-08-03 22:51:55.959346,2025-08-03 22:55:08.153562,0 days 00:03:12.194216,1.453653580149596,14,22,COMPLETE
460,18591.14071525226,2025-08-03 22:51:55.993161,2025-08-03 22:57:31.660341,0 days 00:05:35.667180,1.6008048288524952,14,39,COMPLETE
461,24549.803965005252,2025-08-03 22:51:56.015342,2025-08-03 22:53:51.989885,0 days 00:01:55.974543,1.5110017738568535,14,22,COMPLETE
462,17350.459137977592,2025-08-03 22:51:56.138824,2025-08-03 22:57:33.505015,0 days 00:05:37.366191,1.488269718069362,14,21,COMPLETE
463,19551.17739421635,2025-08-03 22:51:56.228911,2025-08-03 22:57:33.299119,0 days 00:05:37.070208,1.5488934371875998,14,21,COMPLETE
464,1908.7329879063172,2025-08-03 22:51:56.255160,2025-08-03 22:53:53.554192,0 days 00:01:57.299032,2.217089211449326,14,65,COMPLETE
465,18672.417745800372,2025-08-03 22:51:56.275982,2025-08-03 22:55:09.260508,0 days 00:03:12.984526,1.5238678739594722,14,42,COMPLETE
466,8785.984339976481,2025-08-03 22:51:56.535495,2025-08-03 22:55:14.316291,0 days 00:03:17.780796,4.160293249023237,14,20,COMPLETE
467,7532.353216758772,2025-08-03 22:51:56.548184,2025-08-03 22:55:14.348278,0 days 00:03:17.800094,1.9389943419386837,14,41,COMPLETE
468,25072.932137148473,2025-08-03 22:51:56.620342,2025-08-03 22:55:15.144354,0 days 00:03:18.524012,1.569760853991337,8,22,COMPLETE
469,11862.183242426927,2025-08-03 22:51:56.689114,2025-08-03 22:55:12.477898,0 days 00:03:15.788784,1.4825437640189856,14,73,COMPLETE
470,6190.449881510649,2025-08-03 22:51:56.696068,2025-08-03 23:00:39.588150,0 days 00:08:42.892082,2.6027474383251685,14,20,COMPLETE
471,14369.805485084975,2025-08-03 22:51:56.783454,2025-08-03 22:55:13.362624,0 days 00:03:16.579170,1.4987809605743292,14,63,COMPLETE
472,22484.283313719578,2025-08-03 22:51:56.838691,2025-08-03 22:53:53.948509,0 days 00:01:57.109818,1.5320914749781396,14,20,COMPLETE
473,11772.907216229796,2025-08-03 22:51:56.845849,2025-08-03 22:57:38.453152,0 days 00:05:41.607303,1.545874471113418,14,73,COMPLETE
474,20201.5605421967,2025-08-03 22:51:57.046847,2025-08-03 22:55:16.440803,0 days 00:03:19.393956,1.4948636508126785,14,20,COMPLETE
475,20201.5605421967,2025-08-03 22:51:57.065215,2025-08-03 22:53:55.686420,0 days 00:01:58.621205,1.4898835503933197,14,20,COMPLETE
476,2497.309665661498,2025-08-03 22:51:57.100677,2025-08-03 22:53:55.812333,0 days 00:01:58.711656,1.9944474730533086,14,72,COMPLETE
477,14785.353763007924,2025-08-03 22:51:57.233486,2025-08-03 22:53:56.559559,0 days 00:01:59.326073,1.5518257816276706,8,20,COMPLETE
478,9102.612928731187,2025-08-03 22:51:57.307448,2025-08-03 22:53:55.557496,0 days 00:01:58.250048,4.175841591673446,14,20,COMPLETE
479,11903.488202227429,2025-08-03 22:51:57.361322,2025-08-03 22:55:16.861033,0 days 00:03:19.499711,1.5390829296791024,14,72,COMPLETE
480,10671.79106136548,2025-08-03 22:51:57.387355,2025-08-03 22:53:57.411722,0 days 00:02:00.024367,1.4838107252170636,15,72,COMPLETE
481,21055.215889991483,2025-08-03 22:51:57.516606,2025-08-03 22:55:18.814494,0 days 00:03:21.297888,1.521969229427961,14,21,COMPLETE
482,13371.592331104152,2025-08-03 22:51:57.714902,2025-08-03 22:55:20.857139,0 days 00:03:23.142237,1.5467808898778121,14,73,COMPLETE
483,12581.278552805896,2025-08-03 22:51:57.847910,2025-08-03 22:53:57.893545,0 days 00:02:00.045635,1.4789732692387605,14,23,COMPLETE
484,13544.350651284525,2025-08-03 22:51:58.082017,2025-08-03 22:53:58.546656,0 days 00:02:00.464639,1.467092561593383,14,21,COMPLETE
485,15925.925961630188,2025-08-03 22:51:58.172354,2025-08-03 22:55:22.850933,0 days 00:03:24.678579,1.5639507479464947,14,21,COMPLETE
486,23490.4094011944,2025-08-03 22:51:58.197926,2025-08-03 22:55:22.985374,0 days 00:03:24.787448,1.5052319100261338,14,20,COMPLETE
487,17614.155170174527,2025-08-03 22:51:58.221059,2025-08-03 22:55:23.032838,0 days 00:03:24.811779,1.5405051931020912,14,42,COMPLETE
488,19850.800044167416,2025-08-03 22:51:58.257404,2025-08-03 22:55:23.645797,0 days 00:03:25.388393,1.536239729773187,14,21,COMPLETE
489,16013.455318451035,2025-08-03 22:51:58.365075,2025-08-03 23:01:02.356962,0 days 00:09:03.991887,1.4575740187950224,8,23,COMPLETE
490,11729.099944573576,2025-08-03 22:51:58.383143,2025-08-03 22:53:59.697872,0 days 00:02:01.314729,1.515512162110405,15,64,COMPLETE
491,11903.488202227429,2025-08-03 22:51:58.426634,2025-08-03 22:54:00.020134,0 days 00:02:01.593500,1.5435194501240423,14,71,COMPLETE
492,3552.0081562147175,2025-08-03 22:51:58.462264,2025-08-03 23:01:00.361043,0 days 00:09:01.898779,4.268164490926122,14,72,COMPLETE
493,12715.805289746799,2025-08-03 22:51:58.595265,2025-08-03 22:55:23.025942,0 days 00:03:24.430677,1.5288058297522165,14,74,COMPLETE
494,8830.220035474198,2025-08-03 22:51:58.733675,2025-08-03 22:53:09.240528,0 days 00:01:10.506853,1.531500461439171,8,72,COMPLETE
495,13494.535975740164,2025-08-03 22:51:58.879946,2025-08-03 22:54:00.183567,0 days 00:02:01.303621,1.5685888848176623,15,71,COMPLETE
496,17404.54677146319,2025-08-03 22:51:58.913837,2025-08-03 22:55:26.047247,0 days 00:03:27.133410,1.445435385543326,7,20,COMPLETE
497,19837.29449048488,2025-08-03 22:51:58.925465,2025-08-03 22:55:28.331361,0 days 00:03:29.405896,1.590155584879331,14,20,COMPLETE
498,19388.761714416214,2025-08-03 22:51:58.982429,2025-08-03 22:55:27.911424,0 days 00:03:28.928995,1.4820412192073893,14,22,COMPLETE
499,22808.3675770407,2025-08-03 22:51:58.991428,2025-08-03 22:54:01.410387,0 days 00:02:02.418959,1.5463299883424486,14,22,COMPLETE
500,14446.764778048899,2025-08-03 22:51:59.033478,2025-08-03 22:58:02.068421,0 days 00:06:03.034943,1.4729605241846204,14,21,COMPLETE
501,11351.277389582478,2025-08-03 22:51:59.060815,2025-08-03 22:55:27.289741,0 days 00:03:28.228926,1.5122231723252273,15,72,COMPLETE
502,13371.592331104152,2025-08-03 22:51:59.100232,2025-08-03 22:54:00.973467,0 days 00:02:01.873235,1.5589544251065655,14,73,COMPLETE
503,22755.9566227362,2025-08-03 22:51:59.145311,2025-08-03 22:55:29.023442,0 days 00:03:29.878131,1.550479176464899,14,20,COMPLETE
504,13852.709277045235,2025-08-03 22:51:59.162748,2025-08-03 22:58:02.782089,0 days 00:06:03.619341,1.5371720706315393,14,63,COMPLETE
505,12973.296770508567,2025-08-03 22:51:59.332134,2025-08-03 22:55:28.808961,0 days 00:03:29.476827,1.5896795285319678,13,71,COMPLETE
506,18956.98478525922,2025-08-03 22:51:59.601372,2025-08-03 22:55:30.210938,0 days 00:03:30.609566,1.5528909191054192,15,22,COMPLETE
507,13516.54470310759,2025-08-03 22:52:00.200587,2025-08-03 22:55:31.407477,0 days 00:03:31.206890,1.5558144808974645,14,72,COMPLETE
508,14832.960441806912,2025-08-03 22:52:00.520882,2025-08-03 22:55:33.979256,0 days 00:03:33.458374,1.493402462397258,8,20,COMPLETE
509,23102.98507327628,2025-08-03 22:52:00.814167,2025-08-03 22:54:03.454367,0 days 00:02:02.640200,1.5432376206583032,14,20,COMPLETE
510,22484.283313719578,2025-08-03 22:52:00.826578,2025-08-03 22:55:34.553364,0 days 00:03:33.726786,1.534025852267721,14,20,COMPLETE
511,13524.84146827112,2025-08-03 22:52:00.853687,2025-08-03 22:55:35.312947,0 days 00:03:34.459260,1.4939128893945868,15,63,COMPLETE
512,12203.39789578846,2025-08-03 22:52:00.898482,2025-08-03 22:54:04.186815,0 days 00:02:03.288333,1.5234784420063978,14,72,COMPLETE
513,24549.803965005252,2025-08-03 22:52:00.916987,2025-08-03 22:55:34.949069,0 days 00:03:34.032082,1.5199243125286546,14,22,COMPLETE
514,12638.695509350882,2025-08-03 22:52:01.204780,2025-08-03 22:58:11.830818,0 days 00:06:10.626038,1.5251415924034746,14,72,COMPLETE
515,12501.048161973005,2025-08-03 22:52:01.332177,2025-08-03 22:55:35.321553,0 days 00:03:33.989376,1.5259244692848961,14,73,COMPLETE
516,10566.470425960542,2025-08-03 22:52:01.733851,2025-08-03 22:55:40.932687,0 days 00:03:39.198836,1.4619402862452309,15,71,COMPLETE
517,12069.662459702593,2025-08-03 22:52:01.929393,2025-08-03 22:55:37.082426,0 days 00:03:35.153033,1.5155337473736372,14,73,COMPLETE
518,11351.277389582478,2025-08-03 22:52:02.237611,2025-08-03 23:01:23.431348,0 days 00:09:21.193737,1.5054275272748008,15,72,COMPLETE
519,24492.59884518114,2025-08-03 22:52:02.292084,2025-08-03 22:55:38.507055,0 days 00:03:36.214971,1.5140357862456928,14,20,COMPLETE
520,4542.841435080871,2025-08-03 22:52:02.494452,2025-08-03 22:58:19.738872,0 days 00:06:17.244420,1.166419823192345,14,23,COMPLETE
521,15243.029760216987,2025-08-03 22:52:02.553697,2025-08-03 22:54:04.757190,0 days 00:02:02.203493,1.541906317367249,14,43,COMPLETE
522,22808.3675770407,2025-08-03 22:52:02.649140,2025-08-03 22:58:19.513960,0 days 00:06:16.864820,1.550547354250098,14,22,COMPLETE
523,23102.98507327628,2025-08-03 22:52:02.744926,2025-08-03 22:55:40.696708,0 days 00:03:37.951782,1.541592097486136,14,20,COMPLETE
524,20201.5605421967,2025-08-03 22:52:02.853931,2025-08-03 22:55:39.336216,0 days 00:03:36.482285,1.491104509406226,14,20,COMPLETE
525,19850.800044167416,2025-08-03 22:52:03.121682,2025-08-03 22:55:40.184314,0 days 00:03:37.062632,1.5399429043249975,15,21,COMPLETE
526,9236.148785652722,2025-08-03 22:52:03.446065,2025-08-03 22:55:40.355200,0 days 00:03:36.909135,1.923446187407155,14,21,COMPLETE
527,9830.574333555356,2025-08-03 22:52:03.476099,2025-08-03 22:58:26.619138,0 days 00:06:23.143039,1.924807242552522,15,21,COMPLETE
528,7768.604304202266,2025-08-03 22:52:03.664714,2025-08-03 22:54:06.928439,0 days 00:02:03.263725,1.9138207714688662,18,20,COMPLETE
529,15924.39279421964,2025-08-03 22:52:03.681609,2025-08-03 22:54:06.715153,0 days 00:02:03.033544,1.922715514324929,14,23,COMPLETE
530,16081.830581368637,2025-08-03 22:52:03.706403,2025-08-03 22:58:29.620714,0 days 00:06:25.914311,4.497760460096371,14,21,COMPLETE
531,4899.787290502998,2025-08-03 22:52:03.948400,2025-08-03 22:58:28.885773,0 days 00:06:24.937373,1.1438370254529429,16,22,COMPLETE
532,20310.30341617695,2025-08-03 22:52:04.084143,2025-08-03 22:55:44.316232,0 days 00:03:40.232089,4.480542625253609,15,23,COMPLETE
533,6300.577383941211,2025-08-03 22:52:04.135748,2025-08-03 23:01:34.015250,0 days 00:09:29.879502,1.14936772106367,14,20,COMPLETE
534,5859.969774681356,2025-08-03 22:52:04.256229,2025-08-03 22:54:07.545238,0 days 00:02:03.289009,1.2051082433910811,15,21,COMPLETE
535,7233.226579749639,2025-08-03 22:52:04.297204,2025-08-03 23:02:57.061271,0 days 00:10:52.764067,1.2099128490569935,16,25,COMPLETE
536,16081.830581368637,2025-08-03 22:52:04.394996,2025-08-03 22:55:49.491515,0 days 00:03:45.096519,4.497517911406126,14,21,COMPLETE
537,7437.50357298344,2025-08-03 22:52:04.407637,2025-08-03 22:58:38.141958,0 days 00:06:33.734321,4.493627193538657,15,24,COMPLETE
538,6413.931084810593,2025-08-03 22:52:04.420610,2025-08-03 22:58:32.555324,0 days 00:06:28.134714,1.161147751259305,14,20,COMPLETE
539,5141.598985510344,2025-08-03 22:52:04.472922,2025-08-03 22:55:46.571943,0 days 00:03:42.099021,1.16525188566153,14,24,COMPLETE
540,15072.827375175611,2025-08-03 22:52:04.484681,2025-08-03 22:58:38.235206,0 days 00:06:33.750525,1.4227176301962796,14,20,COMPLETE
541,16081.830581368637,2025-08-03 22:52:04.513525,2025-08-03 22:55:49.699157,0 days 00:03:45.185632,4.481024148096139,14,20,COMPLETE
542,7030.63328895824,2025-08-03 22:52:04.535431,2025-08-03 22:55:51.949972,0 days 00:03:47.414541,1.2012181467965122,14,20,COMPLETE
543,15206.516913048277,2025-08-03 22:52:04.547528,2025-08-03 22:55:48.934523,0 days 00:03:44.386995,1.8630729951346874,14,24,COMPLETE
544,6226.231663014194,2025-08-03 22:52:04.716596,2025-08-03 23:01:41.004087,0 days 00:09:36.287491,1.1572257748325003,15,20,COMPLETE
545,6384.174598911647,2025-08-03 22:52:04.749838,2025-08-03 22:55:50.450006,0 days 00:03:45.700168,1.1929016779699033,14,24,COMPLETE
546,8911.30934458383,2025-08-03 22:52:04.820904,2025-08-03 23:03:03.192856,0 days 00:10:58.371952,1.0884199242370303,15,21,COMPLETE
547,6351.051727895874,2025-08-03 22:52:04.894268,2025-08-03 22:55:53.652861,0 days 00:03:48.758593,1.0723720172724636,15,22,COMPLETE
548,7118.418388441181,2025-08-03 22:52:04.919746,2025-08-03 22:54:08.090806,0 days 00:02:03.171060,1.2048335920606388,14,20,COMPLETE
549,6999.421935063167,2025-08-03 22:52:04.936159,2025-08-03 22:55:52.906395,0 days 00:03:47.970236,1.0922777558606378,14,20,COMPLETE
550,5365.8074627546885,2025-08-03 22:52:04.977334,2025-08-03 22:55:53.965389,0 days 00:03:48.988055,1.1555330283577476,15,21,COMPLETE
551,4498.264041422769,2025-08-03 22:52:05.078572,2025-08-03 22:55:55.866096,0 days 00:03:50.787524,1.1401738680239946,15,23,COMPLETE
552,5669.583694620426,2025-08-03 22:52:05.298223,2025-08-03 22:55:55.622527,0 days 00:03:50.324304,1.1413823867546953,14,22,COMPLETE
553,7418.564543034565,2025-08-03 22:52:05.357561,2025-08-03 22:55:56.425519,0 days 00:03:51.067958,1.1312623407764155,14,20,COMPLETE
554,5800.378771737715,2025-08-03 22:52:05.620070,2025-08-03 22:58:52.169300,0 days 00:06:46.549230,1.2232206940556174,15,21,COMPLETE
555,17085.37681447714,2025-08-03 22:52:05.774165,2025-08-03 22:54:11.639852,0 days 00:02:05.865687,1.4608510274448059,15,22,COMPLETE
556,7802.139438458665,2025-08-03 22:52:05.965650,2025-08-03 22:54:10.943776,0 days 00:02:04.978126,1.1116546596569075,14,20,COMPLETE
557,6413.931084810593,2025-08-03 22:52:06.029627,2025-08-03 22:56:02.742184,0 days 00:03:56.712557,1.1596439709235058,14,20,COMPLETE
558,6698.8273819257465,2025-08-03 22:52:06.086514,2025-08-03 22:55:59.856101,0 days 00:03:53.769587,1.169832217558009,14,20,COMPLETE
559,9241.901007270239,2025-08-03 22:52:06.498433,2025-08-03 22:56:03.932537,0 days 00:03:57.434104,1.1195785540599994,14,20,COMPLETE
560,5314.463765262299,2025-08-03 22:52:06.515756,2025-08-03 22:56:01.946103,0 days 00:03:55.430347,1.2170878752023775,14,20,COMPLETE
561,18193.89121517502,2025-08-03 22:52:06.582904,2025-08-03 22:56:05.119448,0 days 00:03:58.536544,1.8801611931812479,14,23,COMPLETE
562,12302.63627768858,2025-08-03 22:52:06.696406,2025-08-03 22:54:13.650420,0 days 00:02:06.954014,1.8693006518549917,14,20,COMPLETE
563,15541.991193692036,2025-08-03 22:52:06.740840,2025-08-03 22:59:03.358216,0 days 00:06:56.617376,4.469040785344678,14,20,COMPLETE
564,5888.011239580135,2025-08-03 22:52:06.978649,2025-08-03 22:59:05.050465,0 days 00:06:58.071816,1.106517423815016,14,20,COMPLETE
565,7221.91457088347,2025-08-03 22:52:07.001212,2025-08-03 22:54:13.056317,0 days 00:02:06.055105,1.142636287713692,17,21,COMPLETE
566,17398.199585755257,2025-08-03 22:52:07.155909,2025-08-03 22:59:03.072286,0 days 00:06:55.916377,1.4303717960814688,14,42,COMPLETE
567,6428.801586372286,2025-08-03 22:52:07.210399,2025-08-03 22:56:05.556266,0 days 00:03:58.345867,1.1554685692320432,15,20,COMPLETE
568,5475.7943720612975,2025-08-03 22:52:07.373517,2025-08-03 22:56:07.444108,0 days 00:04:00.070591,2.6392929736009436,14,20,COMPLETE
569,5465.748587410072,2025-08-03 22:52:07.440186,2025-08-03 22:56:06.126227,0 days 00:03:58.686041,1.1436525164430558,15,21,COMPLETE
570,4992.115771768183,2025-08-03 22:52:07.769976,2025-08-03 22:56:07.110429,0 days 00:03:59.340453,1.1549224192586829,14,22,COMPLETE
571,5859.078283864415,2025-08-03 22:52:07.815978,2025-08-03 22:56:07.807626,0 days 00:03:59.991648,1.1673830140540569,13,22,COMPLETE
572,4914.339840185866,2025-08-03 22:52:08.056562,2025-08-03 22:59:05.443303,0 days 00:06:57.386741,1.084460704541848,13,22,COMPLETE
573,7943.2351652291245,2025-08-03 22:52:08.087006,2025-08-03 22:54:15.138480,0 days 00:02:07.051474,4.479905273721924,14,24,COMPLETE
574,6433.135762987003,2025-08-03 22:52:08.169417,2025-08-03 22:56:09.784094,0 days 00:04:01.614677,1.1180386628755574,14,23,COMPLETE
575,11752.060274717714,2025-08-03 22:52:08.263935,2025-08-03 22:59:10.496385,0 days 00:07:02.232450,1.2227586037427054,8,29,COMPLETE
576,5665.477611129566,2025-08-03 22:52:08.335123,2025-08-03 22:56:12.194570,0 days 00:04:03.859447,1.1523123578289705,7,23,COMPLETE
577,12302.63627768858,2025-08-03 22:52:08.339329,2025-08-03 22:56:11.688710,0 days 00:04:03.349381,1.865246490288224,14,21,COMPLETE
578,6871.738225967557,2025-08-03 22:52:08.383330,2025-08-03 22:54:15.665755,0 days 00:02:07.282425,1.145599320057999,13,22,COMPLETE
579,6139.374954351614,2025-08-03 22:52:08.422507,2025-08-03 22:54:16.982082,0 days 00:02:08.559575,1.1149063825635404,13,23,COMPLETE
580,6293.817451835467,2025-08-03 22:52:08.436031,2025-08-03 22:54:17.002283,0 days 00:02:08.566252,1.9209871631133186,13,24,COMPLETE
581,5209.713604295392,2025-08-03 22:52:08.497908,2025-08-03 22:59:12.297635,0 days 00:07:03.799727,1.1495890624304965,14,26,COMPLETE
582,6230.506638338846,2025-08-03 22:52:08.687115,2025-08-03 22:54:16.967910,0 days 00:02:08.280795,1.1695392620905316,13,24,COMPLETE
583,5141.598985510344,2025-08-03 22:52:08.730748,2025-08-03 22:56:11.057733,0 days 00:04:02.326985,1.1673914070805336,14,24,COMPLETE
584,5539.8272289906445,2025-08-03 22:52:08.798609,2025-08-03 22:59:14.330653,0 days 00:07:05.532044,1.8995870745778691,16,43,COMPLETE
585,12777.846940893567,2025-08-03 22:52:08.899213,2025-08-03 22:56:14.196433,0 days 00:04:05.297220,1.904935346860629,14,22,COMPLETE
586,6327.597223640441,2025-08-03 22:52:08.995772,2025-08-03 22:59:12.054331,0 days 00:07:03.058559,1.1974592141294145,14,22,COMPLETE
587,6230.506638338846,2025-08-03 22:52:09.127507,2025-08-03 22:59:11.389740,0 days 00:07:02.262233,1.1698697559577935,13,24,COMPLETE
588,6692.620044519365,2025-08-03 22:52:09.663441,2025-08-03 22:56:15.442794,0 days 00:04:05.779353,1.1849520374809328,14,43,COMPLETE
589,20759.24086182418,2025-08-03 22:52:09.877115,2025-08-03 22:56:18.287839,0 days 00:04:08.410724,1.8398483592743,7,22,COMPLETE
590,7091.48040373664,2025-08-03 22:52:09.933264,2025-08-03 22:56:21.113879,0 days 00:04:11.180615,1.1167158043304724,14,22,COMPLETE
591,18193.89121517502,2025-08-03 22:52:09.940656,2025-08-03 22:56:19.998059,0 days 00:04:10.057403,1.8765353287130864,14,23,COMPLETE
592,21450.217561189762,2025-08-03 22:52:10.150942,2025-08-03 22:59:21.308870,0 days 00:07:11.157928,1.8810959193402874,7,22,COMPLETE
593,6825.311452181695,2025-08-03 22:52:10.296643,2025-08-03 22:56:22.037056,0 days 00:04:11.740413,1.119410826028305,13,22,COMPLETE
594,17824.43111286342,2025-08-03 22:52:10.404642,2025-08-03 22:56:21.913083,0 days 00:04:11.508441,4.484422983041383,14,23,COMPLETE
595,6007.645474603865,2025-08-03 22:52:10.539202,2025-08-03 22:53:25.842183,0 days 00:01:15.302981,1.1233126618686735,14,22,COMPLETE
596,9840.059215705352,2025-08-03 22:52:10.567733,2025-08-03 22:56:19.775321,0 days 00:04:09.207588,2.5859965649096397,14,23,COMPLETE
597,6171.863911515136,2025-08-03 22:52:11.001174,2025-08-03 22:56:21.219639,0 days 00:04:10.218465,1.1356305021775468,14,26,COMPLETE
598,17824.43111286342,2025-08-03 22:52:11.164918,2025-08-03 22:56:21.581885,0 days 00:04:10.416967,4.492209879215981,14,23,COMPLETE
599,11161.64709382871,2025-08-03 22:52:11.370687,2025-08-03 22:56:22.398302,0 days 00:04:11.027615,1.8659017225789294,7,25,COMPLETE
600,5717.845300447186,2025-08-03 22:52:11.516508,2025-08-03 22:56:21.935439,0 days 00:04:10.418931,1.1078082867662253,7,25,COMPLETE
601,16668.42128418791,2025-08-03 22:52:11.593699,2025-08-03 22:54:23.006792,0 days 00:02:11.413093,1.9060905781559372,16,23,COMPLETE
602,16557.371268386767,2025-08-03 22:52:11.902815,2025-08-03 22:56:22.884685,0 days 00:04:10.981870,1.8556391072585208,7,23,COMPLETE
603,15299.855329192565,2025-08-03 22:52:12.110946,2025-08-03 22:54:23.816957,0 days 00:02:11.706011,1.8702234864931664,7,23,COMPLETE
604,15665.533813592572,2025-08-03 22:52:12.146048,2025-08-03 22:59:23.933895,0 days 00:07:11.787847,1.9030727029814716,14,23,COMPLETE
605,6183.9523650099,2025-08-03 22:52:12.482950,2025-08-03 22:56:25.814585,0 days 00:04:13.331635,1.1058608936559282,14,26,COMPLETE
606,19089.12941651571,2025-08-03 22:52:12.574122,2025-08-03 22:56:28.774107,0 days 00:04:16.199985,1.820069351613129,13,23,COMPLETE
607,19239.814316875312,2025-08-03 22:52:12.903480,2025-08-03 22:59:35.121633,0 days 00:07:22.218153,1.8156318441289376,14,23,COMPLETE
608,12727.162810291897,2025-08-03 22:52:13.078494,2025-08-03 22:59:30.248854,0 days 00:07:17.170360,1.836822352896215,13,24,COMPLETE
609,5170.511972853553,2025-08-03 22:52:13.562376,2025-08-03 22:59:30.110428,0 days 00:07:16.548052,1.1444643446114602,13,23,COMPLETE
610,5466.974634152079,2025-08-03 22:52:13.748434,2025-08-03 22:56:28.511112,0 days 00:04:14.762678,4.482384177517113,7,24,COMPLETE
611,4682.27810418742,2025-08-03 22:52:13.767458,2025-08-03 22:54:26.242805,0 days 00:02:12.475347,4.473540987706367,7,25,COMPLETE
612,22049.55596527499,2025-08-03 22:52:13.806342,2025-08-03 22:56:29.519130,0 days 00:04:15.712788,1.4386310179399562,7,25,COMPLETE
613,5955.894132594649,2025-08-03 22:52:13.824258,2025-08-03 22:59:32.143325,0 days 00:07:18.319067,1.1584734881990186,7,24,COMPLETE
614,7533.8182927197995,2025-08-03 22:52:14.031972,2025-08-03 22:59:31.881087,0 days 00:07:17.849115,2.5853734198576808,14,24,COMPLETE
615,5665.477611129566,2025-08-03 22:52:14.088793,2025-08-03 22:54:26.010537,0 days 00:02:11.921744,1.1496110999968763,7,23,COMPLETE
616,12260.431432161131,2025-08-03 22:52:14.231262,2025-08-03 22:56:31.531963,0 days 00:04:17.300701,1.4332030517852845,13,23,COMPLETE
617,15095.801216815558,2025-08-03 22:52:14.428992,2025-08-03 22:56:32.222704,0 days 00:04:17.793712,1.8858629779253713,7,23,COMPLETE
618,20770.439309151276,2025-08-03 22:52:14.757747,2025-08-03 22:53:29.307916,0 days 00:01:14.550169,1.4250171522800092,14,27,COMPLETE
619,5724.043655491797,2025-08-03 22:52:14.915013,2025-08-03 22:56:34.225138,0 days 00:04:19.310125,1.1315385742412758,14,24,COMPLETE
620,9644.187871808917,2025-08-03 22:52:15.186770,2025-08-03 22:54:27.528402,0 days 00:02:12.341632,2.6448054874529356,14,23,COMPLETE
621,4690.483808965464,2025-08-03 22:52:15.411767,2025-08-03 22:54:27.536784,0 days 00:02:12.125017,1.1732343144515809,17,23,COMPLETE
622,5724.043655491797,2025-08-03 22:52:15.663585,2025-08-03 22:54:29.185702,0 days 00:02:13.522117,1.1301569454882245,14,24,COMPLETE
623,11545.285937103348,2025-08-03 22:52:15.685951,2025-08-03 22:56:38.073439,0 days 00:04:22.387488,1.8844032545525098,17,25,COMPLETE
624,5435.787489820125,2025-08-03 22:52:15.859685,2025-08-03 22:56:36.262686,0 days 00:04:20.403001,1.1245011398352214,14,23,COMPLETE
625,4180.361773626703,2025-08-03 22:52:15.890696,2025-08-03 22:54:29.229546,0 days 00:02:13.338850,1.151332104151552,14,23,COMPLETE
626,4678.407257248097,2025-08-03 22:52:16.008718,2025-08-03 23:03:12.577519,0 days 00:10:56.568801,1.1458015673798772,14,24,COMPLETE
627,4180.361773626703,2025-08-03 22:52:16.036057,2025-08-03 22:56:39.407579,0 days 00:04:23.371522,1.1509022865181489,14,23,COMPLETE
628,7652.500002166571,2025-08-03 22:52:16.066293,2025-08-03 22:59:38.222812,0 days 00:07:22.156519,4.478220467732263,14,24,COMPLETE
629,5519.6786866319835,2025-08-03 22:52:16.165811,2025-08-03 22:54:29.384612,0 days 00:02:13.218801,2.604994422013225,17,25,COMPLETE
630,7254.978300362072,2025-08-03 22:52:16.203919,2025-08-03 22:56:35.935948,0 days 00:04:19.732029,4.453219870019782,17,24,COMPLETE
631,4914.142667577923,2025-08-03 22:52:16.236284,2025-08-03 22:59:44.083039,0 days 00:07:27.846755,1.1631212718336599,14,24,COMPLETE
632,5171.6686990436065,2025-08-03 22:52:16.407250,2025-08-03 22:54:29.602888,0 days 00:02:13.195638,1.1601238079221257,13,23,COMPLETE
633,9595.66721389763,2025-08-03 22:52:16.438789,2025-08-03 22:53:30.966854,0 days 00:01:14.528065,1.4249673648091972,17,23,COMPLETE
634,7414.399569201001,2025-08-03 22:52:16.629608,2025-08-03 22:56:40.252602,0 days 00:04:23.622994,1.2013748461646963,14,26,COMPLETE
635,4416.937925403865,2025-08-03 22:52:16.637834,2025-08-03 22:56:40.345920,0 days 00:04:23.708086,1.1405769374087225,16,23,COMPLETE
636,14397.267587292952,2025-08-03 22:52:16.780941,2025-08-03 22:59:45.633833,0 days 00:07:28.852892,1.4493008817211062,14,24,COMPLETE
637,4585.834560843168,2025-08-03 22:52:16.882255,2025-08-03 23:02:11.147400,0 days 00:09:54.265145,1.1311549312981757,16,23,COMPLETE
638,14636.93453845491,2025-08-03 22:52:17.091641,2025-08-03 22:56:42.642811,0 days 00:04:25.551170,1.4313333291650574,13,24,COMPLETE
639,7762.348327133029,2025-08-03 22:52:17.429924,2025-08-03 22:56:43.331661,0 days 00:04:25.901737,1.3923055630453918,17,24,COMPLETE
640,18869.605027234684,2025-08-03 22:52:17.540302,2025-08-03 22:54:32.942773,0 days 00:02:15.402471,1.4492564087898714,16,26,COMPLETE
641,6875.684389364985,2025-08-03 22:52:17.620987,2025-08-03 22:53:32.520182,0 days 00:01:14.899195,1.1842892283205804,14,25,COMPLETE
642,5669.583694620426,2025-08-03 22:52:17.760457,2025-08-03 22:59:51.472722,0 days 00:07:33.712265,1.1392066556579898,14,22,COMPLETE
643,6880.732204520819,2025-08-03 22:52:17.820017,2025-08-03 22:59:45.663309,0 days 00:07:27.843292,1.1806975812983935,13,24,COMPLETE
644,18500.80820143216,2025-08-03 22:52:17.868804,2025-08-03 22:54:34.432218,0 days 00:02:16.563414,1.4368137981339069,14,25,COMPLETE
645,6924.9483861140625,2025-08-03 22:52:17.907596,2025-08-03 22:59:50.492100,0 days 00:07:32.584504,1.1871180366233167,14,23,COMPLETE
646,18662.450668738835,2025-08-03 22:52:17.951605,2025-08-03 22:54:33.287380,0 days 00:02:15.335775,1.4266717272255152,14,24,COMPLETE
647,18471.0589043765,2025-08-03 22:52:17.977194,2025-08-03 22:59:47.740197,0 days 00:07:29.763003,1.4233944362602717,14,25,COMPLETE
648,17527.914341644013,2025-08-03 22:52:18.104517,2025-08-03 22:54:32.606980,0 days 00:02:14.502463,1.414514603586186,14,24,COMPLETE
649,6844.177358703921,2025-08-03 22:52:18.110690,2025-08-03 22:56:41.305919,0 days 00:04:23.195229,4.4666158367047695,13,25,COMPLETE
650,12006.78948490076,2025-08-03 22:52:18.445078,2025-08-03 22:56:45.065085,0 days 00:04:26.620007,1.4292624087704415,17,25,COMPLETE
651,5685.868899898746,2025-08-03 22:52:18.614152,2025-08-03 22:54:36.504789,0 days 00:02:17.890637,1.1772502105122946,14,23,COMPLETE
652,14932.563387309205,2025-08-03 22:52:19.363635,2025-08-03 22:59:43.343346,0 days 00:07:23.979711,1.4130060966457139,14,23,COMPLETE
653,16883.228068570726,2025-08-03 22:52:19.376535,2025-08-03 22:54:35.579852,0 days 00:02:16.203317,1.437931728040044,14,22,COMPLETE
654,14850.43683971235,2025-08-03 22:52:19.513380,2025-08-03 22:54:35.619765,0 days 00:02:16.106385,1.4005509391279094,14,26,COMPLETE
655,9135.785639930473,2025-08-03 22:52:19.551174,2025-08-03 22:59:50.714206,0 days 00:07:31.163032,1.3477197538059333,16,25,COMPLETE
656,7614.328870039459,2025-08-03 22:52:19.598400,2025-08-03 22:59:53.567867,0 days 00:07:33.969467,1.4080236935059776,17,23,COMPLETE
657,14392.44490711961,2025-08-03 22:52:19.664583,2025-08-03 22:54:35.129094,0 days 00:02:15.464511,1.411116897250104,13,23,COMPLETE
658,17232.917976286015,2025-08-03 22:52:19.715658,2025-08-03 22:59:48.020356,0 days 00:07:28.304698,4.477981935981185,14,23,COMPLETE
659,13767.932802442736,2025-08-03 22:52:19.811718,2025-08-03 22:54:36.506308,0 days 00:02:16.694590,1.4016047725168932,14,23,COMPLETE
660,12934.636496461782,2025-08-03 22:52:19.913287,2025-08-03 22:54:37.276907,0 days 00:02:17.363620,1.3949615838828127,14,24,COMPLETE
661,18384.49389040614,2025-08-03 22:52:19.980889,2025-08-03 22:59:54.644088,0 days 00:07:34.663199,4.48398014177398,16,23,COMPLETE
662,17527.914341644013,2025-08-03 22:52:19.996581,2025-08-03 22:59:51.906422,0 days 00:07:31.909841,1.416276411606956,14,24,COMPLETE
663,12934.636496461782,2025-08-03 22:52:20.082527,2025-08-03 23:02:17.675901,0 days 00:09:57.593374,1.3965317576800305,14,24,COMPLETE
664,11941.891012159944,2025-08-03 22:52:20.090485,2025-08-03 22:54:37.747266,0 days 00:02:17.656781,1.3869728894337172,14,24,COMPLETE
665,19665.895066664365,2025-08-03 22:52:20.119240,2025-08-03 22:59:53.369070,0 days 00:07:33.249830,1.457479400765592,16,22,COMPLETE
666,7652.500002166571,2025-08-03 22:52:20.121029,2025-08-03 23:02:19.874010,0 days 00:09:59.752981,4.476049854869338,14,24,COMPLETE
667,17809.37158597812,2025-08-03 22:52:20.191606,2025-08-03 22:56:51.474511,0 days 00:04:31.282905,1.4128710843472712,14,24,COMPLETE
668,14847.83634399328,2025-08-03 22:52:20.236648,2025-08-03 23:02:20.709380,0 days 00:10:00.472732,1.4527561858159161,17,24,COMPLETE
669,9595.66721389763,2025-08-03 22:52:20.268577,2025-08-03 22:54:38.535717,0 days 00:02:18.267140,1.4317976941555801,17,23,COMPLETE
670,9850.82086311171,2025-08-03 22:52:20.272486,2025-08-03 22:56:53.124613,0 days 00:04:32.852127,1.3718088390020335,14,23,COMPLETE
671,4271.2664527200495,2025-08-03 22:52:20.297630,2025-08-03 22:56:50.748232,0 days 00:04:30.450602,1.1499883581683665,14,23,COMPLETE
672,7943.2351652291245,2025-08-03 22:52:20.323686,2025-08-03 22:56:51.915415,0 days 00:04:31.591729,4.494683807777861,14,24,COMPLETE
673,18692.512041155074,2025-08-03 22:52:20.404818,2025-08-03 22:59:56.000813,0 days 00:07:35.595995,1.4357171734936374,14,24,COMPLETE
674,11882.576665541475,2025-08-03 22:52:20.450021,2025-08-03 22:54:39.794332,0 days 00:02:19.344311,1.4190486472680237,13,23,COMPLETE
675,14932.563387309205,2025-08-03 22:52:20.463573,2025-08-03 22:56:54.370380,0 days 00:04:33.906807,1.4066548341588336,14,23,COMPLETE
676,18529.015244613256,2025-08-03 22:52:20.477825,2025-08-03 22:56:56.748608,0 days 00:04:36.270783,1.4224660230054338,14,24,COMPLETE
677,15195.87974926798,2025-08-03 22:52:20.498764,2025-08-03 22:56:52.990713,0 days 00:04:32.491949,1.4224863927484266,14,23,COMPLETE
678,17810.417422620307,2025-08-03 22:52:20.555159,2025-08-03 22:59:58.317756,0 days 00:07:37.762597,1.4447388879868908,14,24,COMPLETE
679,14397.267587292952,2025-08-03 22:52:20.594552,2025-08-03 22:54:41.168723,0 days 00:02:20.574171,1.448790100015858,14,24,COMPLETE
680,10776.639520795889,2025-08-03 22:52:20.644551,2025-08-03 22:56:57.178394,0 days 00:04:36.533843,1.4165000270316133,16,23,COMPLETE
681,7193.911469636867,2025-08-03 22:52:20.688217,2025-08-03 22:56:54.705079,0 days 00:04:34.016862,4.493871305933966,17,24,COMPLETE
682,11807.093341158467,2025-08-03 22:52:20.689312,2025-08-03 22:56:56.557705,0 days 00:04:35.868393,1.451785316427903,14,23,COMPLETE
683,7943.2351652291245,2025-08-03 22:52:20.725271,2025-08-03 22:56:54.974451,0 days 00:04:34.249180,4.49920059567722,14,24,COMPLETE
684,14489.03603863832,2025-08-03 22:52:20.907512,2025-08-03 22:56:57.041137,0 days 00:04:36.133625,1.4570118933067464,13,22,COMPLETE
685,18692.512041155074,2025-08-03 22:52:21.184650,2025-08-03 22:54:42.317476,0 days 00:02:21.132826,1.4280890847649652,14,24,COMPLETE
686,15330.89425917717,2025-08-03 22:52:21.257974,2025-08-03 23:00:01.924308,0 days 00:07:40.666334,1.4374149732547994,14,23,COMPLETE
687,18692.512041155074,2025-08-03 22:52:21.321938,2025-08-03 22:56:58.814071,0 days 00:04:37.492133,1.4313952765540323,14,24,COMPLETE
688,9700.575710038558,2025-08-03 22:52:21.523710,2025-08-03 22:54:43.393241,0 days 00:02:21.869531,1.4155644084089654,17,25,COMPLETE
689,17824.43111286342,2025-08-03 22:52:21.621704,2025-08-03 22:53:41.397392,0 days 00:01:19.775688,4.48794565013335,14,23,COMPLETE
690,13769.704736888432,2025-08-03 22:52:21.741056,2025-08-03 22:54:43.053226,0 days 00:02:21.312170,1.4511891330795863,17,38,COMPLETE
691,12333.447184677285,2025-08-03 22:52:21.782783,2025-08-03 22:56:58.061158,0 days 00:04:36.278375,1.4573342749751483,14,25,COMPLETE
692,5367.370683281069,2025-08-03 22:52:21.832588,2025-08-03 22:56:58.259195,0 days 00:04:36.426607,1.1996564372022802,17,23,COMPLETE
693,7652.500002166571,2025-08-03 22:52:21.994715,2025-08-03 23:00:08.497374,0 days 00:07:46.502659,4.476920120627036,14,24,COMPLETE
694,14850.43683971235,2025-08-03 22:52:22.072237,2025-08-03 22:56:58.339963,0 days 00:04:36.267726,1.3986500838542162,14,26,COMPLETE
695,19960.3414519419,2025-08-03 22:52:22.097950,2025-08-03 22:57:00.485221,0 days 00:04:38.387271,1.4711410023749383,17,22,COMPLETE
696,15151.326455201195,2025-08-03 22:52:22.122326,2025-08-03 23:00:04.585413,0 days 00:07:42.463087,1.4188870659037423,14,23,COMPLETE
697,18500.80820143216,2025-08-03 22:52:22.166176,2025-08-03 23:00:14.274799,0 days 00:07:52.108623,1.4298697600042292,14,25,COMPLETE
698,6418.714311222665,2025-08-03 22:52:22.229990,2025-08-03 23:02:26.492297,0 days 00:10:04.262307,1.3897325747831675,17,23,COMPLETE
699,15537.575675334707,2025-08-03 22:52:22.423888,2025-08-03 23:00:11.156875,0 days 00:07:48.732987,1.3906009935569983,13,22,COMPLETE
700,9084.777652240482,2025-08-03 22:52:22.569281,2025-08-03 23:03:14.514298,0 days 00:10:51.945017,1.402622242823104,17,22,COMPLETE
701,16807.442161562627,2025-08-03 22:52:22.575966,2025-08-03 22:57:02.052966,0 days 00:04:39.477000,1.4193051582334428,14,22,COMPLETE
702,11816.110455262135,2025-08-03 22:52:22.645621,2025-08-03 23:00:09.593795,0 days 00:07:46.948174,1.4460495248005016,14,23,COMPLETE
703,17809.37158597812,2025-08-03 22:52:22.869224,2025-08-03 23:00:11.677473,0 days 00:07:48.808249,1.4056234880960117,14,24,COMPLETE
704,22193.655853608198,2025-08-03 22:52:22.967959,2025-08-03 22:54:48.029449,0 days 00:02:25.061490,1.4042727413558906,14,26,COMPLETE
705,13479.351702226879,2025-08-03 22:52:22.974404,2025-08-03 22:54:45.812606,0 days 00:02:22.838202,1.4574572046501295,14,22,COMPLETE
706,12333.447184677285,2025-08-03 22:52:23.076247,2025-08-03 22:57:02.423024,0 days 00:04:39.346777,1.4554726525451114,14,25,COMPLETE
707,7943.2351652291245,2025-08-03 22:52:23.137331,2025-08-03 22:57:04.841356,0 days 00:04:41.704025,4.485680695825084,14,24,COMPLETE
708,6637.630673442688,2025-08-03 22:52:23.238128,2025-08-03 22:57:00.984087,0 days 00:04:37.745959,1.196505811590991,14,30,COMPLETE
709,14665.885679268093,2025-08-03 22:52:23.274139,2025-08-03 22:57:06.430747,0 days 00:04:43.156608,1.4522375051547871,13,22,COMPLETE
710,20712.92943620645,2025-08-03 22:52:23.383232,2025-08-03 23:00:13.145157,0 days 00:07:49.761925,1.435761785258819,7,22,COMPLETE
711,20712.92943620645,2025-08-03 22:52:23.390946,2025-08-03 23:00:09.157494,0 days 00:07:45.766548,1.426234104078332,7,22,COMPLETE
712,10834.321949727408,2025-08-03 22:52:23.486589,2025-08-03 22:57:05.935048,0 days 00:04:42.448459,1.4295523158557037,17,44,COMPLETE
713,18978.731715554626,2025-08-03 22:52:23.597973,2025-08-03 22:54:47.843715,0 days 00:02:24.245742,1.426829569849187,7,23,COMPLETE
714,20712.92943620645,2025-08-03 22:52:23.624640,2025-08-03 22:57:07.049139,0 days 00:04:43.424499,1.430434345112834,7,22,COMPLETE
715,5122.440396426124,2025-08-03 22:52:23.768820,2025-08-03 23:02:26.245569,0 days 00:10:02.476749,1.1518893141363469,18,22,COMPLETE
716,12101.814599953448,2025-08-03 22:52:23.883595,2025-08-03 22:54:47.915824,0 days 00:02:24.032229,1.4471014794374601,18,30,COMPLETE
717,12408.846821363595,2025-08-03 22:52:23.934786,2025-08-03 23:02:21.785586,0 days 00:09:57.850800,1.438839322753942,17,22,COMPLETE
718,7389.565136744412,2025-08-03 22:52:23.958205,2025-08-03 22:57:08.047166,0 days 00:04:44.088961,1.3671029266336525,18,44,COMPLETE
719,23075.464613410815,2025-08-03 22:52:23.965090,2025-08-03 22:57:05.724778,0 days 00:04:41.759688,1.3852415016436455,7,25,COMPLETE
720,8715.052840265642,2025-08-03 22:52:24.098296,2025-08-03 22:54:48.451695,0 days 00:02:24.353399,1.3850719008861172,18,22,COMPLETE
721,15277.766076538326,2025-08-03 22:52:24.430123,2025-08-03 22:57:08.141578,0 days 00:04:43.711455,1.4476984098668015,18,22,COMPLETE
722,12408.846821363595,2025-08-03 22:52:24.461150,2025-08-03 22:57:06.375116,0 days 00:04:41.913966,1.429148417455713,17,22,COMPLETE
723,9212.326805925311,2025-08-03 22:52:24.541470,2025-08-03 22:57:07.208236,0 days 00:04:42.666766,1.4176554709520564,17,23,COMPLETE
724,8945.26538428555,2025-08-03 22:52:24.667705,2025-08-03 23:00:19.795295,0 days 00:07:55.127590,1.4059027028903968,18,26,COMPLETE
725,8443.810578160483,2025-08-03 22:52:24.746414,2025-08-03 22:57:07.260027,0 days 00:04:42.513613,1.418672003245956,18,24,COMPLETE
726,16945.899682007766,2025-08-03 22:52:24.764939,2025-08-03 22:54:53.216147,0 days 00:02:28.451208,1.456233663027203,18,26,COMPLETE
727,13923.409066910228,2025-08-03 22:52:24.830786,2025-08-03 22:54:51.322198,0 days 00:02:26.491412,1.4241907710070438,17,26,COMPLETE
728,12006.78948490076,2025-08-03 22:52:24.861729,2025-08-03 23:00:20.149369,0 days 00:07:55.287640,1.4309616573751294,17,25,COMPLETE
729,8966.242611780925,2025-08-03 22:52:24.896629,2025-08-03 22:54:53.395595,0 days 00:02:28.498966,1.4215216248566018,18,22,COMPLETE
730,6074.90354922028,2025-08-03 22:52:24.935221,2025-08-03 23:00:19.622631,0 days 00:07:54.687410,1.3749142673091403,18,30,COMPLETE
731,10923.343561306763,2025-08-03 22:52:24.954496,2025-08-03 22:57:10.229435,0 days 00:04:45.274939,1.4337065779533595,18,22,COMPLETE
732,12716.119403434828,2025-08-03 22:52:24.959385,2025-08-03 22:57:11.725164,0 days 00:04:46.765779,1.4469062378383344,17,44,COMPLETE
733,16407.247273666155,2025-08-03 22:52:24.960782,2025-08-03 22:54:54.579268,0 days 00:02:29.618486,1.4633808717351553,17,26,COMPLETE
734,9885.990310582276,2025-08-03 22:52:24.963307,2025-08-03 22:57:11.724115,0 days 00:04:46.760808,1.4259657599843119,17,30,COMPLETE
735,11473.535921234294,2025-08-03 22:52:24.967670,2025-08-03 22:54:55.174153,0 days 00:02:30.206483,1.4304079436766464,17,31,COMPLETE
736,9885.990310582276,2025-08-03 22:52:24.971025,2025-08-03 22:57:09.245613,0 days 00:04:44.274588,1.42567759376423,17,30,COMPLETE
737,5211.452742316551,2025-08-03 22:52:24.974493,2025-08-03 23:00:23.306684,0 days 00:07:58.332191,1.330944553774791,18,30,COMPLETE
738,12324.601002903262,2025-08-03 22:52:25.031225,2025-08-03 22:57:11.290060,0 days 00:04:46.258835,1.4041672768630786,16,26,COMPLETE
739,10834.321949727408,2025-08-03 22:52:25.044058,2025-08-03 22:57:10.314673,0 days 00:04:45.270615,1.4380240957423205,17,44,COMPLETE
740,9034.594805838122,2025-08-03 22:52:25.067142,2025-08-03 22:57:10.517414,0 days 00:04:45.450272,1.4003650391072426,17,25,COMPLETE
741,6158.288490166154,2025-08-03 22:52:25.075421,2025-08-03 22:57:11.738728,0 days 00:04:46.663307,1.3908016990525414,17,30,COMPLETE
742,7164.61073965321,2025-08-03 22:52:25.102360,2025-08-03 23:00:24.214413,0 days 00:07:59.112053,1.2039766993196774,18,22,COMPLETE
743,4874.049823979281,2025-08-03 22:52:25.138353,2025-08-03 22:57:12.248089,0 days 00:04:47.109736,1.1606463386362156,17,44,COMPLETE
744,10431.149749505736,2025-08-03 22:52:25.154559,2025-08-03 23:00:18.808440,0 days 00:07:53.653881,1.4303603868348056,18,26,COMPLETE
745,7619.7895463635095,2025-08-03 22:52:25.161074,2025-08-03 22:57:16.529737,0 days 00:04:51.368663,1.3953784390247352,17,23,COMPLETE
746,10957.164104032927,2025-08-03 22:52:25.185762,2025-08-03 22:57:14.594504,0 days 00:04:49.408742,1.4140862819494693,17,26,COMPLETE
747,14903.334870004908,2025-08-03 22:52:25.197708,2025-08-03 23:00:22.441405,0 days 00:07:57.243697,1.6625483684478526,18,45,COMPLETE
748,9689.633820208763,2025-08-03 22:52:25.202498,2025-08-03 23:02:25.648925,0 days 00:10:00.446427,1.4036545754885956,17,22,COMPLETE
749,14638.59969502607,2025-08-03 22:52:25.213695,2025-08-03 22:54:57.000545,0 days 00:02:31.786850,1.4537453082847427,18,25,COMPLETE
750,12006.78948490076,2025-08-03 22:52:25.236195,2025-08-03 23:02:32.281512,0 days 00:10:07.045317,1.4309099218173087,17,25,COMPLETE
751,11486.517658589819,2025-08-03 22:52:25.248551,2025-08-03 22:57:18.684253,0 days 00:04:53.435702,1.4459104827632119,17,23,COMPLETE
752,13923.409066910228,2025-08-03 22:52:25.260856,2025-08-03 22:57:15.740871,0 days 00:04:50.480015,1.4443874494053859,17,26,COMPLETE
753,9909.231557119087,2025-08-03 22:52:25.268260,2025-08-03 22:54:56.597156,0 days 00:02:31.328896,1.4086374224663616,17,22,COMPLETE
754,9698.72261426335,2025-08-03 22:52:25.269545,2025-08-03 22:53:49.313677,0 days 00:01:24.044132,1.438520676807302,17,43,COMPLETE
755,12844.692379341215,2025-08-03 22:52:25.272526,2025-08-03 22:57:17.349153,0 days 00:04:52.076627,1.4283382934583435,16,25,COMPLETE
756,13395.951020784401,2025-08-03 22:52:25.273994,2025-08-03 23:00:27.171124,0 days 00:08:01.897130,1.4157841875873394,17,26,COMPLETE
757,17034.38666930561,2025-08-03 22:52:25.282241,2025-08-03 22:57:18.282424,0 days 00:04:53.000183,1.4690673041626843,17,44,COMPLETE
758,8729.902464340643,2025-08-03 22:52:25.320467,2025-08-03 22:57:18.912383,0 days 00:04:53.591916,1.685171627912569,17,26,COMPLETE
759,9885.990310582276,2025-08-03 22:52:25.345723,2025-08-03 22:54:56.822747,0 days 00:02:31.477024,1.4262490358326454,17,30,COMPLETE
760,21982.214632923067,2025-08-03 22:52:25.354056,2025-08-03 22:54:57.093191,0 days 00:02:31.739135,1.478788930629378,17,26,COMPLETE
761,8823.45129965156,2025-08-03 22:52:25.393754,2025-08-03 22:57:19.116376,0 days 00:04:53.722622,1.426021021919691,18,25,COMPLETE
762,13923.409066910228,2025-08-03 22:52:25.394881,2025-08-03 22:57:22.787679,0 days 00:04:57.392798,1.4350857232352667,17,26,COMPLETE
763,9885.990310582276,2025-08-03 22:52:25.396744,2025-08-03 22:57:19.504268,0 days 00:04:54.107524,1.4309214756177198,17,30,COMPLETE
764,6842.515480136385,2025-08-03 22:52:25.397526,2025-08-03 23:03:19.419605,0 days 00:10:54.022079,1.4022624069554728,18,44,COMPLETE
765,7338.255230882453,2025-08-03 22:52:25.399388,2025-08-03 22:57:18.506356,0 days 00:04:53.106968,1.4272721280694347,18,30,COMPLETE
766,13923.409066910228,2025-08-03 22:52:25.404015,2025-08-03 22:53:50.248482,0 days 00:01:24.844467,1.425300482345106,17,26,COMPLETE
767,7828.77462487773,2025-08-03 22:52:25.410425,2025-08-03 22:54:59.818916,0 days 00:02:34.408491,1.3803701061433147,16,30,COMPLETE
768,7680.838984346645,2025-08-03 22:52:25.412541,2025-08-03 22:57:23.121025,0 days 00:04:57.708484,1.401065578801754,18,24,COMPLETE
769,9947.378608234181,2025-08-03 22:52:25.414306,2025-08-03 23:03:14.568190,0 days 00:10:49.153884,1.4318284312328713,19,25,COMPLETE
770,9301.380856733926,2025-08-03 22:52:25.434027,2025-08-03 22:55:01.058126,0 days 00:02:35.624099,1.4072005940595742,17,24,COMPLETE
771,9885.990310582276,2025-08-03 22:52:25.450921,2025-08-03 22:55:00.040118,0 days 00:02:34.589197,1.4381381336588632,17,30,COMPLETE
772,11040.887463318575,2025-08-03 22:52:25.469158,2025-08-03 22:55:00.772147,0 days 00:02:35.302989,1.436929143635608,16,44,COMPLETE
773,13923.409066910228,2025-08-03 22:52:25.471319,2025-08-03 22:57:21.354694,0 days 00:04:55.883375,1.4344669370827094,17,26,COMPLETE
774,10077.088255155044,2025-08-03 22:52:25.495661,2025-08-03 22:57:24.826120,0 days 00:04:59.330459,1.4339769449575641,16,30,COMPLETE
775,9885.990310582276,2025-08-03 22:52:25.514502,2025-08-03 23:00:30.997546,0 days 00:08:05.483044,1.4382530145244137,17,30,COMPLETE
776,7687.885990735932,2025-08-03 22:52:25.524703,2025-08-03 22:57:20.071019,0 days 00:04:54.546316,1.412494974430681,18,25,COMPLETE
777,8022.79352250444,2025-08-03 22:52:25.548424,2025-08-03 22:55:02.390030,0 days 00:02:36.841606,1.3705309301941844,18,22,COMPLETE
778,16304.193110590055,2025-08-03 22:52:25.567084,2025-08-03 22:57:23.576296,0 days 00:04:58.009212,1.4670382691823316,18,26,COMPLETE
779,16773.20202498559,2025-08-03 22:52:25.598697,2025-08-03 22:57:26.373095,0 days 00:05:00.774398,1.434457962512531,14,44,COMPLETE
780,7286.817930346471,2025-08-03 22:52:25.608984,2025-08-03 23:00:31.305526,0 days 00:08:05.696542,1.3973338998296563,17,30,COMPLETE
781,8778.48183071875,2025-08-03 22:52:25.617141,2025-08-03 23:02:31.470595,0 days 00:10:05.853454,1.3875539372583667,17,26,COMPLETE
782,11947.916210944652,2025-08-03 22:52:25.624760,2025-08-03 22:55:05.023138,0 days 00:02:39.398378,1.4290507276033018,17,45,COMPLETE
783,10957.164104032927,2025-08-03 22:52:25.631363,2025-08-03 22:55:03.827289,0 days 00:02:38.195926,1.4123511191910463,17,26,COMPLETE
784,11797.190096337188,2025-08-03 22:52:25.653208,2025-08-03 22:55:06.769061,0 days 00:02:41.115853,1.429328492419758,16,44,COMPLETE
785,7611.455850440454,2025-08-03 22:52:25.660058,2025-08-03 22:57:24.249587,0 days 00:04:58.589529,1.413971869059421,17,43,COMPLETE
786,9885.990310582276,2025-08-03 22:52:25.679229,2025-08-03 22:55:04.884606,0 days 00:02:39.205377,1.4241367269288718,17,30,COMPLETE
787,13909.674086333884,2025-08-03 22:52:25.692518,2025-08-03 22:57:24.746137,0 days 00:04:59.053619,1.4159379435975832,16,22,COMPLETE
788,13985.995501662997,2025-08-03 22:52:25.696200,2025-08-03 22:55:05.803307,0 days 00:02:40.107107,1.4325277427725964,16,26,COMPLETE
789,10394.174102556823,2025-08-03 22:52:25.698155,2025-08-03 23:02:29.379687,0 days 00:10:03.681532,1.41948346601871,17,43,COMPLETE
790,9698.72261426335,2025-08-03 22:52:25.705799,2025-08-03 22:55:05.936512,0 days 00:02:40.230713,1.4409801190660194,17,43,COMPLETE
791,4330.77107152857,2025-08-03 22:52:25.733184,2025-08-03 22:55:04.617285,0 days 00:02:38.884101,1.1486278429835113,17,25,COMPLETE
792,9595.66721389763,2025-08-03 22:52:25.735033,2025-08-03 22:57:23.003755,0 days 00:04:57.268722,1.4240148636794667,17,23,COMPLETE
793,9885.990310582276,2025-08-03 22:52:25.767433,2025-08-03 23:00:34.545640,0 days 00:08:08.778207,1.4240535150619178,17,30,COMPLETE
794,9885.990310582276,2025-08-03 22:52:25.784179,2025-08-03 23:00:36.728966,0 days 00:08:10.944787,1.4277194124924284,17,30,COMPLETE
795,14055.583321019061,2025-08-03 22:52:25.785499,2025-08-03 22:55:06.211642,0 days 00:02:40.426143,1.4240615644675807,17,21,COMPLETE
796,10834.321949727408,2025-08-03 22:52:25.797793,2025-08-03 22:57:26.926500,0 days 00:05:01.128707,1.4415134356174077,17,44,COMPLETE
797,9081.696598341212,2025-08-03 22:52:25.819869,2025-08-03 23:02:32.178471,0 days 00:10:06.358602,1.4052280297223725,17,44,COMPLETE
798,9595.66721389763,2025-08-03 22:52:25.824622,2025-08-03 22:57:26.908552,0 days 00:05:01.083930,1.4248364799127629,17,23,COMPLETE
799,11646.875280404383,2025-08-03 22:52:25.827191,2025-08-03 22:57:26.138542,0 days 00:05:00.311351,1.4619734840903948,18,43,COMPLETE
800,12408.846821363595,2025-08-03 22:52:25.832661,2025-08-03 22:55:06.185410,0 days 00:02:40.352749,1.4241088991190547,17,22,COMPLETE
801,7611.455850440454,2025-08-03 22:52:25.835986,2025-08-03 22:57:25.991976,0 days 00:05:00.155990,1.4133950142381333,17,43,COMPLETE
802,6334.350733972251,2025-08-03 22:52:25.837312,2025-08-03 22:57:29.017553,0 days 00:05:03.180241,1.3965724668966184,18,30,COMPLETE
803,13923.409066910228,2025-08-03 22:52:25.842171,2025-08-03 22:57:32.052891,0 days 00:05:06.210720,1.4409174488842387,17,26,COMPLETE
804,11542.811022731205,2025-08-03 22:52:25.853851,2025-08-03 22:57:29.019183,0 days 00:05:03.165332,1.416459958024186,17,25,COMPLETE
805,9081.696598341212,2025-08-03 22:52:25.865805,2025-08-03 22:57:30.691418,0 days 00:05:04.825613,1.4069470263211776,17,44,COMPLETE
806,9698.72261426335,2025-08-03 22:52:25.885024,2025-08-03 22:57:30.551548,0 days 00:05:04.666524,1.4418858818185765,17,43,COMPLETE
807,9301.380856733926,2025-08-03 22:52:25.900253,2025-08-03 22:55:06.899587,0 days 00:02:40.999334,1.4063903830764615,17,24,COMPLETE
808,9698.72261426335,2025-08-03 22:52:25.928311,2025-08-03 23:00:33.958008,0 days 00:08:08.029697,1.432137197071314,17,43,COMPLETE
809,10834.321949727408,2025-08-03 22:52:25.935187,2025-08-03 22:57:29.913601,0 days 00:05:03.978414,1.4271545056995028,17,44,COMPLETE
810,8277.213573693705,2025-08-03 22:52:25.947670,2025-08-03 22:57:28.783270,0 days 00:05:02.835600,1.4032543478300366,17,44,COMPLETE
811,7693.646901374572,2025-08-03 22:52:26.001145,2025-08-03 22:57:31.231314,0 days 00:05:05.230169,1.1885775954935158,10,26,COMPLETE
812,8413.461149032904,2025-08-03 22:52:26.014050,2025-08-03 22:57:31.919536,0 days 00:05:05.905486,1.4259049806069095,18,31,COMPLETE
813,10834.321949727408,2025-08-03 22:52:26.016911,2025-08-03 22:57:31.810818,0 days 00:05:05.793907,1.4440888157610567,17,44,COMPLETE
814,9595.66721389763,2025-08-03 22:52:26.029283,2025-08-03 22:57:32.522255,0 days 00:05:06.492972,1.427926677798004,17,23,COMPLETE
815,10834.321949727408,2025-08-03 22:52:26.049447,2025-08-03 22:57:29.036646,0 days 00:05:02.987199,1.438791715906176,17,44,COMPLETE
816,9081.696598341212,2025-08-03 22:52:26.052273,2025-08-03 22:55:07.246203,0 days 00:02:41.193930,1.4074050522226274,17,44,COMPLETE
817,11083.544925082939,2025-08-03 22:52:26.077501,2025-08-03 22:55:07.111357,0 days 00:02:41.033856,1.4382423033503553,18,30,COMPLETE
818,17244.43199498311,2025-08-03 22:52:26.102398,2025-08-03 22:57:32.895739,0 days 00:05:06.793341,1.452306197391666,17,26,COMPLETE
819,7902.083272959728,2025-08-03 22:52:26.121846,2025-08-03 22:57:31.881177,0 days 00:05:05.759331,1.3986341942820955,17,43,COMPLETE
820,14821.940836474489,2025-08-03 22:52:26.124498,2025-08-03 23:00:39.537731,0 days 00:08:13.413233,1.4223557336835124,17,26,COMPLETE
821,12006.78948490076,2025-08-03 22:52:26.125513,2025-08-03 22:57:33.675070,0 days 00:05:07.549557,1.4353410607255979,17,25,COMPLETE
822,10834.321949727408,2025-08-03 22:52:26.165731,2025-08-03 22:55:09.609569,0 days 00:02:43.443838,1.4234104681867348,17,44,COMPLETE
823,14263.006064728606,2025-08-03 22:52:26.173206,2025-08-03 22:57:33.056853,0 days 00:05:06.883647,1.4497379879304388,17,31,COMPLETE
824,6882.282322712805,2025-08-03 22:52:26.175251,2025-08-03 23:00:36.937448,0 days 00:08:10.762197,1.3825128191436211,17,43,COMPLETE
825,9698.72261426335,2025-08-03 22:52:26.205232,2025-08-03 23:00:40.539273,0 days 00:08:14.334041,1.42632922486646,17,43,COMPLETE
826,12570.081931855539,2025-08-03 22:52:26.206562,2025-08-03 22:57:34.230282,0 days 00:05:08.023720,1.4343118679766973,18,22,COMPLETE
827,10394.174102556823,2025-08-03 22:52:26.210296,2025-08-03 22:57:34.298074,0 days 00:05:08.087778,1.4221386669986849,17,43,COMPLETE
828,7338.255230882453,2025-08-03 22:52:26.212542,2025-08-03 22:57:35.761670,0 days 00:05:09.549128,1.4296742431262026,18,30,COMPLETE
829,12006.78948490076,2025-08-03 22:52:26.215535,2025-08-03 22:55:14.627642,0 days 00:02:48.412107,1.4272903133799175,17,25,COMPLETE
830,8468.755228307919,2025-08-03 22:52:26.222402,2025-08-03 23:00:44.967331,0 days 00:08:18.744929,1.401568023954015,17,31,COMPLETE
831,9885.990310582276,2025-08-03 22:52:26.224595,2025-08-03 23:00:42.438105,0 days 00:08:16.213510,1.4395582794749724,17,30,COMPLETE
832,7510.95976295253,2025-08-03 22:52:26.227798,2025-08-03 22:55:13.578106,0 days 00:02:47.350308,1.6865855705570918,18,25,COMPLETE
833,23576.115766817235,2025-08-03 22:52:26.230157,2025-08-03 22:55:10.101387,0 days 00:02:43.871230,1.4029845803122825,10,26,COMPLETE
834,14402.23879557655,2025-08-03 22:52:26.236619,2025-08-03 22:53:53.607886,0 days 00:01:27.371267,1.4298517871480525,10,44,COMPLETE
835,17970.914792192558,2025-08-03 22:52:26.238076,2025-08-03 22:55:14.188463,0 days 00:02:47.950387,1.4379481653828212,10,25,COMPLETE
836,6914.573099798884,2025-08-03 22:52:26.239931,2025-08-03 23:02:35.567661,0 days 00:10:09.327730,1.4153180062920685,18,43,COMPLETE
837,6026.279685125495,2025-08-03 22:52:26.242383,2025-08-03 22:57:38.578507,0 days 00:05:12.336124,1.3720614422697208,18,30,COMPLETE
838,6175.141915567574,2025-08-03 22:52:26.245565,2025-08-03 22:57:37.231047,0 days 00:05:10.985482,1.4095323969898332,18,30,COMPLETE
839,8826.894083912968,2025-08-03 22:52:26.247737,2025-08-03 22:57:39.755064,0 days 00:05:13.507327,1.396820511804314,17,44,COMPLETE
840,14821.940836474489,2025-08-03 22:52:26.254215,2025-08-03 23:00:45.787745,0 days 00:08:19.533530,1.4197064573403222,17,26,COMPLETE
841,10920.76174051088,2025-08-03 22:52:26.258704,2025-08-03 22:53:53.873292,0 days 00:01:27.614588,1.4084852713753067,17,26,COMPLETE
842,16945.899682007766,2025-08-03 22:52:26.262109,2025-08-03 23:00:48.053519,0 days 00:08:21.791410,1.4526889196447978,18,26,COMPLETE
843,9526.219936594469,2025-08-03 22:52:26.266180,2025-08-03 22:57:38.921936,0 days 00:05:12.655756,1.351094003462046,17,26,COMPLETE
844,6842.515480136385,2025-08-03 22:52:26.268830,2025-08-03 22:55:14.276333,0 days 00:02:48.007503,1.4029395231389956,18,44,COMPLETE
845,11600.392636544475,2025-08-03 22:52:26.271072,2025-08-03 22:55:14.859599,0 days 00:02:48.588527,1.4187437333207373,17,44,COMPLETE
846,14657.902499227435,2025-08-03 22:52:26.272310,2025-08-03 22:53:54.201100,0 days 00:01:27.928790,1.4457361957720805,17,22,COMPLETE
847,14821.940836474489,2025-08-03 22:52:26.277506,2025-08-03 22:57:41.030851,0 days 00:05:14.753345,1.4190936623956896,17,26,COMPLETE
848,14402.23879557655,2025-08-03 22:52:26.279028,2025-08-03 22:57:43.510969,0 days 00:05:17.231941,1.4316348104529029,10,44,COMPLETE
849,9698.72261426335,2025-08-03 22:52:26.281841,2025-08-03 22:57:45.546469,0 days 00:05:19.264628,1.4326226123256602,17,43,COMPLETE
850,7087.264455761581,2025-08-03 22:52:26.284958,2025-08-03 22:57:40.193456,0 days 00:05:13.908498,1.4264622281888277,18,43,COMPLETE
851,13923.409066910228,2025-08-03 22:52:26.294102,2025-08-03 22:55:14.768679,0 days 00:02:48.474577,1.4320524701505075,17,26,COMPLETE
852,10834.321949727408,2025-08-03 22:52:26.296067,2025-08-03 22:55:16.087839,0 days 00:02:49.791772,1.4409168867990507,17,44,COMPLETE
853,10834.321949727408,2025-08-03 22:52:26.298760,2025-08-03 22:57:45.488065,0 days 00:05:19.189305,1.4237293940343703,17,44,COMPLETE
854,8667.555496211698,2025-08-03 22:52:26.301218,2025-08-03 23:00:48.505749,0 days 00:08:22.204531,1.6882107930416266,17,43,COMPLETE
855,17970.914792192558,2025-08-03 22:52:26.303556,2025-08-03 22:57:44.720208,0 days 00:05:18.416652,1.4446206394202208,10,25,COMPLETE
856,9698.72261426335,2025-08-03 22:52:26.306895,2025-08-03 22:57:47.750979,0 days 00:05:21.444084,1.4320118334932723,17,43,COMPLETE
857,12320.084555062302,2025-08-03 22:52:26.311022,2025-08-03 23:03:18.065190,0 days 00:10:51.754168,1.450442958217974,17,30,COMPLETE
858,10834.321949727408,2025-08-03 22:52:26.313826,2025-08-03 23:00:50.338747,0 days 00:08:24.024921,1.4375331846358397,17,44,COMPLETE
859,9698.72261426335,2025-08-03 22:52:26.315480,2025-08-03 22:57:46.226247,0 days 00:05:19.910767,1.441511498205579,17,43,COMPLETE
860,7485.5344098249325,2025-08-03 22:52:26.316727,2025-08-03 22:57:45.533321,0 days 00:05:19.216594,1.393790169320053,17,44,COMPLETE
861,15758.97950293318,2025-08-03 22:52:26.320232,2025-08-03 22:55:17.766535,0 days 00:02:51.446303,1.6825462450827018,10,44,COMPLETE
862,8859.003591748162,2025-08-03 22:52:26.323287,2025-08-03 22:55:16.785481,0 days 00:02:50.462194,1.7035125953793193,18,43,COMPLETE
863,17680.968464334037,2025-08-03 22:52:26.325482,2025-08-03 22:55:19.819938,0 days 00:02:53.494456,1.465152545767063,17,24,COMPLETE
864,12102.72256275598,2025-08-03 22:52:26.328562,2025-08-03 22:57:49.310147,0 days 00:05:22.981585,1.4573848509757619,17,43,COMPLETE
865,8421.237356733149,2025-08-03 22:52:26.329845,2025-08-03 22:55:18.983196,0 days 00:02:52.653351,1.4329806091166593,18,23,COMPLETE
866,9698.72261426335,2025-08-03 22:52:26.330884,2025-08-03 22:57:48.864987,0 days 00:05:22.534103,1.4290005179269594,17,43,COMPLETE
867,8518.279787775056,2025-08-03 22:52:26.334192,2025-08-03 22:57:48.438736,0 days 00:05:22.104544,1.4129042014266815,17,44,COMPLETE
868,6189.425980150861,2025-08-03 22:52:26.344591,2025-08-03 22:57:49.303580,0 days 00:05:22.958989,1.4108864649156343,18,43,COMPLETE
869,7485.5344098249325,2025-08-03 22:52:26.349204,2025-08-03 22:55:19.519550,0 days 00:02:53.170346,1.3911420360014632,17,44,COMPLETE
870,15207.90971463477,2025-08-03 22:52:26.353051,2025-08-03 22:53:57.622440,0 days 00:01:31.269389,1.4488701196867373,10,30,COMPLETE
871,17280.226187853285,2025-08-03 22:52:26.354344,2025-08-03 22:57:49.012679,0 days 00:05:22.658335,1.4469970427181422,18,20,COMPLETE
872,7730.5212247453655,2025-08-03 22:52:26.356643,2025-08-03 23:00:56.894866,0 days 00:08:30.538223,1.4093710433718993,17,30,COMPLETE
873,5721.1911519224195,2025-08-03 22:52:26.357764,2025-08-03 22:55:19.977803,0 days 00:02:53.620039,1.329396932032639,17,43,COMPLETE
874,17181.82330605964,2025-08-03 22:52:26.359134,2025-08-03 22:57:50.146967,0 days 00:05:23.787833,1.3753000166191676,11,43,COMPLETE
875,7747.357589254147,2025-08-03 22:52:26.360287,2025-08-03 23:02:45.435193,0 days 00:10:19.074906,1.423523731793969,18,44,COMPLETE
876,7747.357589254147,2025-08-03 22:52:26.364074,2025-08-03 22:55:19.496098,0 days 00:02:53.132024,1.4230344990389223,18,44,COMPLETE
877,8127.814062571715,2025-08-03 22:52:26.367306,2025-08-03 22:57:49.629763,0 days 00:05:23.262457,1.4045160142682596,17,43,COMPLETE
878,6175.141915567574,2025-08-03 22:52:26.368506,2025-08-03 23:00:56.837393,0 days 00:08:30.468887,1.4092885675794284,18,30,COMPLETE
879,7757.415869153278,2025-08-03 22:52:26.370747,2025-08-03 22:57:48.775726,0 days 00:05:22.404979,1.4116062176392696,17,30,COMPLETE
880,9885.990310582276,2025-08-03 22:52:26.373280,2025-08-03 22:55:22.074711,0 days 00:02:55.701431,1.4278622627619064,17,30,COMPLETE
881,9885.990310582276,2025-08-03 22:52:26.378259,2025-08-03 23:00:58.793676,0 days 00:08:32.415417,1.4288614100616366,17,30,COMPLETE
882,17849.872189455364,2025-08-03 22:52:26.383062,2025-08-03 23:00:54.369156,0 days 00:08:27.986094,1.4099743078381668,10,30,COMPLETE
883,8826.894083912968,2025-08-03 22:52:26.387333,2025-08-03 23:01:01.826188,0 days 00:08:35.438855,1.4007494055062577,17,44,COMPLETE
884,8062.656803152144,2025-08-03 22:52:26.391034,2025-08-03 22:57:50.504806,0 days 00:05:24.113772,1.4287506025833063,18,44,COMPLETE
885,10431.149749505736,2025-08-03 22:52:26.392613,2025-08-03 22:55:22.797525,0 days 00:02:56.404912,1.4278107710729642,18,26,COMPLETE
886,13471.842658974758,2025-08-03 22:52:26.394013,2025-08-03 23:01:00.711356,0 days 00:08:34.317343,1.4528448133362315,17,44,COMPLETE
887,9885.990310582276,2025-08-03 22:52:26.398166,2025-08-03 23:02:49.205316,0 days 00:10:22.807150,1.4263608309653435,17,30,COMPLETE
888,6545.137329642206,2025-08-03 22:52:26.400120,2025-08-03 23:03:17.980942,0 days 00:10:51.580822,1.3730709237438194,17,30,COMPLETE
889,12123.262920278894,2025-08-03 22:52:26.405603,2025-08-03 22:55:23.429435,0 days 00:02:57.023832,1.4347367442402894,18,25,COMPLETE
890,12633.47594097428,2025-08-03 22:52:26.409187,2025-08-03 22:57:51.971880,0 days 00:05:25.562693,1.4610603024135327,17,44,COMPLETE
891,13923.409066910228,2025-08-03 22:52:26.431413,2025-08-03 22:53:59.802131,0 days 00:01:33.370718,1.4386022109718237,17,26,COMPLETE
892,9885.990310582276,2025-08-03 22:52:26.438525,2025-08-03 22:55:24.959301,0 days 00:02:58.520776,1.427586331131559,17,30,COMPLETE
893,9081.696598341212,2025-08-03 22:52:26.445131,2025-08-03 22:57:54.409731,0 days 00:05:27.964600,1.405377057575911,17,44,COMPLETE
894,14402.23879557655,2025-08-03 22:52:26.452451,2025-08-03 22:57:51.356099,0 days 00:05:24.903648,1.428634119297627,10,44,COMPLETE
895,10894.846322979889,2025-08-03 22:52:26.478982,2025-08-03 23:01:02.542649,0 days 00:08:36.063667,1.4707036566596392,18,43,COMPLETE
896,13203.497787537051,2025-08-03 22:52:26.527751,2025-08-03 22:55:24.451476,0 days 00:02:57.923725,1.4214954266077302,17,22,COMPLETE
897,9815.101471787368,2025-08-03 22:52:26.554269,2025-08-03 23:03:16.402474,0 days 00:10:49.848205,1.4351355453933108,18,43,COMPLETE
898,18067.37119536666,2025-08-03 22:52:26.596281,2025-08-03 22:55:24.895779,0 days 00:02:58.299498,1.377721195728145,10,21,COMPLETE
899,9698.72261426335,2025-08-03 22:52:26.618360,2025-08-03 22:57:56.597062,0 days 00:05:29.978702,1.4247372193757486,17,43,COMPLETE
900,9698.72261426335,2025-08-03 22:52:26.654373,2025-08-03 22:57:57.691716,0 days 00:05:31.037343,1.432773964659486,17,43,COMPLETE
901,8235.71103047161,2025-08-03 22:52:26.656024,2025-08-03 22:57:57.634223,0 days 00:05:30.978199,1.3860714832596073,18,25,COMPLETE
902,9885.990310582276,2025-08-03 22:52:26.670405,2025-08-03 22:53:59.933911,0 days 00:01:33.263506,1.42957530877209,17,30,COMPLETE
903,6545.137329642206,2025-08-03 22:52:26.685052,2025-08-03 22:57:58.533709,0 days 00:05:31.848657,1.3804480279464313,17,30,COMPLETE
904,11780.21555042699,2025-08-03 22:52:26.704836,2025-08-03 22:55:27.993651,0 days 00:03:01.288815,1.4388922153431258,17,24,COMPLETE
905,13203.497787537051,2025-08-03 22:52:26.708917,2025-08-03 22:55:27.823300,0 days 00:03:01.114383,1.419073028740084,17,22,COMPLETE
906,6158.288490166154,2025-08-03 22:52:26.711162,2025-08-03 22:57:59.011086,0 days 00:05:32.299924,1.3914547830339146,17,30,COMPLETE
907,6074.90354922028,2025-08-03 22:52:26.719517,2025-08-03 22:58:02.358305,0 days 00:05:35.638788,1.3780521109424113,18,30,COMPLETE
908,6545.137329642206,2025-08-03 22:52:26.721740,2025-08-03 22:57:58.553394,0 days 00:05:31.831654,1.3784713539462246,17,30,COMPLETE
909,10957.164104032927,2025-08-03 22:52:26.750117,2025-08-03 22:57:56.829488,0 days 00:05:30.079371,1.4116975816943416,17,26,COMPLETE
910,9743.551520713643,2025-08-03 22:52:26.762865,2025-08-03 23:01:06.359789,0 days 00:08:39.596924,1.4109123645037565,17,22,COMPLETE
911,7738.45645512548,2025-08-03 22:52:26.769554,2025-08-03 22:58:00.487404,0 days 00:05:33.717850,1.3762785368752968,18,22,COMPLETE
912,16118.685038166477,2025-08-03 22:52:26.795317,2025-08-03 22:55:28.254054,0 days 00:03:01.458737,1.420393810778791,10,30,COMPLETE
913,16466.30582961786,2025-08-03 22:52:26.801550,2025-08-03 23:02:49.630109,0 days 00:10:22.828559,1.443399257628718,18,26,COMPLETE
914,10834.321949727408,2025-08-03 22:52:26.809232,2025-08-03 23:02:48.161134,0 days 00:10:21.351902,1.4271320082161023,17,44,COMPLETE
915,13923.409066910228,2025-08-03 22:52:26.815287,2025-08-03 23:01:04.179555,0 days 00:08:37.364268,1.44474558000765,17,26,COMPLETE
916,8826.894083912968,2025-08-03 22:52:26.817104,2025-08-03 22:58:02.696998,0 days 00:05:35.879894,1.4003530740540262,17,44,COMPLETE
917,17244.43199498311,2025-08-03 22:52:26.822181,2025-08-03 22:55:27.758719,0 days 00:03:00.936538,1.45338231896201,17,26,COMPLETE
918,13923.409066910228,2025-08-03 22:52:26.823531,2025-08-03 22:58:02.717762,0 days 00:05:35.894231,1.433544406301267,17,26,COMPLETE
919,10842.114044441652,2025-08-03 22:52:26.826701,2025-08-03 22:58:01.225022,0 days 00:05:34.398321,1.4053936267901925,17,26,COMPLETE
920,7102.548016903105,2025-08-03 22:52:26.831387,2025-08-03 23:01:05.724100,0 days 00:08:38.892713,1.4123443903678217,19,30,COMPLETE
921,13017.269712210702,2025-08-03 22:52:26.832604,2025-08-03 22:58:01.350787,0 days 00:05:34.518183,1.4215195789805717,16,25,COMPLETE
922,9885.990310582276,2025-08-03 22:52:26.834361,2025-08-03 22:58:00.817714,0 days 00:05:33.983353,1.4288096634647776,17,30,COMPLETE
923,10834.321949727408,2025-08-03 22:52:26.835869,2025-08-03 23:01:07.189518,0 days 00:08:40.353649,1.4351388818452764,17,44,COMPLETE
924,10412.808904321573,2025-08-03 22:52:26.843639,2025-08-03 23:01:09.253451,0 days 00:08:42.409812,1.4279167404372766,19,22,COMPLETE
925,8392.221437367896,2025-08-03 22:52:26.846372,2025-08-03 22:55:29.434929,0 days 00:03:02.588557,1.4345368324335834,19,30,COMPLETE
926,9885.990310582276,2025-08-03 22:52:26.847620,2025-08-03 22:58:05.966621,0 days 00:05:39.119001,1.4277481245395403,17,30,COMPLETE
927,11600.392636544475,2025-08-03 22:52:26.848999,2025-08-03 22:55:30.243735,0 days 00:03:03.394736,1.421878160425316,17,44,COMPLETE
928,8029.177172656002,2025-08-03 22:52:26.854099,2025-08-03 22:58:05.025294,0 days 00:05:38.171195,1.4319156901901366,19,43,COMPLETE
929,11344.441920982526,2025-08-03 22:52:26.859019,2025-08-03 23:01:09.941110,0 days 00:08:43.082091,1.4344668398227483,19,26,COMPLETE
930,11537.541975727074,2025-08-03 22:52:26.863238,2025-08-03 23:02:47.785804,0 days 00:10:20.922566,1.4412762345463714,18,43,COMPLETE
931,5821.100057924716,2025-08-03 22:52:26.864565,2025-08-03 23:01:13.871814,0 days 00:08:47.007249,1.3455349780147055,19,43,COMPLETE
932,12320.084555062302,2025-08-03 22:52:26.866713,2025-08-03 22:58:03.316808,0 days 00:05:36.450095,1.4537786483928712,17,30,COMPLETE
933,10318.163982326329,2025-08-03 22:52:26.870820,2025-08-03 23:01:14.482263,0 days 00:08:47.611443,1.4010287748246348,17,26,COMPLETE
934,10318.163982326329,2025-08-03 22:52:26.876387,2025-08-03 22:58:07.392272,0 days 00:05:40.515885,1.3941909265305596,17,26,COMPLETE
935,18614.807254760715,2025-08-03 22:52:26.877916,2025-08-03 22:55:34.964960,0 days 00:03:08.087044,1.3968256342868202,11,25,COMPLETE
936,10219.653134193477,2025-08-03 22:52:26.879432,2025-08-03 22:54:02.311421,0 days 00:01:35.431989,1.4187498900054727,17,23,COMPLETE
937,6204.245970721702,2025-08-03 22:52:26.880650,2025-08-03 22:58:07.576687,0 days 00:05:40.696037,1.4079558543603548,19,43,COMPLETE
938,6914.573099798884,2025-08-03 22:52:26.883214,2025-08-03 22:58:09.954564,0 days 00:05:43.071350,1.4178958005433204,19,43,COMPLETE
939,11780.21555042699,2025-08-03 22:52:26.885258,2025-08-03 23:01:14.298997,0 days 00:08:47.413739,1.4280770922020685,17,24,COMPLETE
940,6939.479063809482,2025-08-03 22:52:26.890282,2025-08-03 22:58:08.459060,0 days 00:05:41.568778,1.4098501948588604,18,44,COMPLETE
941,7114.958627095158,2025-08-03 22:52:26.892026,2025-08-03 22:58:09.603661,0 days 00:05:42.711635,1.1600957945123676,19,21,COMPLETE
942,7611.455850440454,2025-08-03 22:52:26.893888,2025-08-03 22:58:07.423953,0 days 00:05:40.530065,1.4106124667575435,17,43,COMPLETE
943,11929.799891500259,2025-08-03 22:52:26.900885,2025-08-03 22:58:09.617336,0 days 00:05:42.716451,1.418135846844301,17,22,COMPLETE
944,9515.71716624642,2025-08-03 22:52:26.903868,2025-08-03 22:58:09.985934,0 days 00:05:43.082066,1.4382841251024467,19,44,COMPLETE
945,10402.856487327213,2025-08-03 22:52:26.907696,2025-08-03 22:58:09.761770,0 days 00:05:42.854074,1.4612965210983202,19,30,COMPLETE
946,8328.797481750566,2025-08-03 22:52:26.909732,2025-08-03 23:02:53.265388,0 days 00:10:26.355656,1.3889139497797067,17,45,COMPLETE
947,5680.951532299931,2025-08-03 22:52:26.912632,2025-08-03 22:58:10.021997,0 days 00:05:43.109365,1.3835241431624672,19,30,COMPLETE
948,11780.21555042699,2025-08-03 22:52:26.914916,2025-08-03 23:01:16.886244,0 days 00:08:49.971328,1.4358108339008624,17,24,COMPLETE
949,9885.990310582276,2025-08-03 22:52:26.919963,2025-08-03 22:55:36.923734,0 days 00:03:10.003771,1.4310857186107186,17,30,COMPLETE
950,10957.164104032927,2025-08-03 22:52:26.951647,2025-08-03 22:55:37.262203,0 days 00:03:10.310556,1.4141096767409354,17,26,COMPLETE
951,10834.321949727408,2025-08-03 22:52:26.957856,2025-08-03 22:55:33.931535,0 days 00:03:06.973679,1.4245389984317527,17,44,COMPLETE
952,9047.14766698595,2025-08-03 22:52:26.977730,2025-08-03 22:55:37.149711,0 days 00:03:10.171981,1.3642950077913598,17,44,COMPLETE
953,11344.441920982526,2025-08-03 22:52:27.028658,2025-08-03 22:55:33.898211,0 days 00:03:06.869553,1.4316825850137473,19,26,COMPLETE
954,16266.093192092456,2025-08-03 22:52:27.041082,2025-08-03 23:01:19.472650,0 days 00:08:52.431568,1.4335041611503336,10,30,COMPLETE
955,9698.72261426335,2025-08-03 22:52:27.058102,2025-08-03 22:55:36.466345,0 days 00:03:09.408243,1.4418373848679198,17,43,COMPLETE
956,12408.846821363595,2025-08-03 22:52:27.100997,2025-08-03 23:03:18.306635,0 days 00:10:51.205638,1.426240189087739,17,22,COMPLETE
957,10957.164104032927,2025-08-03 22:52:27.136210,2025-08-03 22:55:36.766960,0 days 00:03:09.630750,1.4150724053531962,17,26,COMPLETE
958,9885.990310582276,2025-08-03 22:52:27.148828,2025-08-03 23:02:54.840269,0 days 00:10:27.691441,1.423602392819725,17,30,COMPLETE
959,10842.114044441652,2025-08-03 22:52:27.156170,2025-08-03 22:55:37.054311,0 days 00:03:09.898141,1.4043614558264355,17,26,COMPLETE
960,11910.5400046559,2025-08-03 22:52:27.175148,2025-08-03 23:01:15.954799,0 days 00:08:48.779651,1.405505946221124,16,22,COMPLETE
961,8964.91483826971,2025-08-03 22:52:27.187605,2025-08-03 22:55:36.774129,0 days 00:03:09.586524,1.4262377222075944,19,44,COMPLETE
962,7757.415869153278,2025-08-03 22:52:27.203562,2025-08-03 22:58:13.085527,0 days 00:05:45.881965,1.4134233200116542,17,30,COMPLETE
963,13923.409066910228,2025-08-03 22:52:27.240972,2025-08-03 22:55:37.432486,0 days 00:03:10.191514,1.4412423595053845,17,26,COMPLETE
964,7286.817930346471,2025-08-03 22:52:27.258751,2025-08-03 23:01:19.694934,0 days 00:08:52.436183,1.3963853427789599,17,30,COMPLETE
965,12006.78948490076,2025-08-03 22:52:27.303000,2025-08-03 22:58:14.523722,0 days 00:05:47.220722,1.430452634239587,17,25,COMPLETE
966,7389.565136744412,2025-08-03 22:52:27.304316,2025-08-03 22:55:39.367252,0 days 00:03:12.062936,1.3678064868938298,18,44,COMPLETE
967,17474.189039765068,2025-08-03 22:52:27.305924,2025-08-03 23:01:20.150662,0 days 00:08:52.844738,1.409672900803463,10,30,COMPLETE
968,6175.141915567574,2025-08-03 22:52:27.308268,2025-08-03 23:02:50.679124,0 days 00:10:23.370856,1.4101568343556394,18,30,COMPLETE
969,8612.703197177545,2025-08-03 22:52:27.311828,2025-08-03 22:55:38.845503,0 days 00:03:11.533675,1.4186040006914278,18,25,COMPLETE
970,12006.78948490076,2025-08-03 22:52:27.315504,2025-08-03 22:58:12.873508,0 days 00:05:45.558004,1.4265542413858119,17,25,COMPLETE
971,11748.646344352277,2025-08-03 22:52:27.317033,2025-08-03 22:55:38.827042,0 days 00:03:11.510009,1.4418638862143542,18,30,COMPLETE
972,22144.195026920475,2025-08-03 22:52:27.321563,2025-08-03 22:58:16.665369,0 days 00:05:49.343806,1.4441595286302171,10,26,COMPLETE
973,8612.703197177545,2025-08-03 22:52:27.323247,2025-08-03 22:58:15.295553,0 days 00:05:47.972306,1.4247131301822906,18,25,COMPLETE
974,9547.74763716484,2025-08-03 22:52:27.324933,2025-08-03 22:58:17.478070,0 days 00:05:50.153137,1.4177247003499338,17,30,COMPLETE
975,9376.356955073721,2025-08-03 22:52:27.326631,2025-08-03 23:01:17.868358,0 days 00:08:50.541727,1.3905877663530182,18,26,COMPLETE
976,15782.355211732947,2025-08-03 22:52:27.329094,2025-08-03 22:58:14.213386,0 days 00:05:46.884292,1.3524168177557268,10,44,COMPLETE
977,12521.942377188107,2025-08-03 22:52:27.336870,2025-08-03 23:01:26.247367,0 days 00:08:58.910497,1.4216201035575105,17,24,COMPLETE
978,13471.842658974758,2025-08-03 22:52:27.339770,2025-08-03 22:55:38.465979,0 days 00:03:11.126209,1.4534136833066378,17,44,COMPLETE
979,11420.597379258348,2025-08-03 22:52:27.341287,2025-08-03 22:55:41.268571,0 days 00:03:13.927284,1.4420572461822325,18,23,COMPLETE
980,7493.1874421645325,2025-08-03 22:52:27.343729,2025-08-03 22:58:18.357728,0 days 00:05:51.013999,1.4004243693682858,18,44,COMPLETE
981,10318.163982326329,2025-08-03 22:52:27.345853,2025-08-03 22:58:20.134842,0 days 00:05:52.788989,1.3955522588694562,17,26,COMPLETE
982,14821.940836474489,2025-08-03 22:52:27.348699,2025-08-03 22:58:23.180395,0 days 00:05:55.831696,1.4215436041775538,17,26,COMPLETE
983,6914.573099798884,2025-08-03 22:52:27.351519,2025-08-03 22:58:21.901848,0 days 00:05:54.550329,1.4221931590986288,18,43,COMPLETE
984,10014.612790036721,2025-08-03 22:52:27.359267,2025-08-03 23:01:23.595678,0 days 00:08:56.236411,1.4310673068722293,18,27,COMPLETE
985,8062.656803152144,2025-08-03 22:52:27.364381,2025-08-03 22:58:22.625359,0 days 00:05:55.260978,1.4311651461067059,18,44,COMPLETE
986,2636.1012990416625,2025-08-03 22:52:27.366194,2025-08-03 22:58:21.893822,0 days 00:05:54.527628,1.4049399740043413,18,80,COMPLETE
987,9017.961875445464,2025-08-03 22:52:27.368459,2025-08-03 22:58:22.572914,0 days 00:05:55.204455,1.3993686166183685,18,26,COMPLETE
988,6074.90354922028,2025-08-03 22:52:27.393410,2025-08-03 22:58:21.554653,0 days 00:05:54.161243,1.377144044277868,18,30,COMPLETE
989,12101.814599953448,2025-08-03 22:52:27.399919,2025-08-03 23:01:27.134176,0 days 00:08:59.734257,1.444789662062655,18,30,COMPLETE
990,12408.846821363595,2025-08-03 22:52:27.424395,2025-08-03 22:58:23.658816,0 days 00:05:56.234421,1.425892432054455,17,22,COMPLETE
991,7878.756947498045,2025-08-03 22:52:27.442491,2025-08-03 22:54:06.072608,0 days 00:01:38.630117,1.3983374821520165,18,25,COMPLETE
992,7747.357589254147,2025-08-03 22:52:27.445309,2025-08-03 22:58:23.351547,0 days 00:05:55.906238,1.4173674030994852,18,44,COMPLETE
993,7693.054639233009,2025-08-03 22:52:27.482236,2025-08-03 22:58:24.554642,0 days 00:05:57.072406,1.3969175890600636,18,44,COMPLETE
994,9017.961875445464,2025-08-03 22:52:27.519559,2025-08-03 22:55:43.275711,0 days 00:03:15.756152,1.399644801465731,18,26,COMPLETE
995,22188.756950226107,2025-08-03 22:52:27.532496,2025-08-03 22:58:23.938217,0 days 00:05:56.405721,1.402946912852901,10,24,COMPLETE
996,7747.357589254147,2025-08-03 22:52:27.548412,2025-08-03 22:55:45.080610,0 days 00:03:17.532198,1.4224794590552416,18,44,COMPLETE
997,9835.990849126987,2025-08-03 22:52:27.550238,2025-08-03 23:01:30.974157,0 days 00:09:03.423919,1.4176106901001775,18,26,COMPLETE
998,9415.900283872843,2025-08-03 22:52:27.552813,2025-08-03 22:58:23.887587,0 days 00:05:56.334774,1.412161960092178,17,25,COMPLETE
999,4874.049823979281,2025-08-03 22:52:27.567267,2025-08-03 22:55:42.822590,0 days 00:03:15.255323,1.1573061145634516,17,44,COMPLETE
1000,9835.990849126987,2025-08-03 22:52:27.574380,2025-08-03 22:58:29.621801,0 days 00:06:02.047421,1.4161230300026841,18,26,COMPLETE
1001,14821.940836474489,2025-08-03 22:52:27.598810,2025-08-03 22:55:43.148872,0 days 00:03:15.550062,1.4184404079892714,17,26,COMPLETE
1002,12852.538180161067,2025-08-03 22:52:27.606202,2025-08-03 22:58:25.922911,0 days 00:05:58.316709,1.4422080562423032,18,44,COMPLETE
1003,7747.357589254147,2025-08-03 22:52:27.626034,2025-08-03 23:02:56.676564,0 days 00:10:29.050530,1.4229162632574333,18,44,COMPLETE
1004,7687.885990735932,2025-08-03 22:52:27.643917,2025-08-03 22:58:25.159933,0 days 00:05:57.516016,1.4078579889299454,18,25,COMPLETE
1005,7338.255230882453,2025-08-03 22:52:27.660059,2025-08-03 22:58:29.860442,0 days 00:06:02.200383,1.4269252690272147,18,30,COMPLETE
1006,6175.141915567574,2025-08-03 22:52:27.672979,2025-08-03 22:55:45.449321,0 days 00:03:17.776342,1.4128324755704271,18,30,COMPLETE
1007,6842.515480136385,2025-08-03 22:52:27.703601,2025-08-03 22:58:29.565286,0 days 00:06:01.861685,1.4027158889441331,18,44,COMPLETE
1008,20331.600258839444,2025-08-03 22:52:27.712023,2025-08-03 22:55:46.593140,0 days 00:03:18.881117,1.3829224102665787,10,23,COMPLETE
1009,17970.914792192558,2025-08-03 22:52:27.733397,2025-08-03 23:01:29.736400,0 days 00:09:02.003003,1.4324800985883983,10,25,COMPLETE
1010,8173.016312963624,2025-08-03 22:52:27.756975,2025-08-03 22:58:30.320632,0 days 00:06:02.563657,1.3656580828219027,18,44,COMPLETE
1011,9017.961875445464,2025-08-03 22:52:27.762631,2025-08-03 22:58:29.042033,0 days 00:06:01.279402,1.3978791307332,18,26,COMPLETE
1012,8602.954265505157,2025-08-03 22:52:27.772314,2025-08-03 22:55:47.479048,0 days 00:03:19.706734,1.3707551747339217,18,26,COMPLETE
1013,9183.050343547302,2025-08-03 22:52:27.773623,2025-08-03 23:01:31.671520,0 days 00:09:03.897897,1.4248690291145658,18,22,COMPLETE
1014,18882.209268394417,2025-08-03 22:52:27.779039,2025-08-03 23:01:28.817236,0 days 00:09:01.038197,1.4653201776231881,10,25,COMPLETE
1015,10462.806678869689,2025-08-03 22:52:27.782561,2025-08-03 22:58:31.317921,0 days 00:06:03.535360,1.4167389598560423,17,44,COMPLETE
1016,10834.321949727408,2025-08-03 22:52:27.787709,2025-08-03 23:01:33.372710,0 days 00:09:05.585001,1.431487731114272,17,44,COMPLETE
1017,12663.495286487669,2025-08-03 22:52:27.790609,2025-08-03 22:55:48.412235,0 days 00:03:20.621626,1.4562633868214236,18,30,COMPLETE
1018,21947.5675357016,2025-08-03 22:52:27.791858,2025-08-03 22:55:48.093601,0 days 00:03:20.301743,1.4207446732129392,10,26,COMPLETE
1019,10834.321949727408,2025-08-03 22:52:27.798185,2025-08-03 22:58:38.813512,0 days 00:06:11.015327,1.436751888455429,17,44,COMPLETE
1020,12006.78948490076,2025-08-03 22:52:27.802608,2025-08-03 22:55:48.741365,0 days 00:03:20.938757,1.4440983917884238,17,25,COMPLETE
1021,6597.297162069376,2025-08-03 22:52:27.805376,2025-08-03 22:58:33.836272,0 days 00:06:06.030896,1.3909057251570225,18,30,COMPLETE
1022,7164.208229906222,2025-08-03 22:52:27.807215,2025-08-03 22:58:31.808194,0 days 00:06:04.000979,1.3932896501926446,18,43,COMPLETE
1023,7747.357589254147,2025-08-03 22:52:27.808501,2025-08-03 22:55:47.210978,0 days 00:03:19.402477,1.4180083302783901,18,44,COMPLETE
1024,6738.015275632655,2025-08-03 22:52:27.810750,2025-08-03 23:01:35.541295,0 days 00:09:07.730545,1.3566710806642532,17,23,COMPLETE
1025,6597.297162069376,2025-08-03 22:52:27.814515,2025-08-03 23:01:38.737124,0 days 00:09:10.922609,1.390125245045592,18,30,COMPLETE
1026,7087.264455761581,2025-08-03 22:52:27.817726,2025-08-03 22:58:34.871484,0 days 00:06:07.053758,1.4248610424073314,18,43,COMPLETE
1027,16466.30582961786,2025-08-03 22:52:27.820795,2025-08-03 22:58:39.319025,0 days 00:06:11.498230,1.442796317769612,18,26,COMPLETE
1028,7687.885990735932,2025-08-03 22:52:27.822706,2025-08-03 22:58:39.945205,0 days 00:06:12.122499,1.4105312436904693,18,25,COMPLETE
1029,8966.242611780925,2025-08-03 22:52:27.825049,2025-08-03 22:58:38.978244,0 days 00:06:11.153195,1.4245785199383119,18,22,COMPLETE
1030,6597.297162069376,2025-08-03 22:52:27.827173,2025-08-03 22:55:48.204330,0 days 00:03:20.377157,1.3867150250518034,18,30,COMPLETE
1031,12102.72256275598,2025-08-03 22:52:27.829196,2025-08-03 22:55:49.688270,0 days 00:03:21.859074,1.4508316554929732,17,43,COMPLETE
1032,8062.656803152144,2025-08-03 22:52:27.830848,2025-08-03 22:58:40.080538,0 days 00:06:12.249690,1.428954021304599,18,44,COMPLETE
1033,13923.409066910228,2025-08-03 22:52:27.832864,2025-08-03 22:58:39.902900,0 days 00:06:12.070036,1.4274028538554624,17,26,COMPLETE
1034,10431.149749505736,2025-08-03 22:52:27.838035,2025-08-03 22:58:39.080628,0 days 00:06:11.242593,1.4308324274772513,18,26,COMPLETE
1035,6174.442234637671,2025-08-03 22:52:27.840166,2025-08-03 22:58:41.948958,0 days 00:06:14.108792,1.1958710276502598,17,30,COMPLETE
1036,8197.027281034516,2025-08-03 22:52:27.842222,2025-08-03 22:58:39.668705,0 days 00:06:11.826483,1.3943452204972662,18,25,COMPLETE
1037,8945.26538428555,2025-08-03 22:52:27.844301,2025-08-03 22:58:40.841221,0 days 00:06:12.996920,1.4057753167135103,18,26,COMPLETE
1038,6189.425980150861,2025-08-03 22:52:27.846610,2025-08-03 22:58:42.104508,0 days 00:06:14.257898,1.4099110013059326,18,43,COMPLETE
1039,8959.372983006404,2025-08-03 22:52:27.849066,2025-08-03 22:58:42.204189,0 days 00:06:14.355123,1.4297634551150011,18,25,COMPLETE
1040,9815.101471787368,2025-08-03 22:52:27.849962,2025-08-03 22:55:52.136486,0 days 00:03:24.286524,1.43497279649962,18,43,COMPLETE
1041,13471.842658974758,2025-08-03 22:52:27.852307,2025-08-03 23:01:35.555389,0 days 00:09:07.703082,1.4564763661756899,17,44,COMPLETE
1042,10431.149749505736,2025-08-03 22:52:27.853445,2025-08-03 22:58:44.215111,0 days 00:06:16.361666,1.427691375521049,18,26,COMPLETE
1043,6189.425980150861,2025-08-03 22:52:27.856266,2025-08-03 22:58:42.015481,0 days 00:06:14.159215,1.4131274237751352,18,43,COMPLETE
1044,21947.5675357016,2025-08-03 22:52:27.858501,2025-08-03 22:58:42.790753,0 days 00:06:14.932252,1.4203720714874593,10,26,COMPLETE
1045,7747.357589254147,2025-08-03 22:52:27.861013,2025-08-03 22:58:45.289118,0 days 00:06:17.428105,1.4211587945546034,18,44,COMPLETE
1046,14012.384757358523,2025-08-03 22:52:27.864610,2025-08-03 22:58:44.359982,0 days 00:06:16.495372,1.4491588791612895,18,31,COMPLETE
1047,6838.114549659285,2025-08-03 22:52:27.868027,2025-08-03 22:55:54.155915,0 days 00:03:26.287888,1.1548906855812187,18,30,COMPLETE
1048,6691.790908304731,2025-08-03 22:52:27.869059,2025-08-03 22:58:46.029369,0 days 00:06:18.160310,1.3886445089349733,17,43,COMPLETE
1049,7747.357589254147,2025-08-03 22:52:27.871485,2025-08-03 22:58:45.712941,0 days 00:06:17.841456,1.4144385775912118,18,44,COMPLETE
1050,10834.321949727408,2025-08-03 22:52:27.873525,2025-08-03 23:01:46.045068,0 days 00:09:18.171543,1.440072451440867,17,44,COMPLETE
1051,6738.015275632655,2025-08-03 22:52:27.877254,2025-08-03 22:58:44.936115,0 days 00:06:17.058861,1.3581432131361508,17,23,COMPLETE
1052,16360.632043557174,2025-08-03 22:52:27.878982,2025-08-03 22:55:54.140253,0 days 00:03:26.261271,1.4051841819981226,10,44,COMPLETE
1053,16375.73332590215,2025-08-03 22:52:27.884377,2025-08-03 22:58:52.215499,0 days 00:06:24.331122,1.4530387343217335,10,23,COMPLETE
1054,11045.303567790672,2025-08-03 22:52:27.886873,2025-08-03 23:01:42.701249,0 days 00:09:14.814376,1.3959757782709188,16,26,COMPLETE
1055,9595.66721389763,2025-08-03 22:52:27.892784,2025-08-03 22:58:49.515304,0 days 00:06:21.622520,1.4345862977938904,17,23,COMPLETE
1056,12408.846821363595,2025-08-03 22:52:27.897318,2025-08-03 22:58:49.682591,0 days 00:06:21.785273,1.4224599192628546,17,22,COMPLETE
1057,7198.579525315877,2025-08-03 22:52:27.901847,2025-08-03 22:58:47.653989,0 days 00:06:19.752142,1.428417521431695,18,43,COMPLETE
1058,7198.579525315877,2025-08-03 22:52:27.903074,2025-08-03 23:03:04.644883,0 days 00:10:36.741809,1.4313594104729481,18,43,COMPLETE
1059,10834.321949727408,2025-08-03 22:52:27.904045,2025-08-03 22:55:59.511528,0 days 00:03:31.607483,1.4391257834708564,17,44,COMPLETE
1060,7485.5344098249325,2025-08-03 22:52:27.906097,2025-08-03 22:55:54.697565,0 days 00:03:26.791468,1.3873355258787636,17,44,COMPLETE
1061,10276.20196492215,2025-08-03 22:52:27.908532,2025-08-03 22:58:46.773692,0 days 00:06:18.865160,1.6829432058812046,17,22,COMPLETE
1062,8778.48183071875,2025-08-03 22:52:27.909894,2025-08-03 22:55:55.977619,0 days 00:03:28.067725,1.3893735002630865,17,26,COMPLETE
1063,7493.1874421645325,2025-08-03 22:52:27.913841,2025-08-03 22:58:51.690386,0 days 00:06:23.776545,1.400166237687927,18,44,COMPLETE
1064,12662.535053137068,2025-08-03 22:52:27.918150,2025-08-03 22:58:50.529538,0 days 00:06:22.611388,1.4368035511349255,18,22,COMPLETE
1065,7611.455850440454,2025-08-03 22:52:27.924404,2025-08-03 22:58:49.861612,0 days 00:06:21.937208,1.4122646800515584,17,43,COMPLETE
1066,9885.990310582276,2025-08-03 22:52:27.928048,2025-08-03 22:58:53.286741,0 days 00:06:25.358693,1.4338413400579952,17,30,COMPLETE
1067,17809.335570410847,2025-08-03 22:52:27.930556,2025-08-03 23:01:52.260937,0 days 00:09:24.330381,1.4204975239549955,10,25,COMPLETE
1068,7087.264455761581,2025-08-03 22:52:27.934383,2025-08-03 23:01:52.489944,0 days 00:09:24.555561,1.4257245968274344,18,43,COMPLETE
1069,7747.357589254147,2025-08-03 22:52:27.936247,2025-08-03 22:55:55.837933,0 days 00:03:27.901686,1.420751969345705,18,44,COMPLETE
1070,10462.806678869689,2025-08-03 22:52:27.946476,2025-08-03 22:56:02.300951,0 days 00:03:34.354475,1.4180159944268802,17,44,COMPLETE
1071,16360.632043557174,2025-08-03 22:52:27.948297,2025-08-03 23:03:02.549841,0 days 00:10:34.601544,1.406587423162418,10,44,COMPLETE
1072,5122.440396426124,2025-08-03 22:52:27.950031,2025-08-03 22:56:01.485909,0 days 00:03:33.535878,1.1549404118990003,18,22,COMPLETE
1073,7939.065418449373,2025-08-03 22:52:27.952732,2025-08-03 22:58:54.420763,0 days 00:06:26.468031,1.4256398739170981,18,44,COMPLETE
1074,8062.656803152144,2025-08-03 22:52:27.957015,2025-08-03 22:58:54.311710,0 days 00:06:26.354695,1.4323422395435363,18,44,COMPLETE
1075,12408.846821363595,2025-08-03 22:52:27.959737,2025-08-03 22:58:53.624402,0 days 00:06:25.664665,1.424180214469836,17,22,COMPLETE
1076,12910.309200609765,2025-08-03 22:52:27.961508,2025-08-03 22:59:01.615385,0 days 00:06:33.653877,1.4282832847319187,10,43,COMPLETE
1077,14812.014566748716,2025-08-03 22:52:27.963176,2025-08-03 22:58:56.246634,0 days 00:06:28.283458,1.4579655585162248,18,24,COMPLETE
1078,7331.308047140116,2025-08-03 22:52:27.966115,2025-08-03 22:56:02.780345,0 days 00:03:34.814230,1.371023379705846,17,43,COMPLETE
1079,12006.78948490076,2025-08-03 22:52:27.971840,2025-08-03 22:59:00.656905,0 days 00:06:32.685065,1.441679975371751,17,25,COMPLETE
1080,7224.5803062903415,2025-08-03 22:52:27.976213,2025-08-03 23:01:54.387797,0 days 00:09:26.411584,1.42565882482662,18,30,COMPLETE
1081,8062.656803152144,2025-08-03 22:52:27.978155,2025-08-03 22:56:02.915386,0 days 00:03:34.937231,1.4290490108276879,18,44,COMPLETE
1082,14063.126526122503,2025-08-03 22:52:27.979182,2025-08-03 23:01:48.033736,0 days 00:09:20.054554,1.4373148366986084,18,26,COMPLETE
1083,13380.519006243054,2025-08-03 22:52:27.990318,2025-08-03 22:56:05.703841,0 days 00:03:37.713523,1.427196596664978,17,27,COMPLETE
1084,12123.262920278894,2025-08-03 22:52:27.991762,2025-08-03 22:56:01.720665,0 days 00:03:33.728903,1.4377949463519486,18,25,COMPLETE
1085,12852.538180161067,2025-08-03 22:52:27.993766,2025-08-03 22:58:56.324386,0 days 00:06:28.330620,1.4433311657574748,18,44,COMPLETE
1086,7338.255230882453,2025-08-03 22:52:27.996090,2025-08-03 23:01:54.464416,0 days 00:09:26.468326,1.427073888935633,18,30,COMPLETE
1087,6763.328905630644,2025-08-03 22:52:27.998414,2025-08-03 22:56:03.791482,0 days 00:03:35.793068,1.2035262122374029,18,25,COMPLETE
1088,8945.26538428555,2025-08-03 22:52:28.000238,2025-08-03 23:01:55.743580,0 days 00:09:27.743342,1.4057489196929398,18,26,COMPLETE
1089,6175.141915567574,2025-08-03 22:52:28.003967,2025-08-03 23:01:54.221149,0 days 00:09:26.217182,1.4125999781465268,18,30,COMPLETE
1090,11646.875280404383,2025-08-03 22:52:28.007249,2025-08-03 22:56:02.170892,0 days 00:03:34.163643,1.4596368408105322,18,43,COMPLETE
1091,8663.799298347265,2025-08-03 22:52:28.010839,2025-08-03 22:58:59.656809,0 days 00:06:31.645970,1.381825377199702,18,26,COMPLETE
1092,9419.830827699154,2025-08-03 22:52:28.013549,2025-08-03 23:01:51.069577,0 days 00:09:23.056028,1.382772759520517,18,26,COMPLETE
1093,13234.775000167925,2025-08-03 22:52:28.015287,2025-08-03 23:01:57.608220,0 days 00:09:29.592933,1.4507872657079928,18,44,COMPLETE
1094,8127.814062571715,2025-08-03 22:52:28.020148,2025-08-03 22:56:04.313794,0 days 00:03:36.293646,1.405974230572534,17,43,COMPLETE
1095,7338.255230882453,2025-08-03 22:52:28.021375,2025-08-03 22:59:03.427398,0 days 00:06:35.406023,1.4267955357821345,18,30,COMPLETE
1096,14588.223747165914,2025-08-03 22:52:28.026152,2025-08-03 22:58:59.023796,0 days 00:06:30.997644,1.4512368545453722,18,24,COMPLETE
1097,7611.455850440454,2025-08-03 22:52:28.028978,2025-08-03 22:59:05.062989,0 days 00:06:37.034011,1.413603299803622,17,43,COMPLETE
1098,9760.500015303098,2025-08-03 22:52:28.032500,2025-08-03 22:56:06.093102,0 days 00:03:38.060602,1.6890789584245394,18,22,COMPLETE
1099,6026.279685125495,2025-08-03 22:52:28.034637,2025-08-03 22:56:04.660341,0 days 00:03:36.625704,1.371930257177067,18,30,COMPLETE
1100,6128.62099546701,2025-08-03 22:52:28.036378,2025-08-03 23:01:59.027584,0 days 00:09:30.991206,1.123580658228378,18,43,COMPLETE
1101,9743.551520713643,2025-08-03 22:52:28.038211,2025-08-03 22:59:01.382991,0 days 00:06:33.344780,1.4138025531085578,17,22,COMPLETE
1102,10776.639520795889,2025-08-03 22:52:28.041272,2025-08-03 23:01:59.663141,0 days 00:09:31.621869,1.4176343571027428,16,23,COMPLETE
1103,9698.72261426335,2025-08-03 22:52:28.042735,2025-08-03 22:59:02.025461,0 days 00:06:33.982726,1.4357993876105994,17,43,COMPLETE
1104,12101.814599953448,2025-08-03 22:52:28.043553,2025-08-03 22:59:02.817529,0 days 00:06:34.773976,1.452352764518488,18,30,COMPLETE
1105,8795.118368192128,2025-08-03 22:52:28.044491,2025-08-03 22:59:04.544878,0 days 00:06:36.500387,1.364316996496165,18,26,COMPLETE
1106,9415.900283872843,2025-08-03 22:52:28.045898,2025-08-03 22:59:08.324581,0 days 00:06:40.278683,1.4129543870166774,17,25,COMPLETE
1107,7939.065418449373,2025-08-03 22:52:28.048662,2025-08-03 22:54:13.360682,0 days 00:01:45.312020,1.4262081180851782,18,44,COMPLETE
1108,7747.357589254147,2025-08-03 22:52:28.051136,2025-08-03 22:58:58.310530,0 days 00:06:30.259394,1.422652578525618,18,44,COMPLETE
1109,9503.729294974759,2025-08-03 22:52:28.052317,2025-08-03 22:59:05.637731,0 days 00:06:37.585414,1.4064078654799228,17,25,COMPLETE
1110,6630.720646859493,2025-08-03 22:52:28.056464,2025-08-03 22:54:14.103726,0 days 00:01:46.047262,1.3906100806311978,18,23,COMPLETE
1111,6597.297162069376,2025-08-03 22:52:28.057507,2025-08-03 22:56:04.157989,0 days 00:03:36.100482,1.3888681807309213,18,30,COMPLETE
1112,7164.208229906222,2025-08-03 22:52:28.062405,2025-08-03 23:01:51.047596,0 days 00:09:22.985191,1.3898592726672012,18,43,COMPLETE
1113,9835.990849126987,2025-08-03 22:52:28.064337,2025-08-03 22:56:06.450224,0 days 00:03:38.385887,1.4223047704183893,18,26,COMPLETE
1114,6904.236067480623,2025-08-03 22:52:28.066542,2025-08-03 22:59:04.086280,0 days 00:06:36.019738,1.417794813804328,18,30,COMPLETE
1115,6914.573099798884,2025-08-03 22:52:28.072452,2025-08-03 22:59:05.322586,0 days 00:06:37.250134,1.4222184425993603,18,43,COMPLETE
1116,8959.372983006404,2025-08-03 22:52:28.074669,2025-08-03 22:56:08.044948,0 days 00:03:39.970279,1.4297916492816838,18,25,COMPLETE
1117,8188.16210199219,2025-08-03 22:52:28.079106,2025-08-03 22:59:04.448821,0 days 00:06:36.369715,1.4087070916207864,17,43,COMPLETE
1118,8966.242611780925,2025-08-03 22:52:28.081787,2025-08-03 22:59:04.426082,0 days 00:06:36.344295,1.4226140528349327,18,22,COMPLETE
1119,7730.5212247453655,2025-08-03 22:52:28.082607,2025-08-03 23:02:00.020130,0 days 00:09:31.937523,1.4082464184463044,17,30,COMPLETE
1120,16189.44986449555,2025-08-03 22:52:28.084147,2025-08-03 22:59:03.863536,0 days 00:06:35.779389,1.4594526281578242,17,26,COMPLETE
1121,8650.935551645884,2025-08-03 22:52:28.089505,2025-08-03 22:56:09.943479,0 days 00:03:41.853974,1.4256847665936894,18,24,COMPLETE
1122,7629.6060221858515,2025-08-03 22:52:28.090679,2025-08-03 23:01:55.426679,0 days 00:09:27.336000,1.3804185469563637,17,22,COMPLETE
1123,12006.78948490076,2025-08-03 22:52:28.091936,2025-08-03 22:56:07.523622,0 days 00:03:39.431686,1.4343108265768696,17,25,COMPLETE
1124,14402.23879557655,2025-08-03 22:52:28.093549,2025-08-03 22:59:05.679787,0 days 00:06:37.586238,1.4193632131837688,10,44,COMPLETE
1125,11473.535921234294,2025-08-03 22:52:28.097375,2025-08-03 22:56:09.318020,0 days 00:03:41.220645,1.442838557359197,17,31,COMPLETE
1126,6283.019273894404,2025-08-03 22:52:28.098977,2025-08-03 22:59:02.686436,0 days 00:06:34.587459,1.4056597777674122,18,30,COMPLETE
1127,7704.582896252899,2025-08-03 22:52:28.103101,2025-08-03 22:59:05.468444,0 days 00:06:37.365343,1.3987355850106327,18,24,COMPLETE
1128,9885.990310582276,2025-08-03 22:52:28.103824,2025-08-03 22:59:10.628534,0 days 00:06:42.524710,1.4441938497974192,17,30,COMPLETE
1129,6993.598897558118,2025-08-03 22:52:28.105632,2025-08-03 23:02:01.292095,0 days 00:09:33.186463,1.3570708582085154,18,25,COMPLETE
1130,7747.357589254147,2025-08-03 22:52:28.107075,2025-08-03 22:59:06.970877,0 days 00:06:38.863802,1.4240310815382713,18,44,COMPLETE
1131,14402.23879557655,2025-08-03 22:52:28.109477,2025-08-03 23:01:57.824528,0 days 00:09:29.715051,1.4298331895080294,10,44,COMPLETE
1132,7338.255230882453,2025-08-03 22:52:28.110714,2025-08-03 23:01:56.988465,0 days 00:09:28.877751,1.43208496711492,18,30,COMPLETE
1133,12123.262920278894,2025-08-03 22:52:28.111918,2025-08-03 22:59:06.559363,0 days 00:06:38.447445,1.438092632314461,18,25,COMPLETE
1134,6939.479063809482,2025-08-03 22:52:28.113290,2025-08-03 22:59:06.670102,0 days 00:06:38.556812,1.4089255721475142,18,44,COMPLETE
1135,6087.89955763231,2025-08-03 22:52:28.116926,2025-08-03 22:59:08.399323,0 days 00:06:40.282397,1.4103110546551025,18,23,COMPLETE
1136,6939.479063809482,2025-08-03 22:52:28.118192,2025-08-03 22:59:03.993048,0 days 00:06:35.874856,1.4090060966239506,18,44,COMPLETE
1137,12663.495286487669,2025-08-03 22:52:28.119404,2025-08-03 23:01:57.889419,0 days 00:09:29.770015,1.4568646012956634,18,30,COMPLETE
1138,7286.817930346471,2025-08-03 22:52:28.120442,2025-08-03 22:59:05.963178,0 days 00:06:37.842736,1.398949370111571,17,30,COMPLETE
1139,8518.279787775056,2025-08-03 22:52:28.121824,2025-08-03 22:59:10.351254,0 days 00:06:42.229430,1.413359078691812,17,44,COMPLETE
1140,12521.942377188107,2025-08-03 22:52:28.123300,2025-08-03 22:59:08.004263,0 days 00:06:39.880963,1.4190177612031545,17,24,COMPLETE
1141,9743.551520713643,2025-08-03 22:52:28.124281,2025-08-03 22:59:05.450992,0 days 00:06:37.326711,1.4127947130172827,17,22,COMPLETE
1142,8966.242611780925,2025-08-03 22:52:28.126322,2025-08-03 23:02:00.434691,0 days 00:09:32.308369,1.4188226445163021,18,22,COMPLETE
1143,7747.357589254147,2025-08-03 22:52:28.130334,2025-08-03 22:59:11.296339,0 days 00:06:43.166005,1.4195821219316072,18,44,COMPLETE
1144,6239.720751829823,2025-08-03 22:52:28.131891,2025-08-03 22:56:11.017311,0 days 00:03:42.885420,1.3253968248052117,18,22,COMPLETE
1145,14063.126526122503,2025-08-03 22:52:28.133120,2025-08-03 22:56:09.068503,0 days 00:03:40.935383,1.4369401040804934,18,26,COMPLETE
1146,17970.914792192558,2025-08-03 22:52:28.134516,2025-08-03 22:54:16.183474,0 days 00:01:48.048958,1.4359197238953425,10,25,COMPLETE
1147,8062.656803152144,2025-08-03 22:52:28.138503,2025-08-03 23:03:07.199966,0 days 00:10:39.061463,1.4287271271881994,18,44,COMPLETE
1148,8797.645149106946,2025-08-03 22:52:28.141191,2025-08-03 22:56:11.643310,0 days 00:03:43.502119,1.4119518760184437,18,26,COMPLETE
1149,10033.704057308536,2025-08-03 22:52:28.143162,2025-08-03 23:01:57.048840,0 days 00:09:28.905678,1.4236273863731161,18,26,COMPLETE
1150,9835.990849126987,2025-08-03 22:52:28.148115,2025-08-03 22:56:11.947972,0 days 00:03:43.799857,1.4179221215467872,18,26,COMPLETE
1151,16945.899682007766,2025-08-03 22:52:28.149989,2025-08-03 22:59:14.038011,0 days 00:06:45.888022,1.4449206088813844,18,26,COMPLETE
1152,13426.008245873469,2025-08-03 22:52:28.153293,2025-08-03 23:02:01.963499,0 days 00:09:33.810206,1.43980979720998,18,25,COMPLETE
1153,8062.656803152144,2025-08-03 22:52:28.155609,2025-08-03 23:01:55.973891,0 days 00:09:27.818282,1.4288276168164769,18,44,COMPLETE
1154,16118.685038166477,2025-08-03 22:52:28.156821,2025-08-03 22:56:13.100589,0 days 00:03:44.943768,1.4309687482096853,10,30,COMPLETE
1155,15555.686367786158,2025-08-03 22:52:28.158211,2025-08-03 22:56:12.144521,0 days 00:03:43.986310,1.4392565076589077,18,26,COMPLETE
1156,6026.279685125495,2025-08-03 22:52:28.160526,2025-08-03 22:59:11.938892,0 days 00:06:43.778366,1.3720535786037868,18,30,COMPLETE
1157,10591.106986388808,2025-08-03 22:52:28.161966,2025-08-03 22:54:16.646556,0 days 00:01:48.484590,1.4294806574576966,18,21,COMPLETE
1158,8670.63647281175,2025-08-03 22:52:28.165694,2025-08-03 23:03:05.845882,0 days 00:10:37.680188,1.4189465611807102,18,45,COMPLETE
1159,9993.329911212913,2025-08-03 22:52:28.168143,2025-08-03 22:59:10.714137,0 days 00:06:42.545994,1.4355901847431274,18,30,COMPLETE
1160,7747.357589254147,2025-08-03 22:52:28.169496,2025-08-03 23:03:08.756036,0 days 00:10:40.586540,1.4228400927498819,18,44,COMPLETE
1161,11743.317947313604,2025-08-03 22:52:28.170412,2025-08-03 22:56:11.879461,0 days 00:03:43.709049,1.4705327753339255,18,30,COMPLETE
1162,8235.71103047161,2025-08-03 22:52:28.174989,2025-08-03 22:54:17.121365,0 days 00:01:48.946376,1.3840038990288637,18,25,COMPLETE
1163,7484.339809806122,2025-08-03 22:52:28.177165,2025-08-03 22:59:12.703138,0 days 00:06:44.525973,1.4099049946653677,17,23,COMPLETE
1164,10394.174102556823,2025-08-03 22:52:28.179440,2025-08-03 22:59:16.538838,0 days 00:06:48.359398,1.4195881642201194,17,43,COMPLETE
1165,8612.703197177545,2025-08-03 22:52:28.181530,2025-08-03 23:01:55.158806,0 days 00:09:26.977276,1.4189192091962095,18,25,COMPLETE
1166,7198.579525315877,2025-08-03 22:52:28.183736,2025-08-03 22:59:09.066345,0 days 00:06:40.882609,1.426634469105004,18,43,COMPLETE
1167,8638.124319306025,2025-08-03 22:52:28.185219,2025-08-03 22:56:14.401304,0 days 00:03:46.216085,1.4330229112088597,18,30,COMPLETE
1168,14402.23879557655,2025-08-03 22:52:28.187197,2025-08-03 23:01:58.236600,0 days 00:09:30.049403,1.4269051976680618,10,44,COMPLETE
1169,7338.255230882453,2025-08-03 22:52:28.188416,2025-08-03 22:59:07.814602,0 days 00:06:39.626186,1.4315339942977219,18,30,COMPLETE
1170,10275.330649146716,2025-08-03 22:52:28.190767,2025-08-03 22:56:14.184085,0 days 00:03:45.993318,1.426260096375904,18,26,COMPLETE
1171,12408.846821363595,2025-08-03 22:52:28.192497,2025-08-03 22:59:15.353201,0 days 00:06:47.160704,1.433401603569716,17,22,COMPLETE
1172,7785.851052063614,2025-08-03 22:52:28.194984,2025-08-03 23:01:58.336902,0 days 00:09:30.141918,1.7089208521418686,18,25,COMPLETE
1173,17346.55698510311,2025-08-03 22:52:28.198084,2025-08-03 23:01:59.810358,0 days 00:09:31.612274,1.4038822043620396,10,30,COMPLETE
1174,10957.164104032927,2025-08-03 22:52:28.202039,2025-08-03 22:54:17.913233,0 days 00:01:49.711194,1.411792539918989,17,26,COMPLETE
1175,9503.729294974759,2025-08-03 22:52:28.204095,2025-08-03 22:56:15.045496,0 days 00:03:46.841401,1.4041177009165415,17,25,COMPLETE
1176,5942.472255744635,2025-08-03 22:52:28.207908,2025-08-03 22:59:13.339926,0 days 00:06:45.132018,1.1534232792787962,18,26,COMPLETE
1177,8674.794265309512,2025-08-03 22:52:28.210458,2025-08-03 22:56:17.927963,0 days 00:03:49.717505,1.390932173486713,18,22,COMPLETE
1178,6597.297162069376,2025-08-03 22:52:28.213459,2025-08-03 22:59:16.439041,0 days 00:06:48.225582,1.3870836205200234,18,30,COMPLETE
1179,6608.360514392832,2025-08-03 22:52:28.214847,2025-08-03 22:56:16.062634,0 days 00:03:47.847787,1.3684066138703943,18,43,COMPLETE
1180,10944.080583568912,2025-08-03 22:52:28.215955,2025-08-03 22:56:14.717232,0 days 00:03:46.501277,1.435199761970195,18,44,COMPLETE
1181,14821.940836474489,2025-08-03 22:52:28.218189,2025-08-03 22:56:16.337222,0 days 00:03:48.119033,1.4202862462373516,17,26,COMPLETE
1182,10431.149749505736,2025-08-03 22:52:28.219521,2025-08-03 22:59:14.266162,0 days 00:06:46.046641,1.4299732412717368,18,26,COMPLETE
1183,16662.25287910461,2025-08-03 22:52:28.220719,2025-08-03 22:56:14.806247,0 days 00:03:46.585528,1.4394013525210316,10,22,COMPLETE
1184,8612.703197177545,2025-08-03 22:52:28.225053,2025-08-03 22:59:16.504072,0 days 00:06:48.279019,1.41586782674579,18,25,COMPLETE
1185,8612.703197177545,2025-08-03 22:52:28.226633,2025-08-03 22:59:12.030813,0 days 00:06:43.804180,1.4185510939500061,18,25,COMPLETE
1186,17521.844094168173,2025-08-03 22:52:28.228314,2025-08-03 23:02:00.846763,0 days 00:09:32.618449,1.3645307656072219,10,30,COMPLETE
1187,16466.30582961786,2025-08-03 22:52:28.230645,2025-08-03 23:02:01.735506,0 days 00:09:33.504861,1.4428671369216417,18,26,COMPLETE
1188,7939.065418449373,2025-08-03 22:52:28.236567,2025-08-03 22:59:17.462547,0 days 00:06:49.225980,1.4252929814985602,18,44,COMPLETE
1189,4696.189748816552,2025-08-03 22:52:28.239133,2025-08-03 22:59:14.086968,0 days 00:06:45.847835,1.1540138238197102,17,44,COMPLETE
1190,6939.479063809482,2025-08-03 22:52:28.243219,2025-08-03 23:02:03.585868,0 days 00:09:35.342649,1.4110591432464572,18,44,COMPLETE
1191,7017.734087934321,2025-08-03 22:52:28.245577,2025-08-03 22:59:15.957631,0 days 00:06:47.712054,1.175898356513554,17,26,COMPLETE
1192,13923.409066910228,2025-08-03 22:52:28.248145,2025-08-03 22:59:13.910085,0 days 00:06:45.661940,1.4232006073274721,17,26,COMPLETE
1193,13098.57810411706,2025-08-03 22:52:28.249169,2025-08-03 22:59:15.822432,0 days 00:06:47.573263,1.458245714166451,19,22,COMPLETE
1194,10431.149749505736,2025-08-03 22:52:28.250985,2025-08-03 23:03:06.851383,0 days 00:10:38.600398,1.4271858620337237,18,26,COMPLETE
1195,6629.406514073875,2025-08-03 22:52:28.252845,2025-08-03 22:56:15.625499,0 days 00:03:47.372654,1.384017983351521,18,30,COMPLETE
1196,6874.121989511055,2025-08-03 22:52:28.256344,2025-08-03 23:03:12.424905,0 days 00:10:44.168561,1.4242332697716087,19,23,COMPLETE
1197,6108.511413345892,2025-08-03 22:52:28.257486,2025-08-03 22:59:17.593942,0 days 00:06:49.336456,1.4035061236792965,18,43,COMPLETE
1198,11888.582866031968,2025-08-03 22:52:28.259205,2025-08-03 23:02:01.389740,0 days 00:09:33.130535,1.4448354201280544,18,43,COMPLETE
1199,9183.050343547302,2025-08-03 22:52:28.261134,2025-08-03 23:02:02.766425,0 days 00:09:34.505291,1.4256139205342349,18,22,COMPLETE
1200,13017.269712210702,2025-08-03 22:52:28.262945,2025-08-03 22:59:20.018351,0 days 00:06:51.755406,1.4199167748096768,16,25,COMPLETE
1201,10033.704057308536,2025-08-03 22:52:28.264499,2025-08-03 22:59:17.734901,0 days 00:06:49.470402,1.4243924930959107,18,26,COMPLETE
1202,22144.195026920475,2025-08-03 22:52:28.266344,2025-08-03 22:59:13.880072,0 days 00:06:45.613728,1.4340088812738025,10,26,COMPLETE
1203,10033.704057308536,2025-08-03 22:52:28.267868,2025-08-03 22:56:17.851782,0 days 00:03:49.583914,1.4235399755997866,18,26,COMPLETE
1204,13923.409066910228,2025-08-03 22:52:28.269867,2025-08-03 23:02:01.903633,0 days 00:09:33.633766,1.4379974498221024,17,26,COMPLETE
1205,9835.990849126987,2025-08-03 22:52:28.276243,2025-08-03 22:59:21.081157,0 days 00:06:52.804914,1.418913977476135,18,26,COMPLETE
1206,10431.149749505736,2025-08-03 22:52:28.277918,2025-08-03 22:59:17.767720,0 days 00:06:49.489802,1.4311972951160437,18,26,COMPLETE
1207,9835.990849126987,2025-08-03 22:52:28.279362,2025-08-03 22:54:18.258376,0 days 00:01:49.979014,1.4221673618185218,18,26,COMPLETE
1208,8246.512137771977,2025-08-03 22:52:28.280431,2025-08-03 22:59:15.297984,0 days 00:06:47.017553,1.4133739798883862,18,26,COMPLETE
1209,9376.356955073721,2025-08-03 22:52:28.285820,2025-08-03 22:56:20.837736,0 days 00:03:52.551916,1.389719396065854,18,26,COMPLETE
1210,12134.059854291037,2025-08-03 22:52:28.287600,2025-08-03 22:56:19.701495,0 days 00:03:51.413895,1.4720322442648137,18,44,COMPLETE
1211,12910.309200609765,2025-08-03 22:52:28.289708,2025-08-03 22:56:22.645489,0 days 00:03:54.355781,1.4433491586677947,10,43,COMPLETE
1212,8959.372983006404,2025-08-03 22:52:28.292742,2025-08-03 22:59:19.782087,0 days 00:06:51.489345,1.4289360938386613,18,25,COMPLETE
1213,9093.38489042967,2025-08-03 22:52:28.295052,2025-08-03 22:56:21.272162,0 days 00:03:52.977110,1.4400776565283837,19,30,COMPLETE
1214,16945.899682007766,2025-08-03 22:52:28.296368,2025-08-03 23:02:05.678332,0 days 00:09:37.381964,1.4452381878394713,18,26,COMPLETE
1215,7516.532661352393,2025-08-03 22:52:28.299288,2025-08-03 23:02:07.681815,0 days 00:09:39.382527,1.3990866050980575,18,44,COMPLETE
1216,20651.769737990053,2025-08-03 22:52:28.302511,2025-08-03 22:59:20.588499,0 days 00:06:52.285988,1.4276115612659313,10,24,COMPLETE
1217,23808.165458404423,2025-08-03 22:52:28.303717,2025-08-03 23:02:02.154571,0 days 00:09:33.850854,1.3687035924594242,10,26,COMPLETE
1218,7519.719207098474,2025-08-03 22:52:28.306764,2025-08-03 22:59:19.044282,0 days 00:06:50.737518,1.4077297526663233,18,24,COMPLETE
1219,13234.775000167925,2025-08-03 22:52:28.312914,2025-08-03 22:59:22.920955,0 days 00:06:54.608041,1.4467593082021435,18,44,COMPLETE
1220,8095.686899621291,2025-08-03 22:52:28.317126,2025-08-03 23:02:03.450799,0 days 00:09:35.133673,1.1278044350073033,18,30,COMPLETE
1221,13203.497787537051,2025-08-03 22:52:28.320899,2025-08-03 22:59:20.522713,0 days 00:06:52.201814,1.4194444828877546,17,22,COMPLETE
1222,9909.231557119087,2025-08-03 22:52:28.326135,2025-08-03 22:59:19.706154,0 days 00:06:51.380019,1.4088301648851773,17,22,COMPLETE
1223,7298.591280573134,2025-08-03 22:52:28.328654,2025-08-03 23:02:01.763390,0 days 00:09:33.434736,1.3776164704793485,18,25,COMPLETE
1224,15813.719363140348,2025-08-03 22:52:28.331134,2025-08-03 22:56:22.038683,0 days 00:03:53.707549,1.3463183634293334,10,44,COMPLETE
1225,7462.111556914276,2025-08-03 22:52:28.337422,2025-08-03 22:59:18.992227,0 days 00:06:50.654805,1.4063946550885729,18,44,COMPLETE
1226,6175.141915567574,2025-08-03 22:52:28.338869,2025-08-03 22:59:23.531761,0 days 00:06:55.192892,1.4093560531069051,18,30,COMPLETE
1227,6952.822777009642,2025-08-03 22:52:28.341202,2025-08-03 22:56:23.872701,0 days 00:03:55.531499,1.3613796578606496,17,30,COMPLETE
1228,9503.729294974759,2025-08-03 22:52:28.346679,2025-08-03 22:59:28.150814,0 days 00:06:59.804135,1.4054823123185272,17,25,COMPLETE
1229,19282.590538497323,2025-08-03 22:52:28.347920,2025-08-03 22:59:26.496177,0 days 00:06:58.148257,1.3563739704554334,10,25,COMPLETE
1230,8990.759537585769,2025-08-03 22:52:28.351996,2025-08-03 22:59:25.344922,0 days 00:06:56.992926,1.4006255072493383,18,26,COMPLETE
1231,13923.409066910228,2025-08-03 22:52:28.357908,2025-08-03 22:59:26.323854,0 days 00:06:57.965946,1.428151927527092,17,26,COMPLETE
1232,8062.656803152144,2025-08-03 22:52:28.359189,2025-08-03 22:59:28.618679,0 days 00:07:00.259490,1.4271222237905323,18,44,COMPLETE
1233,10434.338612556736,2025-08-03 22:52:28.362995,2025-08-03 22:54:22.910337,0 days 00:01:54.547342,1.4261041161561712,18,20,COMPLETE
1234,8443.810578160483,2025-08-03 22:52:28.364387,2025-08-03 22:59:28.074068,0 days 00:06:59.709681,1.4192948910964232,18,24,COMPLETE
1235,12618.986004008566,2025-08-03 22:52:28.369506,2025-08-03 22:59:23.570301,0 days 00:06:55.200795,1.4629099541400599,17,44,COMPLETE
1236,13234.775000167925,2025-08-03 22:52:28.371433,2025-08-03 22:59:28.866082,0 days 00:07:00.494649,1.4519748815384799,18,44,COMPLETE
1237,13923.409066910228,2025-08-03 22:52:28.375766,2025-08-03 22:59:27.097018,0 days 00:06:58.721252,1.434204840830035,17,26,COMPLETE
1238,6175.141915567574,2025-08-03 22:52:28.379061,2025-08-03 22:59:29.184675,0 days 00:07:00.805614,1.4102292455046823,18,30,COMPLETE
1239,7224.5803062903415,2025-08-03 22:52:28.382324,2025-08-03 23:03:11.590599,0 days 00:10:43.208275,1.426319472909208,18,30,COMPLETE
1240,16466.30582961786,2025-08-03 22:52:28.384006,2025-08-03 23:02:02.954509,0 days 00:09:34.570503,1.4426784813914184,18,26,COMPLETE
1241,6505.231897169886,2025-08-03 22:52:28.385879,2025-08-03 23:02:04.322184,0 days 00:09:35.936305,1.3494019317726913,18,43,COMPLETE
1242,9927.08620474667,2025-08-03 22:52:28.390948,2025-08-03 22:59:25.587680,0 days 00:06:57.196732,1.3981621579554733,17,22,COMPLETE
1243,7375.081685281926,2025-08-03 22:52:28.396277,2025-08-03 22:56:25.602566,0 days 00:03:57.206289,1.342709311999362,18,44,COMPLETE
1244,9815.101471787368,2025-08-03 22:52:28.403670,2025-08-03 23:02:09.967940,0 days 00:09:41.564270,1.4356896821347576,18,43,COMPLETE
1245,7693.054639233009,2025-08-03 22:52:28.440933,2025-08-03 22:59:24.691570,0 days 00:06:56.250637,1.3849759796655354,17,44,COMPLETE
1246,8612.703197177545,2025-08-03 22:52:28.455440,2025-08-03 23:02:03.208620,0 days 00:09:34.753180,1.4215037338893277,18,25,COMPLETE
1247,8062.656803152144,2025-08-03 22:52:28.475616,2025-08-03 22:56:29.545127,0 days 00:04:01.069511,1.4282542850367193,18,44,COMPLETE
1248,7515.521098573528,2025-08-03 22:52:28.480543,2025-08-03 22:56:28.869641,0 days 00:04:00.389098,1.413986084235495,18,22,COMPLETE
1249,6874.121989511055,2025-08-03 22:52:28.481802,2025-08-03 22:59:29.705499,0 days 00:07:01.223697,1.4185438920268083,18,23,COMPLETE
1250,7198.579525315877,2025-08-03 22:52:28.489481,2025-08-03 22:59:26.891352,0 days 00:06:58.401871,1.4272038220581165,18,43,COMPLETE
1251,9835.990849126987,2025-08-03 22:52:28.490500,2025-08-03 22:56:25.479609,0 days 00:03:56.989109,1.4157335987498294,18,26,COMPLETE
1252,10834.321949727408,2025-08-03 22:52:28.507093,2025-08-03 22:59:27.342325,0 days 00:06:58.835232,1.4326461491714557,17,44,COMPLETE
1253,10834.321949727408,2025-08-03 22:52:28.515754,2025-08-03 22:59:29.114388,0 days 00:07:00.598634,1.424835135816156,17,44,COMPLETE
1254,9322.736738577032,2025-08-03 22:52:28.522637,2025-08-03 23:02:01.308543,0 days 00:09:32.785906,1.4276189151981729,18,22,COMPLETE
1255,16945.899682007766,2025-08-03 22:52:28.542707,2025-08-03 23:02:05.839836,0 days 00:09:37.297129,1.4515887642467187,18,26,COMPLETE
1256,5758.732180502543,2025-08-03 22:52:28.549124,2025-08-03 22:56:28.820024,0 days 00:04:00.270900,1.4138953762724542,18,43,COMPLETE
1257,10431.149749505736,2025-08-03 22:52:28.585338,2025-08-03 22:56:26.769664,0 days 00:03:58.184326,1.4288023056645733,18,26,COMPLETE
1258,13234.775000167925,2025-08-03 22:52:28.622122,2025-08-03 22:59:29.348324,0 days 00:07:00.726202,1.444367148516436,18,44,COMPLETE
1259,6036.962481289647,2025-08-03 22:52:28.659763,2025-08-03 22:54:25.375003,0 days 00:01:56.715240,1.346943715434864,18,30,COMPLETE
1260,9815.101471787368,2025-08-03 22:52:28.662276,2025-08-03 23:03:11.959624,0 days 00:10:43.297348,1.4347442758657776,18,43,COMPLETE
1261,6904.236067480623,2025-08-03 22:52:28.728751,2025-08-03 22:56:30.376815,0 days 00:04:01.648064,1.4218745655844267,18,30,COMPLETE
1262,10834.321949727408,2025-08-03 22:52:28.732714,2025-08-03 23:03:10.490052,0 days 00:10:41.757338,1.4438125839833145,17,44,COMPLETE
1263,13234.775000167925,2025-08-03 22:52:28.739793,2025-08-03 22:56:29.251255,0 days 00:04:00.511462,1.4479701549485688,18,44,COMPLETE
1264,8966.242611780925,2025-08-03 22:52:28.741154,2025-08-03 22:59:30.306434,0 days 00:07:01.565280,1.4190278650731116,18,22,COMPLETE
1265,10834.321949727408,2025-08-03 22:52:28.765443,2025-08-03 23:03:11.685957,0 days 00:10:42.920514,1.4396836141327003,17,44,COMPLETE
1266,12101.814599953448,2025-08-03 22:52:28.768451,2025-08-03 22:54:23.580433,0 days 00:01:54.811982,1.4486168301937652,18,30,COMPLETE
1267,11600.392636544475,2025-08-03 22:52:28.769452,2025-08-03 23:03:18.710894,0 days 00:10:49.941442,1.420210503752818,17,44,COMPLETE
1268,18916.37016550811,2025-08-03 22:52:28.782283,2025-08-03 22:56:28.218931,0 days 00:03:59.436648,1.4151134831634444,10,23,COMPLETE
1269,8472.443882733265,2025-08-03 22:52:28.789344,2025-08-03 22:59:32.904851,0 days 00:07:04.115507,1.4329845237656198,18,43,COMPLETE
1270,8612.703197177545,2025-08-03 22:52:28.796445,2025-08-03 22:56:30.614225,0 days 00:04:01.817780,1.4216147473377372,18,25,COMPLETE
1271,8612.703197177545,2025-08-03 22:52:28.799588,2025-08-03 22:54:24.602697,0 days 00:01:55.803109,1.4243282093842606,18,25,COMPLETE
1272,21636.879171960947,2025-08-03 22:52:28.808300,2025-08-03 22:59:31.443707,0 days 00:07:02.635407,1.388807489878253,10,45,COMPLETE
1273,10593.888457584035,2025-08-03 22:52:28.811367,2025-08-03 22:59:26.804390,0 days 00:06:57.993023,1.419569755370743,17,30,COMPLETE
1274,10593.888457584035,2025-08-03 22:52:28.814350,2025-08-03 23:02:07.132211,0 days 00:09:38.317861,1.4202657899878162,17,30,COMPLETE
1275,6904.236067480623,2025-08-03 22:52:28.815281,2025-08-03 22:59:31.304116,0 days 00:07:02.488835,1.4212932040459088,18,30,COMPLETE
1276,21947.5675357016,2025-08-03 22:52:28.818220,2025-08-03 22:59:30.628110,0 days 00:07:01.809890,1.420287655109737,10,26,COMPLETE
1277,5942.472255744635,2025-08-03 22:52:28.819207,2025-08-03 22:56:28.957829,0 days 00:04:00.138622,1.1554518430302831,18,26,COMPLETE
1278,16118.685038166477,2025-08-03 22:52:28.821791,2025-08-03 22:54:25.053705,0 days 00:01:56.231914,1.422321928125102,10,30,COMPLETE
1279,10191.030781306868,2025-08-03 22:52:28.824756,2025-08-03 22:59:34.824278,0 days 00:07:05.999522,1.4206816161464448,18,21,COMPLETE
1280,6463.9911281026525,2025-08-03 22:52:28.828148,2025-08-03 22:59:33.947693,0 days 00:07:05.119545,1.414055408456953,18,44,COMPLETE
1281,5592.562376632892,2025-08-03 22:52:28.830056,2025-08-03 23:02:08.498852,0 days 00:09:39.668796,1.1394964923390698,18,23,COMPLETE
1282,19811.634273821306,2025-08-03 22:52:28.832116,2025-08-03 23:02:04.860511,0 days 00:09:36.028395,1.3827984287559654,10,44,COMPLETE
1283,12871.208919068276,2025-08-03 22:52:28.836534,2025-08-03 22:59:32.577123,0 days 00:07:03.740589,1.4170494420167516,17,27,COMPLETE
1284,8005.238216368006,2025-08-03 22:52:28.838046,2025-08-03 22:59:31.846352,0 days 00:07:03.008306,1.3946829320204512,18,44,COMPLETE
1285,19811.634273821306,2025-08-03 22:52:28.843741,2025-08-03 23:03:18.650229,0 days 00:10:49.806488,1.38083985980774,10,44,COMPLETE
1286,8959.372983006404,2025-08-03 22:52:28.848884,2025-08-03 23:03:12.240679,0 days 00:10:43.391795,1.4314018781727023,18,25,COMPLETE
1287,12006.78948490076,2025-08-03 22:52:28.850155,2025-08-03 22:56:29.522540,0 days 00:04:00.672385,1.4257487383200285,17,25,COMPLETE
1288,8966.242611780925,2025-08-03 22:52:28.851662,2025-08-03 22:56:30.375580,0 days 00:04:01.523918,1.4169973013415889,18,22,COMPLETE
1289,12879.610643362403,2025-08-03 22:52:28.854238,2025-08-03 22:59:34.348292,0 days 00:07:05.494054,1.4487894371800125,10,43,COMPLETE
1290,8062.656803152144,2025-08-03 22:52:28.855831,2025-08-03 22:56:33.308201,0 days 00:04:04.452370,1.4308034426181182,18,44,COMPLETE
1291,13234.775000167925,2025-08-03 22:52:28.858773,2025-08-03 22:59:34.650655,0 days 00:07:05.791882,1.4548147489297036,18,44,COMPLETE
1292,6914.573099798884,2025-08-03 22:52:28.859701,2025-08-03 23:02:06.444649,0 days 00:09:37.584948,1.4207173820426846,18,43,COMPLETE
1293,6904.236067480623,2025-08-03 22:52:28.866662,2025-08-03 22:54:25.701427,0 days 00:01:56.834765,1.4177702452267142,18,30,COMPLETE
1294,6355.428295029477,2025-08-03 22:52:28.868618,2025-08-03 23:02:11.102382,0 days 00:09:42.233764,1.3603247287613534,18,43,COMPLETE
1295,8005.238216368006,2025-08-03 22:52:28.871064,2025-08-03 22:56:32.743895,0 days 00:04:03.872831,1.3905694177969483,18,44,COMPLETE
1296,13234.775000167925,2025-08-03 22:52:28.874792,2025-08-03 23:02:06.757417,0 days 00:09:37.882625,1.4447917826638628,18,44,COMPLETE
1297,12486.720149237723,2025-08-03 22:52:28.876744,2025-08-03 22:59:36.117255,0 days 00:07:07.240511,1.4379846042442297,11,43,COMPLETE
1298,8612.703197177545,2025-08-03 22:52:28.879718,2025-08-03 22:56:33.105639,0 days 00:04:04.225921,1.4220330816212297,18,25,COMPLETE
1299,14831.461462066647,2025-08-03 22:52:28.882323,2025-08-03 22:56:33.366735,0 days 00:04:04.484412,1.441721714093798,18,22,COMPLETE
1300,7384.807737495973,2025-08-03 22:52:28.883811,2025-08-03 23:02:10.881621,0 days 00:09:41.997810,1.3794338321675854,18,44,COMPLETE
1301,8612.703197177545,2025-08-03 22:52:28.885867,2025-08-03 22:59:32.569000,0 days 00:07:03.683133,1.4169971514909572,18,25,COMPLETE
1302,6629.406514073875,2025-08-03 22:52:28.887384,2025-08-03 22:56:31.669735,0 days 00:04:02.782351,1.3860434069050704,18,30,COMPLETE
1303,12129.268948239569,2025-08-03 22:52:28.888577,2025-08-03 23:03:08.973442,0 days 00:10:40.084865,1.438817832651103,18,44,COMPLETE
1304,8874.935166448478,2025-08-03 22:52:28.890420,2025-08-03 22:59:32.570440,0 days 00:07:03.680020,1.3872655043944029,18,45,COMPLETE
1305,19292.20911940894,2025-08-03 22:52:28.891697,2025-08-03 23:03:10.897205,0 days 00:10:42.005508,1.409273481995657,10,25,COMPLETE
1306,11600.392636544475,2025-08-03 22:52:28.893523,2025-08-03 22:59:36.825890,0 days 00:07:07.932367,1.4195343590270046,17,44,COMPLETE
1307,5750.363069483102,2025-08-03 22:52:28.895061,2025-08-03 22:56:32.143185,0 days 00:04:03.248124,1.4028646153479187,18,30,COMPLETE
1308,7373.691865395641,2025-08-03 22:52:28.897633,2025-08-03 22:59:37.658452,0 days 00:07:08.760819,1.3978668322943442,18,31,COMPLETE
1309,16118.685038166477,2025-08-03 22:52:28.900070,2025-08-03 22:56:34.651919,0 days 00:04:05.751849,1.4196102558019583,10,30,COMPLETE
1310,14402.23879557655,2025-08-03 22:52:28.903517,2025-08-03 22:56:32.134475,0 days 00:04:03.230958,1.4202169065870893,10,44,COMPLETE
1311,6874.121989511055,2025-08-03 22:52:28.905296,2025-08-03 22:59:36.261946,0 days 00:07:07.356650,1.4185123537524902,18,23,COMPLETE
1312,14863.085299660772,2025-08-03 22:52:28.909062,2025-08-03 23:03:10.272512,0 days 00:10:41.363450,1.457640437524525,18,25,COMPLETE
1313,18733.231838860214,2025-08-03 22:52:28.911840,2025-08-03 22:59:36.654317,0 days 00:07:07.742477,1.4017493076525096,10,31,COMPLETE
1314,6882.282322712805,2025-08-03 22:52:28.915369,2025-08-03 22:59:37.533026,0 days 00:07:08.617657,1.3838789435540992,17,43,COMPLETE
1315,8614.440322184279,2025-08-03 22:52:28.916740,2025-08-03 23:02:11.095649,0 days 00:09:42.178909,1.3419992438207746,18,26,COMPLETE
1316,6108.511413345892,2025-08-03 22:52:28.918943,2025-08-03 22:59:36.661210,0 days 00:07:07.742267,1.4045087699613064,18,43,COMPLETE
1317,9899.604296573845,2025-08-03 22:52:28.921082,2025-08-03 22:59:36.578691,0 days 00:07:07.657609,1.4028404445422855,17,26,COMPLETE
1318,8612.703197177545,2025-08-03 22:52:28.923465,2025-08-03 22:56:34.436725,0 days 00:04:05.513260,1.4215334262151844,18,25,COMPLETE
1319,7666.766657054839,2025-08-03 22:52:28.924285,2025-08-03 22:59:40.256093,0 days 00:07:11.331808,1.3917451835601087,17,25,COMPLETE
1320,7878.756947498045,2025-08-03 22:52:28.927036,2025-08-03 22:56:35.573193,0 days 00:04:06.646157,1.38393076069645,17,25,COMPLETE
1321,6687.183322570141,2025-08-03 22:52:28.932037,2025-08-03 22:59:38.900827,0 days 00:07:09.968790,1.3498883881222525,18,22,COMPLETE
1322,8773.26375667669,2025-08-03 22:52:28.934913,2025-08-03 22:59:37.279028,0 days 00:07:08.344115,1.175306675587559,10,30,COMPLETE
1323,7600.2120521436345,2025-08-03 22:52:28.940278,2025-08-03 22:59:37.403048,0 days 00:07:08.462770,1.409637956039822,17,30,COMPLETE
1324,7747.357589254147,2025-08-03 22:52:28.943961,2025-08-03 23:02:06.273930,0 days 00:09:37.329969,1.4144839040893162,18,44,COMPLETE
1325,7246.208918948211,2025-08-03 22:52:28.945790,2025-08-03 23:02:08.162516,0 days 00:09:39.216726,1.3688471535924192,18,25,COMPLETE
1326,7747.357589254147,2025-08-03 22:52:28.952356,2025-08-03 22:54:29.935229,0 days 00:02:00.982873,1.4185906044493397,18,44,COMPLETE
1327,6189.425980150861,2025-08-03 22:52:28.957186,2025-08-03 23:02:05.964331,0 days 00:09:37.007145,1.4120367458445222,18,43,COMPLETE
1328,15515.653155714044,2025-08-03 22:52:28.960443,2025-08-03 22:59:38.044761,0 days 00:07:09.084318,1.4497685155824627,18,22,COMPLETE
1329,6592.949714186963,2025-08-03 22:52:28.965773,2025-08-03 22:56:37.470483,0 days 00:04:08.504710,1.3402038587018124,18,43,COMPLETE
1330,3589.9809840633015,2025-08-03 22:52:28.970013,2025-08-03 22:56:35.953568,0 days 00:04:06.983555,1.1628453521270812,18,44,COMPLETE
1331,12101.814599953448,2025-08-03 22:52:28.971985,2025-08-03 22:59:38.224778,0 days 00:07:09.252793,1.4486604004840355,18,30,COMPLETE
1332,16945.899682007766,2025-08-03 22:52:28.981330,2025-08-03 23:02:13.452714,0 days 00:09:44.471384,1.4537062352452854,18,26,COMPLETE
1333,6545.137329642206,2025-08-03 22:52:28.982418,2025-08-03 22:56:37.717729,0 days 00:04:08.735311,1.3748338683939085,17,30,COMPLETE
1334,7812.020312599607,2025-08-03 22:52:28.985585,2025-08-03 22:56:36.979552,0 days 00:04:07.993967,1.361306854481442,17,22,COMPLETE
1335,7338.255230882453,2025-08-03 22:52:28.996834,2025-08-03 22:59:41.647824,0 days 00:07:12.650990,1.4277753186119475,18,30,COMPLETE
1336,6158.288490166154,2025-08-03 22:52:28.998581,2025-08-03 22:59:39.489722,0 days 00:07:10.491141,1.393963570760497,17,30,COMPLETE
1337,8612.703197177545,2025-08-03 22:52:29.002230,2025-08-03 23:02:10.198583,0 days 00:09:41.196353,1.4149183520204436,18,25,COMPLETE
1338,13171.230969136735,2025-08-03 22:52:29.006210,2025-08-03 22:59:39.469333,0 days 00:07:10.463123,1.43932950413725,18,24,COMPLETE
1339,14402.23879557655,2025-08-03 22:52:29.009506,2025-08-03 23:02:12.397402,0 days 00:09:43.387896,1.4444996476592264,10,44,COMPLETE
1340,6904.236067480623,2025-08-03 22:52:29.012397,2025-08-03 23:03:08.733194,0 days 00:10:39.720797,1.4144040867137255,18,30,COMPLETE
1341,17809.335570410847,2025-08-03 22:52:29.017146,2025-08-03 22:56:41.180839,0 days 00:04:12.163693,1.420575925204447,10,25,COMPLETE
1342,6904.236067480623,2025-08-03 22:52:29.018303,2025-08-03 22:59:40.402744,0 days 00:07:11.384441,1.4187143522896606,18,30,COMPLETE
1343,6874.121989511055,2025-08-03 22:52:29.021275,2025-08-03 22:56:37.760834,0 days 00:04:08.739559,1.4157691607752527,18,23,COMPLETE
1344,8043.178698029328,2025-08-03 22:52:29.028498,2025-08-03 22:59:39.767434,0 days 00:07:10.738936,1.3862358603980725,18,44,COMPLETE
1345,15034.22793545028,2025-08-03 22:52:29.029861,2025-08-03 23:02:14.295093,0 days 00:09:45.265232,1.4614256491022746,18,25,COMPLETE
1346,8235.71103047161,2025-08-03 22:52:29.035937,2025-08-03 22:56:40.415041,0 days 00:04:11.379104,1.3835490766630363,18,25,COMPLETE
1347,16118.685038166477,2025-08-03 22:52:29.038889,2025-08-03 23:02:13.194190,0 days 00:09:44.155301,1.4322188242387062,10,30,COMPLETE
1348,8997.980167262462,2025-08-03 22:52:29.041688,2025-08-03 23:02:15.627546,0 days 00:09:46.585858,1.7145296035367978,17,22,COMPLETE
1349,13923.409066910228,2025-08-03 22:52:29.047422,2025-08-03 22:59:44.593099,0 days 00:07:15.545677,1.4433670119205044,17,26,COMPLETE
1350,6691.283865623264,2025-08-03 22:52:29.054421,2025-08-03 22:59:43.693249,0 days 00:07:14.638828,1.1245530145192741,18,44,COMPLETE
1351,7519.620865397303,2025-08-03 22:52:29.059915,2025-08-03 22:59:42.319082,0 days 00:07:13.259167,1.3775624316530346,16,30,COMPLETE
1352,9885.990310582276,2025-08-03 22:52:29.062680,2025-08-03 23:03:18.062412,0 days 00:10:48.999732,1.4335112390660005,17,30,COMPLETE
1353,9368.718420062687,2025-08-03 22:52:29.064864,2025-08-03 22:56:38.574862,0 days 00:04:09.509998,1.4170593747013005,17,43,COMPLETE
1354,6604.062419924503,2025-08-03 22:52:29.067684,2025-08-03 22:56:41.218328,0 days 00:04:12.150644,1.3803800549793794,18,43,COMPLETE
1355,8005.238216368006,2025-08-03 22:52:29.070992,2025-08-03 22:56:42.416834,0 days 00:04:13.345842,1.381148567568731,17,44,COMPLETE
1356,7611.455850440454,2025-08-03 22:52:29.078104,2025-08-03 22:59:44.232349,0 days 00:07:15.154245,1.4113220913709303,17,43,COMPLETE
1357,5830.244382474811,2025-08-03 22:52:29.083117,2025-08-03 22:59:38.866511,0 days 00:07:09.783394,1.3571712243104386,18,23,COMPLETE
1358,16481.11867545358,2025-08-03 22:52:29.087125,2025-08-03 23:02:16.675951,0 days 00:09:47.588826,1.4099018361294802,10,44,COMPLETE
1359,6914.573099798884,2025-08-03 22:52:29.089942,2025-08-03 22:59:42.305315,0 days 00:07:13.215373,1.4203289290572798,18,43,COMPLETE
1360,6720.236484830011,2025-08-03 22:52:29.094268,2025-08-03 22:59:45.894668,0 days 00:07:16.800400,1.398939969778028,18,43,COMPLETE
1361,14221.031292635169,2025-08-03 22:52:29.095537,2025-08-03 22:54:32.847320,0 days 00:02:03.751783,1.4414695844559757,18,25,COMPLETE
1362,11888.582866031968,2025-08-03 22:52:29.097771,2025-08-03 22:59:48.996861,0 days 00:07:19.899090,1.4482533552308297,18,43,COMPLETE
1363,6691.790908304731,2025-08-03 22:52:29.100299,2025-08-03 22:59:49.629209,0 days 00:07:20.528910,1.3914492714115159,17,43,COMPLETE
1364,7557.482285458631,2025-08-03 22:52:29.101313,2025-08-03 22:56:44.958504,0 days 00:04:15.857191,1.4067989476595213,17,23,COMPLETE
1365,8211.159827556245,2025-08-03 22:52:29.108793,2025-08-03 23:02:13.669536,0 days 00:09:44.560743,1.4245654207138354,18,31,COMPLETE
1366,8959.372983006404,2025-08-03 22:52:29.110936,2025-08-03 23:02:13.423568,0 days 00:09:44.312632,1.429530169324016,18,25,COMPLETE
1367,17809.335570410847,2025-08-03 22:52:29.113652,2025-08-03 23:03:12.045590,0 days 00:10:42.931938,1.4307384011544784,10,25,COMPLETE
1368,14638.59969502607,2025-08-03 22:52:29.115457,2025-08-03 22:54:35.334689,0 days 00:02:06.219232,1.447757018227121,18,25,COMPLETE
1369,8612.703197177545,2025-08-03 22:52:29.117736,2025-08-03 22:59:45.551458,0 days 00:07:16.433722,1.4161548549637943,18,25,COMPLETE
1370,6882.282322712805,2025-08-03 22:52:29.118859,2025-08-03 22:59:49.349089,0 days 00:07:20.230230,1.384847041873048,17,43,COMPLETE
1371,7747.357589254147,2025-08-03 22:52:29.121296,2025-08-03 22:54:35.016365,0 days 00:02:05.895069,1.4168244110695785,18,44,COMPLETE
1372,8642.104515903407,2025-08-03 22:52:29.124274,2025-08-03 23:02:17.923668,0 days 00:09:48.799394,1.3849425917298501,17,22,COMPLETE
1373,24399.15086400516,2025-08-03 22:52:29.128876,2025-08-03 23:02:13.188012,0 days 00:09:44.059136,1.3576942553335287,10,26,COMPLETE
1374,8966.242611780925,2025-08-03 22:52:29.130502,2025-08-03 23:02:14.472789,0 days 00:09:45.342287,1.4237102726647228,18,22,COMPLETE
1375,8642.104515903407,2025-08-03 22:52:29.131672,2025-08-03 22:56:45.026927,0 days 00:04:15.895255,1.383954474413315,17,22,COMPLETE
1376,14638.59969502607,2025-08-03 22:52:29.133806,2025-08-03 22:59:52.312678,0 days 00:07:23.178872,1.4558349703692395,18,25,COMPLETE
1377,20963.75768075314,2025-08-03 22:52:29.135566,2025-08-03 23:03:19.181426,0 days 00:10:50.045860,1.3817987830176013,10,30,COMPLETE
1378,7516.532661352393,2025-08-03 22:52:29.141538,2025-08-03 22:59:46.665846,0 days 00:07:17.524308,1.3988645798665222,18,44,COMPLETE
1379,7198.579525315877,2025-08-03 22:52:29.146283,2025-08-03 22:56:46.963259,0 days 00:04:17.816976,1.4322062847720358,18,43,COMPLETE
1380,20651.769737990053,2025-08-03 22:52:29.147898,2025-08-03 22:54:35.200108,0 days 00:02:06.052210,1.4274841611494185,10,24,COMPLETE
1381,7156.100081231652,2025-08-03 22:52:29.152806,2025-08-03 22:59:46.336700,0 days 00:07:17.183894,1.4296116019059049,18,23,COMPLETE
1382,10318.163982326329,2025-08-03 22:52:29.154056,2025-08-03 22:56:44.951047,0 days 00:04:15.796991,1.3976605467421992,17,26,COMPLETE
1383,8674.794265309512,2025-08-03 22:52:29.155444,2025-08-03 22:56:43.640141,0 days 00:04:14.484697,1.3899079609502265,18,22,COMPLETE
1384,8797.645149106946,2025-08-03 22:52:29.159275,2025-08-03 22:59:50.035155,0 days 00:07:20.875880,1.4126396302888111,18,26,COMPLETE
1385,18916.37016550811,2025-08-03 22:52:29.160275,2025-08-03 22:59:51.471031,0 days 00:07:22.310756,1.4175041838026734,10,23,COMPLETE
1386,14402.23879557655,2025-08-03 22:52:29.165130,2025-08-03 22:59:48.338490,0 days 00:07:19.173360,1.442317660026407,10,44,COMPLETE
1387,8062.656803152144,2025-08-03 22:52:29.174315,2025-08-03 22:56:43.963484,0 days 00:04:14.789169,1.4270545972628508,18,44,COMPLETE
1388,7098.069194267764,2025-08-03 22:52:29.179799,2025-08-03 23:02:15.701760,0 days 00:09:46.521961,1.3754268118918047,18,24,COMPLETE
1389,7687.885990735932,2025-08-03 22:52:29.182505,2025-08-03 22:56:47.201200,0 days 00:04:18.018695,1.4092852467694277,18,25,COMPLETE
1390,15875.411778207523,2025-08-03 22:52:29.188087,2025-08-03 22:59:52.870477,0 days 00:07:23.682390,1.4294794074717876,10,45,COMPLETE
1391,7045.590381355,2025-08-03 22:52:29.190245,2025-08-03 22:59:58.814531,0 days 00:07:29.624286,1.4263006274509593,18,23,COMPLETE
1392,9835.990849126987,2025-08-03 22:52:29.192574,2025-08-03 23:02:19.020870,0 days 00:09:49.828296,1.4187780642377474,18,26,COMPLETE
1393,6597.297162069376,2025-08-03 22:52:29.195662,2025-08-03 22:56:47.908960,0 days 00:04:18.713298,1.3889082681844498,18,30,COMPLETE
1394,6189.425980150861,2025-08-03 22:52:29.197911,2025-08-03 23:02:19.989006,0 days 00:09:50.791095,1.4103924383639503,18,43,COMPLETE
1395,6545.137329642206,2025-08-03 22:52:29.200324,2025-08-03 22:59:51.756008,0 days 00:07:22.555684,1.3811023288914623,17,30,COMPLETE
1396,5778.097768831939,2025-08-03 22:52:29.202328,2025-08-03 22:56:49.271786,0 days 00:04:20.069458,1.1489258274046688,18,44,COMPLETE
1397,16835.814726270684,2025-08-03 22:52:29.203923,2025-08-03 22:59:55.196269,0 days 00:07:25.992346,1.412728499721924,10,44,COMPLETE
1398,17425.814085000293,2025-08-03 22:52:29.204702,2025-08-03 22:59:53.795912,0 days 00:07:24.591210,1.4191268769342784,10,31,COMPLETE
1399,7878.756947498045,2025-08-03 22:52:29.207140,2025-08-03 22:56:52.054920,0 days 00:04:22.847780,1.3960775055231465,18,25,COMPLETE
1400,6939.479063809482,2025-08-03 22:52:29.209988,2025-08-03 22:59:55.419197,0 days 00:07:26.209209,1.4117623950029907,18,44,COMPLETE
1401,9034.594805838122,2025-08-03 22:52:29.211456,2025-08-03 22:54:37.608538,0 days 00:02:08.397082,1.3979224789152334,17,25,COMPLETE
1402,6698.678552212418,2025-08-03 22:52:29.213837,2025-08-03 22:59:54.272113,0 days 00:07:25.058276,1.4012249575772744,18,43,COMPLETE
1403,9212.326805925311,2025-08-03 22:52:29.216249,2025-08-03 22:54:37.752322,0 days 00:02:08.536073,1.4179815606381079,17,23,COMPLETE
1404,6691.790908304731,2025-08-03 22:52:29.217199,2025-08-03 22:59:57.527690,0 days 00:07:28.310491,1.3913689646439522,17,43,COMPLETE
1405,12006.78948490076,2025-08-03 22:52:29.219485,2025-08-03 23:02:18.863089,0 days 00:09:49.643604,1.4247741967272356,17,25,COMPLETE
1406,13923.409066910228,2025-08-03 22:52:29.221429,2025-08-03 22:59:55.050834,0 days 00:07:25.829405,1.4279520273644617,17,26,COMPLETE
1407,13234.775000167925,2025-08-03 22:52:29.223627,2025-08-03 22:56:50.925619,0 days 00:04:21.701992,1.4576768982293875,18,44,COMPLETE
1408,19776.03961580888,2025-08-03 22:52:29.225594,2025-08-03 22:59:55.329122,0 days 00:07:26.103528,1.3886481304531173,10,38,COMPLETE
1409,9835.990849126987,2025-08-03 22:52:29.226852,2025-08-03 22:56:47.817344,0 days 00:04:18.590492,1.421335660978529,18,26,COMPLETE
1410,5938.748873558628,2025-08-03 22:52:29.230098,2025-08-03 22:56:52.235283,0 days 00:04:23.005185,1.1292483935281927,17,44,COMPLETE
1411,7557.482285458631,2025-08-03 22:52:29.233736,2025-08-03 23:03:13.279621,0 days 00:10:44.045885,1.4058984736879785,17,23,COMPLETE
1412,7198.579525315877,2025-08-03 22:52:29.235390,2025-08-03 22:56:50.252629,0 days 00:04:21.017239,1.427543223123457,18,43,COMPLETE
1413,7519.719207098474,2025-08-03 22:52:29.239470,2025-08-03 23:02:15.166453,0 days 00:09:45.926983,1.4086148817452437,18,24,COMPLETE
1414,7338.255230882453,2025-08-03 22:52:29.241766,2025-08-03 22:56:52.421910,0 days 00:04:23.180144,1.4319948731618988,18,30,COMPLETE
1415,7246.208918948211,2025-08-03 22:52:29.242944,2025-08-03 22:56:54.147329,0 days 00:04:24.904385,1.368964203485051,18,25,COMPLETE
1416,6617.742209510433,2025-08-03 22:52:29.245715,2025-08-03 22:56:50.524214,0 days 00:04:21.278499,1.405587275703697,18,43,COMPLETE
1417,8062.656803152144,2025-08-03 22:52:29.248486,2025-08-03 23:02:14.193734,0 days 00:09:44.945248,1.4293645697081772,18,44,COMPLETE
1418,10593.888457584035,2025-08-03 22:52:29.249785,2025-08-03 23:02:18.278243,0 days 00:09:49.028458,1.422182287635653,17,30,COMPLETE
1419,7757.415869153278,2025-08-03 22:52:29.256396,2025-08-03 22:56:54.061317,0 days 00:04:24.804921,1.4145502061096262,17,30,COMPLETE
1420,7747.357589254147,2025-08-03 22:52:29.260967,2025-08-03 22:56:53.910447,0 days 00:04:24.649480,1.4188838950774194,18,44,COMPLETE
1421,20391.5646872266,2025-08-03 22:52:29.263221,2025-08-03 22:59:57.350136,0 days 00:07:28.086915,1.401142442221172,10,22,COMPLETE
1422,12129.268948239569,2025-08-03 22:52:29.264613,2025-08-03 22:59:56.831962,0 days 00:07:27.567349,1.4403046609855954,18,44,COMPLETE
1423,11600.392636544475,2025-08-03 22:52:29.266681,2025-08-03 23:02:18.228545,0 days 00:09:48.961864,1.4218282028954052,17,44,COMPLETE
1424,4629.368735348917,2025-08-03 22:52:29.270163,2025-08-03 23:02:18.584848,0 days 00:09:49.314685,1.1558949052338172,18,44,COMPLETE
1425,8612.703197177545,2025-08-03 22:52:29.272332,2025-08-03 23:02:16.289685,0 days 00:09:47.017353,1.4177357604389944,18,25,COMPLETE
1426,9376.356955073721,2025-08-03 22:52:29.274335,2025-08-03 22:59:58.920461,0 days 00:07:29.646126,1.3955136070605996,18,26,COMPLETE
1427,7298.591280573134,2025-08-03 22:52:29.276713,2025-08-03 23:02:21.375939,0 days 00:09:52.099226,1.3796587112615306,18,25,COMPLETE
1428,8197.027281034516,2025-08-03 22:52:29.282414,2025-08-03 22:59:58.072369,0 days 00:07:28.789955,1.3893789799343135,18,25,COMPLETE
1429,6283.019273894404,2025-08-03 22:52:29.284422,2025-08-03 22:59:57.291162,0 days 00:07:28.006740,1.407355152353925,18,30,COMPLETE
1430,6454.329425068117,2025-08-03 22:52:29.286917,2025-08-03 22:54:39.104396,0 days 00:02:09.817479,1.127523880476022,17,24,COMPLETE
1431,19887.823622364445,2025-08-03 22:52:29.289368,2025-08-03 22:59:54.396875,0 days 00:07:25.107507,1.4143581344484129,10,20,COMPLETE
1432,8966.242611780925,2025-08-03 22:52:29.290617,2025-08-03 22:56:56.626323,0 days 00:04:27.335706,1.4171508750323025,18,22,COMPLETE
1433,8715.052840265642,2025-08-03 22:52:29.293132,2025-08-03 23:02:20.994105,0 days 00:09:51.700973,1.3852259637131583,18,22,COMPLETE
1434,6074.90354922028,2025-08-03 22:52:29.300752,2025-08-03 23:00:00.309437,0 days 00:07:31.008685,1.37618663364025,18,30,COMPLETE
1435,5744.9316601412165,2025-08-03 22:52:29.302403,2025-08-03 22:56:54.881800,0 days 00:04:25.579397,1.4142117959429301,18,30,COMPLETE
1436,7747.357589254147,2025-08-03 22:52:29.305044,2025-08-03 23:02:23.318418,0 days 00:09:54.013374,1.4187210812657687,18,44,COMPLETE
1437,6463.9911281026525,2025-08-03 22:52:29.306764,2025-08-03 22:59:59.396864,0 days 00:07:30.090100,1.414300176032828,18,44,COMPLETE
1438,25854.289699540343,2025-08-03 22:52:29.310690,2025-08-03 23:03:13.981922,0 days 00:10:44.671232,1.3924455334802377,10,26,COMPLETE
1439,9667.35641833835,2025-08-03 22:52:29.313558,2025-08-03 22:59:57.323473,0 days 00:07:28.009915,1.3720810047477219,17,26,COMPLETE
1440,7687.885990735932,2025-08-03 22:52:29.316546,2025-08-03 23:00:00.833608,0 days 00:07:31.517062,1.4115453375578266,18,25,COMPLETE
1441,6691.790908304731,2025-08-03 22:52:29.319978,2025-08-03 22:59:58.270337,0 days 00:07:28.950359,1.3878357972592164,17,43,COMPLETE
1442,6158.288490166154,2025-08-03 22:52:29.324371,2025-08-03 23:02:18.498952,0 days 00:09:49.174581,1.3864648973015556,17,30,COMPLETE
1443,6939.479063809482,2025-08-03 22:52:29.326511,2025-08-03 22:56:54.277105,0 days 00:04:24.950594,1.4127717563509676,18,44,COMPLETE
1444,6904.236067480623,2025-08-03 22:52:29.329616,2025-08-03 22:59:59.482090,0 days 00:07:30.152474,1.4180545563749778,18,30,COMPLETE
1445,12129.268948239569,2025-08-03 22:52:29.332981,2025-08-03 23:02:20.411523,0 days 00:09:51.078542,1.4404651920188034,18,44,COMPLETE
1446,15555.686367786158,2025-08-03 22:52:29.336004,2025-08-03 22:59:59.242397,0 days 00:07:29.906393,1.439125834398489,18,26,COMPLETE
1447,20963.75768075314,2025-08-03 22:52:29.339712,2025-08-03 23:00:03.178077,0 days 00:07:33.838365,1.379698399606641,10,30,COMPLETE
1448,10431.149749505736,2025-08-03 22:52:29.348612,2025-08-03 22:59:57.568753,0 days 00:07:28.220141,1.4304105935790088,18,26,COMPLETE
1449,11600.392636544475,2025-08-03 22:52:29.351799,2025-08-03 23:00:01.859557,0 days 00:07:32.507758,1.420856716105449,17,44,COMPLETE
1450,6120.295809715264,2025-08-03 22:52:29.353166,2025-08-03 23:02:18.964931,0 days 00:09:49.611765,1.3441501109839733,18,30,COMPLETE
1451,19152.256219190884,2025-08-03 22:52:29.354144,2025-08-03 22:59:59.801231,0 days 00:07:30.447087,1.4047112977633676,10,25,COMPLETE
1452,8959.372983006404,2025-08-03 22:52:29.357037,2025-08-03 22:56:56.613760,0 days 00:04:27.256723,1.4268099263750185,18,25,COMPLETE
1453,7738.45645512548,2025-08-03 22:52:29.361021,2025-08-03 22:59:58.357417,0 days 00:07:28.996396,1.3774246179299454,18,22,COMPLETE
1454,15277.766076538326,2025-08-03 22:52:29.365725,2025-08-03 23:00:04.283141,0 days 00:07:34.917416,1.4448550419008268,18,22,COMPLETE
1455,10658.809939264998,2025-08-03 22:52:29.369166,2025-08-03 22:54:45.173137,0 days 00:02:15.803971,1.3698497071507607,17,26,COMPLETE
1456,6914.573099798884,2025-08-03 22:52:29.370979,2025-08-03 23:02:22.072279,0 days 00:09:52.701300,1.420100779689279,18,43,COMPLETE
1457,13609.282021733316,2025-08-03 22:52:29.374475,2025-08-03 22:56:58.594934,0 days 00:04:29.220459,1.441055490123149,18,31,COMPLETE
1458,6939.479063809482,2025-08-03 22:52:29.376478,2025-08-03 23:03:10.263812,0 days 00:10:40.887334,1.4103608685886542,18,44,COMPLETE
1459,7198.579525315877,2025-08-03 22:52:29.380432,2025-08-03 23:00:00.689127,0 days 00:07:31.308695,1.4320227191837398,18,43,COMPLETE
1460,11780.21555042699,2025-08-03 22:52:29.384123,2025-08-03 22:56:57.030762,0 days 00:04:27.646639,1.434507374107997,17,24,COMPLETE
1461,20391.5646872266,2025-08-03 22:52:29.385765,2025-08-03 23:00:04.489819,0 days 00:07:35.104054,1.407335807424505,10,22,COMPLETE
1462,9885.990310582276,2025-08-03 22:52:29.387283,2025-08-03 23:00:02.301805,0 days 00:07:32.914522,1.4314252063840869,17,30,COMPLETE
1463,14821.940836474489,2025-08-03 22:52:29.390851,2025-08-03 22:54:44.164569,0 days 00:02:14.773718,1.4201400248765006,17,26,COMPLETE
1464,9835.990849126987,2025-08-03 22:52:29.392162,2025-08-03 23:00:01.605033,0 days 00:07:32.212871,1.4221945986613815,18,26,COMPLETE
1465,12123.262920278894,2025-08-03 22:52:29.398465,2025-08-03 23:00:04.538896,0 days 00:07:35.140431,1.4361958047873649,18,25,COMPLETE
1466,9885.990310582276,2025-08-03 22:52:29.401100,2025-08-03 23:02:20.797147,0 days 00:09:51.396047,1.4251152100860958,17,30,COMPLETE
1467,8071.893800055281,2025-08-03 22:52:29.402219,2025-08-03 23:00:04.078652,0 days 00:07:34.676433,1.3523293991722962,17,24,COMPLETE
1468,6914.573099798884,2025-08-03 22:52:29.405525,2025-08-03 22:56:57.401213,0 days 00:04:27.995688,1.4199724564937577,18,43,COMPLETE
1469,10834.321949727408,2025-08-03 22:52:29.411305,2025-08-03 23:00:10.361942,0 days 00:07:40.950637,1.4394370142420407,17,44,COMPLETE
1470,9526.219936594469,2025-08-03 22:52:29.413589,2025-08-03 22:54:45.525934,0 days 00:02:16.112345,1.3594001151284516,17,26,COMPLETE
1471,9235.200818794188,2025-08-03 22:52:29.415056,2025-08-03 23:03:12.324239,0 days 00:10:42.909183,1.3999570900409855,18,26,COMPLETE
1472,9415.900283872843,2025-08-03 22:52:29.416397,2025-08-03 23:02:22.079053,0 days 00:09:52.662656,1.4102707031562964,17,25,COMPLETE
1473,9835.990849126987,2025-08-03 22:52:29.418772,2025-08-03 22:54:45.091003,0 days 00:02:15.672231,1.4209500063909208,18,26,COMPLETE
1474,8762.071952842729,2025-08-03 22:52:29.420027,2025-08-03 23:00:05.522843,0 days 00:07:36.102816,1.3420986825178427,17,45,COMPLETE
1475,11542.811022731205,2025-08-03 22:52:29.431453,2025-08-03 22:54:46.276162,0 days 00:02:16.844709,1.4176552558388402,17,25,COMPLETE
1476,12129.268948239569,2025-08-03 22:52:29.435929,2025-08-03 23:02:26.072714,0 days 00:09:56.636785,1.439170719447982,18,44,COMPLETE
1477,10191.030781306868,2025-08-03 22:52:29.439451,2025-08-03 23:00:06.117046,0 days 00:07:36.677595,1.4211812817205425,18,21,COMPLETE
1478,6526.409845060502,2025-08-03 22:52:29.442329,2025-08-03 22:57:00.712239,0 days 00:04:31.269910,1.3416600858692376,17,30,COMPLETE
1479,12102.72256275598,2025-08-03 22:52:29.447483,2025-08-03 23:00:12.232449,0 days 00:07:42.784966,1.4539898103779518,17,43,COMPLETE
1480,7747.357589254147,2025-08-03 22:52:29.459237,2025-08-03 23:00:11.038971,0 days 00:07:41.579734,1.4189262488122556,18,44,COMPLETE
1481,9322.736738577032,2025-08-03 22:52:29.461234,2025-08-03 23:00:10.374498,0 days 00:07:40.913264,1.4272519794264729,18,22,COMPLETE
1482,8784.470839816804,2025-08-03 22:52:29.468510,2025-08-03 23:03:14.401183,0 days 00:10:44.932673,1.4270734463279495,18,24,COMPLETE
1483,13662.372617515579,2025-08-03 22:52:29.477664,2025-08-03 23:00:11.572458,0 days 00:07:42.094794,1.450277623787405,16,30,COMPLETE
1484,8669.246586435314,2025-08-03 22:52:29.480335,2025-08-03 23:00:08.619507,0 days 00:07:39.139172,1.16893596521305,10,43,COMPLETE
1485,6189.425980150861,2025-08-03 22:52:29.481873,2025-08-03 23:00:11.063641,0 days 00:07:41.581768,1.4125447856764968,18,43,COMPLETE
1486,14638.59969502607,2025-08-03 22:52:29.484952,2025-08-03 22:57:03.505928,0 days 00:04:34.020976,1.4507867134772432,18,25,COMPLETE
1487,9322.736738577032,2025-08-03 22:52:29.486777,2025-08-03 23:00:12.595305,0 days 00:07:43.108528,1.4267748326825014,18,22,COMPLETE
1488,6904.236067480623,2025-08-03 22:52:29.488111,2025-08-03 22:57:06.410306,0 days 00:04:36.922195,1.4168520825118702,18,30,COMPLETE
1489,7164.208229906222,2025-08-03 22:52:29.491244,2025-08-03 22:57:03.103167,0 days 00:04:33.611923,1.3797451079458058,17,43,COMPLETE
1490,18948.962219144112,2025-08-03 22:52:29.496869,2025-08-03 23:00:11.403063,0 days 00:07:41.906194,1.422677320059917,10,22,COMPLETE
1491,8826.894083912968,2025-08-03 22:52:29.498866,2025-08-03 23:00:09.525236,0 days 00:07:40.026370,1.3980475106699441,17,44,COMPLETE
1492,12141.791808915097,2025-08-03 22:52:29.500993,2025-08-03 22:57:05.933314,0 days 00:04:36.432321,1.4565348393073052,18,23,COMPLETE
1493,16466.30582961786,2025-08-03 22:52:29.503564,2025-08-03 23:00:11.497355,0 days 00:07:41.993791,1.4413058189708055,18,26,COMPLETE
1494,6065.591386683515,2025-08-03 22:52:29.505309,2025-08-03 23:00:14.473685,0 days 00:07:44.968376,1.3698452808162085,18,23,COMPLETE
1495,23873.00472287525,2025-08-03 22:52:29.507258,2025-08-03 23:02:23.831528,0 days 00:09:54.324270,1.417454001812536,10,26,COMPLETE
1496,9468.510547667025,2025-08-03 22:52:29.509336,2025-08-03 23:00:11.040218,0 days 00:07:41.530882,1.148720028147017,10,30,COMPLETE
1497,6597.297162069376,2025-08-03 22:52:29.517003,2025-08-03 23:00:12.415048,0 days 00:07:42.898045,1.3923614798562014,18,30,COMPLETE
1498,14402.23879557655,2025-08-03 22:52:29.525529,2025-08-03 22:57:08.221738,0 days 00:04:38.696209,1.4327914551934093,10,44,COMPLETE
1499,6597.297162069376,2025-08-03 22:52:29.528443,2025-08-03 23:00:16.730065,0 days 00:07:47.201622,1.3879509398209906,18,30,COMPLETE
1500,10219.653134193477,2025-08-03 22:52:29.539905,2025-08-03 22:57:08.432272,0 days 00:04:38.892367,1.419193022036141,17,23,COMPLETE
1501,16481.11867545358,2025-08-03 22:52:29.543277,2025-08-03 22:57:07.666996,0 days 00:04:38.123719,1.4092533537416498,10,44,COMPLETE
1502,9376.356955073721,2025-08-03 22:52:29.547261,2025-08-03 23:03:14.071334,0 days 00:10:44.524073,1.3867832302283722,18,26,COMPLETE
1503,6304.2673622276925,2025-08-03 22:52:29.549712,2025-08-03 23:02:27.498331,0 days 00:09:57.948619,1.1652405643552217,18,26,COMPLETE
1504,9698.72261426335,2025-08-03 22:52:29.553982,2025-08-03 23:00:19.189686,0 days 00:07:49.635704,1.4335999467080547,17,43,COMPLETE
1505,12662.535053137068,2025-08-03 22:52:29.556595,2025-08-03 22:57:06.443529,0 days 00:04:36.886934,1.4368298827896568,18,22,COMPLETE
1506,8005.238216368006,2025-08-03 22:52:29.559740,2025-08-03 22:57:04.390298,0 days 00:04:34.830558,1.3889177520517966,18,44,COMPLETE
1507,6939.479063809482,2025-08-03 22:52:29.561169,2025-08-03 23:00:17.876137,0 days 00:07:48.314968,1.411607937082288,18,44,COMPLETE
1508,9835.990849126987,2025-08-03 22:52:29.569635,2025-08-03 22:54:50.964706,0 days 00:02:21.395071,1.4187712797374474,18,26,COMPLETE
1509,8602.954265505157,2025-08-03 22:52:29.577057,2025-08-03 23:00:20.907681,0 days 00:07:51.330624,1.3685524768451784,18,26,COMPLETE
1510,12006.78948490076,2025-08-03 22:52:29.578141,2025-08-03 23:00:16.991574,0 days 00:07:47.413433,1.4344006644358527,17,25,COMPLETE
1511,7338.255230882453,2025-08-03 22:52:29.580797,2025-08-03 23:00:16.958467,0 days 00:07:47.377670,1.4286631453152996,18,30,COMPLETE
1512,8859.003591748162,2025-08-03 22:52:29.591635,2025-08-03 23:02:19.866415,0 days 00:09:50.274780,1.6937564908881253,18,43,COMPLETE
1513,3908.0905381189714,2025-08-03 22:52:29.596454,2025-08-03 22:57:06.475629,0 days 00:04:36.879175,1.1661367867169923,17,44,COMPLETE
1514,8062.656803152144,2025-08-03 22:52:29.598780,2025-08-03 23:00:17.563128,0 days 00:07:47.964348,1.4272776754897358,18,44,COMPLETE
1515,9081.696598341212,2025-08-03 22:52:29.603434,2025-08-03 23:00:21.434721,0 days 00:07:51.831287,1.4076399761458829,17,44,COMPLETE
1516,7087.264455761581,2025-08-03 22:52:29.606953,2025-08-03 23:00:21.363169,0 days 00:07:51.756216,1.425607354267072,18,43,COMPLETE
1517,7224.5803062903415,2025-08-03 22:52:29.611415,2025-08-03 23:00:19.807885,0 days 00:07:50.196470,1.426336511122829,18,30,COMPLETE
1518,6355.428295029477,2025-08-03 22:52:29.614691,2025-08-03 22:54:54.664430,0 days 00:02:25.049739,1.3591804758178194,18,43,COMPLETE
1519,12320.084555062302,2025-08-03 22:52:29.618413,2025-08-03 23:00:20.558402,0 days 00:07:50.939989,1.4525370597079972,17,30,COMPLETE
1520,9376.356955073721,2025-08-03 22:52:29.621510,2025-08-03 23:00:22.985074,0 days 00:07:53.363564,1.3888947999730292,18,26,COMPLETE
1521,15515.653155714044,2025-08-03 22:52:29.623374,2025-08-03 23:00:23.190725,0 days 00:07:53.567351,1.4491746391658367,18,22,COMPLETE
1522,9835.990849126987,2025-08-03 22:52:29.627090,2025-08-03 22:57:07.205593,0 days 00:04:37.578503,1.4215700207048168,18,26,COMPLETE
1523,16466.30582961786,2025-08-03 22:52:29.629605,2025-08-03 23:00:21.459574,0 days 00:07:51.829969,1.4430643696409506,18,26,COMPLETE
1524,6087.89955763231,2025-08-03 22:52:29.631127,2025-08-03 23:00:19.937845,0 days 00:07:50.306718,1.4094131750961167,18,23,COMPLETE
1525,9017.961875445464,2025-08-03 22:52:29.632319,2025-08-03 23:00:20.065763,0 days 00:07:50.433444,1.3990797561542891,18,26,COMPLETE
1526,2869.6189504843232,2025-08-03 22:52:29.635616,2025-08-03 23:00:22.215987,0 days 00:07:52.580371,1.1712561935488908,18,43,COMPLETE
1527,6904.236067480623,2025-08-03 22:52:29.638460,2025-08-03 23:00:20.636967,0 days 00:07:50.998507,1.4197664065338251,18,30,COMPLETE
1528,14831.461462066647,2025-08-03 22:52:29.640225,2025-08-03 22:57:10.110858,0 days 00:04:40.470633,1.4420520558563334,18,22,COMPLETE
1529,9322.736738577032,2025-08-03 22:52:29.644511,2025-08-03 23:00:19.196637,0 days 00:07:49.552126,1.4268704692689393,18,22,COMPLETE
1530,10834.321949727408,2025-08-03 22:52:29.648538,2025-08-03 22:57:14.336713,0 days 00:04:44.688175,1.4228164414154825,17,44,COMPLETE
1531,10462.806678869689,2025-08-03 22:52:29.650243,2025-08-03 23:00:22.676110,0 days 00:07:53.025867,1.417136164016636,17,44,COMPLETE
1532,6401.069551175543,2025-08-03 22:52:29.652469,2025-08-03 22:54:53.957052,0 days 00:02:24.304583,1.129721789808145,18,44,COMPLETE
1533,10462.806678869689,2025-08-03 22:52:29.654747,2025-08-03 23:02:25.540161,0 days 00:09:55.885414,1.4179578998652675,17,44,COMPLETE
1534,12006.78948490076,2025-08-03 22:52:29.656535,2025-08-03 23:03:16.458311,0 days 00:10:46.801776,1.425030838358305,17,25,COMPLETE
1535,8468.755228307919,2025-08-03 22:52:29.658732,2025-08-03 23:03:12.463194,0 days 00:10:42.804462,1.3951470956091923,17,31,COMPLETE
1536,11780.21555042699,2025-08-03 22:52:29.663374,2025-08-03 23:00:23.224013,0 days 00:07:53.560639,1.4255293542921008,17,24,COMPLETE
1537,6939.479063809482,2025-08-03 22:52:29.672124,2025-08-03 23:02:27.798510,0 days 00:09:58.126386,1.4122484656604468,18,44,COMPLETE
1538,24248.6114231516,2025-08-03 22:52:29.674278,2025-08-03 23:00:23.247743,0 days 00:07:53.573465,1.4115501000035164,10,26,COMPLETE
1539,8235.71103047161,2025-08-03 22:52:29.679331,2025-08-03 23:00:21.737858,0 days 00:07:52.058527,1.383190138401406,18,25,COMPLETE
1540,9698.72261426335,2025-08-03 22:52:29.682579,2025-08-03 22:57:11.907283,0 days 00:04:42.224704,1.422594790430961,17,43,COMPLETE
1541,6904.236067480623,2025-08-03 22:52:29.685907,2025-08-03 23:02:28.835399,0 days 00:09:59.149492,1.416553565950787,18,30,COMPLETE
1542,8612.703197177545,2025-08-03 22:52:29.689613,2025-08-03 22:57:13.860527,0 days 00:04:44.170914,1.4202434507749955,18,25,COMPLETE
1543,16945.899682007766,2025-08-03 22:52:29.691893,2025-08-03 22:57:14.840581,0 days 00:04:45.148688,1.4490288415240933,18,26,COMPLETE
1544,14063.126526122503,2025-08-03 22:52:29.694518,2025-08-03 23:00:25.410878,0 days 00:07:55.716360,1.434706584156822,18,26,COMPLETE
1545,8309.669118994374,2025-08-03 22:52:29.701684,2025-08-03 23:00:23.795775,0 days 00:07:54.094091,1.3593239338832557,18,26,COMPLETE
1546,8246.512137771977,2025-08-03 22:52:29.707237,2025-08-03 23:02:26.613225,0 days 00:09:56.905988,1.4137616620849736,18,26,COMPLETE
1547,6914.573099798884,2025-08-03 22:52:29.710324,2025-08-03 23:00:23.839146,0 days 00:07:54.128822,1.4173812076938384,18,43,COMPLETE
1548,5582.758442311731,2025-08-03 22:52:29.715864,2025-08-03 23:00:19.719399,0 days 00:07:50.003535,1.1796245667429681,17,23,COMPLETE
1549,12215.257241018244,2025-08-03 22:52:29.719690,2025-08-03 23:00:24.471991,0 days 00:07:54.752301,1.4328979409952036,18,26,COMPLETE
1550,9835.990849126987,2025-08-03 22:52:29.726891,2025-08-03 23:00:23.650927,0 days 00:07:53.924036,1.4159776878654022,18,26,COMPLETE
1551,12129.268948239569,2025-08-03 22:52:29.738445,2025-08-03 23:00:25.158508,0 days 00:07:55.420063,1.4397823870745443,18,44,COMPLETE
1552,8945.26538428555,2025-08-03 22:52:29.741534,2025-08-03 23:00:28.609641,0 days 00:07:58.868107,1.406509718711835,18,26,COMPLETE
1553,7221.943371649559,2025-08-03 22:52:29.745551,2025-08-03 23:02:22.893394,0 days 00:09:53.147843,1.7056845499956577,18,30,COMPLETE
1554,10842.114044441652,2025-08-03 22:52:29.755272,2025-08-03 22:57:18.212821,0 days 00:04:48.457549,1.407841248203938,17,26,COMPLETE
1555,7164.208229906222,2025-08-03 22:52:29.761686,2025-08-03 22:57:16.448953,0 days 00:04:46.687267,1.3957888876522941,18,43,COMPLETE
1556,7747.357589254147,2025-08-03 22:52:29.763945,2025-08-03 23:00:29.272102,0 days 00:07:59.508157,1.416232588565532,18,44,COMPLETE
1557,16262.164744928046,2025-08-03 22:52:29.767353,2025-08-03 23:00:28.989493,0 days 00:07:59.222140,1.4493732480266481,10,23,COMPLETE
1558,9440.931491812451,2025-08-03 22:52:29.791823,2025-08-03 23:00:25.709646,0 days 00:07:55.917823,1.416915360319921,18,27,COMPLETE
1559,8823.45129965156,2025-08-03 22:52:29.824570,2025-08-03 23:00:27.041181,0 days 00:07:57.216611,1.426227011590923,18,25,COMPLETE
1560,4805.556983934148,2025-08-03 22:52:29.825934,2025-08-03 23:00:26.691210,0 days 00:07:56.865276,1.1598474602501385,18,44,COMPLETE
1561,14638.59969502607,2025-08-03 22:52:29.863065,2025-08-03 23:00:29.201497,0 days 00:07:59.338432,1.4440942039492075,18,25,COMPLETE
1562,5227.9548183906745,2025-08-03 22:52:29.906945,2025-08-03 23:00:28.109044,0 days 00:07:58.202099,1.3292686759670025,17,23,COMPLETE
1563,14063.126526122503,2025-08-03 22:52:29.926193,2025-08-03 23:00:29.039909,0 days 00:07:59.113716,1.4361034341084034,18,26,COMPLETE
1564,8959.372983006404,2025-08-03 22:52:29.936312,2025-08-03 22:54:59.546417,0 days 00:02:29.610105,1.4295140481670652,18,25,COMPLETE
1565,8612.703197177545,2025-08-03 22:52:29.950406,2025-08-03 23:00:30.695072,0 days 00:08:00.744666,1.4245914523428445,18,25,COMPLETE
1566,6691.790908304731,2025-08-03 22:52:29.958648,2025-08-03 22:57:19.329133,0 days 00:04:49.370485,1.393684380010321,17,43,COMPLETE
1567,17849.872189455364,2025-08-03 22:52:29.986780,2025-08-03 23:02:32.563465,0 days 00:10:02.576685,1.412625256585289,10,30,COMPLETE
1568,9885.990310582276,2025-08-03 22:52:29.997331,2025-08-03 22:57:19.134172,0 days 00:04:49.136841,1.429014971219671,17,30,COMPLETE
1569,12006.78948490076,2025-08-03 22:52:30.001730,2025-08-03 23:00:29.221778,0 days 00:07:59.220048,1.4230350122509858,17,25,COMPLETE
1570,7747.357589254147,2025-08-03 22:52:30.071289,2025-08-03 23:02:28.175277,0 days 00:09:58.103988,1.4190676748183761,18,44,COMPLETE
1571,20331.600258839444,2025-08-03 22:52:30.097936,2025-08-03 23:02:31.982817,0 days 00:10:01.884881,1.385703852515606,10,23,COMPLETE
1572,10920.76174051088,2025-08-03 22:52:30.133337,2025-08-03 23:02:27.050161,0 days 00:09:56.916824,1.4082663052371236,17,26,COMPLETE
1573,7159.942107752844,2025-08-03 22:52:30.181922,2025-08-03 22:57:22.794535,0 days 00:04:52.612613,1.3474315949313795,18,25,COMPLETE
1574,7747.357589254147,2025-08-03 22:52:30.186740,2025-08-03 22:57:21.219187,0 days 00:04:51.032447,1.4158226534027618,18,44,COMPLETE
1575,18096.947379120353,2025-08-03 22:52:30.195375,2025-08-03 23:00:30.184638,0 days 00:07:59.989263,1.3945554811874052,10,45,COMPLETE
1576,19712.878421412963,2025-08-03 22:52:30.209204,2025-08-03 23:00:31.923894,0 days 00:08:01.714690,1.361890255205875,10,25,COMPLETE
1577,12663.495286487669,2025-08-03 22:52:30.214639,2025-08-03 23:02:30.370952,0 days 00:10:00.156313,1.4567320953770957,18,30,COMPLETE
1578,5996.940376406036,2025-08-03 22:52:30.218061,2025-08-03 23:00:31.454725,0 days 00:08:01.236664,1.1720439695510698,18,24,COMPLETE
1579,15875.411778207523,2025-08-03 22:52:30.224952,2025-08-03 22:57:26.579024,0 days 00:04:56.354072,1.4186989245993902,10,45,COMPLETE
1580,10982.821189360173,2025-08-03 22:52:30.229302,2025-08-03 23:00:33.940249,0 days 00:08:03.710947,1.1685055358466951,10,26,COMPLETE
1581,7485.5344098249325,2025-08-03 22:52:30.232377,2025-08-03 23:00:27.659330,0 days 00:07:57.426953,1.3896366870077739,17,44,COMPLETE
1582,18916.37016550811,2025-08-03 22:52:30.237371,2025-08-03 22:57:24.370160,0 days 00:04:54.132789,1.4165720743572427,10,23,COMPLETE
1583,23873.00472287525,2025-08-03 22:52:30.242526,2025-08-03 22:55:03.872572,0 days 00:02:33.630046,1.4158958403608959,10,26,COMPLETE
1584,18916.37016550811,2025-08-03 22:52:30.247702,2025-08-03 23:02:30.722765,0 days 00:10:00.475063,1.4167224182859648,10,23,COMPLETE
1585,20963.75768075314,2025-08-03 22:52:30.250492,2025-08-03 23:00:29.406482,0 days 00:07:59.155990,1.3866770573609632,10,30,COMPLETE
1586,7245.798988553882,2025-08-03 22:52:30.254064,2025-08-03 22:55:05.965717,0 days 00:02:35.711653,1.4228717385050829,19,30,COMPLETE
1587,14809.424145752198,2025-08-03 22:52:30.255404,2025-08-03 23:00:32.357938,0 days 00:08:02.102534,1.4085550441037318,10,43,COMPLETE
1588,22822.872877836897,2025-08-03 22:52:30.258071,2025-08-03 22:57:26.451260,0 days 00:04:56.193189,1.4115939114845086,10,24,COMPLETE
1589,17970.914792192558,2025-08-03 22:52:30.260227,2025-08-03 23:03:14.853414,0 days 00:10:44.593187,1.444057375477285,10,25,COMPLETE
1590,19397.43262746076,2025-08-03 22:52:30.262519,2025-08-03 23:00:35.712915,0 days 00:08:05.450396,1.417021864315181,10,25,COMPLETE
1591,8022.184003302404,2025-08-03 22:52:30.265984,2025-08-03 23:02:37.668321,0 days 00:10:07.402337,1.3925738907420158,19,26,COMPLETE
1592,15725.166711562595,2025-08-03 22:52:30.270716,2025-08-03 23:00:34.496206,0 days 00:08:04.225490,1.4172935114640968,10,44,COMPLETE
1593,21947.5675357016,2025-08-03 22:52:30.272817,2025-08-03 23:00:33.900313,0 days 00:08:03.627496,1.4290190423387914,10,26,COMPLETE
1594,12215.257241018244,2025-08-03 22:52:30.274939,2025-08-03 22:57:24.579954,0 days 00:04:54.305015,1.4331699640664892,18,26,COMPLETE
1595,16118.685038166477,2025-08-03 22:52:30.276389,2025-08-03 23:02:34.436888,0 days 00:10:04.160499,1.4194819650704305,10,30,COMPLETE
1596,20750.38365131875,2025-08-03 22:52:30.278408,2025-08-03 22:55:06.998405,0 days 00:02:36.719997,1.4302050260395462,10,24,COMPLETE
1597,14402.23879557655,2025-08-03 22:52:30.288421,2025-08-03 23:03:17.679687,0 days 00:10:47.391266,1.4450856489816704,10,44,COMPLETE
1598,15254.564999243752,2025-08-03 22:52:30.290492,2025-08-03 23:03:14.827553,0 days 00:10:44.537061,1.436881225254477,10,23,COMPLETE
1599,21947.5675357016,2025-08-03 22:52:30.293233,2025-08-03 22:57:28.505185,0 days 00:04:58.211952,1.4203514361245495,10,26,COMPLETE
1600,17970.914792192558,2025-08-03 22:52:30.298524,2025-08-03 22:57:29.500574,0 days 00:04:59.202050,1.4454536499639183,10,25,COMPLETE
1601,16662.25287910461,2025-08-03 22:52:30.300375,2025-08-03 23:02:34.449793,0 days 00:10:04.149418,1.4341736778952092,10,22,COMPLETE
1602,18948.962219144112,2025-08-03 22:52:30.301738,2025-08-03 23:00:38.414520,0 days 00:08:08.112782,1.4272362466316104,10,22,COMPLETE
1603,21947.5675357016,2025-08-03 22:52:30.319711,2025-08-03 23:00:33.862014,0 days 00:08:03.542303,1.422283171434598,10,26,COMPLETE
1604,14402.23879557655,2025-08-03 22:52:30.324747,2025-08-03 23:00:36.212087,0 days 00:08:05.887340,1.4207783108507765,10,44,COMPLETE
1605,16835.814726270684,2025-08-03 22:52:30.326685,2025-08-03 23:02:35.077643,0 days 00:10:04.750958,1.413813624818352,10,44,COMPLETE
1606,23383.733894368826,2025-08-03 22:52:30.337024,2025-08-03 22:57:31.152272,0 days 00:05:00.815248,1.3563959065319997,10,26,COMPLETE
1607,15782.601544370993,2025-08-03 22:52:30.342687,2025-08-03 23:00:35.447796,0 days 00:08:05.105109,1.4509878925545634,10,44,COMPLETE
1608,18519.553727478982,2025-08-03 22:52:30.348812,2025-08-03 23:02:30.096159,0 days 00:09:59.747347,1.39498568052188,10,22,COMPLETE
1609,28406.025195232913,2025-08-03 22:52:30.350686,2025-08-03 23:00:36.438471,0 days 00:08:06.087785,1.3838739864817367,10,26,COMPLETE
1610,6704.007476091824,2025-08-03 22:52:30.354061,2025-08-03 23:02:34.535453,0 days 00:10:04.181392,1.1607536739773283,18,30,COMPLETE
1611,16371.805211137433,2025-08-03 22:52:30.362434,2025-08-03 23:00:39.527415,0 days 00:08:09.164981,1.4272971255166749,11,22,COMPLETE
1612,28406.025195232913,2025-08-03 22:52:30.370912,2025-08-03 22:57:30.487582,0 days 00:05:00.116670,1.3797180509098037,10,26,COMPLETE
1613,16470.685999609595,2025-08-03 22:52:30.375555,2025-08-03 23:00:37.765615,0 days 00:08:07.390060,1.3966632654393383,10,44,COMPLETE
1614,16470.685999609595,2025-08-03 22:52:30.381270,2025-08-03 23:00:37.090857,0 days 00:08:06.709587,1.3989968801111654,10,44,COMPLETE
1615,17569.38933779005,2025-08-03 22:52:30.385204,2025-08-03 23:00:39.840646,0 days 00:08:09.455442,1.4152167031955127,10,30,COMPLETE
1616,17937.573047895727,2025-08-03 22:52:30.388863,2025-08-03 23:00:40.106570,0 days 00:08:09.717707,1.4481083061351698,10,25,COMPLETE
1617,17474.189039765068,2025-08-03 22:52:30.391018,2025-08-03 23:00:36.784737,0 days 00:08:06.393719,1.4091795660162645,10,30,COMPLETE
1618,26700.942622504783,2025-08-03 22:52:30.392918,2025-08-03 23:00:37.308400,0 days 00:08:06.915482,1.371660415895492,10,26,COMPLETE
1619,23730.74080476085,2025-08-03 22:52:30.400638,2025-08-03 23:00:38.307982,0 days 00:08:07.907344,1.396601015287964,10,26,COMPLETE
1620,16118.685038166477,2025-08-03 22:52:30.406646,2025-08-03 23:00:37.114347,0 days 00:08:06.707701,1.4206324363561396,10,30,COMPLETE
1621,22144.195026920475,2025-08-03 22:52:30.408558,2025-08-03 23:00:40.205448,0 days 00:08:09.796890,1.4325613202288392,10,26,COMPLETE
1622,17462.180434428232,2025-08-03 22:52:30.414084,2025-08-03 22:57:37.700136,0 days 00:05:07.286052,1.3949579747877667,10,30,COMPLETE
1623,8797.645149106946,2025-08-03 22:52:30.420223,2025-08-03 23:02:34.252466,0 days 00:10:03.832243,1.408492932153319,18,26,COMPLETE
1624,17849.872189455364,2025-08-03 22:52:30.423521,2025-08-03 23:02:41.380797,0 days 00:10:10.957276,1.4140657180517955,10,30,COMPLETE
1625,14402.23879557655,2025-08-03 22:52:30.429934,2025-08-03 23:00:43.268877,0 days 00:08:12.838943,1.420736577670057,10,44,COMPLETE
1626,21947.5675357016,2025-08-03 22:52:30.433237,2025-08-03 23:02:32.087576,0 days 00:10:01.654339,1.4199224990297292,10,26,COMPLETE
1627,22181.970717638917,2025-08-03 22:52:30.435945,2025-08-03 22:55:11.000486,0 days 00:02:40.564541,1.3884693343732772,10,22,COMPLETE
1628,16118.685038166477,2025-08-03 22:52:30.438613,2025-08-03 22:57:36.387805,0 days 00:05:05.949192,1.4308782301992373,10,30,COMPLETE
1629,11947.916210944652,2025-08-03 22:52:30.445564,2025-08-03 22:57:35.905294,0 days 00:05:05.459730,1.4355332779028545,17,45,COMPLETE
1630,23746.64036745696,2025-08-03 22:52:30.453006,2025-08-03 23:02:41.078157,0 days 00:10:10.625151,1.4080197700286192,10,26,COMPLETE
1631,22144.195026920475,2025-08-03 22:52:30.460008,2025-08-03 22:57:38.861131,0 days 00:05:08.401123,1.4379995310417466,10,26,COMPLETE
1632,20391.5646872266,2025-08-03 22:52:30.482081,2025-08-03 23:00:41.296122,0 days 00:08:10.814041,1.4021681862464783,10,22,COMPLETE
1633,15207.90971463477,2025-08-03 22:52:30.509623,2025-08-03 23:00:41.527416,0 days 00:08:11.017793,1.4479264694156178,10,30,COMPLETE
1634,20727.006683378815,2025-08-03 22:52:30.540958,2025-08-03 23:00:46.901162,0 days 00:08:16.360204,1.4491360028061995,10,26,COMPLETE
1635,17687.768033154498,2025-08-03 22:52:30.572778,2025-08-03 23:00:43.412994,0 days 00:08:12.840216,1.393753941547254,10,30,COMPLETE
1636,14402.23879557655,2025-08-03 22:52:30.605789,2025-08-03 23:02:32.612726,0 days 00:10:02.006937,1.4193098325447229,10,44,COMPLETE
1637,23873.00472287525,2025-08-03 22:52:30.715344,2025-08-03 23:00:48.721463,0 days 00:08:18.006119,1.4152922607590397,10,26,COMPLETE
1638,16118.685038166477,2025-08-03 22:52:30.733264,2025-08-03 23:02:35.522959,0 days 00:10:04.789695,1.4201497587987673,10,30,COMPLETE
1639,16835.814726270684,2025-08-03 22:52:30.764387,2025-08-03 23:02:35.960922,0 days 00:10:05.196535,1.4119211100143594,10,44,COMPLETE
1640,12541.594693245146,2025-08-03 22:52:30.772688,2025-08-03 23:00:48.624644,0 days 00:08:17.851956,1.4234789772689695,11,43,COMPLETE
1641,17937.573047895727,2025-08-03 22:52:30.807154,2025-08-03 23:00:45.868307,0 days 00:08:15.061153,1.4473656475797019,10,25,COMPLETE
1642,16118.685038166477,2025-08-03 22:52:30.859793,2025-08-03 23:02:36.192136,0 days 00:10:05.332343,1.421350524779642,10,30,COMPLETE
1643,24248.6114231516,2025-08-03 22:52:30.878717,2025-08-03 23:00:48.529160,0 days 00:08:17.650443,1.4115497502779473,10,26,COMPLETE
1644,9017.961875445464,2025-08-03 22:52:30.891210,2025-08-03 23:00:43.150845,0 days 00:08:12.259635,1.3963097043895523,18,26,COMPLETE
1645,5134.337878647612,2025-08-03 22:52:30.897068,2025-08-03 23:02:46.208860,0 days 00:10:15.311792,1.147747767599723,17,22,COMPLETE
1646,8022.79352250444,2025-08-03 22:52:30.900004,2025-08-03 23:00:45.834482,0 days 00:08:14.934478,1.3690939535943198,18,22,COMPLETE
1647,6842.515480136385,2025-08-03 22:52:30.902257,2025-08-03 23:02:41.632214,0 days 00:10:10.729957,1.4022291264698636,18,44,COMPLETE
1648,13234.775000167925,2025-08-03 22:52:30.904891,2025-08-03 22:55:14.764856,0 days 00:02:43.859965,1.4454046311143953,18,44,COMPLETE
1649,8188.16210199219,2025-08-03 22:52:30.908596,2025-08-03 22:57:39.212050,0 days 00:05:08.303454,1.4089852756317738,17,43,COMPLETE
1650,7806.510883409321,2025-08-03 22:52:30.913821,2025-08-03 23:00:47.853112,0 days 00:08:16.939291,1.1993419854820866,18,26,COMPLETE
1651,8308.773418765863,2025-08-03 22:52:30.925352,2025-08-03 23:02:38.718537,0 days 00:10:07.793185,1.3782594900291765,18,27,COMPLETE
1652,6939.479063809482,2025-08-03 22:52:30.928990,2025-08-03 22:57:42.033089,0 days 00:05:11.104099,1.4128476071173819,18,44,COMPLETE
1653,22144.195026920475,2025-08-03 22:52:30.930143,2025-08-03 23:00:48.200219,0 days 00:08:17.270076,1.4340828728289408,10,26,COMPLETE
1654,6904.236067480623,2025-08-03 22:52:30.932655,2025-08-03 23:02:36.918150,0 days 00:10:05.985495,1.414457296128965,18,30,COMPLETE
1655,10276.20196492215,2025-08-03 22:52:30.936408,2025-08-03 23:00:48.360547,0 days 00:08:17.424139,1.6848084422089846,17,22,COMPLETE
1656,9835.990849126987,2025-08-03 22:52:30.938014,2025-08-03 23:02:46.543798,0 days 00:10:15.605784,1.4160583053334062,18,26,COMPLETE
1657,8197.027281034516,2025-08-03 22:52:30.944866,2025-08-03 22:57:42.062101,0 days 00:05:11.117235,1.3944107011083522,18,25,COMPLETE
1658,19704.182786690515,2025-08-03 22:52:30.946249,2025-08-03 22:57:42.021140,0 days 00:05:11.074891,1.4146558614039904,10,25,COMPLETE
1659,10834.321949727408,2025-08-03 22:52:30.948199,2025-08-03 23:02:35.262875,0 days 00:10:04.314676,1.4257751688515368,17,44,COMPLETE
1660,6874.121989511055,2025-08-03 22:52:30.952832,2025-08-03 23:00:48.391079,0 days 00:08:17.438247,1.4237055442303406,18,23,COMPLETE
1661,9815.101471787368,2025-08-03 22:52:30.955740,2025-08-03 23:00:49.168016,0 days 00:08:18.212276,1.4367264272042384,18,43,COMPLETE
1662,6463.9911281026525,2025-08-03 22:52:30.958242,2025-08-03 23:00:52.882135,0 days 00:08:21.923893,1.4136406615143446,18,44,COMPLETE
1663,18948.962219144112,2025-08-03 22:52:30.962455,2025-08-03 23:00:48.212699,0 days 00:08:17.250244,1.4215962050946627,10,22,COMPLETE
1664,7687.885990735932,2025-08-03 22:52:30.966146,2025-08-03 23:00:46.714924,0 days 00:08:15.748778,1.4096445467170569,18,25,COMPLETE
1665,7286.817930346471,2025-08-03 22:52:30.969236,2025-08-03 23:00:49.462870,0 days 00:08:18.493634,1.399171281611943,17,30,COMPLETE
1666,11780.21555042699,2025-08-03 22:52:30.971741,2025-08-03 23:02:39.110234,0 days 00:10:08.138493,1.4331615166477043,17,24,COMPLETE
1667,10742.7191140325,2025-08-03 22:52:30.972815,2025-08-03 22:57:42.495170,0 days 00:05:11.522355,1.4101779718401501,17,26,COMPLETE
1668,7493.1874421645325,2025-08-03 22:52:30.975108,2025-08-03 22:55:14.717634,0 days 00:02:43.742526,1.400077162862959,18,44,COMPLETE
1669,8127.814062571715,2025-08-03 22:52:30.976740,2025-08-03 23:00:49.288880,0 days 00:08:18.312140,1.4066880996854936,17,43,COMPLETE
1670,8443.810578160483,2025-08-03 22:52:30.977923,2025-08-03 23:02:40.032904,0 days 00:10:09.054981,1.4146472592544592,18,24,COMPLETE
1671,9835.990849126987,2025-08-03 22:52:30.979799,2025-08-03 23:02:44.471037,0 days 00:10:13.491238,1.4175139529523142,18,26,COMPLETE
1672,5680.951532299931,2025-08-03 22:52:30.981184,2025-08-03 23:00:53.027572,0 days 00:08:22.046388,1.3933182376002726,19,30,COMPLETE
1673,6158.288490166154,2025-08-03 22:52:31.066589,2025-08-03 23:03:19.400709,0 days 00:10:48.334120,1.3928565638030814,17,30,COMPLETE
1674,7445.915682052826,2025-08-03 22:52:31.069734,2025-08-03 22:57:45.930133,0 days 00:05:14.860399,1.1437165514144754,18,26,COMPLETE
1675,6939.479063809482,2025-08-03 22:52:31.076147,2025-08-03 22:57:46.742433,0 days 00:05:15.666286,1.4101375782787706,18,44,COMPLETE
1676,6838.114549659285,2025-08-03 22:52:31.077666,2025-08-03 22:57:44.583955,0 days 00:05:13.506289,1.1520060345271816,18,30,COMPLETE
1677,6769.440175874239,2025-08-03 22:52:31.079667,2025-08-03 23:02:36.084424,0 days 00:10:05.004757,1.1288576297466095,18,26,COMPLETE
1678,9665.369416839621,2025-08-03 22:52:31.083979,2025-08-03 22:57:42.624614,0 days 00:05:11.540635,1.4027241722791566,17,26,COMPLETE
1679,25854.289699540343,2025-08-03 22:52:31.085936,2025-08-03 23:02:39.724971,0 days 00:10:08.639035,1.3892517294720506,10,26,COMPLETE
1680,10593.888457584035,2025-08-03 22:52:31.088294,2025-08-03 22:57:45.774889,0 days 00:05:14.686595,1.420519495996451,17,30,COMPLETE
1681,14063.126526122503,2025-08-03 22:52:31.092405,2025-08-03 22:57:45.625747,0 days 00:05:14.533342,1.4372623964302575,18,26,COMPLETE
1682,6283.019273894404,2025-08-03 22:52:31.097438,2025-08-03 22:57:45.141272,0 days 00:05:14.043834,1.4063755036474626,18,30,COMPLETE
1683,8005.238216368006,2025-08-03 22:52:31.099461,2025-08-03 23:02:40.930208,0 days 00:10:09.830747,1.3922363096353647,18,44,COMPLETE
1684,6626.835563513325,2025-08-03 22:52:31.106944,2025-08-03 23:00:50.996154,0 days 00:08:19.889210,1.4041448097460734,19,43,COMPLETE
1685,9815.101471787368,2025-08-03 22:52:31.112567,2025-08-03 23:00:52.156437,0 days 00:08:21.043870,1.435398954102608,18,43,COMPLETE
1686,7818.266029590927,2025-08-03 22:52:31.117322,2025-08-03 23:02:39.235395,0 days 00:10:08.118073,1.4068199566222044,18,25,COMPLETE
1687,9885.990310582276,2025-08-03 22:52:31.118741,2025-08-03 23:02:42.503964,0 days 00:10:11.385223,1.4224086287059663,17,30,COMPLETE
1688,8197.027281034516,2025-08-03 22:52:31.122162,2025-08-03 23:00:51.549624,0 days 00:08:20.427462,1.3926113208675348,18,25,COMPLETE
1689,19278.781494488103,2025-08-03 22:52:31.136335,2025-08-03 22:57:47.870920,0 days 00:05:16.734585,1.397467242959579,10,25,COMPLETE
1690,8022.184003302404,2025-08-03 22:52:31.156640,2025-08-03 23:02:45.513756,0 days 00:10:14.357116,1.3937431143613925,19,26,COMPLETE
1691,8476.818846537597,2025-08-03 22:52:31.178959,2025-08-03 23:00:50.471209,0 days 00:08:19.292250,1.4098338081363404,19,26,COMPLETE
1692,6175.141915567574,2025-08-03 22:52:31.190217,2025-08-03 23:02:42.835504,0 days 00:10:11.645287,1.4080062569635505,18,30,COMPLETE
1693,15555.686367786158,2025-08-03 22:52:31.210631,2025-08-03 23:02:45.212848,0 days 00:10:14.002217,1.4381408129783406,18,26,COMPLETE
1694,6334.350733972251,2025-08-03 22:52:31.241319,2025-08-03 22:57:49.106335,0 days 00:05:17.865016,1.398652334145199,18,30,COMPLETE
1695,7014.495456068633,2025-08-03 22:52:31.249795,2025-08-03 23:00:53.939766,0 days 00:08:22.689971,1.4033482574692329,18,24,COMPLETE
1696,7156.100081231652,2025-08-03 22:52:31.270660,2025-08-03 23:02:43.177899,0 days 00:10:11.907239,1.4311320316599334,18,23,COMPLETE
1697,11890.637720979577,2025-08-03 22:52:31.291232,2025-08-03 22:57:46.872005,0 days 00:05:15.580773,1.4371869569619249,18,24,COMPLETE
1698,6904.236067480623,2025-08-03 22:52:31.345121,2025-08-03 23:02:45.703307,0 days 00:10:14.358186,1.418124813291291,18,30,COMPLETE
1699,13923.409066910228,2025-08-03 22:52:31.346553,2025-08-03 23:00:51.644592,0 days 00:08:20.298039,1.428398580572587,17,26,COMPLETE
1700,7519.719207098474,2025-08-03 22:52:31.356874,2025-08-03 23:02:41.879052,0 days 00:10:10.522178,1.4097432227322575,18,24,COMPLETE
1701,8218.436084769985,2025-08-03 22:52:31.420683,2025-08-03 23:00:56.483073,0 days 00:08:25.062390,1.4053181439079396,18,26,COMPLETE
1702,9323.087766684555,2025-08-03 22:52:31.448990,2025-08-03 23:02:44.132812,0 days 00:10:12.683822,1.6828520718704065,17,43,COMPLETE
1703,17346.55698510311,2025-08-03 22:52:31.503603,2025-08-03 22:57:49.514779,0 days 00:05:18.011176,1.4062373911647976,10,30,COMPLETE
1704,7878.756947498045,2025-08-03 22:52:31.516149,2025-08-03 23:00:55.505413,0 days 00:08:23.989264,1.3967669992534448,18,25,COMPLETE
1705,7747.357589254147,2025-08-03 22:52:31.528173,2025-08-03 23:02:47.297680,0 days 00:10:15.769507,1.4185191189474127,18,44,COMPLETE
1706,6334.350733972251,2025-08-03 22:52:31.533238,2025-08-03 23:00:54.073239,0 days 00:08:22.540001,1.3848833356539192,17,30,COMPLETE
1707,4381.849531854628,2025-08-03 22:52:31.550462,2025-08-03 22:55:20.511894,0 days 00:02:48.961432,1.1473422482155198,17,43,COMPLETE
1708,7224.5803062903415,2025-08-03 22:52:31.577006,2025-08-03 23:00:54.700173,0 days 00:08:23.123167,1.4252779805660847,18,30,COMPLETE
1709,6904.236067480623,2025-08-03 22:52:31.581504,2025-08-03 23:00:57.565635,0 days 00:08:25.984131,1.4195542085789317,18,30,COMPLETE
1710,6751.605796167711,2025-08-03 22:52:31.584973,2025-08-03 23:00:55.576511,0 days 00:08:23.991538,1.3953761509985774,19,44,COMPLETE
1711,9376.356955073721,2025-08-03 22:52:31.589151,2025-08-03 22:55:22.484379,0 days 00:02:50.895228,1.392178318407186,18,26,COMPLETE
1712,5673.229269241163,2025-08-03 22:52:31.593246,2025-08-03 23:00:58.495065,0 days 00:08:26.901819,1.4020263374972965,18,23,COMPLETE
1713,7298.591280573134,2025-08-03 22:52:31.598361,2025-08-03 23:02:47.161898,0 days 00:10:15.563537,1.3770964750784445,18,25,COMPLETE
1714,6334.350733972251,2025-08-03 22:52:31.601352,2025-08-03 23:03:16.604583,0 days 00:10:45.003231,1.3982893994942094,18,30,COMPLETE
1715,28406.025195232913,2025-08-03 22:52:31.606360,2025-08-03 23:02:46.236645,0 days 00:10:14.630285,1.3846158329532916,10,26,COMPLETE
1716,6597.297162069376,2025-08-03 22:52:31.608533,2025-08-03 23:00:59.530989,0 days 00:08:27.922456,1.3879345914358336,18,30,COMPLETE
1717,8663.799298347265,2025-08-03 22:52:31.614454,2025-08-03 22:57:51.118828,0 days 00:05:19.504374,1.373554545934429,18,26,COMPLETE
1718,7757.415869153278,2025-08-03 22:52:31.615907,2025-08-03 23:00:56.684155,0 days 00:08:25.068248,1.4127402290823197,17,30,COMPLETE
1719,12521.942377188107,2025-08-03 22:52:31.618629,2025-08-03 23:01:01.058921,0 days 00:08:29.440292,1.4218010861480832,17,24,COMPLETE
1720,4504.685567123851,2025-08-03 22:52:31.620065,2025-08-03 22:57:53.460504,0 days 00:05:21.840439,1.236071997503295,19,44,COMPLETE
1721,10033.704057308536,2025-08-03 22:52:31.627801,2025-08-03 23:03:17.525459,0 days 00:10:45.897658,1.4226797926298431,18,26,COMPLETE
1722,6904.236067480623,2025-08-03 22:52:31.632369,2025-08-03 23:02:47.611146,0 days 00:10:15.978777,1.417990071409659,18,30,COMPLETE
1723,9835.990849126987,2025-08-03 22:52:31.633316,2025-08-03 22:55:22.305175,0 days 00:02:50.671859,1.417846886098257,18,26,COMPLETE
1724,7389.565136744412,2025-08-03 22:52:31.643472,2025-08-03 23:00:57.407218,0 days 00:08:25.763746,1.369879986084041,18,44,COMPLETE
1725,5890.886579792378,2025-08-03 22:52:31.647711,2025-08-03 23:01:01.495432,0 days 00:08:29.847721,1.375619556903854,18,23,COMPLETE
1726,6904.236067480623,2025-08-03 22:52:31.654591,2025-08-03 23:02:43.550367,0 days 00:10:11.895776,1.416446662072328,18,30,COMPLETE
1727,8197.027281034516,2025-08-03 22:52:31.658559,2025-08-03 22:57:54.172437,0 days 00:05:22.513878,1.388256907836514,18,25,COMPLETE
1728,6235.327414614824,2025-08-03 22:52:31.660592,2025-08-03 22:57:54.671661,0 days 00:05:23.011069,1.405625948193143,18,30,COMPLETE
1729,6838.114549659285,2025-08-03 22:52:31.664605,2025-08-03 23:01:01.758638,0 days 00:08:30.094033,1.1547736386250542,18,30,COMPLETE
1730,8235.71103047161,2025-08-03 22:52:31.665416,2025-08-03 22:57:53.700507,0 days 00:05:22.035091,1.383005996636207,18,25,COMPLETE
1731,6758.5229039171145,2025-08-03 22:52:31.678499,2025-08-03 23:02:49.249194,0 days 00:10:17.570695,1.7070162301164113,17,30,COMPLETE
1732,6030.266067100244,2025-08-03 22:52:31.680611,2025-08-03 23:01:03.645704,0 days 00:08:31.965093,1.369316227587794,18,30,COMPLETE
1733,7680.838984346645,2025-08-03 22:52:31.684425,2025-08-03 23:01:01.858857,0 days 00:08:30.174432,1.4012456129183959,18,24,COMPLETE
1734,8518.279787775056,2025-08-03 22:52:31.686866,2025-08-03 23:02:46.009528,0 days 00:10:14.322662,1.4098217912128008,17,44,COMPLETE
1735,6979.443010847228,2025-08-03 22:52:31.688018,2025-08-03 22:57:56.543257,0 days 00:05:24.855239,1.1451593762050694,18,24,COMPLETE
1736,6334.350733972251,2025-08-03 22:52:31.737367,2025-08-03 22:57:54.014419,0 days 00:05:22.277052,1.3974838760111172,18,30,COMPLETE
1737,7338.255230882453,2025-08-03 22:52:31.745724,2025-08-03 23:01:03.380883,0 days 00:08:31.635159,1.4267155079790692,18,30,COMPLETE
1738,5865.469154580768,2025-08-03 22:52:31.751264,2025-08-03 23:01:02.309925,0 days 00:08:30.558661,1.163063234453175,19,30,COMPLETE
1739,9322.736738577032,2025-08-03 22:52:31.760312,2025-08-03 22:57:54.091877,0 days 00:05:22.331565,1.4280222467413461,18,22,COMPLETE
1740,9376.356955073721,2025-08-03 22:52:31.786629,2025-08-03 22:57:58.879358,0 days 00:05:27.092729,1.392063691292056,18,26,COMPLETE
1741,8005.238216368006,2025-08-03 22:52:31.831804,2025-08-03 23:01:06.177052,0 days 00:08:34.345248,1.394184767268671,18,44,COMPLETE
1742,7198.579525315877,2025-08-03 22:52:31.840028,2025-08-03 23:02:45.189399,0 days 00:10:13.349371,1.4320028859794223,18,43,COMPLETE
1743,6352.84685505935,2025-08-03 22:52:31.907178,2025-08-03 22:57:53.527160,0 days 00:05:21.619982,1.172580958898844,17,26,COMPLETE
1744,8854.738250239649,2025-08-03 22:52:31.921554,2025-08-03 23:01:05.301073,0 days 00:08:33.379519,1.406962397500975,19,26,COMPLETE
1745,8797.645149106946,2025-08-03 22:52:31.936379,2025-08-03 23:02:51.417583,0 days 00:10:19.481204,1.4107958193432621,18,26,COMPLETE
1746,9835.990849126987,2025-08-03 22:52:31.978762,2025-08-03 23:01:06.674864,0 days 00:08:34.696102,1.4207988669869456,18,26,COMPLETE
1747,8133.902392623932,2025-08-03 22:52:32.010737,2025-08-03 23:03:18.572579,0 days 00:10:46.561842,1.3816357075495074,17,25,COMPLETE
1748,5211.452742316551,2025-08-03 22:52:32.040189,2025-08-03 23:01:04.500647,0 days 00:08:32.460458,1.3280925342480279,18,30,COMPLETE
1749,8880.020262449849,2025-08-03 22:52:32.061480,2025-08-03 23:01:02.286652,0 days 00:08:30.225172,1.4055698220923314,18,26,COMPLETE
1750,7718.6185819314705,2025-08-03 22:52:32.076031,2025-08-03 23:02:46.339194,0 days 00:10:14.263163,1.1622573260297981,17,31,COMPLETE
1751,12521.942377188107,2025-08-03 22:52:32.089270,2025-08-03 23:01:08.359136,0 days 00:08:36.269866,1.4193622879815337,17,24,COMPLETE
1752,6076.9223691235175,2025-08-03 22:52:32.091757,2025-08-03 22:57:59.798506,0 days 00:05:27.706749,1.1431222432000574,17,44,COMPLETE
1753,7757.415869153278,2025-08-03 22:52:32.102959,2025-08-03 22:58:00.615693,0 days 00:05:28.512734,1.4112022274872889,17,30,COMPLETE
1754,6352.84685505935,2025-08-03 22:52:32.104958,2025-08-03 23:01:06.729270,0 days 00:08:34.624312,1.172678653267595,17,26,COMPLETE
1755,7747.357589254147,2025-08-03 22:52:32.107460,2025-08-03 22:58:01.730954,0 days 00:05:29.623494,1.419820223777713,18,44,COMPLETE
1756,6158.288490166154,2025-08-03 22:52:32.109996,2025-08-03 23:01:07.178063,0 days 00:08:35.068067,1.3933239802538737,17,30,COMPLETE
1757,10834.321949727408,2025-08-03 22:52:32.111254,2025-08-03 23:03:16.549756,0 days 00:10:44.438502,1.4305128908217806,17,44,COMPLETE
1758,9835.990849126987,2025-08-03 22:52:32.121361,2025-08-03 22:58:02.441618,0 days 00:05:30.320257,1.4194019247646166,18,26,COMPLETE
1759,5770.959838945916,2025-08-03 22:52:32.123921,2025-08-03 23:01:09.320082,0 days 00:08:37.196161,1.1771138832486585,18,30,COMPLETE
1760,5193.44952786188,2025-08-03 22:52:32.125701,2025-08-03 22:58:03.138850,0 days 00:05:31.013149,1.1308525078974137,17,25,COMPLETE
1761,3915.0335566316617,2025-08-03 22:52:32.127288,2025-08-03 23:02:51.542494,0 days 00:10:19.415206,1.1799190530901331,17,44,COMPLETE
1762,7666.766657054839,2025-08-03 22:52:32.134039,2025-08-03 23:01:07.028041,0 days 00:08:34.894002,1.3903711576855575,17,25,COMPLETE
1763,10174.84893795116,2025-08-03 22:52:32.142653,2025-08-03 23:01:06.304545,0 days 00:08:34.161892,1.1618671465155723,11,26,COMPLETE
1764,9835.990849126987,2025-08-03 22:52:32.148950,2025-08-03 23:02:49.198748,0 days 00:10:17.049798,1.4145089812974603,18,26,COMPLETE
1765,4904.679332492045,2025-08-03 22:52:32.153313,2025-08-03 23:01:05.939252,0 days 00:08:33.785939,1.1645016736075007,17,25,COMPLETE
1766,9547.74763716484,2025-08-03 22:52:32.156097,2025-08-03 22:58:04.158852,0 days 00:05:32.002755,1.4169157019412326,17,30,COMPLETE
1767,12006.78948490076,2025-08-03 22:52:32.157227,2025-08-03 22:55:28.405320,0 days 00:02:56.248093,1.428230595186393,17,25,COMPLETE
1768,6691.790908304731,2025-08-03 22:52:32.163541,2025-08-03 22:58:04.157750,0 days 00:05:31.994209,1.3900013385943524,17,43,COMPLETE
1769,5750.363069483102,2025-08-03 22:52:32.171236,2025-08-03 23:02:48.997248,0 days 00:10:16.826012,1.4054430327633565,18,30,COMPLETE
1770,5753.970796077406,2025-08-03 22:52:32.175231,2025-08-03 23:01:10.185364,0 days 00:08:38.010133,1.31923150863943,17,24,COMPLETE
1771,8674.794265309512,2025-08-03 22:52:32.183663,2025-08-03 23:01:09.467241,0 days 00:08:37.283578,1.3924752041769863,18,22,COMPLETE
1772,4874.049823979281,2025-08-03 22:52:32.186834,2025-08-03 22:58:03.136736,0 days 00:05:30.949902,1.160862154182653,17,44,COMPLETE
1773,13923.409066910228,2025-08-03 22:52:32.195100,2025-08-03 22:58:04.973290,0 days 00:05:32.778190,1.4243102018419393,17,26,COMPLETE
1774,7557.482285458631,2025-08-03 22:52:32.200715,2025-08-03 23:02:46.380344,0 days 00:10:14.179629,1.4047758900243574,17,23,COMPLETE
1775,10680.288984823614,2025-08-03 22:52:32.202293,2025-08-03 22:58:05.568207,0 days 00:05:33.365914,1.4039219842791075,17,26,COMPLETE
1776,8435.778766945223,2025-08-03 22:52:32.207785,2025-08-03 22:55:30.434901,0 days 00:02:58.227116,1.1472410636931212,18,30,COMPLETE
1777,4447.89222417508,2025-08-03 22:52:32.209340,2025-08-03 23:01:16.922613,0 days 00:08:44.713273,1.1577943351815558,17,43,COMPLETE
1778,7757.415869153278,2025-08-03 22:52:32.211073,2025-08-03 22:58:03.829810,0 days 00:05:31.618737,1.4132874468014758,17,30,COMPLETE
1779,9573.284060305983,2025-08-03 22:52:32.214911,2025-08-03 23:02:51.627187,0 days 00:10:19.412276,1.4080113103226821,17,25,COMPLETE
1780,6823.2711928741255,2025-08-03 22:52:32.216799,2025-08-03 23:02:53.499017,0 days 00:10:21.282218,1.136812840174372,11,23,COMPLETE
1781,8779.068564035304,2025-08-03 22:52:32.219265,2025-08-03 23:01:12.272603,0 days 00:08:40.053338,1.4153644691966012,17,44,COMPLETE
1782,4805.556983934148,2025-08-03 22:52:32.221146,2025-08-03 23:01:10.239975,0 days 00:08:38.018829,1.159027150371156,18,44,COMPLETE
1783,5938.748873558628,2025-08-03 22:52:32.223627,2025-08-03 23:02:47.635793,0 days 00:10:15.412166,1.1272164951228265,17,44,COMPLETE
1784,9081.696598341212,2025-08-03 22:52:32.228567,2025-08-03 22:58:05.187677,0 days 00:05:32.959110,1.4075215271539343,17,44,COMPLETE
1785,5430.435994609633,2025-08-03 22:52:32.230342,2025-08-03 23:01:11.024283,0 days 00:08:38.793941,1.1444343227254692,17,43,COMPLETE
1786,6597.297162069376,2025-08-03 22:52:32.231395,2025-08-03 22:58:07.067198,0 days 00:05:34.835803,1.395045346286028,18,30,COMPLETE
1787,11780.21555042699,2025-08-03 22:52:32.233991,2025-08-03 22:55:32.760578,0 days 00:03:00.526587,1.43396730180554,17,24,COMPLETE
1788,7693.054639233009,2025-08-03 22:52:32.235418,2025-08-03 23:03:19.246926,0 days 00:10:47.011508,1.3832166646672275,17,44,COMPLETE
1789,8826.894083912968,2025-08-03 22:52:32.238553,2025-08-03 23:03:19.385298,0 days 00:10:47.146745,1.3998945473016207,17,44,COMPLETE
1790,10013.53942374018,2025-08-03 22:52:32.242851,2025-08-03 23:01:14.038277,0 days 00:08:41.795426,1.1732500931008647,11,44,COMPLETE
1791,5901.202821418151,2025-08-03 22:52:32.245674,2025-08-03 22:58:07.525869,0 days 00:05:35.280195,1.183173201787933,17,30,COMPLETE
1792,6542.906896142697,2025-08-03 22:52:32.247313,2025-08-03 23:01:18.572661,0 days 00:08:46.325348,1.1868385970094701,17,31,COMPLETE
1793,6800.5184062120115,2025-08-03 22:52:32.249346,2025-08-03 23:01:14.537466,0 days 00:08:42.288120,1.202790898238193,18,30,COMPLETE
1794,5254.895629367275,2025-08-03 22:52:32.251616,2025-08-03 23:01:16.217029,0 days 00:08:43.965413,1.1407730015488955,18,25,COMPLETE
1795,9034.594805838122,2025-08-03 22:52:32.254544,2025-08-03 23:01:17.870035,0 days 00:08:45.615491,1.4002425232699778,17,25,COMPLETE
1796,5728.3864267920335,2025-08-03 22:52:32.256543,2025-08-03 23:01:13.385630,0 days 00:08:41.129087,1.1320392759663798,11,25,COMPLETE
1797,16857.319427452305,2025-08-03 22:52:32.266385,2025-08-03 23:02:54.334832,0 days 00:10:22.068447,1.4029976760741016,11,30,COMPLETE
1798,6691.790908304731,2025-08-03 22:52:32.268204,2025-08-03 23:01:16.552433,0 days 00:08:44.284229,1.3898642884660397,17,43,COMPLETE
1799,4904.679332492045,2025-08-03 22:52:32.270816,2025-08-03 22:58:09.107042,0 days 00:05:36.836226,1.1573758379555659,17,25,COMPLETE
1800,4009.1888305822813,2025-08-03 22:52:32.274410,2025-08-03 23:02:50.603272,0 days 00:10:18.328862,1.2210937541873201,17,43,COMPLETE
1801,6951.165397597723,2025-08-03 22:52:32.280056,2025-08-03 23:01:12.615796,0 days 00:08:40.335740,1.1915165667848515,18,24,COMPLETE
1802,12787.506447955304,2025-08-03 22:52:32.281631,2025-08-03 23:01:15.927349,0 days 00:08:43.645718,1.421763132470358,17,25,COMPLETE
1803,10191.030781306868,2025-08-03 22:52:32.293934,2025-08-03 23:01:20.067331,0 days 00:08:47.773397,1.4218989213839561,18,20,COMPLETE
1804,10394.174102556823,2025-08-03 22:52:32.339956,2025-08-03 22:58:09.425659,0 days 00:05:37.085703,1.420831618633549,17,43,COMPLETE
1805,9081.696598341212,2025-08-03 22:52:32.364271,2025-08-03 23:01:17.050743,0 days 00:08:44.686472,1.405419185145783,17,44,COMPLETE
1806,6545.137329642206,2025-08-03 22:52:32.400822,2025-08-03 23:01:19.939324,0 days 00:08:47.538502,1.3761868708123828,17,30,COMPLETE
1807,7757.415869153278,2025-08-03 22:52:32.413256,2025-08-03 23:02:49.305626,0 days 00:10:16.892370,1.4122695449964833,17,30,COMPLETE
1808,14298.161342162764,2025-08-03 22:52:32.469691,2025-08-03 23:01:17.730104,0 days 00:08:45.260413,1.3998082674943213,11,43,COMPLETE
1809,6145.512867369612,2025-08-03 22:52:32.519055,2025-08-03 22:58:12.154899,0 days 00:05:39.635844,1.1321748835683738,17,22,COMPLETE
1810,7730.5212247453655,2025-08-03 22:52:32.627534,2025-08-03 23:01:18.795086,0 days 00:08:46.167552,1.4090123319108356,17,30,COMPLETE
1811,6908.217768764602,2025-08-03 22:52:32.653429,2025-08-03 23:01:18.339102,0 days 00:08:45.685673,1.1564111487251156,17,30,COMPLETE
1812,5524.3117709793405,2025-08-03 22:52:32.719957,2025-08-03 23:01:20.574862,0 days 00:08:47.854905,1.1578012480505664,17,22,COMPLETE
1813,9376.356955073721,2025-08-03 22:52:32.747892,2025-08-03 23:01:19.370824,0 days 00:08:46.622932,1.3922340944657676,18,26,COMPLETE
1814,5609.6733867325465,2025-08-03 22:52:32.758573,2025-08-03 23:01:18.205854,0 days 00:08:45.447281,1.1385365188958094,17,43,COMPLETE
1815,4413.317005540707,2025-08-03 22:52:32.795781,2025-08-03 23:02:57.004936,0 days 00:10:24.209155,1.1643171742945868,18,45,COMPLETE
1816,7516.532661352393,2025-08-03 22:52:32.824845,2025-08-03 22:58:14.715240,0 days 00:05:41.890395,1.3997541189075922,18,44,COMPLETE
1817,5240.879063430012,2025-08-03 22:52:32.886685,2025-08-03 22:58:14.999233,0 days 00:05:42.112548,1.1434857466001658,18,43,COMPLETE
1818,8449.888962996249,2025-08-03 22:52:32.964867,2025-08-03 22:58:12.376361,0 days 00:05:39.411494,1.3917659650191692,17,22,COMPLETE
1819,7445.915682052826,2025-08-03 22:52:32.972019,2025-08-03 23:01:21.761951,0 days 00:08:48.789932,1.144005031313437,18,26,COMPLETE
1820,7715.726867137726,2025-08-03 22:52:33.002971,2025-08-03 23:01:18.875659,0 days 00:08:45.872688,1.1321861847952719,17,30,COMPLETE
1821,7747.357589254147,2025-08-03 22:52:33.037605,2025-08-03 22:58:11.587707,0 days 00:05:38.550102,1.4178866808441017,18,44,COMPLETE
1822,6914.573099798884,2025-08-03 22:52:33.067443,2025-08-03 23:01:22.889439,0 days 00:08:49.821996,1.4212916094624366,18,43,COMPLETE
1823,9305.27375346811,2025-08-03 22:52:33.069686,2025-08-03 23:01:18.475876,0 days 00:08:45.406190,1.3814210759488503,17,26,COMPLETE
1824,7646.528343955439,2025-08-03 22:52:33.076964,2025-08-03 22:58:13.006013,0 days 00:05:39.929049,1.2051163479703422,17,26,COMPLETE
1825,5953.793055664358,2025-08-03 22:52:33.092184,2025-08-03 23:02:52.067540,0 days 00:10:18.975356,1.1596362318653053,18,45,COMPLETE
1826,7198.579525315877,2025-08-03 22:52:33.103214,2025-08-03 23:02:57.959053,0 days 00:10:24.855839,1.4308908124774087,18,43,COMPLETE
1827,8663.799298347265,2025-08-03 22:52:33.107193,2025-08-03 23:01:25.264173,0 days 00:08:52.156980,1.3770242284975247,18,26,COMPLETE
1828,6108.511413345892,2025-08-03 22:52:33.110066,2025-08-03 22:58:15.060251,0 days 00:05:41.950185,1.4047010318878892,18,43,COMPLETE
1829,8797.645149106946,2025-08-03 22:52:33.113674,2025-08-03 23:01:23.824574,0 days 00:08:50.710900,1.4090689710849915,18,26,COMPLETE
1830,19785.767870511347,2025-08-03 22:52:33.117252,2025-08-03 22:58:19.575372,0 days 00:05:46.458120,1.413637716653424,11,27,COMPLETE
1831,7880.818510452546,2025-08-03 22:52:33.122081,2025-08-03 23:03:18.416130,0 days 00:10:45.294049,1.4033111659247086,18,27,COMPLETE
1832,6720.236484830011,2025-08-03 22:52:33.128031,2025-08-03 23:01:21.802023,0 days 00:08:48.673992,1.3995570859498916,18,43,COMPLETE
1833,12662.535053137068,2025-08-03 22:52:33.130848,2025-08-03 22:58:17.823591,0 days 00:05:44.692743,1.437547552546079,18,22,COMPLETE
1834,8718.983652030773,2025-08-03 22:52:33.134378,2025-08-03 23:03:18.917586,0 days 00:10:45.783208,1.3950351694372949,18,22,COMPLETE
1835,6720.236484830011,2025-08-03 22:52:33.140053,2025-08-03 22:58:19.679453,0 days 00:05:46.539400,1.397788397084793,18,43,COMPLETE
1836,6914.573099798884,2025-08-03 22:52:33.146030,2025-08-03 23:03:01.740285,0 days 00:10:28.594255,1.4230111332113118,18,43,COMPLETE
1837,22314.949207023397,2025-08-03 22:52:33.147581,2025-08-03 22:58:23.213770,0 days 00:05:50.066189,1.4041714255549085,11,27,COMPLETE
1838,8795.118368192128,2025-08-03 22:52:33.164861,2025-08-03 23:02:53.002173,0 days 00:10:19.837312,1.3640277307565458,18,26,COMPLETE
1839,10318.163982326329,2025-08-03 22:52:33.199172,2025-08-03 23:01:24.351978,0 days 00:08:51.152806,1.3941413320811569,17,26,COMPLETE
1840,7405.858409024786,2025-08-03 22:52:33.207270,2025-08-03 23:01:24.764934,0 days 00:08:51.557664,1.330639055857688,18,26,COMPLETE
1841,10742.7191140325,2025-08-03 22:52:33.233958,2025-08-03 22:58:21.321242,0 days 00:05:48.087284,1.4098546770968723,17,26,COMPLETE
1842,6214.257876984986,2025-08-03 22:52:33.270712,2025-08-03 22:58:17.136659,0 days 00:05:43.865947,1.1661051126990754,18,26,COMPLETE
1843,7200.854039037103,2025-08-03 22:52:33.310141,2025-08-03 22:58:22.246821,0 days 00:05:48.936680,1.4123998868169734,18,31,COMPLETE
1844,8797.645149106946,2025-08-03 22:52:33.319710,2025-08-03 23:01:24.694793,0 days 00:08:51.375083,1.4088582842731383,18,26,COMPLETE
1845,6076.270596359709,2025-08-03 22:52:33.430053,2025-08-03 23:02:59.279021,0 days 00:10:25.848968,1.1881522805701272,18,22,COMPLETE
1846,20186.617360188273,2025-08-03 22:52:33.443958,2025-08-03 23:02:56.360503,0 days 00:10:22.916545,1.4243855936401821,11,26,COMPLETE
1847,8518.279787775056,2025-08-03 22:52:33.454281,2025-08-03 22:58:20.629102,0 days 00:05:47.174821,1.4115105967978703,17,44,COMPLETE
1848,9376.356955073721,2025-08-03 22:52:33.496956,2025-08-03 23:01:25.403006,0 days 00:08:51.906050,1.3941713554275175,18,26,COMPLETE
1849,8439.164682537117,2025-08-03 22:52:33.517668,2025-08-03 22:58:23.551561,0 days 00:05:50.033893,1.4089293016891464,18,27,COMPLETE
1850,11734.231282298862,2025-08-03 22:52:33.529989,2025-08-03 22:58:26.101076,0 days 00:05:52.571087,1.4335449822578075,18,27,COMPLETE
1851,6939.479063809482,2025-08-03 22:52:33.553377,2025-08-03 22:58:26.508018,0 days 00:05:52.954641,1.4127884369566606,18,44,COMPLETE
1852,5752.997044539882,2025-08-03 22:52:33.562031,2025-08-03 23:01:25.050162,0 days 00:08:51.488131,1.1417720458722709,18,44,COMPLETE
1853,6691.790908304731,2025-08-03 22:52:33.566538,2025-08-03 23:01:27.043273,0 days 00:08:53.476735,1.3936862522797977,17,43,COMPLETE
1854,9916.48645069727,2025-08-03 22:52:33.567990,2025-08-03 22:58:28.845257,0 days 00:05:55.277267,1.3855960207907887,18,21,COMPLETE
1855,7939.065418449373,2025-08-03 22:52:33.574904,2025-08-03 23:03:19.412903,0 days 00:10:45.837999,1.4259683714525526,18,44,COMPLETE
1856,5334.3401195212355,2025-08-03 22:52:33.580204,2025-08-03 22:58:24.421542,0 days 00:05:50.841338,1.1440467485763328,18,43,COMPLETE
1857,6597.297162069376,2025-08-03 22:52:33.584006,2025-08-03 22:58:25.744657,0 days 00:05:52.160651,1.3915435328364028,18,30,COMPLETE
1858,6096.428774814058,2025-08-03 22:52:33.586131,2025-08-03 23:01:27.291278,0 days 00:08:53.705147,1.1567523472653358,17,26,COMPLETE
1859,9440.931491812451,2025-08-03 22:52:33.592633,2025-08-03 23:01:24.816233,0 days 00:08:51.223600,1.420151352117122,18,27,COMPLETE
1860,6698.678552212418,2025-08-03 22:52:33.595335,2025-08-03 23:01:30.872320,0 days 00:08:57.276985,1.4016267846690609,18,43,COMPLETE
1861,10842.114044441652,2025-08-03 22:52:33.602441,2025-08-03 23:01:29.319966,0 days 00:08:55.717525,1.4074182759411713,17,26,COMPLETE
1862,6914.573099798884,2025-08-03 22:52:33.606720,2025-08-03 23:01:28.954653,0 days 00:08:55.347933,1.4175109666341732,18,43,COMPLETE
1863,8127.814062571715,2025-08-03 22:52:33.608917,2025-08-03 22:58:26.204535,0 days 00:05:52.595618,1.4057273982934562,17,43,COMPLETE
1864,8995.52039322719,2025-08-03 22:52:33.610340,2025-08-03 23:03:01.105621,0 days 00:10:27.495281,1.3935358306928858,18,27,COMPLETE
1865,6691.790908304731,2025-08-03 22:52:33.613401,2025-08-03 23:01:31.835451,0 days 00:08:58.222050,1.3857290088783087,17,43,COMPLETE
1866,9311.478660936942,2025-08-03 22:52:33.615481,2025-08-03 23:01:31.062585,0 days 00:08:57.447104,1.4071050998303687,16,43,COMPLETE
1867,9237.043134453797,2025-08-03 22:52:33.622373,2025-08-03 23:02:56.408857,0 days 00:10:22.786484,1.4069833193689247,18,21,COMPLETE
1868,9017.961875445464,2025-08-03 22:52:33.624418,2025-08-03 23:02:56.450727,0 days 00:10:22.826309,1.3990616098042654,18,26,COMPLETE
1869,6463.9911281026525,2025-08-03 22:52:33.627696,2025-08-03 23:01:32.277505,0 days 00:08:58.649809,1.4137151627468032,18,44,COMPLETE
1870,8449.888962996249,2025-08-03 22:52:33.631175,2025-08-03 23:02:55.374968,0 days 00:10:21.743793,1.3931741139204934,17,22,COMPLETE
1871,9047.14766698595,2025-08-03 22:52:33.632913,2025-08-03 23:01:31.233661,0 days 00:08:57.600748,1.3657685402329793,17,44,COMPLETE
1872,7747.357589254147,2025-08-03 22:52:33.634752,2025-08-03 23:02:55.288753,0 days 00:10:21.654001,1.415673430413608,18,44,COMPLETE
1873,8981.16188864953,2025-08-03 22:52:33.637735,2025-08-03 23:01:31.371987,0 days 00:08:57.734252,1.4054316170434809,18,29,COMPLETE
1874,6395.038098437961,2025-08-03 22:52:33.638934,2025-08-03 22:58:28.133439,0 days 00:05:54.494505,1.145880661704651,17,22,COMPLETE
1875,18519.553727478982,2025-08-03 22:52:33.641208,2025-08-03 22:55:46.053931,0 days 00:03:12.412723,1.395057004694885,10,22,COMPLETE
1876,6720.236484830011,2025-08-03 22:52:33.646873,2025-08-03 23:01:31.327988,0 days 00:08:57.681115,1.3995148561021697,18,43,COMPLETE
1877,6720.236484830011,2025-08-03 22:52:33.648340,2025-08-03 22:58:34.741877,0 days 00:06:01.093537,1.398185598607224,18,43,COMPLETE
1878,5901.202821418151,2025-08-03 22:52:33.650812,2025-08-03 23:01:28.686068,0 days 00:08:55.035256,1.1821322260484999,17,30,COMPLETE
1879,10593.888457584035,2025-08-03 22:52:33.655081,2025-08-03 22:58:30.041160,0 days 00:05:56.386079,1.418487567528938,17,30,COMPLETE
1880,10753.314525803702,2025-08-03 22:52:33.657060,2025-08-03 23:01:32.849649,0 days 00:08:59.192589,1.160889706074646,10,28,COMPLETE
1881,8005.238216368006,2025-08-03 22:52:33.666145,2025-08-03 22:58:33.930442,0 days 00:06:00.264297,1.3918979906774507,18,44,COMPLETE
1882,13380.519006243054,2025-08-03 22:52:33.668475,2025-08-03 22:58:32.974350,0 days 00:05:59.305875,1.423241860642143,17,27,COMPLETE
1883,11203.669979457527,2025-08-03 22:52:33.670456,2025-08-03 22:55:47.621354,0 days 00:03:13.950898,1.424898382308637,18,29,COMPLETE
1884,21947.5675357016,2025-08-03 22:52:33.674849,2025-08-03 23:02:55.121186,0 days 00:10:21.446337,1.4259536772433037,10,26,COMPLETE
1885,14063.126526122503,2025-08-03 22:52:33.676100,2025-08-03 23:01:34.231866,0 days 00:09:00.555766,1.4344033797128652,18,26,COMPLETE
1886,12910.309200609765,2025-08-03 22:52:33.678404,2025-08-03 23:01:36.049997,0 days 00:09:02.371593,1.4245232682916078,10,43,COMPLETE
1887,7485.5344098249325,2025-08-03 22:52:33.680654,2025-08-03 23:01:29.968982,0 days 00:08:56.288328,1.3921794353578358,17,44,COMPLETE
1888,11037.206416173693,2025-08-03 22:52:33.683480,2025-08-03 23:03:00.969397,0 days 00:10:27.285917,1.4142055716845316,16,28,COMPLETE
1889,8797.645149106946,2025-08-03 22:52:33.685860,2025-08-03 22:58:32.164368,0 days 00:05:58.478508,1.409343623562523,18,26,COMPLETE
1890,12728.72650937399,2025-08-03 22:52:33.688501,2025-08-03 22:55:46.778524,0 days 00:03:13.090023,1.4126087150068318,16,26,COMPLETE
1891,7485.5344098249325,2025-08-03 22:52:33.690677,2025-08-03 23:03:18.945327,0 days 00:10:45.254650,1.3938201969000714,17,44,COMPLETE
1892,8510.01823810697,2025-08-03 22:52:33.696330,2025-08-03 23:01:33.172241,0 days 00:08:59.475911,1.3868805589445468,18,29,COMPLETE
1893,6189.425980150861,2025-08-03 22:52:33.698482,2025-08-03 23:02:57.226864,0 days 00:10:23.528382,1.4099767821413205,18,43,COMPLETE
1894,9047.14766698595,2025-08-03 22:52:33.700208,2025-08-03 23:01:33.173485,0 days 00:08:59.473277,1.3680452903833191,17,44,COMPLETE
1895,7462.111556914276,2025-08-03 22:52:33.704457,2025-08-03 23:01:36.915309,0 days 00:09:03.210852,1.4067328210107441,18,44,COMPLETE
1896,8017.732653957646,2025-08-03 22:52:33.706021,2025-08-03 23:01:35.632386,0 days 00:09:01.926365,1.3748574971226675,18,22,COMPLETE
1897,8602.954265505157,2025-08-03 22:52:33.708413,2025-08-03 22:58:35.331348,0 days 00:06:01.622935,1.369938419710372,18,26,COMPLETE
1898,9392.412764796747,2025-08-03 22:52:33.709829,2025-08-03 23:02:58.363007,0 days 00:10:24.653178,1.3829070939561692,16,44,COMPLETE
1899,6939.479063809482,2025-08-03 22:52:33.720336,2025-08-03 23:01:32.899671,0 days 00:08:59.179335,1.4096424419148554,18,44,COMPLETE
1900,9322.736738577032,2025-08-03 22:52:33.724746,2025-08-03 22:58:34.859151,0 days 00:06:01.134405,1.4267005606098349,18,22,COMPLETE
1901,6904.236067480623,2025-08-03 22:52:33.731722,2025-08-03 23:01:33.389844,0 days 00:08:59.658122,1.4159172819244759,18,30,COMPLETE
1902,9916.48645069727,2025-08-03 22:52:33.738378,2025-08-03 22:58:36.731330,0 days 00:06:02.992952,1.384727710735412,18,21,COMPLETE
1903,8728.486550251293,2025-08-03 22:52:33.740172,2025-08-03 22:55:48.377941,0 days 00:03:14.637769,1.1412116940836956,18,29,COMPLETE
1904,6189.425980150861,2025-08-03 22:52:33.747367,2025-08-03 23:03:19.312282,0 days 00:10:45.564915,1.407829706746715,18,43,COMPLETE
1905,7747.357589254147,2025-08-03 22:52:33.755613,2025-08-03 23:02:59.868981,0 days 00:10:26.113368,1.4157185365341127,18,44,COMPLETE
1906,7485.5344098249325,2025-08-03 22:52:33.758473,2025-08-03 22:58:36.977516,0 days 00:06:03.219043,1.3914688415577325,17,44,COMPLETE
1907,6617.517663318517,2025-08-03 22:52:33.764704,2025-08-03 23:03:05.567899,0 days 00:10:31.803195,1.1415849672485012,10,23,COMPLETE
1908,6842.515480136385,2025-08-03 22:52:33.767712,2025-08-03 23:03:02.302700,0 days 00:10:28.534988,1.4039281123862568,18,44,COMPLETE
1909,6235.327414614824,2025-08-03 22:52:33.771264,2025-08-03 23:01:37.890101,0 days 00:09:04.118837,1.4054747403932033,18,30,COMPLETE
1910,7515.521098573528,2025-08-03 22:52:33.773768,2025-08-03 22:58:39.401993,0 days 00:06:05.628225,1.4140523444208295,18,22,COMPLETE
1911,8062.656803152144,2025-08-03 22:52:33.777128,2025-08-03 22:58:40.162822,0 days 00:06:06.385694,1.4296262264828807,18,44,COMPLETE
1912,9835.990849126987,2025-08-03 22:52:33.779984,2025-08-03 23:01:38.222133,0 days 00:09:04.442149,1.4197320109849807,18,26,COMPLETE
1913,17845.199905834135,2025-08-03 22:52:33.781951,2025-08-03 23:03:00.245383,0 days 00:10:26.463432,1.3879918658245325,10,43,COMPLETE
1914,14821.940836474489,2025-08-03 22:52:33.785710,2025-08-03 23:01:37.665029,0 days 00:09:03.879319,1.4222333768544857,17,26,COMPLETE
1915,9607.441212070184,2025-08-03 22:52:33.786648,2025-08-03 23:01:40.818398,0 days 00:09:07.031750,1.410630640081881,18,29,COMPLETE
1916,16360.632043557174,2025-08-03 22:52:33.787975,2025-08-03 22:58:41.147067,0 days 00:06:07.359092,1.4051118039176127,10,44,COMPLETE
1917,7822.229148425383,2025-08-03 22:52:33.816554,2025-08-03 22:55:52.947258,0 days 00:03:19.130704,1.1973631987080815,17,27,COMPLETE
1918,8005.238216368006,2025-08-03 22:52:33.824122,2025-08-03 22:58:41.117727,0 days 00:06:07.293605,1.3927967661401701,18,44,COMPLETE
1919,18948.962219144112,2025-08-03 22:52:33.832899,2025-08-03 23:01:37.497878,0 days 00:09:03.664979,1.422043262056357,10,22,COMPLETE
1920,10214.304773346026,2025-08-03 22:52:33.834873,2025-08-03 22:58:40.557792,0 days 00:06:06.722919,1.416638704213827,18,28,COMPLETE
1921,8923.271506679408,2025-08-03 22:52:33.838431,2025-08-03 22:58:43.387251,0 days 00:06:09.548820,1.4060802502094536,17,31,COMPLETE
1922,15129.56366416573,2025-08-03 22:52:33.848913,2025-08-03 23:01:37.293333,0 days 00:09:03.444420,1.4136891036302266,10,43,COMPLETE
1923,8623.863987491924,2025-08-03 22:52:33.853010,2025-08-03 23:03:17.988112,0 days 00:10:44.135102,1.4011760000342621,18,27,COMPLETE
1924,6228.676876610999,2025-08-03 22:52:33.860260,2025-08-03 23:03:05.574227,0 days 00:10:31.713967,1.4003549320470325,18,23,COMPLETE
1925,7976.613813913829,2025-08-03 22:52:33.862343,2025-08-03 22:58:41.832757,0 days 00:06:07.970414,1.4119333410620647,18,22,COMPLETE
1926,7738.45645512548,2025-08-03 22:52:33.866040,2025-08-03 23:01:40.355894,0 days 00:09:06.489854,1.3775466649919337,18,22,COMPLETE
1927,8966.242611780925,2025-08-03 22:52:33.870541,2025-08-03 23:01:42.117190,0 days 00:09:08.246649,1.4169933321530073,18,22,COMPLETE
1928,6842.515480136385,2025-08-03 22:52:33.874458,2025-08-03 23:03:08.582016,0 days 00:10:34.707558,1.404641451628152,18,44,COMPLETE
1929,11600.392636544475,2025-08-03 22:52:33.880390,2025-08-03 23:01:41.855838,0 days 00:09:07.975448,1.4187637764109156,17,44,COMPLETE
1930,8945.26538428555,2025-08-03 22:52:33.884617,2025-08-03 23:01:40.620619,0 days 00:09:06.736002,1.4072037407510316,18,26,COMPLETE
1931,6505.231897169886,2025-08-03 22:52:33.887312,2025-08-03 22:58:44.728174,0 days 00:06:10.840862,1.3468407215198488,18,43,COMPLETE
1932,8501.391211548838,2025-08-03 22:52:33.890861,2025-08-03 23:01:44.476135,0 days 00:09:10.585274,1.3515529589020594,18,26,COMPLETE
1933,4201.674409356284,2025-08-03 22:52:33.892860,2025-08-03 23:01:39.916099,0 days 00:09:06.023239,1.1561752509761756,18,43,COMPLETE
1934,9376.356955073721,2025-08-03 22:52:33.895943,2025-08-03 22:55:52.606311,0 days 00:03:18.710368,1.3920373132984039,18,26,COMPLETE
1935,8715.052840265642,2025-08-03 22:52:33.897367,2025-08-03 23:01:38.663145,0 days 00:09:04.765778,1.3828406631511467,18,22,COMPLETE
1936,6214.257876984986,2025-08-03 22:52:33.911101,2025-08-03 22:58:45.237576,0 days 00:06:11.326475,1.1699260761014711,18,26,COMPLETE
1937,7114.371873768921,2025-08-03 22:52:33.913251,2025-08-03 22:58:49.155392,0 days 00:06:15.242141,1.2228790518296844,18,22,COMPLETE
1938,5778.097768831939,2025-08-03 22:52:33.924645,2025-08-03 23:01:49.236413,0 days 00:09:15.311768,1.1487472247644228,18,44,COMPLETE
1939,6477.697947039179,2025-08-03 22:52:33.929414,2025-08-03 23:03:01.339332,0 days 00:10:27.409918,1.1605033456922507,18,22,COMPLETE
1940,4629.368735348917,2025-08-03 22:52:33.938981,2025-08-03 23:01:40.800145,0 days 00:09:06.861164,1.1552192097343692,18,44,COMPLETE
1941,6537.6505839188285,2025-08-03 22:52:33.951879,2025-08-03 23:01:47.371906,0 days 00:09:13.420027,1.357268902815659,18,22,COMPLETE
1942,6147.708175283624,2025-08-03 22:52:33.960080,2025-08-03 22:58:48.159300,0 days 00:06:14.199220,1.1914706819898022,18,30,COMPLETE
1943,10834.321949727408,2025-08-03 22:52:33.967421,2025-08-03 23:01:43.234066,0 days 00:09:09.266645,1.4236022255334924,17,44,COMPLETE
1944,7687.885990735932,2025-08-03 22:52:33.974306,2025-08-03 23:01:43.666713,0 days 00:09:09.692407,1.4091003688085055,18,25,COMPLETE
1945,9419.830827699154,2025-08-03 22:52:33.986699,2025-08-03 23:01:40.629262,0 days 00:09:06.642563,1.3864433992270868,18,26,COMPLETE
1946,6914.573099798884,2025-08-03 22:52:34.036177,2025-08-03 23:03:04.482000,0 days 00:10:30.445823,1.4236025981989522,18,43,COMPLETE
1947,8778.48183071875,2025-08-03 22:52:34.054463,2025-08-03 23:01:45.532189,0 days 00:09:11.477726,1.3919391145917512,17,26,COMPLETE
1948,5782.013161674131,2025-08-03 22:52:34.123842,2025-08-03 23:03:04.489256,0 days 00:10:30.365414,1.1706514677091029,17,21,COMPLETE
1949,5708.4226716876265,2025-08-03 22:52:34.168271,2025-08-03 23:01:47.128173,0 days 00:09:12.959902,1.1519362761525254,18,21,COMPLETE
1950,9082.296315210739,2025-08-03 22:52:34.251468,2025-08-03 22:58:50.605041,0 days 00:06:16.353573,1.4117022416022305,18,21,COMPLETE
1951,10409.623968002115,2025-08-03 22:52:34.338596,2025-08-03 23:01:46.698899,0 days 00:09:12.360303,1.4067494337290352,17,27,COMPLETE
1952,4971.246346051349,2025-08-03 22:52:34.427010,2025-08-03 23:01:44.290432,0 days 00:09:09.863422,1.1701283305519552,18,27,COMPLETE
1953,22181.970717638917,2025-08-03 22:52:34.437541,2025-08-03 23:01:48.427353,0 days 00:09:13.989812,1.3827919527027435,10,22,COMPLETE
1954,8127.814062571715,2025-08-03 22:52:34.465851,2025-08-03 23:01:47.059947,0 days 00:09:12.594096,1.4046110453823664,17,43,COMPLETE
1955,9743.551520713643,2025-08-03 22:52:34.473247,2025-08-03 23:01:45.697258,0 days 00:09:11.224011,1.4097211240524519,17,22,COMPLETE
1956,16474.30467236108,2025-08-03 22:52:34.504320,2025-08-03 22:58:49.314877,0 days 00:06:14.810557,1.4080580974849624,11,30,COMPLETE
1957,8518.279787775056,2025-08-03 22:52:34.528823,2025-08-03 23:03:04.527513,0 days 00:10:29.998690,1.4113072486428069,17,44,COMPLETE
1958,13923.409066910228,2025-08-03 22:52:34.575969,2025-08-03 23:03:10.237331,0 days 00:10:35.661362,1.4238075080126142,17,26,COMPLETE
1959,10834.321949727408,2025-08-03 22:52:34.577794,2025-08-03 23:03:05.681089,0 days 00:10:31.103295,1.4255522455127467,17,44,COMPLETE
1960,22922.070721093107,2025-08-03 22:52:34.602561,2025-08-03 22:58:52.394855,0 days 00:06:17.792294,1.397051636943884,11,26,COMPLETE
1961,1693.1843926794425,2025-08-03 22:52:34.659674,2025-08-03 23:01:48.762136,0 days 00:09:14.102462,1.1673276034251345,18,58,COMPLETE
1962,7156.865108524155,2025-08-03 22:52:34.683198,2025-08-03 22:58:52.568794,0 days 00:06:17.885596,1.1581602172548466,17,30,COMPLETE
1963,7485.5344098249325,2025-08-03 22:52:34.706079,2025-08-03 23:03:04.109217,0 days 00:10:29.403138,1.3873056121971488,17,44,COMPLETE
1964,16123.368840722806,2025-08-03 22:52:34.714192,2025-08-03 23:01:48.914935,0 days 00:09:14.200743,1.4211656282899894,17,29,COMPLETE
1965,9743.551520713643,2025-08-03 22:52:34.759999,2025-08-03 23:01:51.434701,0 days 00:09:16.674702,1.411931790400892,17,22,COMPLETE
1966,4203.383620878953,2025-08-03 22:52:34.886576,2025-08-03 22:56:02.088068,0 days 00:03:27.201492,1.1544359729194174,16,43,COMPLETE
1967,9301.831458118368,2025-08-03 22:52:34.961688,2025-08-03 23:03:06.766086,0 days 00:10:31.804398,1.4021660596136256,16,43,COMPLETE
1968,6847.997012873221,2025-08-03 22:52:35.006235,2025-08-03 22:56:00.084903,0 days 00:03:25.078668,1.1258601134475812,17,26,COMPLETE
1969,10628.225812332375,2025-08-03 22:52:35.021137,2025-08-03 22:56:02.223124,0 days 00:03:27.201987,1.4053932288200182,16,44,COMPLETE
1970,8079.142048602198,2025-08-03 22:52:35.055774,2025-08-03 22:58:54.516350,0 days 00:06:19.460576,1.350649373805534,18,45,COMPLETE
1971,16709.63908387643,2025-08-03 22:52:35.060813,2025-08-03 23:02:00.481550,0 days 00:09:25.420737,1.3727346201812805,11,30,COMPLETE
1972,6315.96835735277,2025-08-03 22:52:35.073832,2025-08-03 23:03:03.398847,0 days 00:10:28.325015,1.1490247794341593,17,30,COMPLETE
1973,16118.685038166477,2025-08-03 22:52:35.077210,2025-08-03 23:01:53.973771,0 days 00:09:18.896561,1.4202567064615137,10,30,COMPLETE
1974,17474.189039765068,2025-08-03 22:52:35.080047,2025-08-03 23:01:55.409883,0 days 00:09:20.329836,1.4096834410320374,10,30,COMPLETE
1975,20391.5646872266,2025-08-03 22:52:35.084854,2025-08-03 23:03:05.073573,0 days 00:10:29.988719,1.4070020828290937,10,22,COMPLETE
1976,14514.297624095685,2025-08-03 22:52:35.086005,2025-08-03 23:01:56.824177,0 days 00:09:21.738172,1.3593109229333042,10,43,COMPLETE
1977,17809.335570410847,2025-08-03 22:52:35.088796,2025-08-03 22:58:58.065355,0 days 00:06:22.976559,1.4252112716097252,10,25,COMPLETE
1978,16360.632043557174,2025-08-03 22:52:35.090967,2025-08-03 23:03:08.442679,0 days 00:10:33.351712,1.4072609374819942,10,44,COMPLETE
1979,8483.29658962773,2025-08-03 22:52:35.095642,2025-08-03 22:59:02.356931,0 days 00:06:27.261289,1.2234887003578094,10,30,COMPLETE
1980,7967.698677760936,2025-08-03 22:52:35.098023,2025-08-03 23:01:52.482807,0 days 00:09:17.384784,1.1561921099046764,10,25,COMPLETE
1981,14519.96172452282,2025-08-03 22:52:35.101252,2025-08-03 23:01:57.277782,0 days 00:09:22.176530,1.464700079996691,17,23,COMPLETE
1982,4912.193447812318,2025-08-03 22:52:35.102689,2025-08-03 23:03:18.586766,0 days 00:10:43.484077,1.1716537149479365,17,25,COMPLETE
1983,15837.361643535434,2025-08-03 22:52:35.106679,2025-08-03 22:58:57.526909,0 days 00:06:22.420230,1.6687095321505625,10,43,COMPLETE
1984,17849.872189455364,2025-08-03 22:52:35.108593,2025-08-03 23:01:59.454611,0 days 00:09:24.346018,1.4135062768085853,10,30,COMPLETE
1985,3469.540566468339,2025-08-03 22:52:35.110486,2025-08-03 23:01:53.016632,0 days 00:09:17.906146,1.1846326214036687,18,43,COMPLETE
1986,4256.213663255539,2025-08-03 22:52:37.020235,2025-08-03 23:03:09.644924,0 days 00:10:32.624689,1.1497916319543382,17,25,COMPLETE
1987,6328.019241219353,2025-08-03 22:52:37.960226,2025-08-03 23:02:10.150436,0 days 00:09:32.190210,1.1886906117190688,17,22,COMPLETE
1988,7049.915261314285,2025-08-03 22:52:37.969140,2025-08-03 23:02:09.281414,0 days 00:09:31.312274,1.1717137057415576,11,22,COMPLETE
1989,7198.556775780511,2025-08-03 22:52:42.467579,2025-08-03 23:00:13.033177,0 days 00:07:30.565598,1.3848224472684292,18,43,COMPLETE
1990,9829.578270887198,2025-08-03 22:52:44.234085,2025-08-03 23:02:30.538807,0 days 00:09:46.304722,1.7045248495358838,18,44,COMPLETE
1991,8859.003591748162,2025-08-03 22:52:46.091444,2025-08-03 23:00:44.376921,0 days 00:07:58.285477,1.695694392619123,18,43,COMPLETE
1992,7012.977924594826,2025-08-03 22:52:46.207836,2025-08-03 23:02:31.313515,0 days 00:09:45.105679,1.6870121903431379,17,30,COMPLETE
1993,8997.980167262462,2025-08-03 22:52:46.270154,2025-08-03 22:57:37.880156,0 days 00:04:51.610002,1.7257425302221747,18,22,COMPLETE
1994,8068.379496387544,2025-08-03 22:52:46.283904,2025-08-03 23:03:18.241128,0 days 00:10:31.957224,1.6868134952185228,17,24,COMPLETE
1995,9681.93473310321,2025-08-03 22:52:46.291921,2025-08-03 22:57:40.061620,0 days 00:04:53.769699,1.6772523305582288,18,22,COMPLETE
1996,17562.859777862468,2025-08-03 22:52:46.817049,2025-08-03 23:02:43.837286,0 days 00:09:57.020237,1.6640804593990342,11,44,COMPLETE
1997,10467.964734554458,2025-08-03 22:52:48.566536,2025-08-03 23:02:49.783089,0 days 00:10:01.216553,1.6820996512783137,17,22,COMPLETE
1998,9193.486279844235,2025-08-03 22:52:48.814863,2025-08-03 23:02:55.339098,0 days 00:10:06.524235,1.697090803990117,17,44,COMPLETE
1999,17339.383261586812,2025-08-03 22:53:02.592328,2025-08-03 23:03:18.211620,0 days 00:10:15.619292,1.67269241260593,11,44,COMPLETE
