number,value,datetime_start,datetime_complete,duration,params_dema_period,params_tema_fast,params_tema_slow,state
0,-1393.4623558597686,2025-06-30 21:57:43.356712,2025-06-30 22:00:00.818858,0 days 00:02:17.462146,17,8,69,COMPLETE
1,-980.9884203328411,2025-06-30 21:57:43.359062,2025-06-30 22:00:13.204030,0 days 00:02:29.844968,9,39,88,COMPLETE
2,5158.542252029363,2025-06-30 21:57:43.361669,2025-06-30 21:59:59.244595,0 days 00:02:15.882926,178,38,66,COMPLETE
3,0.0,2025-06-30 21:57:43.363544,2025-06-30 21:57:43.364781,0 days 00:00:00.001237,117,74,39,COMPLETE
4,-3099.591541298092,2025-06-30 21:57:43.365215,2025-06-30 21:59:57.903958,0 days 00:02:14.538743,90,29,242,COMPLETE
5,1874.716409632828,2025-06-30 21:57:43.369119,2025-06-30 22:00:01.616637,0 days 00:02:18.247518,96,49,157,COMPLETE
6,-409.86374545411763,2025-06-30 21:57:43.369829,2025-06-30 22:00:16.172605,0 days 00:02:32.802776,148,70,215,COMPLETE
7,-4262.681117221867,2025-06-30 21:57:43.376315,2025-06-30 22:00:06.043668,0 days 00:02:22.667353,78,10,187,COMPLETE
8,3298.6908012680924,2025-06-30 21:57:43.378813,2025-06-30 22:00:08.785763,0 days 00:02:25.406950,101,38,68,COMPLETE
9,845.9672610789603,2025-06-30 21:57:43.379985,2025-06-30 22:00:09.686032,0 days 00:02:26.306047,9,80,170,COMPLETE
10,2542.5459955694296,2025-06-30 21:57:43.385362,2025-06-30 22:00:12.694441,0 days 00:02:29.309079,35,38,152,COMPLETE
11,-1563.8702133729057,2025-06-30 21:57:43.391961,2025-06-30 22:00:22.481625,0 days 00:02:39.089664,55,35,77,COMPLETE
12,-7547.1115780567425,2025-06-30 21:57:43.393973,2025-06-30 22:00:20.207021,0 days 00:02:36.813048,98,28,153,COMPLETE
13,253.47732233295028,2025-06-30 21:57:43.399997,2025-06-30 22:00:19.542022,0 days 00:02:36.142025,22,43,91,COMPLETE
14,-2001.5442004888928,2025-06-30 21:57:43.404349,2025-06-30 22:00:12.446027,0 days 00:02:29.041678,123,33,122,COMPLETE
15,-1082.6994544149666,2025-06-30 21:57:43.406098,2025-06-30 22:00:25.593999,0 days 00:02:42.187901,121,22,111,COMPLETE
16,-3120.4990620979315,2025-06-30 21:57:43.408267,2025-06-30 22:00:26.417935,0 days 00:02:43.009668,151,63,225,COMPLETE
17,2801.112912112785,2025-06-30 21:57:43.409366,2025-06-30 22:00:25.567136,0 days 00:02:42.157770,174,78,246,COMPLETE
18,-1186.4211842864242,2025-06-30 21:57:43.412980,2025-06-30 22:00:28.799675,0 days 00:02:45.386695,89,26,50,COMPLETE
19,-885.6151316610049,2025-06-30 21:57:43.416121,2025-06-30 22:00:23.687979,0 days 00:02:40.271858,108,29,135,COMPLETE
20,963.7228954832462,2025-06-30 21:57:43.440133,2025-06-30 22:00:36.176419,0 days 00:02:52.736286,88,50,91,COMPLETE
21,0.0,2025-06-30 21:57:43.441715,2025-06-30 21:57:53.822527,0 days 00:00:10.380812,134,73,51,COMPLETE
22,3894.134063243394,2025-06-30 21:57:43.497443,2025-06-30 22:00:54.038513,0 days 00:03:10.541070,149,40,146,COMPLETE
23,3384.281846916245,2025-06-30 21:57:43.499058,2025-06-30 22:00:36.693701,0 days 00:02:53.194643,191,22,206,COMPLETE
24,1835.3473517481643,2025-06-30 21:57:43.507239,2025-06-30 22:01:01.716698,0 days 00:03:18.209459,108,25,96,COMPLETE
25,1833.6474778993788,2025-06-30 21:57:43.526691,2025-06-30 22:00:57.856302,0 days 00:03:14.329611,118,38,187,COMPLETE
26,510.8049230084107,2025-06-30 21:57:43.531879,2025-06-30 22:01:04.646250,0 days 00:03:21.114371,160,79,211,COMPLETE
27,0.0,2025-06-30 21:57:43.568323,2025-06-30 21:58:14.482924,0 days 00:00:30.914601,26,71,47,COMPLETE
28,-1019.927608933931,2025-06-30 21:57:43.592402,2025-06-30 22:01:15.066515,0 days 00:03:31.474113,120,69,199,COMPLETE
29,3209.309481111345,2025-06-30 21:57:43.633508,2025-06-30 22:01:30.521210,0 days 00:03:46.887702,199,60,212,COMPLETE
30,2959.1669619303484,2025-06-30 21:57:43.638371,2025-06-30 22:01:33.894511,0 days 00:03:50.256140,66,64,80,COMPLETE
31,2943.689112779593,2025-06-30 21:57:43.646734,2025-06-30 22:01:48.028523,0 days 00:04:04.381789,50,58,166,COMPLETE
32,-10417.76709493044,2025-06-30 21:57:43.649866,2025-06-30 22:01:36.173725,0 days 00:03:52.523859,109,14,132,COMPLETE
33,2171.6862552883485,2025-06-30 21:57:43.665304,2025-06-30 22:01:50.885710,0 days 00:04:07.220406,62,49,217,COMPLETE
34,-1406.234536598723,2025-06-30 21:57:43.683416,2025-06-30 22:02:19.328179,0 days 00:04:35.644763,69,7,174,COMPLETE
35,8073.332656672908,2025-06-30 21:57:43.684356,2025-06-30 22:02:04.541793,0 days 00:04:20.857437,196,37,228,COMPLETE
36,2225.584708381256,2025-06-30 21:57:43.690064,2025-06-30 22:01:53.924966,0 days 00:04:10.234902,72,42,49,COMPLETE
37,2295.944307092038,2025-06-30 21:57:43.704833,2025-06-30 22:02:12.054720,0 days 00:04:28.349887,148,53,236,COMPLETE
38,815.4975740457157,2025-06-30 21:57:43.733651,2025-06-30 22:02:30.342712,0 days 00:04:46.609061,83,57,166,COMPLETE
39,0.0,2025-06-30 21:57:43.741365,2025-06-30 21:59:22.102248,0 days 00:01:38.360883,76,67,51,COMPLETE
40,0.0,2025-06-30 21:57:43.750248,2025-06-30 21:59:28.851923,0 days 00:01:45.101675,35,68,67,COMPLETE
41,0.0,2025-06-30 21:57:43.756084,2025-06-30 21:59:32.986584,0 days 00:01:49.230500,27,70,58,COMPLETE
42,7696.9609071796385,2025-06-30 21:57:43.760769,2025-06-30 22:02:57.060558,0 days 00:05:13.299789,172,42,121,COMPLETE
43,420.50801227647844,2025-06-30 21:57:43.775392,2025-06-30 22:03:06.136262,0 days 00:05:22.360870,143,50,205,COMPLETE
44,3367.6725155787803,2025-06-30 21:57:43.803222,2025-06-30 22:03:16.315259,0 days 00:05:32.512037,39,61,201,COMPLETE
45,1451.44971488384,2025-06-30 21:57:43.809606,2025-06-30 22:03:32.650798,0 days 00:05:48.841192,101,67,189,COMPLETE
46,156.6493253368826,2025-06-30 21:57:43.815177,2025-06-30 22:03:15.055522,0 days 00:05:31.240345,143,19,104,COMPLETE
47,-3214.7954240108656,2025-06-30 21:57:43.847138,2025-06-30 22:04:02.589755,0 days 00:06:18.742617,100,21,141,COMPLETE
48,4082.5704584731416,2025-06-30 21:57:43.855054,2025-06-30 22:04:02.588542,0 days 00:06:18.733488,64,69,110,COMPLETE
49,367.6448603614281,2025-06-30 21:57:43.870288,2025-06-30 22:04:08.961313,0 days 00:06:25.091025,83,77,207,COMPLETE
50,1786.3007279116391,2025-06-30 21:57:43.871672,2025-06-30 22:04:00.160025,0 days 00:06:16.288353,57,20,68,COMPLETE
51,4463.533790554728,2025-06-30 21:57:43.873796,2025-06-30 22:04:14.229772,0 days 00:06:30.355976,192,26,116,COMPLETE
52,5438.484623943806,2025-06-30 21:57:43.878222,2025-06-30 22:04:08.319091,0 days 00:06:24.440869,177,58,153,COMPLETE
53,7310.064749941274,2025-06-30 21:57:43.901460,2025-06-30 22:04:31.746488,0 days 00:06:47.845028,189,27,152,COMPLETE
54,0.0,2025-06-30 21:57:43.932028,2025-06-30 22:00:43.059785,0 days 00:02:59.127757,74,66,33,COMPLETE
55,-5260.537712920745,2025-06-30 21:57:43.966001,2025-06-30 22:04:50.459142,0 days 00:07:06.493141,57,7,109,COMPLETE
56,2916.1289256149676,2025-06-30 21:57:43.987955,2025-06-30 22:05:30.910635,0 days 00:07:46.922680,136,49,215,COMPLETE
57,-1991.5205069717158,2025-06-30 21:57:44.021151,2025-06-30 22:05:10.050616,0 days 00:07:26.029465,45,40,55,COMPLETE
58,-238.619414756914,2025-06-30 21:57:44.158230,2025-06-30 22:05:19.775457,0 days 00:07:35.617227,173,11,75,COMPLETE
59,5118.335836776756,2025-06-30 21:57:44.262306,2025-06-30 22:05:27.182017,0 days 00:07:42.919711,113,76,100,COMPLETE
60,-3315.721231385509,2025-06-30 21:57:44.280785,2025-06-30 22:05:40.309053,0 days 00:07:56.028268,33,10,98,COMPLETE
61,-584.3644878011137,2025-06-30 21:57:44.303513,2025-06-30 22:05:56.941190,0 days 00:08:12.637677,137,67,228,COMPLETE
62,5329.118447785951,2025-06-30 21:57:44.374804,2025-06-30 22:05:43.398268,0 days 00:07:59.023464,185,38,108,COMPLETE
63,-642.267531879188,2025-06-30 21:57:44.416207,2025-06-30 22:06:17.414608,0 days 00:08:32.998401,29,10,205,COMPLETE
64,2368.5665289716208,2025-06-30 21:57:44.453646,2025-06-30 22:06:15.404191,0 days 00:08:30.950545,38,71,159,COMPLETE
65,-13780.90010140858,2025-06-30 21:57:44.502514,2025-06-30 22:06:47.561025,0 days 00:09:03.058511,71,14,73,COMPLETE
66,5350.24458627247,2025-06-30 21:57:44.584162,2025-06-30 22:06:01.134052,0 days 00:08:16.549890,164,51,242,COMPLETE
67,-1650.2174894688424,2025-06-30 21:57:44.611022,2025-06-30 22:06:35.139541,0 days 00:08:50.528519,56,17,224,COMPLETE
68,-1336.5177318099531,2025-06-30 21:57:44.631618,2025-06-30 22:06:16.010177,0 days 00:08:31.378559,91,45,217,COMPLETE
69,-2488.015832796117,2025-06-30 21:57:44.715236,2025-06-30 22:06:34.706865,0 days 00:08:49.991629,113,7,214,COMPLETE
70,-1395.4186327110838,2025-06-30 21:57:44.773348,2025-06-30 22:07:06.908994,0 days 00:09:22.135646,25,41,59,COMPLETE
71,611.6412446909026,2025-06-30 21:57:44.933791,2025-06-30 22:07:19.544825,0 days 00:09:34.611034,87,66,213,COMPLETE
72,-307.8190574601176,2025-06-30 21:57:44.959458,2025-06-30 22:07:56.720432,0 days 00:10:11.760974,123,74,157,COMPLETE
73,-6207.332115593594,2025-06-30 21:57:45.169393,2025-06-30 22:07:20.171367,0 days 00:09:35.001974,75,16,229,COMPLETE
74,5448.380798898499,2025-06-30 21:57:45.318711,2025-06-30 22:07:58.307240,0 days 00:10:12.988529,114,59,116,COMPLETE
75,4092.553769097831,2025-06-30 21:57:45.451573,2025-06-30 22:07:55.449288,0 days 00:10:09.997715,140,62,157,COMPLETE
76,5934.755419951889,2025-06-30 21:57:45.602488,2025-06-30 22:09:16.465697,0 days 00:11:30.863209,115,28,74,COMPLETE
77,3267.383959779675,2025-06-30 21:57:45.748948,2025-06-30 22:09:07.387495,0 days 00:11:21.638547,159,80,133,COMPLETE
78,-2511.7196296275006,2025-06-30 21:57:45.787429,2025-06-30 22:09:54.325680,0 days 00:12:08.538251,62,24,129,COMPLETE
79,5248.151142175864,2025-06-30 21:57:45.967358,2025-06-30 22:08:34.248783,0 days 00:10:48.281425,172,22,197,COMPLETE
80,187.31995915982225,2025-06-30 21:57:46.198355,2025-06-30 22:09:08.368931,0 days 00:11:22.170576,36,20,176,COMPLETE
81,2426.1440435438435,2025-06-30 21:57:46.262225,2025-06-30 22:09:13.905856,0 days 00:11:27.643631,174,80,227,COMPLETE
82,1610.6354094014569,2025-06-30 21:57:46.531593,2025-06-30 22:10:31.713812,0 days 00:12:45.182219,133,9,199,COMPLETE
83,-3613.920754884258,2025-06-30 21:57:46.668072,2025-06-30 22:10:48.285911,0 days 00:13:01.617839,98,18,242,COMPLETE
84,1394.5338677666168,2025-06-30 21:57:46.757750,2025-06-30 22:11:06.662032,0 days 00:13:19.904282,73,34,220,COMPLETE
85,0.0,2025-06-30 21:57:47.083874,2025-06-30 22:03:12.903598,0 days 00:05:25.819724,81,77,52,COMPLETE
86,-4645.078377246822,2025-06-30 21:57:47.711634,2025-06-30 22:15:23.043528,0 days 00:17:35.331894,53,12,63,COMPLETE
87,-166.08831602561622,2025-06-30 21:57:47.928963,2025-06-30 22:15:18.378881,0 days 00:17:30.449918,90,79,141,COMPLETE
88,7704.519088336742,2025-06-30 21:57:48.258493,2025-06-30 22:16:18.140123,0 days 00:18:29.881630,193,20,208,COMPLETE
89,14.045810949894076,2025-06-30 21:57:48.636615,2025-06-30 22:15:49.634415,0 days 00:18:00.997800,76,50,194,COMPLETE
90,1330.3298194196695,2025-06-30 21:57:48.715427,2025-06-30 22:16:11.105255,0 days 00:18:22.389828,76,59,203,COMPLETE
91,1725.0172750799893,2025-06-30 21:57:48.825061,2025-06-30 22:19:31.338261,0 days 00:21:42.513200,79,34,171,COMPLETE
92,-1764.2991608491138,2025-06-30 21:57:48.881295,2025-06-30 22:21:07.401828,0 days 00:23:18.520533,65,18,140,COMPLETE
93,3205.584864756507,2025-06-30 21:57:48.981500,2025-06-30 22:18:19.884080,0 days 00:20:30.902580,136,15,77,COMPLETE
94,2288.1037128817043,2025-06-30 21:57:49.244126,2025-06-30 22:19:43.173398,0 days 00:21:53.929272,117,37,102,COMPLETE
95,3666.6918357002887,2025-06-30 21:57:49.377408,2025-06-30 22:18:26.883196,0 days 00:20:37.505788,153,54,174,COMPLETE
96,-2875.6599531601005,2025-06-30 21:57:49.534423,2025-06-30 22:19:29.158514,0 days 00:21:39.624091,87,7,143,COMPLETE
97,1674.5317425014264,2025-06-30 21:57:49.805208,2025-06-30 22:23:43.886278,0 days 00:25:54.081070,110,34,210,COMPLETE
98,1535.015672428186,2025-06-30 21:57:49.953588,2025-06-30 22:20:11.427591,0 days 00:22:21.474003,12,72,197,COMPLETE
99,7493.989817259259,2025-06-30 21:57:50.009737,2025-06-30 22:22:53.619130,0 days 00:25:03.609393,183,67,152,COMPLETE
100,1367.9171375547357,2025-06-30 21:57:50.146517,2025-06-30 22:22:11.665744,0 days 00:24:21.519227,10,72,245,COMPLETE
101,2569.9200852957856,2025-06-30 21:57:50.370914,2025-06-30 22:21:22.758122,0 days 00:23:32.387208,29,50,78,COMPLETE
102,6082.70231261451,2025-06-30 21:57:50.903726,2025-06-30 22:23:09.842610,0 days 00:25:18.938884,131,59,61,COMPLETE
103,2754.29453997552,2025-06-30 21:57:50.991210,2025-06-30 22:25:06.577031,0 days 00:27:15.585821,154,69,188,COMPLETE
104,151.1824774034758,2025-06-30 21:57:51.114900,2025-06-30 22:22:52.109772,0 days 00:25:00.994872,96,74,146,COMPLETE
105,-2519.8923975265743,2025-06-30 21:57:51.452342,2025-06-30 22:22:58.863665,0 days 00:25:07.411323,61,7,78,COMPLETE
106,-2458.8992771546564,2025-06-30 21:57:51.555142,2025-06-30 22:27:06.450674,0 days 00:29:14.895532,8,15,37,COMPLETE
107,3098.1839696556754,2025-06-30 21:57:51.625095,2025-06-30 22:25:18.277650,0 days 00:27:26.652555,48,75,99,COMPLETE
108,508.1103620569502,2025-06-30 21:57:51.990342,2025-06-30 22:29:02.090993,0 days 00:31:10.100651,27,24,237,COMPLETE
109,6226.652979912626,2025-06-30 21:57:52.271663,2025-06-30 22:25:32.381982,0 days 00:27:40.110319,108,45,95,COMPLETE
110,1822.3878627246304,2025-06-30 21:57:52.348160,2025-06-30 22:27:53.047549,0 days 00:30:00.699389,111,63,158,COMPLETE
111,763.1901830757042,2025-06-30 21:57:52.463632,2025-06-30 22:31:04.752784,0 days 00:33:12.289152,179,40,48,COMPLETE
112,-386.82300069954726,2025-06-30 21:57:52.983946,2025-06-30 22:29:48.730731,0 days 00:31:55.746785,68,28,159,COMPLETE
113,2469.472628580157,2025-06-30 21:57:53.048750,2025-06-30 22:32:29.770746,0 days 00:34:36.721996,67,58,94,COMPLETE
114,-4559.488728814357,2025-06-30 21:57:53.154044,2025-06-30 22:29:54.635496,0 days 00:32:01.481452,112,12,235,COMPLETE
115,-879.758348289447,2025-06-30 21:57:53.283207,2025-06-30 22:28:49.442191,0 days 00:30:56.158984,113,74,222,COMPLETE
116,1964.299970542981,2025-06-30 21:57:53.651216,2025-06-30 22:31:40.479681,0 days 00:33:46.828465,191,6,222,COMPLETE
117,10604.11093674603,2025-06-30 21:57:53.891969,2025-06-30 22:32:54.148140,0 days 00:35:00.256171,161,58,117,COMPLETE
118,1508.1683787338307,2025-06-30 21:57:54.182985,2025-06-30 22:31:10.817157,0 days 00:33:16.634172,130,30,174,COMPLETE
119,891.380704415028,2025-06-30 21:57:54.239653,2025-06-30 22:32:24.259004,0 days 00:34:30.019351,70,43,118,COMPLETE
120,2766.159420899613,2025-06-30 21:57:54.780555,2025-06-30 22:33:17.020214,0 days 00:35:22.239659,49,65,159,COMPLETE
121,-1307.0043771654146,2025-06-30 21:57:54.829659,2025-06-30 22:34:31.819411,0 days 00:36:36.989752,12,31,32,COMPLETE
122,0.0,2025-06-30 21:57:55.107064,2025-06-30 22:07:01.586432,0 days 00:09:06.479368,161,55,53,COMPLETE
123,-311.72717696597556,2025-06-30 21:57:55.285564,2025-06-30 22:29:51.539130,0 days 00:31:56.253566,125,52,233,COMPLETE
124,-2419.2336039225765,2025-06-30 21:57:55.552525,2025-06-30 22:32:51.923545,0 days 00:34:56.371020,64,14,198,COMPLETE
125,-2533.7505742854073,2025-06-30 21:57:55.678681,2025-06-30 22:33:22.758981,0 days 00:35:27.080300,74,16,120,COMPLETE
126,-453.2105718151697,2025-06-30 21:57:55.920924,2025-06-30 22:33:05.522302,0 days 00:35:09.601378,34,51,62,COMPLETE
127,1854.9794731008042,2025-06-30 21:57:57.261736,2025-06-30 22:32:57.860459,0 days 00:35:00.598723,143,57,237,COMPLETE
128,811.9926350773221,2025-06-30 21:57:58.402794,2025-06-30 22:30:53.850640,0 days 00:32:55.447846,16,43,108,COMPLETE
129,1970.4943676455232,2025-06-30 21:57:58.657027,2025-06-30 22:35:28.466578,0 days 00:37:29.809551,82,70,247,COMPLETE
130,-70.1514753003421,2025-06-30 21:57:59.177068,2025-06-30 22:36:14.874138,0 days 00:38:15.697070,44,46,98,COMPLETE
131,-454.25690852256685,2025-06-30 21:57:59.775524,2025-06-30 22:35:32.137618,0 days 00:37:32.362094,30,21,130,COMPLETE
132,3433.5629662450265,2025-06-30 21:58:00.327489,2025-06-30 22:34:48.963800,0 days 00:36:48.636311,38,72,218,COMPLETE
133,-128.1050433499404,2025-06-30 21:58:00.491126,2025-06-30 22:34:10.202935,0 days 00:36:09.711809,20,17,168,COMPLETE
134,1902.1873466705892,2025-06-30 21:58:00.764807,2025-06-30 22:34:53.319411,0 days 00:36:52.554604,8,38,116,COMPLETE
135,0.0,2025-06-30 21:58:00.925134,2025-06-30 22:07:41.984651,0 days 00:09:41.059517,85,70,57,COMPLETE
136,6522.533799458502,2025-06-30 21:58:01.785108,2025-06-30 22:34:45.368848,0 days 00:36:43.583740,104,62,100,COMPLETE
137,7686.887132473823,2025-06-30 21:58:02.022358,2025-06-30 22:34:11.237602,0 days 00:36:09.215244,180,40,121,COMPLETE
138,-2214.866157365457,2025-06-30 21:58:02.196842,2025-06-30 22:32:59.842929,0 days 00:34:57.646087,56,10,181,COMPLETE
139,-6300.469830399574,2025-06-30 21:58:02.306834,2025-06-30 22:36:45.504599,0 days 00:38:43.197765,97,22,187,COMPLETE
140,6629.619372450287,2025-06-30 21:58:02.537487,2025-06-30 22:36:41.004044,0 days 00:38:38.466557,141,71,83,COMPLETE
141,-2506.1595144380362,2025-06-30 21:58:02.606584,2025-06-30 22:38:09.617072,0 days 00:40:07.010488,5,7,37,COMPLETE
142,5674.392774203905,2025-06-30 21:58:02.893218,2025-06-30 22:34:02.957544,0 days 00:36:00.064326,180,37,66,COMPLETE
143,0.0,2025-06-30 21:58:03.194345,2025-06-30 22:08:06.344439,0 days 00:10:03.150094,103,80,45,COMPLETE
144,14372.88046417238,2025-06-30 21:58:03.660609,2025-06-30 22:37:15.886379,0 days 00:39:12.225770,197,28,167,COMPLETE
145,5937.139620158972,2025-06-30 21:58:04.155468,2025-06-30 22:36:21.562613,0 days 00:38:17.407145,173,52,100,COMPLETE
146,-2794.009757695183,2025-06-30 21:58:05.477929,2025-06-30 22:38:03.495862,0 days 00:39:58.017933,97,25,66,COMPLETE
147,201.07013367035415,2025-06-30 21:58:05.875483,2025-06-30 22:36:39.913777,0 days 00:38:34.038294,50,29,197,COMPLETE
148,7999.899377357293,2025-06-30 21:58:05.921224,2025-06-30 22:38:07.133742,0 days 00:40:01.212518,197,76,112,COMPLETE
149,0.0,2025-06-30 21:58:06.490776,2025-06-30 22:08:36.391344,0 days 00:10:29.900568,37,65,55,COMPLETE
150,6997.738710079829,2025-06-30 21:58:06.550736,2025-06-30 22:40:04.881127,0 days 00:41:58.330391,174,49,205,COMPLETE
151,7744.095609856376,2025-06-30 21:58:07.147573,2025-06-30 22:38:22.845714,0 days 00:40:15.698141,194,51,194,COMPLETE
152,1032.9099498917658,2025-06-30 21:58:08.028628,2025-06-30 22:40:39.914327,0 days 00:42:31.885699,157,63,195,COMPLETE
153,3187.025908525441,2025-06-30 21:58:08.517304,2025-06-30 22:40:04.477311,0 days 00:41:55.960007,142,42,193,COMPLETE
154,-627.6488187206514,2025-06-30 21:58:08.660579,2025-06-30 22:40:35.397014,0 days 00:42:26.736435,23,22,211,COMPLETE
155,-194.0086147438533,2025-06-30 21:58:09.121738,2025-06-30 22:40:10.236013,0 days 00:42:01.114275,32,30,56,COMPLETE
156,-25.995646254314124,2025-06-30 21:58:09.594492,2025-06-30 22:40:34.369479,0 days 00:42:24.774987,54,20,249,COMPLETE
157,-418.325934743596,2025-06-30 21:58:10.436906,2025-06-30 22:39:00.381331,0 days 00:40:49.944425,58,32,148,COMPLETE
158,6205.276163877548,2025-06-30 21:58:10.950747,2025-06-30 22:40:06.177839,0 days 00:41:55.227092,169,65,79,COMPLETE
159,3865.981070118267,2025-06-30 21:58:11.101399,2025-06-30 22:39:05.207158,0 days 00:40:54.105759,109,66,89,COMPLETE
160,4496.6294016838,2025-06-30 21:58:11.198245,2025-06-30 22:38:59.021923,0 days 00:40:47.823678,149,70,126,COMPLETE
161,1484.8302403973075,2025-06-30 21:58:11.297866,2025-06-30 22:40:36.321988,0 days 00:42:25.024122,5,30,183,COMPLETE
162,0.0,2025-06-30 21:58:11.622822,2025-06-30 22:09:25.380478,0 days 00:11:13.757656,22,62,33,COMPLETE
163,10204.07883344556,2025-06-30 21:58:11.678424,2025-06-30 22:38:41.205221,0 days 00:40:29.526797,176,50,112,COMPLETE
164,1657.0749915888491,2025-06-30 21:58:12.284593,2025-06-30 22:39:22.317275,0 days 00:41:10.032682,147,74,181,COMPLETE
165,975.3773178261517,2025-06-30 21:58:12.344150,2025-06-30 22:39:09.715552,0 days 00:40:57.371402,110,46,207,COMPLETE
166,-490.0699174444044,2025-06-30 21:58:12.729257,2025-06-30 22:40:30.428985,0 days 00:42:17.699728,94,54,210,COMPLETE
167,-3645.9828525950807,2025-06-30 21:58:12.935752,2025-06-30 22:40:30.821362,0 days 00:42:17.885610,100,23,126,COMPLETE
168,-3339.4226985872992,2025-06-30 21:58:13.686245,2025-06-30 22:40:29.023716,0 days 00:42:15.337471,93,44,240,COMPLETE
169,-3020.859822306612,2025-06-30 21:58:13.932583,2025-06-30 22:41:36.457037,0 days 00:43:22.524454,121,57,207,COMPLETE
170,2501.692565022975,2025-06-30 21:58:14.243401,2025-06-30 22:39:44.500338,0 days 00:41:30.256937,141,69,211,COMPLETE
171,1847.0876800247847,2025-06-30 21:58:14.708901,2025-06-30 22:40:00.062084,0 days 00:41:45.353183,102,50,107,COMPLETE
172,2032.5167916079672,2025-06-30 21:58:14.989270,2025-06-30 22:40:17.625511,0 days 00:42:02.636241,131,70,178,COMPLETE
173,6546.962370257977,2025-06-30 21:58:15.110984,2025-06-30 22:41:13.128329,0 days 00:42:58.017345,184,58,168,COMPLETE
174,-226.80160566750146,2025-06-30 21:58:15.518746,2025-06-30 22:39:56.333737,0 days 00:41:40.814991,42,6,198,COMPLETE
175,8102.912057156946,2025-06-30 21:58:15.698678,2025-06-30 22:39:59.294148,0 days 00:41:43.595470,142,37,178,COMPLETE
176,5690.637434574904,2025-06-30 21:58:16.457311,2025-06-30 22:41:58.852370,0 days 00:43:42.395059,135,36,151,COMPLETE
177,7643.99956841961,2025-06-30 21:58:16.701916,2025-06-30 22:40:06.619160,0 days 00:41:49.917244,194,49,201,COMPLETE
178,8123.471245045275,2025-06-30 21:58:16.846839,2025-06-30 22:39:12.695969,0 days 00:40:55.849130,161,60,167,COMPLETE
179,1629.2687920224753,2025-06-30 21:58:17.115026,2025-06-30 22:39:52.395781,0 days 00:41:35.280755,48,37,159,COMPLETE
180,1798.8215084670182,2025-06-30 21:58:17.468923,2025-06-30 22:41:52.151039,0 days 00:43:34.682116,102,72,123,COMPLETE
181,22.731707611235834,2025-06-30 21:58:18.813001,2025-06-30 22:42:14.488400,0 days 00:43:55.675399,66,31,77,COMPLETE
182,-704.1297821401486,2025-06-30 21:58:19.495235,2025-06-30 22:40:05.748133,0 days 00:41:46.252898,42,38,110,COMPLETE
183,-4175.71072361576,2025-06-30 21:58:19.808615,2025-06-30 22:21:17.591916,0 days 00:22:57.783301,104,23,147,COMPLETE
184,7759.761943939526,2025-06-30 21:58:19.860282,2025-06-30 22:39:42.355081,0 days 00:41:22.494799,193,74,109,COMPLETE
185,4375.858853882049,2025-06-30 21:58:20.640729,2025-06-30 22:40:36.254313,0 days 00:42:15.613584,139,51,145,COMPLETE
186,3285.656368794682,2025-06-30 21:58:20.737883,2025-06-30 22:41:47.875668,0 days 00:43:27.137785,78,20,83,COMPLETE
187,1723.8561940298423,2025-06-30 21:58:21.613835,2025-06-30 22:41:38.423934,0 days 00:43:16.810099,120,12,157,COMPLETE
188,1996.121183160446,2025-06-30 21:58:21.654992,2025-06-30 22:39:28.333227,0 days 00:41:06.678235,6,69,115,COMPLETE
189,-1697.290836392087,2025-06-30 21:58:21.691623,2025-06-30 22:41:47.269716,0 days 00:43:25.578093,45,6,157,COMPLETE
190,6563.879010459448,2025-06-30 21:58:21.908643,2025-06-30 22:40:51.887449,0 days 00:42:29.978806,179,71,240,COMPLETE
191,0.0,2025-06-30 21:58:22.411236,2025-06-30 22:09:51.531355,0 days 00:11:29.120119,58,57,38,COMPLETE
192,1379.0399908000327,2025-06-30 21:58:24.135916,2025-06-30 22:41:34.275229,0 days 00:43:10.139313,122,23,102,COMPLETE
193,-12323.818208475044,2025-06-30 21:58:24.256062,2025-06-30 22:42:10.543941,0 days 00:43:46.287879,85,15,36,COMPLETE
194,-4696.308910272329,2025-06-30 21:58:24.374963,2025-06-30 22:41:16.823421,0 days 00:42:52.448458,126,31,199,COMPLETE
195,2795.616681304477,2025-06-30 21:58:24.518673,2025-06-30 22:39:55.485768,0 days 00:41:30.967095,60,62,207,COMPLETE
196,-2137.2227037129433,2025-06-30 21:58:25.326279,2025-06-30 22:40:39.624094,0 days 00:42:14.297815,58,14,112,COMPLETE
197,392.76219676653363,2025-06-30 21:58:25.643340,2025-06-30 22:42:00.366491,0 days 00:43:34.723151,23,30,228,COMPLETE
198,627.9620917126013,2025-06-30 21:58:25.872417,2025-06-30 22:42:07.245345,0 days 00:43:41.372928,10,50,222,COMPLETE
199,6414.62440140475,2025-06-30 21:58:26.227371,2025-06-30 22:40:56.901662,0 days 00:42:30.674291,173,73,104,COMPLETE
200,-2623.4587004408186,2025-06-30 21:58:26.330819,2025-06-30 22:41:03.336140,0 days 00:42:37.005321,125,58,213,COMPLETE
201,10908.644317487378,2025-06-30 21:58:26.442965,2025-06-30 22:41:44.619669,0 days 00:43:18.176704,146,46,125,COMPLETE
202,-923.2597645557298,2025-06-30 21:58:26.601525,2025-06-30 22:42:27.291367,0 days 00:44:00.689842,102,31,202,COMPLETE
203,1083.4079965054643,2025-06-30 21:58:26.800354,2025-06-30 22:41:26.710284,0 days 00:42:59.909930,53,53,75,COMPLETE
204,-1127.2095632968258,2025-06-30 21:58:27.594600,2025-06-30 22:41:26.140938,0 days 00:42:58.546338,180,8,99,COMPLETE
205,5282.402580253976,2025-06-30 21:58:28.460557,2025-06-30 22:42:33.643599,0 days 00:44:05.183042,165,16,215,COMPLETE
206,2006.7364607219215,2025-06-30 21:58:29.239281,2025-06-30 22:40:56.866833,0 days 00:42:27.627552,140,47,248,COMPLETE
207,-924.2366598340095,2025-06-30 21:58:29.573174,2025-06-30 22:41:03.883544,0 days 00:42:34.310370,52,10,243,COMPLETE
208,8104.907024270168,2025-06-30 21:58:30.109498,2025-06-30 22:41:55.615452,0 days 00:43:25.505954,191,41,122,COMPLETE
209,2593.4940934978613,2025-06-30 21:58:30.340808,2025-06-30 22:41:59.065728,0 days 00:43:28.724920,175,12,183,COMPLETE
210,-1302.2369901887396,2025-06-30 21:58:30.506246,2025-06-30 22:42:57.095681,0 days 00:44:26.589435,6,5,222,COMPLETE
211,1849.9114384022896,2025-06-30 21:58:31.046829,2025-06-30 22:41:37.920218,0 days 00:43:06.873389,79,38,139,COMPLETE
212,5161.402622350569,2025-06-30 21:58:31.343274,2025-06-30 22:41:18.242327,0 days 00:42:46.899053,184,70,137,COMPLETE
213,2384.3827677478066,2025-06-30 21:58:31.620165,2025-06-30 22:42:58.547116,0 days 00:44:26.926951,19,53,90,COMPLETE
214,2829.825056908606,2025-06-30 21:58:31.860993,2025-06-30 22:42:47.947006,0 days 00:44:16.086013,130,44,109,COMPLETE
215,-4088.858216976966,2025-06-30 21:58:31.983800,2025-06-30 22:41:42.984035,0 days 00:43:11.000235,110,27,156,COMPLETE
216,-3851.0166002089936,2025-06-30 21:58:32.132389,2025-06-30 22:42:29.214259,0 days 00:43:57.081870,111,26,241,COMPLETE
217,-5188.555454906943,2025-06-30 21:58:33.198947,2025-06-30 22:41:51.140123,0 days 00:43:17.941176,84,10,123,COMPLETE
218,3639.8849328771284,2025-06-30 21:58:33.538935,2025-06-30 22:40:17.875050,0 days 00:41:44.336115,42,65,209,COMPLETE
219,2968.6695787663275,2025-06-30 21:58:33.787626,2025-06-30 22:42:00.085810,0 days 00:43:26.298184,70,55,233,COMPLETE
220,-4449.9327687333935,2025-06-30 21:58:34.153212,2025-06-30 22:42:47.767920,0 days 00:44:13.614708,101,34,36,COMPLETE
221,7654.695223132859,2025-06-30 21:58:34.405944,2025-06-30 22:41:32.477723,0 days 00:42:58.071779,176,57,127,COMPLETE
222,-802.1855125053753,2025-06-30 21:58:34.482439,2025-06-30 22:41:04.925763,0 days 00:42:30.443324,93,44,46,COMPLETE
223,8299.123133590143,2025-06-30 21:58:34.597309,2025-06-30 22:41:38.976654,0 days 00:43:04.379345,174,72,90,COMPLETE
224,472.08008959367635,2025-06-30 21:58:35.391725,2025-06-30 22:40:06.749077,0 days 00:41:31.357352,132,53,158,COMPLETE
225,-6732.4484272290665,2025-06-30 21:58:35.802992,2025-06-30 22:44:05.376418,0 days 00:45:29.573426,106,7,234,COMPLETE
226,-1669.2063251588906,2025-06-30 21:58:35.953967,2025-06-30 22:42:20.251548,0 days 00:43:44.297581,56,23,146,COMPLETE
227,2944.561239763885,2025-06-30 21:58:37.117838,2025-06-30 22:42:33.819966,0 days 00:43:56.702128,52,50,211,COMPLETE
228,1220.391416795606,2025-06-30 21:58:37.301973,2025-06-30 22:41:13.492742,0 days 00:42:36.190769,11,71,203,COMPLETE
229,1343.7442636543328,2025-06-30 21:58:38.601964,2025-06-30 22:42:29.338045,0 days 00:43:50.736081,104,27,100,COMPLETE
230,3639.6010591267705,2025-06-30 21:58:38.885792,2025-06-30 22:41:50.868921,0 days 00:43:11.983129,168,73,169,COMPLETE
231,1482.4640681360165,2025-06-30 21:58:39.135935,2025-06-30 22:42:37.479495,0 days 00:43:58.343560,23,70,196,COMPLETE
232,2972.5099768045493,2025-06-30 21:58:39.204779,2025-06-30 22:41:41.226298,0 days 00:43:02.021519,176,15,241,COMPLETE
233,-450.6104559285877,2025-06-30 21:58:39.322378,2025-06-30 22:43:05.634593,0 days 00:44:26.312215,57,20,160,COMPLETE
234,10219.397487219552,2025-06-30 21:58:39.456400,2025-06-30 22:42:32.569981,0 days 00:43:53.113581,164,55,116,COMPLETE
235,831.0790410116224,2025-06-30 21:58:39.667815,2025-06-30 22:45:42.987444,0 days 00:47:03.319629,87,22,106,COMPLETE
236,-4639.455512201481,2025-06-30 21:58:39.976628,2025-06-30 22:42:48.896142,0 days 00:44:08.919514,96,19,144,COMPLETE
237,1533.0997959060687,2025-06-30 21:58:40.291339,2025-06-30 22:41:46.981632,0 days 00:43:06.690293,132,39,196,COMPLETE
238,2198.297738531868,2025-06-30 21:58:40.754377,2025-06-30 22:42:41.971143,0 days 00:44:01.216766,78,54,90,COMPLETE
239,-1314.465358608938,2025-06-30 21:58:41.552848,2025-06-30 22:43:47.351565,0 days 00:45:05.798717,104,8,98,COMPLETE
240,1136.2792800644866,2025-06-30 21:58:43.072060,2025-06-30 22:42:26.221793,0 days 00:43:43.149733,74,68,164,COMPLETE
241,2541.3066258704594,2025-06-30 21:58:43.312783,2025-06-30 22:42:07.903177,0 days 00:43:24.590394,195,22,226,COMPLETE
242,4125.701298090763,2025-06-30 21:58:44.820288,2025-06-30 22:43:32.730639,0 days 00:44:47.910351,8,38,169,COMPLETE
243,7238.411976806158,2025-06-30 21:58:45.768244,2025-06-30 22:41:38.089428,0 days 00:42:52.321184,147,41,141,COMPLETE
244,7515.551101708583,2025-06-30 21:58:45.999983,2025-06-30 22:43:02.847076,0 days 00:44:16.847093,179,64,111,COMPLETE
245,338.70922201202757,2025-06-30 21:58:46.392225,2025-06-30 22:42:53.178654,0 days 00:44:06.786429,57,40,194,COMPLETE
246,-128.8344271765027,2025-06-30 21:58:47.829517,2025-06-30 22:42:50.765622,0 days 00:44:02.936105,193,9,64,COMPLETE
247,7285.392063669826,2025-06-30 21:58:48.361570,2025-06-30 22:44:38.157007,0 days 00:45:49.795437,187,66,117,COMPLETE
248,608.5659898559479,2025-06-30 21:58:49.072056,2025-06-30 22:41:41.053974,0 days 00:42:51.981918,47,31,50,COMPLETE
249,4113.856536255,2025-06-30 21:58:49.277311,2025-06-30 22:44:04.907913,0 days 00:45:15.630602,69,17,82,COMPLETE
250,8888.201612742658,2025-06-30 21:58:49.611809,2025-06-30 22:43:10.715769,0 days 00:44:21.103960,194,54,71,COMPLETE
251,1144.8673855185534,2025-06-30 21:58:49.846840,2025-06-30 22:41:50.869559,0 days 00:43:01.022719,29,59,231,COMPLETE
252,1152.1859606174366,2025-06-30 21:58:50.063115,2025-06-30 22:43:13.152185,0 days 00:44:23.089070,73,62,224,COMPLETE
253,1465.8295343223726,2025-06-30 21:58:50.989873,2025-06-30 22:42:31.055279,0 days 00:43:40.065406,101,33,124,COMPLETE
254,912.9219307433777,2025-06-30 21:58:51.067090,2025-06-30 22:42:42.699354,0 days 00:43:51.632264,42,13,221,COMPLETE
255,3659.33915639773,2025-06-30 21:58:52.901988,2025-06-30 22:46:09.212386,0 days 00:47:16.310398,130,47,140,COMPLETE
256,1656.4691958022122,2025-06-30 21:58:53.582373,2025-06-30 22:43:42.588633,0 days 00:44:49.006260,148,23,110,COMPLETE
257,2739.944554633191,2025-06-30 21:58:54.135312,2025-06-30 22:40:59.885736,0 days 00:42:05.750424,163,5,174,COMPLETE
258,-3257.9862029290325,2025-06-30 21:58:55.213725,2025-06-30 22:43:05.412200,0 days 00:44:10.198475,36,13,52,COMPLETE
259,3230.2155584043894,2025-06-30 21:58:56.009539,2025-06-30 22:42:52.500532,0 days 00:43:56.490993,136,39,156,COMPLETE
260,3815.6600793073058,2025-06-30 21:58:56.493201,2025-06-30 22:43:08.072309,0 days 00:44:11.579108,140,50,152,COMPLETE
261,5586.851674753487,2025-06-30 21:58:56.848879,2025-06-30 22:41:51.844872,0 days 00:42:54.995993,190,80,161,COMPLETE
262,1765.364976755688,2025-06-30 21:58:57.246931,2025-06-30 22:43:13.741644,0 days 00:44:16.494713,184,19,100,COMPLETE
263,269.2769940806529,2025-06-30 21:58:57.718964,2025-06-30 22:43:55.971725,0 days 00:44:58.252761,112,37,192,COMPLETE
264,4149.823802649729,2025-06-30 21:58:58.151908,2025-06-30 22:43:31.134596,0 days 00:44:32.982688,42,65,207,COMPLETE
265,-541.216361349917,2025-06-30 21:58:58.809792,2025-06-30 22:43:44.960284,0 days 00:44:46.150492,136,7,86,COMPLETE
266,6123.0488554074445,2025-06-30 21:58:59.645042,2025-06-30 22:42:50.297874,0 days 00:43:50.652832,169,45,214,COMPLETE
267,-808.0429236053415,2025-06-30 21:58:59.960329,2025-06-30 22:42:34.481953,0 days 00:43:34.521624,89,42,175,COMPLETE
268,10402.231330831382,2025-06-30 21:59:00.395273,2025-06-30 22:42:44.699822,0 days 00:43:44.304549,188,57,101,COMPLETE
269,-832.2774381434774,2025-06-30 21:59:01.172159,2025-06-30 22:42:24.258817,0 days 00:43:23.086658,69,42,85,COMPLETE
270,-1115.9437120880957,2025-06-30 21:59:01.544598,2025-06-30 22:45:46.437600,0 days 00:46:44.893002,93,6,81,COMPLETE
271,-1856.8772359675759,2025-06-30 21:59:01.615453,2025-06-30 22:42:59.718473,0 days 00:43:58.103020,97,14,150,COMPLETE
272,1494.8718079841583,2025-06-30 21:59:02.500632,2025-06-30 22:44:44.484989,0 days 00:45:41.984357,104,69,129,COMPLETE
273,7347.0080648282765,2025-06-30 21:59:03.175077,2025-06-30 22:44:03.240413,0 days 00:45:00.065336,178,21,69,COMPLETE
274,2017.7722644320802,2025-06-30 21:59:03.463881,2025-06-30 22:42:32.325207,0 days 00:43:28.861326,54,58,169,COMPLETE
275,4080.8593394763784,2025-06-30 21:59:04.053121,2025-06-30 22:42:52.242208,0 days 00:43:48.189087,42,63,244,COMPLETE
276,-2899.977820874904,2025-06-30 21:59:04.688573,2025-06-30 22:44:06.601002,0 days 00:45:01.912429,152,10,61,COMPLETE
277,3468.1395466951053,2025-06-30 21:59:04.857144,2025-06-30 22:44:01.280665,0 days 00:44:56.423521,29,43,147,COMPLETE
278,-2713.2334526702234,2025-06-30 21:59:05.420987,2025-06-30 22:42:34.699077,0 days 00:43:29.278090,124,15,115,COMPLETE
279,0.0,2025-06-30 21:59:05.657464,2025-06-30 22:11:41.898426,0 days 00:12:36.240962,97,77,58,COMPLETE
280,-1846.40703441394,2025-06-30 21:59:07.049849,2025-06-30 22:44:09.303720,0 days 00:45:02.253871,61,24,178,COMPLETE
281,703.3841357359966,2025-06-30 21:59:08.021346,2025-06-30 22:44:24.737700,0 days 00:45:16.716354,148,5,160,COMPLETE
282,0.0,2025-06-30 21:59:09.382993,2025-06-30 22:11:46.862171,0 days 00:12:37.479178,100,36,36,COMPLETE
283,-640.5039762973611,2025-06-30 21:59:10.008174,2025-06-30 22:43:38.507941,0 days 00:44:28.499767,91,14,249,COMPLETE
284,-14122.514742240506,2025-06-30 21:59:10.657819,2025-06-30 22:44:16.260256,0 days 00:45:05.602437,116,8,58,COMPLETE
285,8971.446908857855,2025-06-30 21:59:10.948836,2025-06-30 22:43:43.844764,0 days 00:44:32.895928,137,74,85,COMPLETE
286,-1328.08518147195,2025-06-30 21:59:11.081601,2025-06-30 22:44:55.109623,0 days 00:45:44.028022,27,48,51,COMPLETE
287,-1435.755267940087,2025-06-30 21:59:12.894408,2025-06-30 22:46:03.488401,0 days 00:46:50.593993,32,8,185,COMPLETE
288,-5711.705748157632,2025-06-30 21:59:13.419732,2025-06-30 22:43:39.611961,0 days 00:44:26.192229,171,58,230,COMPLETE
289,1829.8427707307428,2025-06-30 21:59:13.624382,2025-06-30 22:46:52.671772,0 days 00:47:39.047390,20,45,94,COMPLETE
290,3483.304419914831,2025-06-30 21:59:14.483399,2025-06-30 22:43:16.236223,0 days 00:44:01.752824,56,64,249,COMPLETE
291,164.90691833883375,2025-06-30 21:59:15.282522,2025-06-30 22:45:39.907661,0 days 00:46:24.625139,10,54,243,COMPLETE
292,10629.296916919538,2025-06-30 21:59:15.444054,2025-06-30 22:44:11.689583,0 days 00:44:56.245529,154,56,106,COMPLETE
293,711.1792828900634,2025-06-30 21:59:15.571712,2025-06-30 22:46:26.533150,0 days 00:47:10.961438,196,8,236,COMPLETE
294,3996.2823165541577,2025-06-30 21:59:15.719995,2025-06-30 22:43:04.480131,0 days 00:43:48.760136,132,14,186,COMPLETE
295,-2435.8703754485214,2025-06-30 21:59:16.439354,2025-06-30 22:45:28.875297,0 days 00:46:12.435943,114,19,218,COMPLETE
296,-6293.4752633653625,2025-06-30 21:59:16.556363,2025-06-30 22:44:45.367199,0 days 00:45:28.810836,118,6,242,COMPLETE
297,2514.3090825737745,2025-06-30 21:59:16.856451,2025-06-30 22:44:47.119133,0 days 00:45:30.262682,46,62,98,COMPLETE
298,6687.870292848883,2025-06-30 21:59:17.076938,2025-06-30 22:44:12.871222,0 days 00:44:55.794284,162,31,231,COMPLETE
299,-193.98856126814826,2025-06-30 21:59:18.228011,2025-06-30 22:45:08.675242,0 days 00:45:50.447231,177,15,63,COMPLETE
300,1680.6211423598243,2025-06-30 21:59:19.383497,2025-06-30 22:48:25.741175,0 days 00:49:06.357678,172,21,133,COMPLETE
301,790.0803709941456,2025-06-30 21:59:19.683133,2025-06-30 22:45:56.904452,0 days 00:46:37.221319,34,38,232,COMPLETE
302,-1230.5632304308856,2025-06-30 21:59:20.433876,2025-06-30 22:46:07.940965,0 days 00:46:47.507089,75,12,92,COMPLETE
303,2102.176294054766,2025-06-30 21:59:20.693184,2025-06-30 22:46:15.599302,0 days 00:46:54.906118,67,31,56,COMPLETE
304,0.0,2025-06-30 21:59:20.811496,2025-06-30 22:12:13.840731,0 days 00:12:53.029235,142,66,43,COMPLETE
305,0.0,2025-06-30 21:59:21.133112,2025-06-30 22:12:22.454604,0 days 00:13:01.321492,189,70,62,COMPLETE
306,-4532.622946012716,2025-06-30 21:59:21.547734,2025-06-30 22:45:43.354932,0 days 00:46:21.807198,83,25,169,COMPLETE
307,3641.7143912969277,2025-06-30 21:59:22.884298,2025-06-30 22:46:22.116832,0 days 00:46:59.232534,148,50,68,COMPLETE
308,-4671.536905982911,2025-06-30 21:59:23.079533,2025-06-30 22:44:06.366169,0 days 00:44:43.286636,87,8,156,COMPLETE
309,-4735.522561539091,2025-06-30 21:59:23.282345,2025-06-30 22:44:08.056783,0 days 00:44:44.774438,110,5,140,COMPLETE
310,-5126.97641983473,2025-06-30 21:59:23.763025,2025-06-30 22:45:59.213297,0 days 00:46:35.450272,65,13,70,COMPLETE
311,-8930.145575479844,2025-06-30 21:59:24.388213,2025-06-30 22:45:27.806371,0 days 00:46:03.418158,115,10,233,COMPLETE
312,-856.1176782313842,2025-06-30 21:59:27.047507,2025-06-30 22:43:49.792498,0 days 00:44:22.744991,166,60,238,COMPLETE
313,-2671.368178881491,2025-06-30 21:59:27.502531,2025-06-30 22:44:40.656358,0 days 00:45:13.153827,108,12,215,COMPLETE
314,185.62222356520124,2025-06-30 21:59:27.702038,2025-06-30 22:45:28.374563,0 days 00:46:00.672525,135,75,237,COMPLETE
315,-2434.300788073381,2025-06-30 21:59:27.889645,2025-06-30 22:47:52.936529,0 days 00:48:25.046884,23,11,123,COMPLETE
316,3928.4270771585816,2025-06-30 21:59:29.125748,2025-06-30 22:47:34.387565,0 days 00:48:05.261817,96,63,101,COMPLETE
317,3553.932130331308,2025-06-30 21:59:29.597164,2025-06-30 22:45:30.125252,0 days 00:46:00.528088,154,30,126,COMPLETE
318,0.0,2025-06-30 21:59:30.006850,2025-06-30 22:12:32.510953,0 days 00:13:02.504103,154,58,34,COMPLETE
319,-4131.948936251233,2025-06-30 21:59:30.293546,2025-06-30 22:45:39.622397,0 days 00:46:09.328851,69,5,141,COMPLETE
320,6517.143058673088,2025-06-30 21:59:32.095825,2025-06-30 22:44:00.984866,0 days 00:44:28.889041,177,64,156,COMPLETE
321,5259.542369001701,2025-06-30 21:59:32.740974,2025-06-30 22:45:11.503753,0 days 00:45:38.762779,200,75,184,COMPLETE
322,5972.2353124892625,2025-06-30 21:59:33.176435,2025-06-30 22:43:52.740325,0 days 00:44:19.563890,193,66,145,COMPLETE
323,3810.067603188367,2025-06-30 21:59:33.399419,2025-06-30 22:45:53.179578,0 days 00:46:19.780159,186,15,237,COMPLETE
324,5910.304250779166,2025-06-30 21:59:34.058306,2025-06-30 22:46:52.213010,0 days 00:47:18.154704,133,19,93,COMPLETE
325,1468.7725484913763,2025-06-30 21:59:35.273621,2025-06-30 22:46:37.443827,0 days 00:47:02.170206,31,48,161,COMPLETE
326,741.5336879829892,2025-06-30 21:59:36.025615,2025-06-30 22:44:23.237747,0 days 00:44:47.212132,20,42,74,COMPLETE
327,-1446.1512554600413,2025-06-30 21:59:36.369257,2025-06-30 22:45:00.337951,0 days 00:45:23.968694,27,26,45,COMPLETE
328,1758.4486655647388,2025-06-30 21:59:36.544253,2025-06-30 22:46:39.778007,0 days 00:47:03.233754,98,46,54,COMPLETE
329,5051.606034673381,2025-06-30 21:59:36.727678,2025-06-30 22:46:39.381265,0 days 00:47:02.653587,130,34,158,COMPLETE
330,6236.235157455364,2025-06-30 21:59:38.475793,2025-06-30 22:44:39.113252,0 days 00:45:00.637459,118,23,55,COMPLETE
331,0.0,2025-06-30 21:59:38.722724,2025-06-30 22:12:51.681166,0 days 00:13:12.958442,101,77,77,COMPLETE
332,1358.2344352896262,2025-06-30 21:59:39.204231,2025-06-30 22:47:36.456444,0 days 00:47:57.252213,18,75,129,COMPLETE
333,6688.891154362177,2025-06-30 21:59:40.276355,2025-06-30 22:44:43.365734,0 days 00:45:03.089379,174,70,144,COMPLETE
334,-2119.749961910279,2025-06-30 21:59:40.510066,2025-06-30 22:47:05.406685,0 days 00:47:24.896619,152,29,206,COMPLETE
335,0.0,2025-06-30 21:59:41.098822,2025-06-30 22:12:59.146199,0 days 00:13:18.047377,62,55,32,COMPLETE
336,2726.4084074170414,2025-06-30 21:59:41.980677,2025-06-30 22:43:44.990995,0 days 00:44:03.010318,126,44,83,COMPLETE
337,891.8332649218501,2025-06-30 21:59:42.758175,2025-06-30 22:46:53.058920,0 days 00:47:10.300745,21,32,86,COMPLETE
338,2153.8141131119783,2025-06-30 21:59:43.025212,2025-06-30 22:44:49.449626,0 days 00:45:06.424414,101,40,51,COMPLETE
339,0.0,2025-06-30 21:59:43.271730,2025-06-30 22:13:07.844510,0 days 00:13:24.572780,170,80,65,COMPLETE
340,-576.6740290774578,2025-06-30 21:59:43.779793,2025-06-30 22:45:32.760271,0 days 00:45:48.980478,94,17,73,COMPLETE
341,2782.453575563556,2025-06-30 21:59:44.409914,2025-06-30 22:45:45.542030,0 days 00:46:01.132116,103,47,229,COMPLETE
342,3455.603639619167,2025-06-30 21:59:45.004962,2025-06-30 22:45:47.871981,0 days 00:46:02.867019,64,77,92,COMPLETE
343,4711.696670636341,2025-06-30 21:59:45.086241,2025-06-30 22:48:18.093751,0 days 00:48:33.007510,156,37,59,COMPLETE
344,-2751.298231627874,2025-06-30 21:59:45.244307,2025-06-30 22:48:16.041799,0 days 00:48:30.797492,84,26,156,COMPLETE
345,742.9577003334061,2025-06-30 21:59:45.634043,2025-06-30 22:46:59.219018,0 days 00:47:13.584975,200,20,87,COMPLETE
346,942.7960951699224,2025-06-30 21:59:46.448070,2025-06-30 22:45:43.155235,0 days 00:45:56.707165,26,59,228,COMPLETE
347,10240.129445831284,2025-06-30 21:59:46.936675,2025-06-30 22:45:38.823156,0 days 00:45:51.886481,190,70,99,COMPLETE
348,-1766.9575610065185,2025-06-30 21:59:47.088146,2025-06-30 22:46:49.910151,0 days 00:47:02.822005,39,7,246,COMPLETE
349,114.96838303651839,2025-06-30 21:59:47.555337,2025-06-30 22:48:37.357482,0 days 00:48:49.802145,45,13,210,COMPLETE
350,3611.726049287283,2025-06-30 21:59:47.999328,2025-06-30 22:47:59.369748,0 days 00:48:11.370420,189,16,95,COMPLETE
351,2705.4732000865715,2025-06-30 21:59:48.359616,2025-06-30 22:45:19.410591,0 days 00:45:31.050975,98,78,91,COMPLETE
352,-3633.5178297836264,2025-06-30 21:59:48.949954,2025-06-30 22:47:18.644605,0 days 00:47:29.694651,101,6,45,COMPLETE
353,2809.473810900711,2025-06-30 21:59:49.350766,2025-06-30 22:46:18.508985,0 days 00:46:29.158219,53,69,101,COMPLETE
354,2230.030113759178,2025-06-30 21:59:49.712276,2025-06-30 22:45:25.687110,0 days 00:45:35.974834,17,39,168,COMPLETE
355,2613.0511011895105,2025-06-30 21:59:50.110426,2025-06-30 22:46:11.677971,0 days 00:46:21.567545,46,45,246,COMPLETE
356,1733.322973365397,2025-06-30 21:59:50.324118,2025-06-30 22:46:50.384592,0 days 00:47:00.060474,68,28,191,COMPLETE
357,3146.7003306617103,2025-06-30 21:59:50.497681,2025-06-30 22:46:02.150795,0 days 00:46:11.653114,71,66,71,COMPLETE
358,5461.745704345176,2025-06-30 21:59:52.812579,2025-06-30 22:45:57.635846,0 days 00:46:04.823267,160,27,80,COMPLETE
359,3573.01394277682,2025-06-30 21:59:53.209675,2025-06-30 22:46:11.442321,0 days 00:46:18.232646,105,78,80,COMPLETE
360,-2939.621751552516,2025-06-30 21:59:53.593607,2025-06-30 22:46:02.314008,0 days 00:46:08.720401,105,15,208,COMPLETE
361,1398.2499744049255,2025-06-30 21:59:54.768074,2025-06-30 22:49:13.349178,0 days 00:49:18.581104,69,32,57,COMPLETE
362,9082.249975000555,2025-06-30 21:59:55.384108,2025-06-30 22:44:56.865171,0 days 00:45:01.481063,146,40,128,COMPLETE
363,4521.83726486298,2025-06-30 21:59:56.098793,2025-06-30 22:46:24.949291,0 days 00:46:28.850498,150,35,61,COMPLETE
364,192.18670865201238,2025-06-30 21:59:56.796896,2025-06-30 22:46:52.494112,0 days 00:46:55.697216,67,33,131,COMPLETE
365,2686.7781149490766,2025-06-30 21:59:56.980065,2025-06-30 22:45:37.196309,0 days 00:45:40.216244,34,71,144,COMPLETE
366,825.3801962699481,2025-06-30 22:00:00.100111,2025-06-30 22:49:24.053050,0 days 00:49:23.952939,70,51,225,COMPLETE
367,2054.726894617271,2025-06-30 22:00:00.572435,2025-06-30 22:46:13.043277,0 days 00:46:12.470842,138,9,185,COMPLETE
368,1139.997562814985,2025-06-30 22:00:00.895826,2025-06-30 22:46:34.263682,0 days 00:46:33.367856,84,61,189,COMPLETE
369,5484.060196232125,2025-06-30 22:00:01.037335,2025-06-30 22:45:43.058826,0 days 00:45:42.021491,189,35,226,COMPLETE
370,627.7481949635339,2025-06-30 22:00:01.434336,2025-06-30 22:45:11.616137,0 days 00:45:10.181801,25,62,226,COMPLETE
371,7733.0953960646475,2025-06-30 22:00:02.277171,2025-06-30 22:07:36.784892,0 days 00:07:34.507721,197,38,124,COMPLETE
372,7854.3186379196095,2025-06-30 22:00:02.765556,2025-06-30 22:06:50.418567,0 days 00:06:47.653011,200,35,127,COMPLETE
373,8182.899693239378,2025-06-30 22:00:03.195479,2025-06-30 22:09:27.979937,0 days 00:09:24.784458,195,36,123,COMPLETE
374,8249.894254132587,2025-06-30 22:00:03.307332,2025-06-30 22:17:59.125294,0 days 00:17:55.817962,193,36,123,COMPLETE
375,7491.187238967653,2025-06-30 22:00:03.394372,2025-06-30 22:08:51.087606,0 days 00:08:47.693234,197,36,121,COMPLETE
376,6622.0125362834,2025-06-30 22:00:03.873852,2025-06-30 22:09:37.126285,0 days 00:09:33.252433,198,38,121,COMPLETE
377,6739.183832281877,2025-06-30 22:00:04.633821,2025-06-30 22:09:36.087227,0 days 00:09:31.453406,190,37,118,COMPLETE
378,7780.723986469531,2025-06-30 22:00:05.061111,2025-06-30 22:09:58.429553,0 days 00:09:53.368442,196,35,122,COMPLETE
379,6716.986482907653,2025-06-30 22:00:05.097031,2025-06-30 22:28:31.831880,0 days 00:28:26.734849,184,37,121,COMPLETE
380,5565.366078811955,2025-06-30 22:00:05.207441,2025-06-30 22:22:20.522183,0 days 00:22:15.314742,198,32,119,COMPLETE
381,7819.265249019445,2025-06-30 22:00:05.587078,2025-06-30 22:12:24.966164,0 days 00:12:19.379086,199,35,127,COMPLETE
382,9392.648256174001,2025-06-30 22:00:05.989976,2025-06-30 22:24:55.259300,0 days 00:24:49.269324,193,38,129,COMPLETE
383,11649.43768033487,2025-06-30 22:00:06.522001,2025-06-30 22:12:57.677377,0 days 00:12:51.155376,196,47,121,COMPLETE
384,12780.224031920628,2025-06-30 22:00:07.084924,2025-06-30 22:08:37.328644,0 days 00:08:30.243720,196,45,124,COMPLETE
385,15144.867669022238,2025-06-30 22:00:07.972903,2025-06-30 22:07:54.050545,0 days 00:07:46.077642,188,47,125,COMPLETE
386,13151.196985842073,2025-06-30 22:00:08.125832,2025-06-30 22:31:33.129841,0 days 00:31:25.004009,199,50,124,COMPLETE
387,13296.696899959925,2025-06-30 22:00:08.350281,2025-06-30 22:15:27.792353,0 days 00:15:19.442072,194,46,125,COMPLETE
388,5048.900342697906,2025-06-30 22:00:08.958607,2025-06-30 22:09:15.908814,0 days 00:09:06.950207,188,41,107,COMPLETE
389,4374.981218537995,2025-06-30 22:00:09.144100,2025-06-30 22:13:50.031765,0 days 00:13:40.887665,197,36,110,COMPLETE
390,5384.791459716979,2025-06-30 22:00:09.529905,2025-06-30 22:39:08.105252,0 days 00:38:58.575347,186,38,111,COMPLETE
391,4609.598365430768,2025-06-30 22:00:10.012267,2025-06-30 22:15:45.083851,0 days 00:15:35.071584,181,37,108,COMPLETE
392,5388.55181748765,2025-06-30 22:00:10.363813,2025-06-30 22:08:53.290238,0 days 00:08:42.926425,195,38,109,COMPLETE
393,6402.486743241634,2025-06-30 22:00:10.489662,2025-06-30 22:18:42.508280,0 days 00:18:32.018618,200,38,100,COMPLETE
394,6145.929036121861,2025-06-30 22:00:10.848267,2025-06-30 22:51:16.451734,0 days 00:51:05.603467,194,39,107,COMPLETE
395,3533.9419655806187,2025-06-30 22:00:11.289080,2025-06-30 22:23:25.902078,0 days 00:23:14.612998,187,31,116,COMPLETE
396,5723.334236619329,2025-06-30 22:00:11.311668,2025-06-30 22:10:33.172432,0 days 00:10:21.860764,200,37,109,COMPLETE
397,5753.90153420974,2025-06-30 22:00:11.414188,2025-06-30 22:25:22.299671,0 days 00:25:10.885483,196,40,113,COMPLETE
398,9058.053122518853,2025-06-30 22:00:12.800097,2025-06-30 22:26:38.417254,0 days 00:26:25.617157,191,54,105,COMPLETE
399,11516.951383132997,2025-06-30 22:00:12.928209,2025-06-30 22:25:58.412304,0 days 00:25:45.484095,185,55,106,COMPLETE
400,7127.799703043548,2025-06-30 22:00:13.119692,2025-06-30 22:26:06.632234,0 days 00:25:53.512542,189,51,104,COMPLETE
401,7086.328791443088,2025-06-30 22:00:13.560581,2025-06-30 22:28:17.242816,0 days 00:28:03.682235,185,52,105,COMPLETE
402,12427.400700639704,2025-06-30 22:00:13.642192,2025-06-30 22:12:15.806021,0 days 00:12:02.163829,183,52,111,COMPLETE
403,7411.559568562936,2025-06-30 22:00:14.446329,2025-06-30 22:29:01.161224,0 days 00:28:46.714895,186,48,109,COMPLETE
404,8647.963344974287,2025-06-30 22:00:14.637385,2025-06-30 22:12:38.276673,0 days 00:12:23.639288,189,52,107,COMPLETE
405,8248.206285736926,2025-06-30 22:00:15.136633,2025-06-30 22:30:26.200274,0 days 00:30:11.063641,181,52,106,COMPLETE
406,11183.788564479306,2025-06-30 22:00:15.228381,2025-06-30 22:31:17.565301,0 days 00:31:02.336920,194,51,113,COMPLETE
407,11835.666160060977,2025-06-30 22:00:15.817701,2025-06-30 22:31:28.583733,0 days 00:31:12.766032,180,52,109,COMPLETE
408,12882.562948262726,2025-06-30 22:00:15.868349,2025-06-30 22:08:24.374200,0 days 00:08:08.505851,191,52,115,COMPLETE
409,7437.300138104707,2025-06-30 22:00:15.989597,2025-06-30 22:33:50.838432,0 days 00:33:34.848835,198,51,104,COMPLETE
410,7739.326339683994,2025-06-30 22:00:16.524911,2025-06-30 22:47:57.202321,0 days 00:47:40.677410,187,49,109,COMPLETE
411,12759.591049025868,2025-06-30 22:00:16.643563,2025-06-30 22:13:57.232226,0 days 00:13:40.588663,188,53,113,COMPLETE
412,14821.89637392931,2025-06-30 22:00:17.401606,2025-06-30 22:33:40.593649,0 days 00:33:23.192043,183,52,113,COMPLETE
413,12952.6371533788,2025-06-30 22:00:17.813847,2025-06-30 22:31:29.881557,0 days 00:31:12.067710,195,52,113,COMPLETE
414,6877.316878612959,2025-06-30 22:00:18.265670,2025-06-30 22:35:28.051592,0 days 00:35:09.785922,191,52,104,COMPLETE
415,11976.52725911787,2025-06-30 22:00:18.541310,2025-06-30 22:49:09.698933,0 days 00:48:51.157623,198,52,112,COMPLETE
416,9223.753317700059,2025-06-30 22:00:18.877956,2025-06-30 22:35:55.917624,0 days 00:35:37.039668,194,51,107,COMPLETE
417,3057.7046425663693,2025-06-30 22:00:19.758578,2025-06-30 22:49:14.667259,0 days 00:48:54.908681,197,20,124,COMPLETE
418,5496.0602901372395,2025-06-30 22:00:19.908512,2025-06-30 22:09:59.213312,0 days 00:09:39.304800,192,21,122,COMPLETE
419,12566.241005656726,2025-06-30 22:00:20.234424,2025-06-30 22:49:25.122916,0 days 00:49:04.888492,194,53,116,COMPLETE
420,10778.246183112393,2025-06-30 22:00:21.619976,2025-06-30 22:40:49.309137,0 days 00:40:27.689161,197,55,118,COMPLETE
421,12165.209491762627,2025-06-30 22:00:21.676557,2025-06-30 22:42:23.511680,0 days 00:42:01.835123,195,58,115,COMPLETE
422,10361.769800717015,2025-06-30 22:00:21.699110,2025-06-30 22:24:17.366877,0 days 00:23:55.667767,197,56,117,COMPLETE
423,1244.0277882727578,2025-06-30 22:00:22.232031,2025-06-30 22:44:23.473532,0 days 00:44:01.241501,162,20,119,COMPLETE
424,11794.01060667965,2025-06-30 22:00:22.302770,2025-06-30 22:45:51.907110,0 days 00:45:29.604340,196,56,118,COMPLETE
425,12937.79698511885,2025-06-30 22:00:23.726235,2025-06-30 23:20:58.248662,0 days 01:20:34.522427,197,55,114,COMPLETE
426,10578.996028590662,2025-06-30 22:00:23.816718,2025-06-30 22:44:40.075822,0 days 00:44:16.259104,193,55,107,COMPLETE
427,13655.121253167952,2025-06-30 22:00:24.411484,2025-06-30 22:27:08.158533,0 days 00:26:43.747049,192,54,115,COMPLETE
428,9244.23680439858,2025-06-30 22:00:24.755995,2025-06-30 22:45:26.090836,0 days 00:45:01.334841,197,54,106,COMPLETE
429,8486.714615286695,2025-06-30 22:00:25.222133,2025-06-30 23:04:18.341432,0 days 01:03:53.119299,183,53,105,COMPLETE
430,11856.617847149993,2025-06-30 22:00:25.327461,2025-06-30 22:27:40.759544,0 days 00:27:15.432083,197,52,112,COMPLETE
431,0.0,2025-06-30 22:00:25.944507,2025-06-30 22:06:18.271528,0 days 00:05:52.327021,194,54,31,COMPLETE
432,-1668.2963718643714,2025-06-30 22:00:26.040952,2025-06-30 22:53:08.564719,0 days 00:52:42.523767,193,57,247,COMPLETE
433,-294.38730319493607,2025-06-30 22:00:26.124696,2025-06-30 22:28:09.883979,0 days 00:27:43.759283,194,53,249,COMPLETE
434,6460.471229018314,2025-06-30 22:00:26.377105,2025-06-30 22:51:37.831136,0 days 00:51:11.454031,191,48,101,COMPLETE
435,0.0,2025-06-30 22:00:26.958194,2025-06-30 22:18:27.661154,0 days 00:18:00.702960,198,53,31,COMPLETE
436,0.0,2025-06-30 22:00:27.026112,2025-06-30 22:41:40.653874,0 days 00:41:13.627762,183,53,30,COMPLETE
437,13081.010482200618,2025-06-30 22:00:27.174114,2025-06-30 22:49:19.527718,0 days 00:48:52.353604,198,52,113,COMPLETE
438,9663.663982907115,2025-06-30 22:00:27.273693,2025-06-30 22:54:11.966025,0 days 00:53:44.692332,199,54,105,COMPLETE
439,7956.851279728295,2025-06-30 22:00:27.569691,2025-06-30 22:54:28.671473,0 days 00:54:01.101782,187,53,104,COMPLETE
440,0.0,2025-06-30 22:00:27.770472,2025-06-30 22:23:14.715030,0 days 00:22:46.944558,200,56,32,COMPLETE
441,8291.498710801425,2025-06-30 22:00:27.852343,2025-06-30 22:48:48.223019,0 days 00:48:20.370676,200,52,106,COMPLETE
442,7434.453645306639,2025-06-30 22:00:27.909042,2025-06-30 22:31:36.983771,0 days 00:31:09.074729,188,50,105,COMPLETE
443,7131.275706837512,2025-06-30 22:00:28.511194,2025-06-30 22:49:17.845905,0 days 00:48:49.334711,195,54,102,COMPLETE
444,6750.790299787159,2025-06-30 22:00:28.800208,2025-06-30 22:49:28.262326,0 days 00:48:59.462118,194,54,100,COMPLETE
445,5516.6292057953,2025-06-30 22:00:29.134455,2025-06-30 22:29:47.529699,0 days 00:29:18.395244,178,53,100,COMPLETE
446,6823.400761501286,2025-06-30 22:00:29.187482,2025-06-30 22:55:29.330495,0 days 00:55:00.143013,199,54,100,COMPLETE
447,0.0,2025-06-30 22:00:29.674007,2025-06-30 22:51:11.511392,0 days 00:50:41.837385,191,52,30,COMPLETE
448,12042.115868307956,2025-06-30 22:00:30.561920,2025-06-30 22:49:57.754609,0 days 00:49:27.192689,191,56,109,COMPLETE
449,12810.328219681398,2025-06-30 22:00:30.804189,2025-06-30 22:55:25.999434,0 days 00:54:55.195245,194,57,113,COMPLETE
450,0.0,2025-06-30 22:00:30.856997,2025-06-30 22:25:58.238807,0 days 00:25:27.381810,190,56,30,COMPLETE
451,0.0,2025-06-30 22:00:30.979835,2025-06-30 22:25:53.034443,0 days 00:25:22.054608,195,53,30,COMPLETE
452,0.0,2025-06-30 22:00:31.292119,2025-06-30 22:46:05.933110,0 days 00:45:34.640991,193,56,30,COMPLETE
453,10800.824696628873,2025-06-30 22:00:31.853317,2025-06-30 22:50:28.003702,0 days 00:49:56.150385,193,56,106,COMPLETE
454,6233.265795825007,2025-06-30 22:00:32.250183,2025-06-30 22:36:35.184300,0 days 00:36:02.934117,192,54,101,COMPLETE
455,7646.045385029736,2025-06-30 22:00:33.493345,2025-06-30 22:38:10.748404,0 days 00:37:37.255059,183,55,96,COMPLETE
456,0.0,2025-06-30 22:00:35.151174,2025-06-30 22:48:21.487413,0 days 00:47:46.336239,194,53,30,COMPLETE
457,7684.900418438629,2025-06-30 22:00:35.510288,2025-06-30 22:41:06.089955,0 days 00:40:30.579667,195,54,97,COMPLETE
458,7766.6029344876815,2025-06-30 22:00:35.594727,2025-06-30 23:00:27.325607,0 days 00:59:51.730880,195,52,99,COMPLETE
459,0.0,2025-06-30 22:00:36.292119,2025-06-30 22:32:15.704421,0 days 00:31:39.412302,195,54,31,COMPLETE
460,11284.631845516798,2025-06-30 22:00:36.628107,2025-06-30 22:50:56.477549,0 days 00:50:19.849442,197,58,113,COMPLETE
461,7300.681049827683,2025-06-30 22:00:36.694198,2025-06-30 22:44:09.528085,0 days 00:43:32.833887,198,17,192,COMPLETE
462,4176.767492954958,2025-06-30 22:00:36.740705,2025-06-30 22:44:27.965423,0 days 00:43:51.224718,195,56,200,COMPLETE
463,6650.317740160709,2025-06-30 22:00:36.874500,2025-06-30 22:51:23.593793,0 days 00:50:46.719293,200,17,190,COMPLETE
464,7111.795599383762,2025-06-30 22:00:37.213154,2025-06-30 23:00:07.027011,0 days 00:59:29.813857,196,18,197,COMPLETE
465,6206.930707288118,2025-06-30 22:00:37.570901,2025-06-30 22:51:26.661238,0 days 00:50:49.090337,196,16,195,COMPLETE
466,13015.374071402533,2025-06-30 22:00:38.341810,2025-06-30 23:15:29.029626,0 days 01:14:50.687816,199,18,30,COMPLETE
467,4817.434820304337,2025-06-30 22:00:38.771489,2025-06-30 22:52:25.269309,0 days 00:51:46.497820,195,20,189,COMPLETE
468,5716.872697425767,2025-06-30 22:00:39.685638,2025-06-30 23:19:18.676851,0 days 01:18:38.991213,198,18,203,COMPLETE
469,11054.751107892618,2025-06-30 22:00:40.101806,2025-06-30 22:51:36.317496,0 days 00:50:56.215690,186,19,30,COMPLETE
470,6565.498897607981,2025-06-30 22:00:40.166347,2025-06-30 22:51:35.292851,0 days 00:50:55.126504,198,15,188,COMPLETE
471,5317.384552648122,2025-06-30 22:00:40.309605,2025-06-30 23:00:53.496186,0 days 01:00:13.186581,200,17,194,COMPLETE
472,5935.895162245044,2025-06-30 22:00:40.892776,2025-06-30 22:53:50.646737,0 days 00:53:09.753961,190,16,200,COMPLETE
473,7327.001931705949,2025-06-30 22:00:40.953974,2025-06-30 22:52:56.894886,0 days 00:52:15.940912,200,17,188,COMPLETE
474,5192.096222440024,2025-06-30 22:00:41.152206,2025-06-30 22:51:42.086236,0 days 00:51:00.934030,196,13,31,COMPLETE
475,6990.143448129208,2025-06-30 22:00:41.615924,2025-06-30 22:52:38.527719,0 days 00:51:56.911795,197,16,188,COMPLETE
476,9805.523572452512,2025-06-30 22:00:41.786285,2025-06-30 22:46:06.302384,0 days 00:45:24.516099,198,16,30,COMPLETE
477,7163.1203329333475,2025-06-30 22:00:41.969472,2025-06-30 22:52:11.392777,0 days 00:51:29.423305,198,17,200,COMPLETE
478,6156.439619386255,2025-06-30 22:00:41.992311,2025-06-30 23:02:44.996221,0 days 01:02:03.003910,194,16,201,COMPLETE
479,9203.115957524187,2025-06-30 22:00:42.491106,2025-06-30 22:48:55.298895,0 days 00:48:12.807789,196,16,30,COMPLETE
480,7385.643883477014,2025-06-30 22:00:43.495298,2025-06-30 22:53:54.295412,0 days 00:53:10.800114,193,18,190,COMPLETE
481,6347.944439342563,2025-06-30 22:00:43.652051,2025-06-30 22:54:45.627944,0 days 00:54:01.975893,199,18,198,COMPLETE
482,5160.873541056084,2025-06-30 22:00:43.814586,2025-06-30 22:47:02.965177,0 days 00:46:19.150591,200,16,192,COMPLETE
483,5599.941496845742,2025-06-30 22:00:44.577507,2025-06-30 22:54:23.938226,0 days 00:53:39.360719,200,14,198,COMPLETE
484,7621.534459444729,2025-06-30 22:00:44.723010,2025-06-30 22:54:06.554831,0 days 00:53:21.831821,197,21,199,COMPLETE
485,1022.8225438715999,2025-06-30 22:00:45.025585,2025-06-30 22:49:06.195388,0 days 00:48:21.169803,199,17,116,COMPLETE
486,6976.321141882823,2025-06-30 22:00:45.824139,2025-06-30 22:54:38.231467,0 days 00:53:52.407328,192,17,190,COMPLETE
487,5834.891945683643,2025-06-30 22:00:46.376459,2025-06-30 22:54:10.665877,0 days 00:53:24.289418,195,15,201,COMPLETE
488,8033.859530217353,2025-06-30 22:00:46.429252,2025-06-30 22:55:07.653514,0 days 00:54:21.224262,198,18,189,COMPLETE
489,8182.552413736676,2025-06-30 22:00:46.554580,2025-06-30 23:05:31.767539,0 days 01:04:45.212959,194,18,193,COMPLETE
490,3738.366223639373,2025-06-30 22:00:46.811244,2025-06-30 22:54:43.302603,0 days 00:53:56.491359,195,18,201,COMPLETE
491,6552.013962272651,2025-06-30 22:00:47.453959,2025-06-30 23:07:36.674005,0 days 01:06:49.220046,192,17,202,COMPLETE
492,6953.416106302551,2025-06-30 22:00:47.496821,2025-06-30 22:54:05.939917,0 days 00:53:18.443096,192,20,195,COMPLETE
493,8404.552064657699,2025-06-30 22:00:49.309401,2025-06-30 22:55:25.892171,0 days 00:54:36.582770,196,19,189,COMPLETE
494,4850.531386571662,2025-06-30 22:00:50.166180,2025-06-30 23:05:50.504836,0 days 01:05:00.338656,200,15,195,COMPLETE
495,5986.611153486364,2025-06-30 22:00:50.548886,2025-06-30 23:08:43.386563,0 days 01:07:52.837677,197,16,200,COMPLETE
496,6810.585519149249,2025-06-30 22:00:51.486131,2025-06-30 23:29:38.126241,0 days 01:28:46.640110,196,17,195,COMPLETE
497,257.1539069039163,2025-06-30 22:00:51.711784,2025-06-30 22:55:03.238264,0 days 00:54:11.526480,191,18,109,COMPLETE
498,4972.454610777588,2025-06-30 22:00:51.804712,2025-06-30 22:55:49.096740,0 days 00:54:57.292028,192,18,204,COMPLETE
499,6069.936153219762,2025-06-30 22:00:52.049772,2025-06-30 22:55:10.542615,0 days 00:54:18.492843,200,15,186,COMPLETE
500,5558.686006083892,2025-06-30 22:00:53.003311,2025-06-30 22:49:58.376593,0 days 00:49:05.373282,195,13,195,COMPLETE
501,7302.0493724895,2025-06-30 22:00:53.156279,2025-06-30 23:07:06.441789,0 days 01:06:13.285510,193,20,194,COMPLETE
502,7380.2583430669165,2025-06-30 22:00:53.666411,2025-06-30 22:56:26.942482,0 days 00:55:33.276071,199,19,191,COMPLETE
503,4875.185158764418,2025-06-30 22:00:54.381695,2025-06-30 22:50:26.097719,0 days 00:49:31.716024,195,12,193,COMPLETE
504,12208.83447802208,2025-06-30 22:00:54.630152,2025-06-30 22:54:48.033432,0 days 00:53:53.403280,197,19,185,COMPLETE
505,5013.998426617519,2025-06-30 22:00:55.587593,2025-06-30 22:56:19.549152,0 days 00:55:23.961559,185,11,189,COMPLETE
506,5435.221352309448,2025-06-30 22:00:56.001275,2025-06-30 22:55:41.419708,0 days 00:54:45.418433,190,11,192,COMPLETE
507,6126.770213850338,2025-06-30 22:00:56.335714,2025-06-30 22:49:44.153818,0 days 00:48:47.818104,197,17,198,COMPLETE
508,6034.501256938639,2025-06-30 22:00:56.444900,2025-06-30 23:09:42.260488,0 days 01:08:45.815588,192,16,191,COMPLETE
509,7078.550253213678,2025-06-30 22:00:56.508312,2025-06-30 23:35:45.656992,0 days 01:34:49.148680,194,17,190,COMPLETE
510,7139.209939399425,2025-06-30 22:00:56.980658,2025-06-30 23:09:53.862319,0 days 01:08:56.881661,198,17,189,COMPLETE
511,5538.046651472157,2025-06-30 22:00:57.077424,2025-06-30 22:57:16.131146,0 days 00:56:19.053722,196,17,194,COMPLETE
512,7800.641528170206,2025-06-30 22:00:57.431060,2025-06-30 22:58:30.759031,0 days 00:57:33.327971,196,18,187,COMPLETE
513,5715.244635979166,2025-06-30 22:00:57.566889,2025-06-30 22:56:41.748584,0 days 00:55:44.181695,194,15,189,COMPLETE
514,6148.7728745951845,2025-06-30 22:00:57.728641,2025-06-30 23:09:46.600241,0 days 01:08:48.871600,198,18,207,COMPLETE
515,3756.27285440821,2025-06-30 22:00:58.261404,2025-06-30 22:57:35.824328,0 days 00:56:37.562924,181,12,199,COMPLETE
516,5933.329615221579,2025-06-30 22:00:58.500988,2025-06-30 22:57:26.807017,0 days 00:56:28.306029,200,16,199,COMPLETE
517,6055.369193108417,2025-06-30 22:01:00.058161,2025-06-30 22:57:58.584541,0 days 00:56:58.526380,195,16,201,COMPLETE
518,6534.6303668463415,2025-06-30 22:01:00.897785,2025-06-30 22:50:07.751482,0 days 00:49:06.853697,198,17,202,COMPLETE
519,6931.3955861766135,2025-06-30 22:01:00.933781,2025-06-30 22:57:45.103363,0 days 00:56:44.169582,193,16,203,COMPLETE
520,7212.249940737439,2025-06-30 22:01:01.333698,2025-06-30 22:58:11.951528,0 days 00:57:10.617830,196,16,187,COMPLETE
521,6324.280918492995,2025-06-30 22:01:01.444269,2025-06-30 22:58:23.398543,0 days 00:57:21.954274,193,16,196,COMPLETE
522,4573.9725395992045,2025-06-30 22:01:01.490271,2025-06-30 22:59:41.496769,0 days 00:58:40.006498,199,18,201,COMPLETE
523,6490.107169850245,2025-06-30 22:01:01.645687,2025-06-30 22:58:54.073996,0 days 00:57:52.428309,194,17,203,COMPLETE
524,2415.7368748959207,2025-06-30 22:01:01.884202,2025-06-30 23:12:12.703342,0 days 01:11:10.819140,200,20,117,COMPLETE
525,1994.6756078096278,2025-06-30 22:01:02.322862,2025-06-30 23:10:58.988047,0 days 01:09:56.665185,192,17,113,COMPLETE
526,2361.542749564376,2025-06-30 22:01:02.620413,2025-06-30 22:49:44.589661,0 days 00:48:41.969248,198,16,117,COMPLETE
527,-189.8385239509944,2025-06-30 22:01:03.015217,2025-06-30 22:50:26.725032,0 days 00:49:23.709815,196,18,109,COMPLETE
528,6024.79048796619,2025-06-30 22:01:03.169501,2025-06-30 23:34:52.774756,0 days 01:33:49.605255,199,17,198,COMPLETE
529,8706.503798548014,2025-06-30 22:01:03.227740,2025-06-30 22:59:48.901470,0 days 00:58:45.673730,188,47,111,COMPLETE
530,-111.90410185476594,2025-06-30 22:01:03.279194,2025-06-30 22:58:42.614527,0 days 00:57:39.335333,199,16,112,COMPLETE
531,3469.443849474652,2025-06-30 22:01:03.373126,2025-06-30 22:58:36.707079,0 days 00:57:33.333953,188,18,201,COMPLETE
532,-988.9594122654034,2025-06-30 22:01:03.686463,2025-06-30 22:58:45.317014,0 days 00:57:41.630551,195,14,113,COMPLETE
533,1682.0734454577332,2025-06-30 22:01:03.934124,2025-06-30 22:58:54.074081,0 days 00:57:50.139957,200,18,117,COMPLETE
534,5670.624549933788,2025-06-30 22:01:04.584099,2025-06-30 22:42:08.704910,0 days 00:41:04.120811,197,15,198,COMPLETE
535,1612.2033489082532,2025-06-30 22:01:04.789095,2025-06-30 22:58:49.510223,0 days 00:57:44.721128,195,17,123,COMPLETE
536,-427.5277614765755,2025-06-30 22:01:05.328754,2025-06-30 22:58:34.202556,0 days 00:57:28.873802,200,14,112,COMPLETE
537,8987.681555987258,2025-06-30 22:01:05.392440,2025-06-30 22:50:17.167894,0 days 00:49:11.775454,197,48,110,COMPLETE
538,278.17393756352885,2025-06-30 22:01:05.555838,2025-06-30 22:59:51.710652,0 days 00:58:46.154814,198,18,110,COMPLETE
539,704.8316496731168,2025-06-30 22:01:06.724790,2025-06-30 23:15:57.443512,0 days 01:14:50.718722,185,19,107,COMPLETE
540,-2266.2594040325102,2025-06-30 22:01:06.835454,2025-06-30 22:59:45.932699,0 days 00:58:39.097245,200,18,108,COMPLETE
541,232.58766703767742,2025-06-30 22:01:07.625119,2025-06-30 23:00:54.274474,0 days 00:59:46.649355,199,19,107,COMPLETE
542,-193.94766553673253,2025-06-30 22:01:07.819498,2025-06-30 22:51:53.379097,0 days 00:50:45.559599,199,17,111,COMPLETE
543,-821.3125437113868,2025-06-30 22:01:07.860577,2025-06-30 22:51:33.520576,0 days 00:50:25.659999,189,14,122,COMPLETE
544,-2281.8292599184024,2025-06-30 22:01:07.945314,2025-06-30 22:58:58.382105,0 days 00:57:50.436791,195,17,107,COMPLETE
545,539.769064866201,2025-06-30 22:01:08.348969,2025-06-30 22:53:35.498353,0 days 00:52:27.149384,192,17,132,COMPLETE
546,-193.94766553673253,2025-06-30 22:01:09.131813,2025-06-30 23:01:40.325979,0 days 01:00:31.194166,199,17,111,COMPLETE
547,1853.448484040283,2025-06-30 22:01:09.290337,2025-06-30 23:17:56.663391,0 days 01:16:47.373054,197,15,118,COMPLETE
548,201.42507560813738,2025-06-30 22:01:09.519720,2025-06-30 23:36:03.119355,0 days 01:34:53.599635,199,18,110,COMPLETE
549,100.88374256572843,2025-06-30 22:01:09.785402,2025-06-30 23:01:04.134973,0 days 00:59:54.349571,199,16,113,COMPLETE
550,355.3944855261461,2025-06-30 22:01:09.971319,2025-06-30 23:01:49.351336,0 days 01:00:39.380017,198,19,114,COMPLETE
551,1719.2752696739053,2025-06-30 22:01:10.060171,2025-06-30 22:46:35.276508,0 days 00:45:25.216337,189,17,115,COMPLETE
552,2461.1571784829684,2025-06-30 22:01:11.253964,2025-06-30 23:00:56.057858,0 days 00:59:44.803894,188,17,117,COMPLETE
553,1961.7677413677911,2025-06-30 22:01:11.911874,2025-06-30 22:46:49.347760,0 days 00:45:37.435886,199,17,121,COMPLETE
554,1137.0728436297277,2025-06-30 22:01:12.279676,2025-06-30 23:00:38.467350,0 days 00:59:26.187674,197,18,115,COMPLETE
555,-638.4314853014639,2025-06-30 22:01:12.431807,2025-06-30 23:35:36.601213,0 days 01:34:24.169406,197,17,108,COMPLETE
556,278.17393756352885,2025-06-30 22:01:12.483384,2025-06-30 23:03:23.343069,0 days 01:02:10.859685,198,18,110,COMPLETE
557,2405.5126913913828,2025-06-30 22:01:12.595743,2025-06-30 22:51:14.330999,0 days 00:50:01.735256,197,17,124,COMPLETE
558,8967.840804525724,2025-06-30 22:01:12.879205,2025-06-30 23:06:30.661618,0 days 01:05:17.782413,199,47,111,COMPLETE
559,-95.76517257181604,2025-06-30 22:01:12.919792,2025-06-30 23:02:19.464874,0 days 01:01:06.545082,198,17,111,COMPLETE
560,-2070.4013863115124,2025-06-30 22:01:13.341259,2025-06-30 23:20:55.589058,0 days 01:19:42.247799,199,12,114,COMPLETE
561,-2277.857993361499,2025-06-30 22:01:14.758057,2025-06-30 23:04:43.897201,0 days 01:03:29.139144,185,13,111,COMPLETE
562,1672.5903851199419,2025-06-30 22:01:15.030672,2025-06-30 23:02:28.807371,0 days 01:01:13.776699,200,17,115,COMPLETE
563,1038.204501629314,2025-06-30 22:01:15.738973,2025-06-30 23:05:55.681354,0 days 01:04:39.942381,200,19,113,COMPLETE
564,2782.135908389547,2025-06-30 22:01:16.159847,2025-06-30 22:53:18.635411,0 days 00:52:02.475564,192,20,105,COMPLETE
565,309.7281485596277,2025-06-30 22:01:16.235533,2025-06-30 23:05:54.493645,0 days 01:04:38.258112,191,15,112,COMPLETE
566,-726.6699204931401,2025-06-30 22:01:16.336810,2025-06-30 23:25:38.058520,0 days 01:24:21.721710,195,15,111,COMPLETE
567,-665.401410920208,2025-06-30 22:01:16.852525,2025-06-30 23:24:46.977647,0 days 01:23:30.125122,199,18,111,COMPLETE
568,644.1722024508799,2025-06-30 22:01:17.195813,2025-06-30 23:06:04.073596,0 days 01:04:46.877783,195,17,109,COMPLETE
569,1030.4349529920028,2025-06-30 22:01:17.665359,2025-06-30 23:04:42.155660,0 days 01:03:24.490301,191,14,117,COMPLETE
570,1331.0109428394908,2025-06-30 22:01:18.320780,2025-06-30 23:04:07.267964,0 days 01:02:48.947184,198,19,116,COMPLETE
571,959.3819606873676,2025-06-30 22:01:19.069153,2025-06-30 23:07:41.197558,0 days 01:06:22.128405,194,17,109,COMPLETE
572,-1010.5707293269297,2025-06-30 22:01:19.766574,2025-06-30 23:06:38.486899,0 days 01:05:18.720325,198,12,122,COMPLETE
573,174.90563088251565,2025-06-30 22:01:19.933236,2025-06-30 23:06:34.669515,0 days 01:05:14.736279,196,16,113,COMPLETE
574,-224.3094365608622,2025-06-30 22:01:20.741962,2025-06-30 22:54:53.051120,0 days 00:53:32.309158,195,13,114,COMPLETE
575,10377.461991482534,2025-06-30 22:01:21.402570,2025-06-30 23:07:49.483686,0 days 01:06:28.081116,200,47,115,COMPLETE
576,3635.050610872022,2025-06-30 22:01:21.901049,2025-06-30 23:06:47.863250,0 days 01:05:25.962201,199,17,76,COMPLETE
577,-1007.5327442454491,2025-06-30 22:01:22.813014,2025-06-30 22:48:40.433027,0 days 00:47:17.620013,197,13,115,COMPLETE
578,-2433.750257908171,2025-06-30 22:01:23.715901,2025-06-30 23:13:51.970234,0 days 01:12:28.254333,199,12,111,COMPLETE
579,-2603.271879305861,2025-06-30 22:01:24.218932,2025-06-30 22:54:14.926937,0 days 00:52:50.708005,197,11,109,COMPLETE
580,1994.6756078096278,2025-06-30 22:01:24.715357,2025-06-30 23:42:47.567608,0 days 01:41:22.852251,192,17,113,COMPLETE
581,-1274.6693883300886,2025-06-30 22:01:25.422720,2025-06-30 23:09:30.325509,0 days 01:08:04.902789,199,15,113,COMPLETE
582,1519.0727128775998,2025-06-30 22:01:25.693521,2025-06-30 23:32:32.648404,0 days 01:31:06.954883,197,17,115,COMPLETE
583,-112.72388053272425,2025-06-30 22:01:25.885106,2025-06-30 23:31:49.108247,0 days 01:30:23.223141,200,17,111,COMPLETE
584,-1707.9923650122328,2025-06-30 22:01:26.250766,2025-06-30 23:07:33.465208,0 days 01:06:07.214442,200,12,120,COMPLETE
585,-423.9968937851645,2025-06-30 22:01:27.246982,2025-06-30 23:10:40.587119,0 days 01:09:13.340137,182,17,107,COMPLETE
586,-2422.8101723186137,2025-06-30 22:01:27.628232,2025-06-30 23:07:30.652453,0 days 01:06:03.024221,197,17,105,COMPLETE
587,9060.429136889476,2025-06-30 22:01:28.032535,2025-06-30 23:08:45.171865,0 days 01:07:17.139330,198,49,111,COMPLETE
588,1338.5996076600732,2025-06-30 22:01:28.557342,2025-06-30 23:11:37.528221,0 days 01:10:08.970879,188,19,108,COMPLETE
589,-2138.442299595512,2025-06-30 22:01:29.110433,2025-06-30 23:10:26.526645,0 days 01:08:57.416212,190,13,110,COMPLETE
590,-1087.7064841266347,2025-06-30 22:01:30.117942,2025-06-30 23:31:24.745310,0 days 01:29:54.627368,194,17,105,COMPLETE
591,-592.9281721049647,2025-06-30 22:01:30.184517,2025-06-30 23:08:53.597510,0 days 01:07:23.412993,196,15,114,COMPLETE
592,-943.9128157614487,2025-06-30 22:01:30.497887,2025-06-30 23:31:52.295354,0 days 01:30:21.797467,197,12,115,COMPLETE
593,-1867.3601647779396,2025-06-30 22:01:30.884038,2025-06-30 23:10:43.222249,0 days 01:09:12.338211,196,17,106,COMPLETE
594,1904.0712092069152,2025-06-30 22:01:30.995009,2025-06-30 22:58:12.738202,0 days 00:56:41.743193,195,16,124,COMPLETE
595,-3729.2151478381584,2025-06-30 22:01:31.450320,2025-06-30 22:57:03.050685,0 days 00:55:31.600365,195,15,109,COMPLETE
596,-759.6997206741189,2025-06-30 22:01:31.593204,2025-06-30 22:58:02.488886,0 days 00:56:30.895682,197,14,112,COMPLETE
597,-2816.835199776995,2025-06-30 22:01:31.652474,2025-06-30 23:10:10.921375,0 days 01:08:39.268901,197,15,107,COMPLETE
598,-215.89108091125217,2025-06-30 22:01:32.180085,2025-06-30 23:32:23.216306,0 days 01:30:51.036221,195,18,109,COMPLETE
599,1976.5019415710412,2025-06-30 22:01:32.656917,2025-06-30 23:29:23.695682,0 days 01:27:51.038765,189,17,113,COMPLETE
600,2091.9860619592364,2025-06-30 22:01:32.884250,2025-06-30 23:10:14.118284,0 days 01:08:41.234034,199,17,117,COMPLETE
601,-1604.002764224303,2025-06-30 22:01:33.424304,2025-06-30 23:07:47.902414,0 days 01:06:14.478110,200,18,107,COMPLETE
602,-1420.4581858739248,2025-06-30 22:01:33.493955,2025-06-30 23:32:19.591125,0 days 01:30:46.097170,196,12,108,COMPLETE
603,1359.3955105053465,2025-06-30 22:01:34.190855,2025-06-30 22:50:16.276561,0 days 00:48:42.085706,194,19,110,COMPLETE
604,1411.6254626233385,2025-06-30 22:01:35.003781,2025-06-30 23:10:39.634718,0 days 01:09:04.630937,196,17,113,COMPLETE
605,81.53395954912776,2025-06-30 22:01:35.364385,2025-06-30 23:11:22.405779,0 days 01:09:47.041394,194,18,109,COMPLETE
606,6547.472626765814,2025-06-30 22:01:36.323780,2025-06-30 22:58:11.174472,0 days 00:56:34.850692,194,45,107,COMPLETE
607,5979.426938650614,2025-06-30 22:01:36.930265,2025-06-30 22:58:31.416478,0 days 00:56:54.486213,192,44,108,COMPLETE
608,5287.13318591108,2025-06-30 22:01:37.492726,2025-06-30 22:57:44.137482,0 days 00:56:06.644756,178,45,107,COMPLETE
609,8713.019143388217,2025-06-30 22:01:37.949509,2025-06-30 22:59:53.511610,0 days 00:58:15.562101,191,46,109,COMPLETE
610,7100.313219377933,2025-06-30 22:01:38.881457,2025-06-30 23:00:11.712953,0 days 00:58:32.831496,199,45,108,COMPLETE
611,7306.343371037863,2025-06-30 22:01:39.022240,2025-06-30 23:13:22.884941,0 days 01:11:43.862701,197,51,106,COMPLETE
612,6075.458743267165,2025-06-30 22:01:39.282855,2025-06-30 22:58:56.208746,0 days 00:57:16.925891,188,45,106,COMPLETE
613,10165.912913215721,2025-06-30 22:01:40.339666,2025-06-30 23:32:03.924321,0 days 01:30:23.584655,188,47,117,COMPLETE
614,10356.68239707843,2025-06-30 22:01:40.542937,2025-06-30 23:23:29.172804,0 days 01:21:48.629867,199,46,113,COMPLETE
615,7865.134174640142,2025-06-30 22:01:41.202135,2025-06-30 23:13:55.087190,0 days 01:12:13.885055,188,49,109,COMPLETE
616,6827.025260080676,2025-06-30 22:01:41.386272,2025-06-30 23:13:20.095224,0 days 01:11:38.708952,195,45,108,COMPLETE
617,7231.259473803641,2025-06-30 22:01:41.950943,2025-06-30 23:18:23.382967,0 days 01:16:41.432024,196,50,107,COMPLETE
618,6132.101961545826,2025-06-30 22:01:42.189965,2025-06-30 23:21:01.185354,0 days 01:19:18.995389,197,44,107,COMPLETE
619,9623.28030214511,2025-06-30 22:01:42.413994,2025-06-30 23:43:35.200393,0 days 01:41:52.786399,195,46,112,COMPLETE
620,8565.05887000457,2025-06-30 22:01:43.872301,2025-06-30 22:59:58.923594,0 days 00:58:15.051293,197,49,110,COMPLETE
621,8713.019143388217,2025-06-30 22:01:44.134190,2025-06-30 23:16:39.720867,0 days 01:14:55.586677,191,46,109,COMPLETE
622,7582.513036628599,2025-06-30 22:01:44.525710,2025-06-30 23:19:16.939391,0 days 01:17:32.413681,196,44,113,COMPLETE
623,6396.959819413352,2025-06-30 22:01:44.794383,2025-06-30 22:59:36.667448,0 days 00:57:51.873065,192,46,105,COMPLETE
624,10314.360960582468,2025-06-30 22:01:44.915852,2025-06-30 23:16:29.646567,0 days 01:14:44.730715,196,45,117,COMPLETE
625,7601.963960495458,2025-06-30 22:01:45.117247,2025-06-30 23:15:40.981488,0 days 01:13:55.864241,195,45,109,COMPLETE
626,6730.896746296953,2025-06-30 22:01:45.422290,2025-06-30 23:17:41.142921,0 days 01:15:55.720631,182,46,107,COMPLETE
627,9646.95413749126,2025-06-30 22:01:45.667658,2025-06-30 22:59:13.196648,0 days 00:57:27.528990,199,46,112,COMPLETE
628,8979.135714940849,2025-06-30 22:01:46.048817,2025-06-30 23:39:49.801041,0 days 01:38:03.752224,196,45,110,COMPLETE
629,7348.470471275972,2025-06-30 22:01:46.114342,2025-06-30 23:23:46.324642,0 days 01:22:00.210300,196,45,101,COMPLETE
630,6608.706028279758,2025-06-30 22:01:46.357934,2025-06-30 23:21:09.915240,0 days 01:19:23.557306,195,45,106,COMPLETE
631,6861.287923329092,2025-06-30 22:01:46.433804,2025-06-30 23:16:22.018206,0 days 01:14:35.584402,199,47,104,COMPLETE
632,6629.865961339564,2025-06-30 22:01:47.300316,2025-06-30 23:17:09.928311,0 days 01:15:22.627995,195,43,113,COMPLETE
633,6292.318488018875,2025-06-30 22:01:47.386489,2025-06-30 23:21:44.361360,0 days 01:19:56.974871,183,45,104,COMPLETE
634,8624.026323058362,2025-06-30 22:01:48.122902,2025-06-30 23:21:07.739660,0 days 01:19:19.616758,190,44,116,COMPLETE
635,7721.524683709644,2025-06-30 22:01:48.504196,2025-06-30 23:20:29.841828,0 days 01:18:41.337632,196,45,109,COMPLETE
636,511.6013541612183,2025-06-30 22:01:49.161883,2025-06-30 23:21:19.642618,0 days 01:19:30.480735,198,17,109,COMPLETE
637,5951.593604453227,2025-06-30 22:01:49.850506,2025-06-30 23:22:06.263429,0 days 01:20:16.412923,197,44,106,COMPLETE
638,1059.5007802750642,2025-06-30 22:01:51.214080,2025-06-30 23:23:19.772790,0 days 01:21:28.558710,194,19,113,COMPLETE
639,302.53653164457955,2025-06-30 22:01:51.861299,2025-06-30 23:24:06.157156,0 days 01:22:14.295857,195,19,107,COMPLETE
640,868.5002846570933,2025-06-30 22:01:52.486132,2025-06-30 23:40:27.768372,0 days 01:38:35.282240,191,19,104,COMPLETE
641,2363.3786064657043,2025-06-30 22:01:53.009084,2025-06-30 23:04:58.214034,0 days 01:03:05.204950,193,19,105,COMPLETE
642,519.0422609715697,2025-06-30 22:01:53.080088,2025-06-30 23:18:18.150202,0 days 01:16:25.070114,196,19,106,COMPLETE
643,6417.557074095261,2025-06-30 22:01:53.154588,2025-06-30 23:18:22.927742,0 days 01:16:29.773154,191,45,104,COMPLETE
644,1572.2085170150249,2025-06-30 22:01:53.485212,2025-06-30 23:40:48.865035,0 days 01:38:55.379823,196,20,108,COMPLETE
645,1969.8096730728803,2025-06-30 22:01:55.030046,2025-06-30 23:03:11.105323,0 days 01:01:16.075277,194,17,114,COMPLETE
646,631.0698367869718,2025-06-30 22:01:55.250473,2025-06-30 23:22:15.691564,0 days 01:20:20.441091,195,20,113,COMPLETE
647,1773.178744959071,2025-06-30 22:01:56.011246,2025-06-30 23:23:52.434623,0 days 01:21:56.423377,192,19,109,COMPLETE
648,660.9697172383412,2025-06-30 22:01:56.376492,2025-06-30 23:41:24.055124,0 days 01:39:27.678632,196,20,112,COMPLETE
649,-41.092910756337005,2025-06-30 22:01:56.662566,2025-06-30 23:28:03.283436,0 days 01:26:06.620870,195,22,100,COMPLETE
650,2593.8015845281616,2025-06-30 22:01:56.821431,2025-06-30 23:28:43.511080,0 days 01:26:46.689649,194,20,106,COMPLETE
651,-2063.1459121975795,2025-06-30 22:01:56.875067,2025-06-30 23:25:43.315730,0 days 01:23:46.440663,180,17,112,COMPLETE
652,-1483.6238781555576,2025-06-30 22:01:57.166901,2025-06-30 23:27:55.229615,0 days 01:25:58.062714,198,16,105,COMPLETE
653,-2157.1093421292026,2025-06-30 22:01:59.248316,2025-06-30 23:32:30.320321,0 days 01:30:31.072005,197,18,106,COMPLETE
654,2613.7869697745055,2025-06-30 22:01:59.816831,2025-06-30 23:27:10.117046,0 days 01:25:10.300215,192,20,106,COMPLETE
655,556.0738141140946,2025-06-30 22:01:59.878306,2025-06-30 23:26:53.951056,0 days 01:24:54.072750,192,18,100,COMPLETE
656,-1068.8918953965358,2025-06-30 22:02:01.010394,2025-06-30 23:25:28.837884,0 days 01:23:27.827490,194,13,107,COMPLETE
657,-2458.850896556205,2025-06-30 22:02:01.422398,2025-06-30 23:28:12.928204,0 days 01:26:11.505806,196,18,108,COMPLETE
658,-2317.981355032871,2025-06-30 22:02:02.095600,2025-06-30 23:27:46.329584,0 days 01:25:44.233984,193,15,108,COMPLETE
659,1420.763182699795,2025-06-30 22:02:02.634204,2025-06-30 23:26:15.678850,0 days 01:24:13.044646,196,19,109,COMPLETE
660,1190.421081681944,2025-06-30 22:02:04.044176,2025-06-30 23:41:58.884356,0 days 01:39:54.840180,196,21,106,COMPLETE
661,-2172.569827586288,2025-06-30 22:02:04.334486,2025-06-30 22:54:40.090988,0 days 00:52:35.756502,196,16,106,COMPLETE
662,3029.055186790084,2025-06-30 22:02:04.558184,2025-06-30 23:43:01.201831,0 days 01:40:56.643647,198,19,236,COMPLETE
663,3508.4795460272435,2025-06-30 22:02:04.832418,2025-06-30 23:28:52.868039,0 days 01:26:48.035621,199,16,236,COMPLETE
664,5013.9944083410655,2025-06-30 22:02:05.213788,2025-06-30 23:40:01.000811,0 days 01:37:55.787023,193,16,232,COMPLETE
665,4925.109073645716,2025-06-30 22:02:06.525176,2025-06-30 22:54:52.595266,0 days 00:52:46.070090,197,45,232,COMPLETE
666,4648.393178035985,2025-06-30 22:02:06.826276,2025-06-30 23:08:26.116632,0 days 01:06:19.290356,198,19,233,COMPLETE
667,3119.826801317742,2025-06-30 22:02:07.217391,2025-06-30 23:41:17.236371,0 days 01:39:10.018980,200,19,231,COMPLETE
668,3675.3399732847392,2025-06-30 22:02:08.149183,2025-06-30 23:40:45.852421,0 days 01:38:37.703238,199,20,232,COMPLETE
669,4391.03227828004,2025-06-30 22:02:08.377665,2025-06-30 23:07:56.884756,0 days 01:05:48.507091,200,17,233,COMPLETE
670,3654.2705879899804,2025-06-30 22:02:09.618920,2025-06-30 23:07:39.658726,0 days 01:05:30.039806,197,21,234,COMPLETE
671,3240.4278187553527,2025-06-30 22:02:10.264279,2025-06-30 23:07:45.230303,0 days 01:05:34.966024,197,21,238,COMPLETE
672,4361.153441749568,2025-06-30 22:02:11.724653,2025-06-30 23:31:22.073854,0 days 01:29:10.349201,198,14,233,COMPLETE
673,11084.629034360358,2025-06-30 22:02:12.604839,2025-06-30 23:26:39.616819,0 days 01:24:27.011980,195,17,184,COMPLETE
674,-2349.6727528112624,2025-06-30 22:02:12.705220,2025-06-30 23:29:38.118847,0 days 01:27:25.413627,196,17,107,COMPLETE
675,7800.641528170206,2025-06-30 22:02:12.841864,2025-06-30 23:05:12.716396,0 days 01:02:59.874532,196,18,187,COMPLETE
676,3150.2838653521903,2025-06-30 22:02:13.689539,2025-06-30 23:31:47.133488,0 days 01:29:33.443949,200,18,234,COMPLETE
677,-2604.2413468101568,2025-06-30 22:02:14.198315,2025-06-30 23:30:52.348317,0 days 01:28:38.150002,198,18,104,COMPLETE
678,1160.6174539760777,2025-06-30 22:02:14.959196,2025-06-30 23:08:16.749460,0 days 01:06:01.790264,199,20,111,COMPLETE
679,6577.765710769718,2025-06-30 22:02:16.266770,2025-06-30 23:40:28.376358,0 days 01:38:12.109588,199,44,108,COMPLETE
680,-414.75784152293363,2025-06-30 22:02:16.932512,2025-06-30 23:30:30.559290,0 days 01:28:13.626778,198,18,112,COMPLETE
681,12755.818777520635,2025-06-30 22:02:17.076080,2025-06-30 23:34:53.557650,0 days 01:32:36.481570,194,18,184,COMPLETE
682,7134.343790510803,2025-06-30 22:02:17.394140,2025-06-30 23:28:18.034483,0 days 01:26:00.640343,189,19,192,COMPLETE
683,10742.012111440992,2025-06-30 22:02:17.717493,2025-06-30 23:41:54.647476,0 days 01:39:36.929983,200,17,184,COMPLETE
684,6335.711275358875,2025-06-30 22:02:18.047221,2025-06-30 23:30:33.976991,0 days 01:28:15.929770,198,44,105,COMPLETE
685,278.17393756352885,2025-06-30 22:02:19.009634,2025-06-30 23:00:24.291964,0 days 00:58:05.282330,198,18,110,COMPLETE
686,5903.605492392463,2025-06-30 22:02:19.945016,2025-06-30 22:57:38.998479,0 days 00:55:19.053463,198,44,110,COMPLETE
687,6103.316762378784,2025-06-30 22:02:20.050577,2025-06-30 23:40:59.299384,0 days 01:38:39.248807,195,44,105,COMPLETE
688,4215.759243058291,2025-06-30 22:02:20.631588,2025-06-30 23:35:09.157798,0 days 01:32:48.526210,192,21,230,COMPLETE
689,3098.377475805013,2025-06-30 22:02:21.354402,2025-06-30 23:30:42.974308,0 days 01:28:21.619906,191,19,230,COMPLETE
690,6443.221586541838,2025-06-30 22:02:21.799987,2025-06-30 23:43:25.055166,0 days 01:41:03.255179,198,20,196,COMPLETE
691,5703.967806405819,2025-06-30 22:02:22.753075,2025-06-30 23:33:46.417543,0 days 01:31:23.664468,199,42,107,COMPLETE
692,2084.789311559609,2025-06-30 22:02:23.782631,2025-06-30 23:35:15.561069,0 days 01:32:51.778438,199,20,107,COMPLETE
693,2687.3250761397094,2025-06-30 22:02:24.005901,2025-06-30 22:59:16.655534,0 days 00:56:52.649633,190,20,105,COMPLETE
694,1342.672462411786,2025-06-30 22:02:25.654347,2025-06-30 23:33:12.897129,0 days 01:30:47.242782,200,20,111,COMPLETE
695,1470.4345526820998,2025-06-30 22:02:25.954243,2025-06-30 23:31:19.254377,0 days 01:28:53.300134,199,19,112,COMPLETE
696,1273.237506857101,2025-06-30 22:02:27.050368,2025-06-30 23:42:01.158893,0 days 01:39:34.108525,195,20,111,COMPLETE
697,-579.0960720205558,2025-06-30 22:02:28.138428,2025-06-30 23:31:25.863344,0 days 01:28:57.724916,198,18,111,COMPLETE
698,1244.7454941542283,2025-06-30 22:02:28.432619,2025-06-30 23:34:46.571730,0 days 01:32:18.139111,196,18,116,COMPLETE
699,-222.23249458093323,2025-06-30 22:02:28.508295,2025-06-30 23:12:25.912271,0 days 01:09:57.403976,191,18,105,COMPLETE
700,1238.0074175402888,2025-06-30 22:02:29.077867,2025-06-30 23:11:56.084744,0 days 01:09:27.006877,197,20,111,COMPLETE
701,8203.701347664446,2025-06-30 22:02:29.441989,2025-06-30 23:37:01.305296,0 days 01:34:31.863307,196,33,231,COMPLETE
702,6296.911813171355,2025-06-30 22:02:30.120424,2025-06-30 23:43:12.323648,0 days 01:40:42.203224,198,20,193,COMPLETE
703,7523.514364309681,2025-06-30 22:02:30.484483,2025-06-30 23:31:47.501651,0 days 01:29:17.017168,200,42,116,COMPLETE
704,6197.9717143007965,2025-06-30 22:02:31.113885,2025-06-30 23:33:56.405439,0 days 01:31:25.291554,193,45,107,COMPLETE
705,306.540891107099,2025-06-30 22:02:31.903167,2025-06-30 23:34:13.137665,0 days 01:31:41.234498,200,19,107,COMPLETE
706,6335.711275358875,2025-06-30 22:02:32.173166,2025-06-30 23:33:06.102930,0 days 01:30:33.929764,198,44,105,COMPLETE
707,7163.549492415208,2025-06-30 22:02:32.352116,2025-06-30 23:42:41.067978,0 days 01:40:08.715862,200,45,104,COMPLETE
708,1826.26227170127,2025-06-30 22:02:32.529354,2025-06-30 23:43:27.505439,0 days 01:40:54.976085,199,19,105,COMPLETE
709,-1987.7612062230855,2025-06-30 22:02:33.356528,2025-06-30 23:34:06.119292,0 days 01:31:32.762764,197,17,104,COMPLETE
710,4406.445791556709,2025-06-30 22:02:33.728285,2025-06-30 23:42:08.453151,0 days 01:39:34.724866,199,44,234,COMPLETE
711,5916.509075219623,2025-06-30 22:02:34.044394,2025-06-30 23:35:49.812285,0 days 01:33:15.767891,193,44,105,COMPLETE
712,4412.233923798635,2025-06-30 22:02:34.145393,2025-06-30 23:32:12.650605,0 days 01:29:38.505212,200,19,232,COMPLETE
713,6239.784343643902,2025-06-30 22:02:35.552622,2025-06-30 23:35:16.845293,0 days 01:32:41.292671,199,44,107,COMPLETE
714,-2213.5456989257345,2025-06-30 22:02:37.207493,2025-06-30 23:21:29.812081,0 days 01:18:52.604588,196,18,106,COMPLETE
715,1815.4279556380889,2025-06-30 22:02:37.522638,2025-06-30 23:43:04.707721,0 days 01:40:27.185083,197,19,105,COMPLETE
716,4260.071518225531,2025-06-30 22:02:38.025169,2025-06-30 23:14:39.524541,0 days 01:12:01.499372,200,44,232,COMPLETE
717,3364.8580491798402,2025-06-30 22:02:38.228651,2025-06-30 23:38:32.236141,0 days 01:35:54.007490,198,19,231,COMPLETE
718,3683.4574910176843,2025-06-30 22:02:38.883917,2025-06-30 23:37:35.407784,0 days 01:34:56.523867,197,20,230,COMPLETE
719,2363.3786064657043,2025-06-30 22:02:38.966016,2025-06-30 23:38:47.788077,0 days 01:36:08.822061,193,19,105,COMPLETE
720,1354.1396830926124,2025-06-30 22:02:39.611726,2025-06-30 23:36:55.544520,0 days 01:34:15.932794,199,17,113,COMPLETE
721,-1414.2472644118552,2025-06-30 22:02:39.775024,2025-06-30 23:43:54.540247,0 days 01:41:14.765223,192,18,106,COMPLETE
722,8462.264507378393,2025-06-30 22:02:39.993194,2025-06-30 23:16:28.773924,0 days 01:13:48.780730,200,44,195,COMPLETE
723,3677.657878879728,2025-06-30 22:02:40.249173,2025-06-30 23:12:55.344922,0 days 01:10:15.095749,199,18,232,COMPLETE
724,6783.7919595182775,2025-06-30 22:02:40.305780,2025-06-30 23:37:09.636230,0 days 01:34:29.330450,200,18,197,COMPLETE
725,-942.6713202780575,2025-06-30 22:02:40.679513,2025-06-30 23:43:30.377178,0 days 01:40:49.697665,200,18,105,COMPLETE
726,6086.882446639008,2025-06-30 22:02:41.192123,2025-06-30 23:43:52.686109,0 days 01:41:11.493986,200,44,106,COMPLETE
727,1452.269441233746,2025-06-30 22:02:42.075554,2025-06-30 23:17:51.799802,0 days 01:15:09.724248,193,19,110,COMPLETE
728,6418.171825794378,2025-06-30 22:02:42.386629,2025-06-30 23:17:28.142226,0 days 01:14:45.755597,199,44,105,COMPLETE
729,5792.727759438032,2025-06-30 22:02:43.172424,2025-06-30 23:34:24.372551,0 days 01:31:41.200127,194,44,106,COMPLETE
730,1376.2341622685153,2025-06-30 22:02:43.499104,2025-06-30 23:43:18.107535,0 days 01:40:34.608431,199,19,109,COMPLETE
731,1018.6016736386609,2025-06-30 22:02:44.256596,2025-06-30 23:36:59.878842,0 days 01:34:15.622246,196,19,108,COMPLETE
732,3248.878454149699,2025-06-30 22:02:45.013709,2025-06-30 23:40:56.421888,0 days 01:38:11.408179,197,44,227,COMPLETE
733,5224.232309581301,2025-06-30 22:02:45.828116,2025-06-30 23:36:35.808659,0 days 01:33:49.980543,197,18,228,COMPLETE
734,561.0552660438943,2025-06-30 22:02:47.373201,2025-06-30 23:43:58.955760,0 days 01:41:11.582559,199,19,106,COMPLETE
735,150.46691579101116,2025-06-30 22:02:48.976837,2025-06-30 23:44:11.600036,0 days 01:41:22.623199,198,17,110,COMPLETE
736,-1918.20818131723,2025-06-30 22:02:49.592898,2025-06-30 23:21:00.657975,0 days 01:18:11.065077,197,18,107,COMPLETE
737,356.36145545212275,2025-06-30 22:02:49.877388,2025-06-30 23:36:22.677558,0 days 01:33:32.800170,200,18,113,COMPLETE
738,-2064.3228777259765,2025-06-30 22:02:50.462165,2025-06-30 23:35:38.784938,0 days 01:32:48.322773,200,17,104,COMPLETE
739,6082.003770272863,2025-06-30 22:02:50.558713,2025-06-30 23:38:39.032131,0 days 01:35:48.473418,200,42,110,COMPLETE
740,6151.181339282197,2025-06-30 22:02:51.326558,2025-06-30 23:18:03.619800,0 days 01:15:12.293242,198,44,107,COMPLETE
741,6635.748507315228,2025-06-30 22:02:51.941877,2025-06-30 23:19:45.725910,0 days 01:16:53.784033,200,44,108,COMPLETE
742,6418.171825794378,2025-06-30 22:02:52.139646,2025-06-30 23:40:44.736267,0 days 01:37:52.596621,199,44,105,COMPLETE
743,6815.66575011497,2025-06-30 22:02:54.409385,2025-06-30 23:35:20.295940,0 days 01:32:25.886555,196,44,112,COMPLETE
744,3896.8900266265973,2025-06-30 22:02:54.892598,2025-06-30 23:38:14.121220,0 days 01:35:19.228622,199,45,231,COMPLETE
745,-91.42654685835441,2025-06-30 22:02:56.159337,2025-06-30 23:40:26.088434,0 days 01:37:29.929097,194,18,112,COMPLETE
746,670.7935955654912,2025-06-30 22:02:56.549237,2025-06-30 23:36:26.063653,0 days 01:33:29.514416,198,19,103,COMPLETE
747,6624.192235083522,2025-06-30 22:02:57.427235,2025-06-30 23:43:58.682114,0 days 01:41:01.254879,197,44,109,COMPLETE
748,7131.690405785284,2025-06-30 22:02:57.717484,2025-06-30 23:44:04.894087,0 days 01:41:07.176603,198,45,102,COMPLETE
749,6437.976852050403,2025-06-30 22:02:58.543209,2025-06-30 23:37:27.452121,0 days 01:34:28.908912,196,44,108,COMPLETE
750,7411.476866031526,2025-06-30 22:02:59.839355,2025-06-30 23:39:52.414734,0 days 01:36:52.575379,193,44,114,COMPLETE
751,5405.326817284946,2025-06-30 22:03:00.705355,2025-06-30 23:40:27.742951,0 days 01:37:27.037596,191,44,106,COMPLETE
752,5922.459353106598,2025-06-30 22:03:01.101632,2025-06-30 23:41:09.835733,0 days 01:38:08.734101,197,43,103,COMPLETE
753,5522.381333973593,2025-06-30 22:03:01.225648,2025-06-30 23:44:27.116563,0 days 01:41:25.890915,193,44,110,COMPLETE
754,4162.695934213336,2025-06-30 22:03:02.420867,2025-06-30 23:24:30.160892,0 days 01:21:27.740025,192,44,232,COMPLETE
755,5742.781257278075,2025-06-30 22:03:03.625551,2025-06-30 23:39:54.920666,0 days 01:36:51.295115,195,44,106,COMPLETE
756,3887.782079037971,2025-06-30 22:03:03.753285,2025-06-30 23:43:57.720148,0 days 01:40:53.966863,198,44,230,COMPLETE
757,6608.706028279758,2025-06-30 22:03:05.720729,2025-06-30 23:21:35.389661,0 days 01:18:29.668932,195,45,106,COMPLETE
758,1144.1564522988792,2025-06-30 22:03:06.484564,2025-06-30 23:41:26.172070,0 days 01:38:19.687506,192,19,113,COMPLETE
759,1192.818096473522,2025-06-30 22:03:06.742811,2025-06-30 23:40:29.504120,0 days 01:37:22.761309,184,19,111,COMPLETE
760,1421.2249744438532,2025-06-30 22:03:08.148466,2025-06-30 23:44:23.800625,0 days 01:41:15.652159,192,19,110,COMPLETE
761,-1766.900168111366,2025-06-30 22:03:09.514959,2025-06-30 23:26:44.343644,0 days 01:23:34.828685,193,18,104,COMPLETE
762,2811.9724487141257,2025-06-30 22:03:10.550244,2025-06-30 23:24:26.943136,0 days 01:21:16.392892,193,45,228,COMPLETE
763,1124.843277476195,2025-06-30 22:03:10.887129,2025-06-30 23:41:24.986683,0 days 01:38:14.099554,195,19,110,COMPLETE
764,-553.1204399193493,2025-06-30 22:03:11.203669,2025-06-30 23:44:21.198424,0 days 01:41:09.994755,197,18,111,COMPLETE
765,6588.1347486305785,2025-06-30 22:03:11.374069,2025-06-30 23:40:05.783646,0 days 01:36:54.409577,196,44,109,COMPLETE
766,6984.725967444079,2025-06-30 22:03:11.611712,2025-06-30 23:44:24.585869,0 days 01:41:12.974157,193,44,113,COMPLETE
767,3479.0975906532203,2025-06-30 22:03:12.384897,2025-06-30 23:40:03.453680,0 days 01:36:51.068783,195,19,230,COMPLETE
768,5767.31917770541,2025-06-30 22:03:13.653949,2025-06-30 23:42:09.165812,0 days 01:38:55.511863,194,43,107,COMPLETE
769,-442.782157956467,2025-06-30 22:03:14.374116,2025-06-30 23:43:58.452594,0 days 01:40:44.078478,193,18,103,COMPLETE
770,3088.573768568158,2025-06-30 22:03:14.934431,2025-06-30 23:41:33.514711,0 days 01:38:18.580280,194,20,104,COMPLETE
771,8944.721710986325,2025-06-30 22:03:15.392144,2025-06-30 23:43:56.283852,0 days 01:40:40.891708,193,43,187,COMPLETE
772,9969.147002195528,2025-06-30 22:03:17.008640,2025-06-30 23:41:34.690542,0 days 01:38:17.681902,194,45,183,COMPLETE
773,4436.828654791001,2025-06-30 22:03:17.765530,2025-06-30 23:28:09.809017,0 days 01:24:52.043487,194,43,233,COMPLETE
774,4233.723046600248,2025-06-30 22:03:18.503747,2025-06-30 23:40:20.973716,0 days 01:37:02.469969,189,43,233,COMPLETE
775,4976.551543803119,2025-06-30 22:03:18.998015,2025-06-30 23:06:32.941362,0 days 01:03:13.943347,193,42,232,COMPLETE
776,4059.2561267875462,2025-06-30 22:03:19.610973,2025-06-30 23:44:19.325873,0 days 01:40:59.714900,193,44,235,COMPLETE
777,11971.331702300286,2025-06-30 22:03:20.664792,2025-06-30 23:28:16.419670,0 days 01:24:55.754878,196,44,146,COMPLETE
778,4344.240410746081,2025-06-30 22:03:21.430657,2025-06-30 23:40:16.301146,0 days 01:36:54.870489,192,43,233,COMPLETE
779,3998.3630051406426,2025-06-30 22:03:21.891967,2025-06-30 23:42:02.757848,0 days 01:38:40.865881,196,44,229,COMPLETE
780,3768.742693953057,2025-06-30 22:03:22.822646,2025-06-30 23:28:04.306761,0 days 01:24:41.484115,193,44,230,COMPLETE
781,4593.45949038867,2025-06-30 22:03:23.210030,2025-06-30 23:43:27.867199,0 days 01:40:04.657169,193,43,231,COMPLETE
782,4819.423815293269,2025-06-30 22:03:25.882904,2025-06-30 23:43:20.188300,0 days 01:39:54.305396,191,45,234,COMPLETE
783,4094.3120590700983,2025-06-30 22:03:27.382052,2025-06-30 23:42:29.554637,0 days 01:39:02.172585,193,44,229,COMPLETE
784,5110.794899648509,2025-06-30 22:03:27.651583,2025-06-30 23:26:12.566203,0 days 01:22:44.914620,192,42,231,COMPLETE
785,10379.27822362992,2025-06-30 22:03:28.458843,2025-06-30 23:41:18.882772,0 days 01:37:50.423929,194,42,144,COMPLETE
786,4198.323586479423,2025-06-30 22:03:29.167757,2025-06-30 23:07:28.463794,0 days 01:03:59.296037,193,44,234,COMPLETE
787,12622.8255130159,2025-06-30 22:03:29.604661,2025-06-30 23:41:20.485441,0 days 01:37:50.880780,192,44,126,COMPLETE
788,4110.406936384134,2025-06-30 22:03:31.526707,2025-06-30 23:30:42.813754,0 days 01:27:11.287047,194,44,229,COMPLETE
789,4287.6698183553035,2025-06-30 22:03:32.156836,2025-06-30 23:40:57.860877,0 days 01:37:25.704041,194,43,236,COMPLETE
790,7634.772852292253,2025-06-30 22:03:32.483041,2025-06-30 23:44:13.705911,0 days 01:40:41.222870,196,33,233,COMPLETE
791,3362.886073583745,2025-06-30 22:03:33.691092,2025-06-30 23:44:24.445134,0 days 01:40:50.754042,193,45,227,COMPLETE
792,12679.387950551738,2025-06-30 22:03:33.793668,2025-06-30 23:44:22.884823,0 days 01:40:49.091155,193,44,145,COMPLETE
793,4215.511639133258,2025-06-30 22:03:34.002546,2025-06-30 23:41:06.204657,0 days 01:37:32.202111,194,44,234,COMPLETE
794,3992.6690394361613,2025-06-30 22:03:34.464126,2025-06-30 23:41:23.351083,0 days 01:37:48.886957,192,44,235,COMPLETE
795,4533.162493211704,2025-06-30 22:03:34.953636,2025-06-30 23:31:28.771686,0 days 01:27:53.818050,191,45,232,COMPLETE
796,4232.263596678126,2025-06-30 22:03:35.197878,2025-06-30 23:40:32.220533,0 days 01:36:57.022655,193,44,232,COMPLETE
797,4994.7892885210595,2025-06-30 22:03:37.516523,2025-06-30 23:42:06.233082,0 days 01:38:28.716559,193,45,234,COMPLETE
798,7358.393377381627,2025-06-30 22:03:38.801370,2025-06-30 23:44:17.689689,0 days 01:40:38.888319,191,33,231,COMPLETE
799,7488.428778844395,2025-06-30 22:03:39.553882,2025-06-30 23:41:04.463882,0 days 01:37:24.910000,192,32,234,COMPLETE
800,10157.901627431907,2025-06-30 22:03:40.774281,2025-06-30 23:28:06.059483,0 days 01:24:25.285202,189,44,124,COMPLETE
801,3470.2440757215572,2025-06-30 22:03:41.265097,2025-06-30 23:39:24.028981,0 days 01:35:42.763884,194,44,228,COMPLETE
802,11886.952905059854,2025-06-30 22:03:41.580478,2025-06-30 23:42:10.248566,0 days 01:38:28.668088,193,33,147,COMPLETE
803,3782.207674983817,2025-06-30 22:03:41.784303,2025-06-30 23:41:41.649494,0 days 01:37:59.865191,194,44,230,COMPLETE
804,3430.3661189662116,2025-06-30 22:03:41.917044,2025-06-30 23:43:09.965984,0 days 01:39:28.048940,193,45,224,COMPLETE
805,4423.936497526239,2025-06-30 22:03:43.303239,2025-06-30 23:44:13.325653,0 days 01:40:30.022414,192,43,232,COMPLETE
806,12048.675525857945,2025-06-30 22:03:44.988845,2025-06-30 23:40:38.466110,0 days 01:36:53.477265,194,44,147,COMPLETE
807,8985.526876664568,2025-06-30 22:03:45.829717,2025-06-30 23:44:20.034894,0 days 01:40:34.205177,192,44,119,COMPLETE
808,12329.561720741578,2025-06-30 22:03:46.039065,2025-06-30 23:44:24.522249,0 days 01:40:38.483184,194,45,147,COMPLETE
809,11857.213300690903,2025-06-30 22:03:47.977805,2025-06-30 23:34:03.379006,0 days 01:30:15.401201,190,45,143,COMPLETE
810,12855.801716760674,2025-06-30 22:03:48.317039,2025-06-30 23:41:18.282453,0 days 01:37:29.965414,195,44,145,COMPLETE
811,12679.387950551738,2025-06-30 22:03:48.495590,2025-06-30 23:44:26.187524,0 days 01:40:37.691934,193,44,145,COMPLETE
812,3954.1360094018946,2025-06-30 22:03:49.185414,2025-06-30 23:43:02.112899,0 days 01:39:12.927485,190,44,235,COMPLETE
813,4059.2561267875462,2025-06-30 22:03:50.124076,2025-06-30 23:39:22.442839,0 days 01:35:32.318763,193,44,235,COMPLETE
814,4372.92189145026,2025-06-30 22:03:50.840958,2025-06-30 23:42:09.394144,0 days 01:38:18.553186,197,43,236,COMPLETE
815,4377.648608097087,2025-06-30 22:03:51.275733,2025-06-30 23:43:48.451738,0 days 01:39:57.176005,195,43,233,COMPLETE
816,3626.954252772296,2025-06-30 22:03:52.197922,2025-06-30 23:29:18.906479,0 days 01:25:26.708557,188,45,231,COMPLETE
817,7425.32118274413,2025-06-30 22:03:52.574871,2025-06-30 23:42:04.029048,0 days 01:38:11.454177,191,32,231,COMPLETE
818,4110.104335567191,2025-06-30 22:03:53.583851,2025-06-30 23:41:18.361489,0 days 01:37:24.777638,191,44,232,COMPLETE
819,11128.903088070398,2025-06-30 22:03:54.038162,2025-06-30 23:40:55.246533,0 days 01:37:01.208371,194,45,146,COMPLETE
820,6109.147824901629,2025-06-30 22:03:55.563356,2025-06-30 23:44:09.417839,0 days 01:40:13.854483,193,32,229,COMPLETE
821,4478.574705474396,2025-06-30 22:03:55.971955,2025-06-30 23:41:16.371010,0 days 01:37:20.399055,189,45,232,COMPLETE
822,10680.91357060823,2025-06-30 22:03:56.134721,2025-06-30 23:43:42.021310,0 days 01:39:45.886589,191,44,146,COMPLETE
823,12529.561338644506,2025-06-30 22:03:57.173206,2025-06-30 23:41:32.219012,0 days 01:37:35.045806,192,44,145,COMPLETE
824,4398.95092660861,2025-06-30 22:03:57.639015,2025-06-30 23:32:20.117266,0 days 01:28:22.478251,189,45,233,COMPLETE
825,9132.146250213225,2025-06-30 22:03:57.852740,2025-06-30 23:42:39.494519,0 days 01:38:41.641779,193,44,119,COMPLETE
826,9262.159349619267,2025-06-30 22:03:58.248162,2025-06-30 23:32:41.913181,0 days 01:28:43.665019,196,43,120,COMPLETE
827,3617.4437393607304,2025-06-30 22:03:58.360296,2025-06-30 23:42:10.973583,0 days 01:38:12.613287,192,45,230,COMPLETE
828,7591.500228600402,2025-06-30 22:03:59.153307,2025-06-30 23:31:44.966836,0 days 01:27:45.813529,193,33,233,COMPLETE
829,4053.908955528712,2025-06-30 22:03:59.381929,2025-06-30 23:42:51.780332,0 days 01:38:52.398403,193,44,236,COMPLETE
830,4518.794750911809,2025-06-30 22:03:59.656253,2025-06-30 23:44:24.476021,0 days 01:40:24.819768,191,45,233,COMPLETE
831,4232.263596678126,2025-06-30 22:03:59.969985,2025-06-30 23:32:39.347420,0 days 01:28:39.377435,193,44,232,COMPLETE
832,4250.328689243517,2025-06-30 22:04:00.716788,2025-06-30 23:41:28.886221,0 days 01:37:28.169433,194,44,232,COMPLETE
833,9186.525284155936,2025-06-30 22:04:01.088684,2025-06-30 23:41:43.662301,0 days 01:37:42.573617,192,44,123,COMPLETE
834,4937.81835634264,2025-06-30 22:04:01.288553,2025-06-30 23:41:58.410404,0 days 01:37:57.121851,193,43,230,COMPLETE
835,2900.458437542138,2025-06-30 22:04:02.315051,2025-06-30 23:41:37.392287,0 days 01:37:35.077236,192,45,229,COMPLETE
836,7711.924194928621,2025-06-30 22:04:03.319430,2025-06-30 23:43:01.079763,0 days 01:38:57.760333,191,43,114,COMPLETE
837,5395.04185666588,2025-06-30 22:04:04.556559,2025-06-30 23:33:50.481754,0 days 01:29:45.925195,187,33,118,COMPLETE
838,5649.554963178916,2025-06-30 22:04:04.986931,2025-06-30 23:31:23.692937,0 days 01:27:18.706006,191,33,119,COMPLETE
839,8775.177913917312,2025-06-30 22:04:05.134192,2025-06-30 23:42:23.450294,0 days 01:38:18.316102,188,44,118,COMPLETE
840,5347.422106913864,2025-06-30 22:04:06.325366,2025-06-30 23:43:47.089793,0 days 01:39:40.764427,191,33,115,COMPLETE
841,8522.990863628338,2025-06-30 22:04:07.290613,2025-06-30 23:44:26.783010,0 days 01:40:19.492397,191,43,119,COMPLETE
842,6975.949345545951,2025-06-30 22:04:08.391769,2025-06-30 23:42:10.618510,0 days 01:38:02.226741,178,43,117,COMPLETE
843,4031.0481076425604,2025-06-30 22:04:09.211017,2025-06-30 23:42:54.419999,0 days 01:38:45.208982,177,42,109,COMPLETE
844,6924.455847234889,2025-06-30 22:04:09.389052,2025-06-30 23:35:38.541976,0 days 01:31:29.152924,177,44,122,COMPLETE
845,6308.748770884341,2025-06-30 22:04:09.658020,2025-06-30 23:43:32.532119,0 days 01:39:22.874099,177,42,118,COMPLETE
846,9859.159416637282,2025-06-30 22:04:09.780123,2025-06-30 23:32:24.757296,0 days 01:28:14.977173,183,45,122,COMPLETE
847,7787.203419011127,2025-06-30 22:04:11.791593,2025-06-30 23:41:53.508653,0 days 01:37:41.717060,177,44,120,COMPLETE
848,7685.379110293308,2025-06-30 22:04:12.056441,2025-06-30 23:42:34.961635,0 days 01:38:22.905194,179,44,119,COMPLETE
849,10275.62669224414,2025-06-30 22:04:13.154080,2025-06-30 23:44:25.423936,0 days 01:40:12.269856,177,45,124,COMPLETE
850,6615.580171381019,2025-06-30 22:04:14.183541,2025-06-30 23:43:11.357258,0 days 01:38:57.173717,177,43,121,COMPLETE
851,11559.19264978866,2025-06-30 22:04:14.590425,2025-06-30 23:31:49.674556,0 days 01:27:35.084131,178,46,122,COMPLETE
852,7836.005051072807,2025-06-30 22:04:15.441935,2025-06-30 23:44:17.125297,0 days 01:40:01.683362,178,45,120,COMPLETE
853,8734.956609803266,2025-06-30 22:04:15.634589,2025-06-30 23:42:34.534584,0 days 01:38:18.899995,180,45,118,COMPLETE
854,6990.485340181233,2025-06-30 22:04:16.936384,2025-06-30 23:42:41.251533,0 days 01:38:24.315149,177,45,120,COMPLETE
855,8697.356671282923,2025-06-30 22:04:16.996853,2025-06-30 23:43:01.007973,0 days 01:38:44.011120,180,45,119,COMPLETE
856,9388.746366026035,2025-06-30 22:04:17.893799,2025-06-30 23:20:40.943799,0 days 01:16:23.050000,178,46,120,COMPLETE
857,5990.580453150259,2025-06-30 22:04:21.181591,2025-06-30 23:43:06.346329,0 days 01:38:45.164738,180,45,106,COMPLETE
858,9382.848188155987,2025-06-30 22:04:24.036929,2025-06-30 23:43:22.731074,0 days 01:38:58.694145,178,46,117,COMPLETE
859,8020.4869541577755,2025-06-30 22:04:24.770725,2025-06-30 23:43:50.420755,0 days 01:39:25.650030,179,45,120,COMPLETE
860,3766.232238100224,2025-06-30 22:04:25.015198,2025-06-30 23:44:14.016839,0 days 01:39:49.001641,180,32,114,COMPLETE
861,2741.4109495574976,2025-06-30 22:04:25.233395,2025-06-30 23:44:01.415072,0 days 01:39:36.181677,176,33,119,COMPLETE
862,8218.04158458774,2025-06-30 22:04:25.840531,2025-06-30 23:43:18.031951,0 days 01:38:52.191420,184,45,120,COMPLETE
863,7583.458726220099,2025-06-30 22:04:26.730711,2025-06-30 23:43:40.000239,0 days 01:39:13.269528,180,33,122,COMPLETE
864,4349.7404375013,2025-06-30 22:04:26.908782,2025-06-30 23:43:50.155128,0 days 01:39:23.246346,180,35,111,COMPLETE
865,8138.367395844062,2025-06-30 22:04:28.321493,2025-06-30 23:44:23.960756,0 days 01:39:55.639263,179,45,121,COMPLETE
866,1402.3942667942638,2025-06-30 22:04:28.601601,2025-06-30 23:43:46.510318,0 days 01:39:17.908717,176,31,119,COMPLETE
867,7022.753282797086,2025-06-30 22:04:30.059029,2025-06-30 23:43:43.215735,0 days 01:39:13.156706,180,45,112,COMPLETE
868,3198.118463297282,2025-06-30 22:04:30.807169,2025-06-30 23:43:13.301882,0 days 01:38:42.494713,178,33,118,COMPLETE
869,5342.011352076388,2025-06-30 22:04:32.092768,2025-06-30 23:44:06.833023,0 days 01:39:34.740255,180,34,119,COMPLETE
870,3213.9907626393415,2025-06-30 22:04:32.529274,2025-06-30 23:32:46.853123,0 days 01:28:14.323849,178,32,131,COMPLETE
871,7628.965029796185,2025-06-30 22:04:34.048771,2025-06-30 23:43:33.666244,0 days 01:38:59.617473,180,33,123,COMPLETE
872,9306.144342294225,2025-06-30 22:04:35.184440,2025-06-30 23:43:16.943698,0 days 01:38:41.759258,179,33,124,COMPLETE
873,2761.5052048485095,2025-06-30 22:04:35.484326,2025-06-30 23:43:12.581381,0 days 01:38:37.097055,176,34,126,COMPLETE
874,3521.839131736142,2025-06-30 22:04:36.196058,2025-06-30 23:44:15.536880,0 days 01:39:39.340822,177,33,120,COMPLETE
875,5243.597733611998,2025-06-30 22:04:37.196309,2025-06-30 23:43:07.588195,0 days 01:38:30.391886,178,34,125,COMPLETE
876,6078.533991964292,2025-06-30 22:04:38.640917,2025-06-30 23:42:56.463972,0 days 01:38:17.823055,179,32,127,COMPLETE
877,8299.794773697286,2025-06-30 22:04:40.002445,2025-06-30 23:43:44.561489,0 days 01:39:04.559044,182,45,121,COMPLETE
878,7811.102482045356,2025-06-30 22:04:41.186411,2025-06-30 23:44:05.268536,0 days 01:39:24.082125,179,32,123,COMPLETE
879,8436.700670369277,2025-06-30 22:04:41.695224,2025-06-30 23:42:43.926081,0 days 01:38:02.230857,179,32,124,COMPLETE
880,8557.162306343933,2025-06-30 22:04:42.268648,2025-06-30 23:44:05.651250,0 days 01:39:23.382602,179,32,125,COMPLETE
881,2836.6005054548878,2025-06-30 22:04:42.406182,2025-06-30 23:43:56.247855,0 days 01:39:13.841673,177,34,126,COMPLETE
882,4904.067616153655,2025-06-30 22:04:42.931393,2025-06-30 23:34:23.200322,0 days 01:29:40.268929,175,33,125,COMPLETE
883,6317.823480111572,2025-06-30 22:04:43.721631,2025-06-30 23:43:47.508558,0 days 01:39:03.786927,179,34,128,COMPLETE
884,9505.42996627935,2025-06-30 22:04:45.338156,2025-06-30 23:44:23.671360,0 days 01:39:38.333204,179,34,157,COMPLETE
885,6984.555517214587,2025-06-30 22:04:45.812079,2025-06-30 23:42:53.231269,0 days 01:38:07.419190,179,32,122,COMPLETE
886,5613.842049676704,2025-06-30 22:04:46.173461,2025-06-30 23:37:39.401247,0 days 01:32:53.227786,178,32,123,COMPLETE
887,7836.005051072807,2025-06-30 22:04:46.760218,2025-06-30 23:43:18.846378,0 days 01:38:32.086160,178,45,120,COMPLETE
888,6455.563982013584,2025-06-30 22:04:46.898184,2025-06-30 23:44:03.286278,0 days 01:39:16.388094,178,33,125,COMPLETE
889,4571.781498285208,2025-06-30 22:04:49.671715,2025-06-30 23:43:09.721744,0 days 01:38:20.050029,178,32,126,COMPLETE
890,5449.094587143702,2025-06-30 22:04:50.377389,2025-06-30 23:44:00.989050,0 days 01:39:10.611661,179,33,131,COMPLETE
891,3498.455140368922,2025-06-30 22:04:51.370645,2025-06-30 23:42:49.697228,0 days 01:37:58.326583,178,33,127,COMPLETE
892,6023.086716901477,2025-06-30 22:04:52.104809,2025-06-30 23:44:00.387972,0 days 01:39:08.283163,179,33,120,COMPLETE
893,2741.4109495574976,2025-06-30 22:04:52.583975,2025-06-30 23:43:57.366129,0 days 01:39:04.782154,176,33,119,COMPLETE
894,6981.515257451452,2025-06-30 22:04:53.859321,2025-06-30 23:44:10.111449,0 days 01:39:16.252128,181,34,121,COMPLETE
895,5342.011352076388,2025-06-30 22:04:54.238533,2025-06-30 23:43:26.107902,0 days 01:38:31.869369,180,34,119,COMPLETE
896,6984.555517214587,2025-06-30 22:04:54.770668,2025-06-30 23:44:08.797842,0 days 01:39:14.027174,179,32,122,COMPLETE
897,4496.483564037564,2025-06-30 22:04:55.113747,2025-06-30 23:44:05.691103,0 days 01:39:10.577356,178,34,123,COMPLETE
898,3955.2735426654335,2025-06-30 22:04:55.440315,2025-06-30 23:44:26.994263,0 days 01:39:31.553948,173,34,125,COMPLETE
899,2131.6203730014777,2025-06-30 22:04:55.964924,2025-06-30 23:43:52.565469,0 days 01:38:56.600545,175,31,125,COMPLETE
900,6455.563982013584,2025-06-30 22:04:56.992932,2025-06-30 23:43:47.463117,0 days 01:38:50.470185,178,33,125,COMPLETE
901,7797.035023684895,2025-06-30 22:04:57.318749,2025-06-30 23:43:46.000435,0 days 01:38:48.681686,181,33,126,COMPLETE
902,5179.5752263579325,2025-06-30 22:04:58.555944,2025-06-30 23:43:59.498539,0 days 01:39:00.942595,178,33,122,COMPLETE
903,6180.348544824247,2025-06-30 22:04:59.019603,2025-06-30 23:44:07.514435,0 days 01:39:08.494832,180,34,129,COMPLETE
904,7583.074326392068,2025-06-30 22:05:00.481711,2025-06-30 23:43:55.677852,0 days 01:38:55.196141,179,33,122,COMPLETE
905,4144.361282691117,2025-06-30 22:05:01.205956,2025-06-30 23:42:41.931532,0 days 01:37:40.725576,175,31,124,COMPLETE
906,6109.913114091394,2025-06-30 22:05:01.971939,2025-06-30 23:43:41.732702,0 days 01:38:39.760763,179,34,129,COMPLETE
907,6242.541149274541,2025-06-30 22:05:03.208324,2025-06-30 23:44:14.955588,0 days 01:39:11.747264,179,35,126,COMPLETE
908,5593.188764238234,2025-06-30 22:05:03.693192,2025-06-30 23:43:42.599871,0 days 01:38:38.906679,181,33,119,COMPLETE
909,4258.060775543371,2025-06-30 22:05:05.438600,2025-06-30 23:43:33.004350,0 days 01:38:27.565750,178,33,129,COMPLETE
910,6109.913114091394,2025-06-30 22:05:05.897499,2025-06-30 23:44:09.273295,0 days 01:39:03.375796,179,34,129,COMPLETE
911,4871.618943926523,2025-06-30 22:05:06.743167,2025-06-30 23:37:40.362812,0 days 01:32:33.619645,178,34,124,COMPLETE
912,4148.307131812882,2025-06-30 22:05:07.715501,2025-06-30 23:43:07.893195,0 days 01:38:00.177694,177,34,121,COMPLETE
913,5323.856698555357,2025-06-30 22:05:08.509929,2025-06-30 23:44:06.988289,0 days 01:38:58.478360,179,34,119,COMPLETE
914,5754.467178307459,2025-06-30 22:05:09.304691,2025-06-30 23:39:45.131519,0 days 01:34:35.826828,179,31,125,COMPLETE
915,7289.247439568922,2025-06-30 22:05:10.061761,2025-06-30 23:43:42.008109,0 days 01:38:31.946348,179,34,123,COMPLETE
916,7628.965029796185,2025-06-30 22:05:10.582377,2025-06-30 23:44:25.367912,0 days 01:39:14.785535,180,33,123,COMPLETE
917,9306.144342294225,2025-06-30 22:05:13.379484,2025-06-30 23:43:58.166977,0 days 01:38:44.787493,179,33,124,COMPLETE
918,5323.856698555357,2025-06-30 22:05:13.755793,2025-06-30 23:43:07.088410,0 days 01:37:53.332617,179,34,119,COMPLETE
919,4664.091397161972,2025-06-30 22:05:14.866300,2025-06-30 23:43:17.343108,0 days 01:38:02.476808,177,33,124,COMPLETE
920,5552.845776465719,2025-06-30 22:05:16.880950,2025-06-30 23:37:33.139215,0 days 01:32:16.258265,178,33,123,COMPLETE
921,9537.941913274635,2025-06-30 22:05:17.287304,2025-06-30 23:44:18.918228,0 days 01:39:01.630924,180,33,156,COMPLETE
922,7415.74478557882,2025-06-30 22:05:17.925255,2025-06-30 23:43:44.428227,0 days 01:38:26.502972,181,32,122,COMPLETE
923,8082.55839511153,2025-06-30 22:05:20.392780,2025-06-30 23:43:57.583733,0 days 01:38:37.190953,181,33,122,COMPLETE
924,8884.302101499969,2025-06-30 22:05:23.292401,2025-06-30 23:43:41.102527,0 days 01:38:17.810126,182,45,117,COMPLETE
925,7859.356992226763,2025-06-30 22:05:24.301808,2025-06-30 23:38:16.060164,0 days 01:32:51.758356,183,33,126,COMPLETE
926,5256.213248991458,2025-06-30 22:05:24.412741,2025-06-30 23:43:49.730381,0 days 01:38:25.317640,182,34,118,COMPLETE
927,7593.256662832472,2025-06-30 22:05:24.780580,2025-06-30 23:43:52.713964,0 days 01:38:27.933384,182,34,123,COMPLETE
928,8082.55839511153,2025-06-30 22:05:25.471799,2025-06-30 23:44:09.029527,0 days 01:38:43.557728,181,33,122,COMPLETE
929,7628.965029796185,2025-06-30 22:05:26.010854,2025-06-30 23:43:44.733846,0 days 01:38:18.722992,180,33,123,COMPLETE
930,7447.811790588105,2025-06-30 22:05:26.167329,2025-06-30 23:44:20.981608,0 days 01:38:54.814279,182,34,134,COMPLETE
931,3463.49481769478,2025-06-30 22:05:27.291941,2025-06-30 23:43:59.460241,0 days 01:38:32.168300,177,32,126,COMPLETE
932,9301.369388019339,2025-06-30 22:05:28.934635,2025-06-30 23:43:46.696192,0 days 01:38:17.761557,178,33,158,COMPLETE
933,1382.2506157399484,2025-06-30 22:05:29.183172,2025-06-30 23:43:48.999720,0 days 01:38:19.816548,177,34,99,COMPLETE
934,12695.034905031727,2025-06-30 22:05:29.722079,2025-06-30 23:22:48.517257,0 days 01:17:18.795178,178,46,127,COMPLETE
935,4664.091397161972,2025-06-30 22:05:29.977070,2025-06-30 23:43:23.448898,0 days 01:37:53.471828,177,33,124,COMPLETE
936,5115.961759608749,2025-06-30 22:05:30.236945,2025-06-30 23:43:53.494836,0 days 01:38:23.257891,177,32,134,COMPLETE
937,7020.09363915059,2025-06-30 22:05:30.363553,2025-06-30 23:43:56.538716,0 days 01:38:26.175163,179,35,123,COMPLETE
938,7792.927712965777,2025-06-30 22:05:31.641345,2025-06-30 23:44:09.326067,0 days 01:38:37.684722,183,33,134,COMPLETE
939,7593.256662832472,2025-06-30 22:05:31.788871,2025-06-30 23:44:07.666886,0 days 01:38:35.878015,182,34,123,COMPLETE
940,7583.458726220099,2025-06-30 22:05:31.910893,2025-06-30 23:40:46.664395,0 days 01:35:14.753502,180,33,122,COMPLETE
941,6511.16441630171,2025-06-30 22:05:33.801386,2025-06-30 23:44:09.280953,0 days 01:38:35.479567,182,34,127,COMPLETE
942,7039.857627126764,2025-06-30 22:05:34.015149,2025-06-30 23:44:07.014712,0 days 01:38:32.999563,185,31,123,COMPLETE
943,7633.797972777685,2025-06-30 22:05:34.294936,2025-06-30 23:40:18.224620,0 days 01:34:43.929684,181,34,124,COMPLETE
944,8263.22183771593,2025-06-30 22:05:35.671235,2025-06-30 23:44:22.268106,0 days 01:38:46.596871,184,34,125,COMPLETE
945,9651.137791779413,2025-06-30 22:05:36.140480,2025-06-30 23:44:23.587377,0 days 01:38:47.446897,181,33,124,COMPLETE
946,8272.15999967022,2025-06-30 22:05:37.686670,2025-06-30 23:44:17.433048,0 days 01:38:39.746378,182,33,123,COMPLETE
947,6053.344633182638,2025-06-30 22:05:38.692572,2025-06-30 23:44:24.808040,0 days 01:38:46.115468,182,32,120,COMPLETE
948,10387.944487117009,2025-06-30 22:05:38.789256,2025-06-30 23:38:00.005329,0 days 01:32:21.216073,185,45,123,COMPLETE
949,6534.016288478877,2025-06-30 22:05:40.187565,2025-06-30 23:44:24.263034,0 days 01:38:44.075469,181,34,120,COMPLETE
950,7555.915755777343,2025-06-30 22:05:40.493692,2025-06-30 23:44:20.785135,0 days 01:38:40.291443,183,35,123,COMPLETE
951,10244.388064172867,2025-06-30 22:05:41.028198,2025-06-30 23:40:06.310395,0 days 01:34:25.282197,182,33,125,COMPLETE
952,5570.7265049174775,2025-06-30 22:05:42.238708,2025-06-30 23:44:26.073462,0 days 01:38:43.834754,181,34,119,COMPLETE
953,6980.82650550883,2025-06-30 22:05:43.769821,2025-06-30 23:44:12.488408,0 days 01:38:28.718587,180,32,122,COMPLETE
954,2274.544885780777,2025-06-30 22:05:45.212700,2025-06-30 23:40:24.699616,0 days 01:34:39.486916,176,34,128,COMPLETE
955,2281.5836336629263,2025-06-30 22:05:46.476213,2025-06-30 23:43:50.383212,0 days 01:38:03.906999,175,32,118,COMPLETE
956,2658.262217207861,2025-06-30 22:05:48.894372,2025-06-30 23:44:10.247697,0 days 01:38:21.353325,176,32,130,COMPLETE
957,7489.0308348683275,2025-06-30 22:05:50.654840,2025-06-30 23:43:53.450269,0 days 01:38:02.795429,179,33,126,COMPLETE
958,6078.533991964292,2025-06-30 22:05:51.305874,2025-06-30 23:44:05.995708,0 days 01:38:14.689834,179,32,127,COMPLETE
959,4251.86809775576,2025-06-30 22:05:52.869452,2025-06-30 23:44:22.411375,0 days 01:38:29.541923,176,34,122,COMPLETE
960,5904.82684347198,2025-06-30 22:05:53.784819,2025-06-30 23:44:00.903288,0 days 01:38:07.118469,179,32,120,COMPLETE
961,7583.074326392068,2025-06-30 22:05:56.816339,2025-06-30 23:44:20.058357,0 days 01:38:23.242018,179,33,122,COMPLETE
962,3978.0441106766966,2025-06-30 22:05:57.355766,2025-06-30 23:44:26.106866,0 days 01:38:28.751100,176,34,125,COMPLETE
963,2238.503623101071,2025-06-30 22:05:57.442161,2025-06-30 23:44:13.816596,0 days 01:38:16.374435,179,33,85,COMPLETE
964,5552.845776465719,2025-06-30 22:05:58.646846,2025-06-30 23:44:15.598383,0 days 01:38:16.951537,178,33,123,COMPLETE
965,5243.597733611998,2025-06-30 22:05:59.024232,2025-06-30 23:44:17.237651,0 days 01:38:18.213419,178,34,125,COMPLETE
966,3419.415566226544,2025-06-30 22:05:59.181567,2025-06-30 23:05:42.612348,0 days 00:59:43.430781,176,32,126,COMPLETE
967,2426.9148276890355,2025-06-30 22:06:00.860926,2025-06-30 23:44:19.611080,0 days 01:38:18.750154,176,35,126,COMPLETE
968,4150.897953280983,2025-06-30 22:06:02.418248,2025-06-30 23:44:19.675131,0 days 01:38:17.256883,176,34,121,COMPLETE
969,3286.3964002325984,2025-06-30 22:06:02.571499,2025-06-30 23:44:23.401821,0 days 01:38:20.830322,176,34,120,COMPLETE
970,3615.247315497725,2025-06-30 22:06:02.816879,2025-06-30 23:39:40.070883,0 days 01:33:37.254004,176,34,124,COMPLETE
971,4815.756526606922,2025-06-30 22:06:03.041015,2025-06-30 23:43:54.581028,0 days 01:37:51.540013,177,33,238,COMPLETE
972,7888.6458821735605,2025-06-30 22:06:03.682591,2025-06-30 23:44:26.025769,0 days 01:38:22.343178,178,34,133,COMPLETE
973,6667.499627912682,2025-06-30 22:06:05.773582,2025-06-30 23:44:06.774941,0 days 01:38:01.001359,179,34,121,COMPLETE
974,2836.6005054548878,2025-06-30 22:06:07.267913,2025-06-30 23:43:45.775231,0 days 01:37:38.507318,177,34,126,COMPLETE
975,4148.307131812882,2025-06-30 22:06:08.822950,2025-06-30 23:41:48.007809,0 days 01:35:39.184859,177,34,121,COMPLETE
976,6220.811791361541,2025-06-30 22:06:10.679627,2025-06-30 23:44:17.646778,0 days 01:38:06.967151,176,34,249,COMPLETE
977,6640.526870289207,2025-06-30 22:06:10.929434,2025-06-30 23:43:57.331582,0 days 01:37:46.402148,178,35,130,COMPLETE
978,6993.034071560052,2025-06-30 22:06:11.426026,2025-06-30 23:44:02.083801,0 days 01:37:50.657775,179,34,132,COMPLETE
979,10110.718403718856,2025-06-30 22:06:13.830953,2025-06-30 23:44:21.819925,0 days 01:38:07.988972,176,34,154,COMPLETE
980,5814.132522103576,2025-06-30 22:06:16.422417,2025-06-30 23:40:33.138387,0 days 01:34:16.715970,178,35,125,COMPLETE
981,9306.144342294225,2025-06-30 22:06:17.086384,2025-06-30 23:30:30.650723,0 days 01:24:13.564339,179,33,124,COMPLETE
982,6924.283252688078,2025-06-30 22:06:19.359500,2025-06-30 23:44:13.345435,0 days 01:37:53.985935,180,35,128,COMPLETE
983,9611.64021470676,2025-06-30 22:06:22.738214,2025-06-30 23:44:06.804411,0 days 01:37:44.066197,179,45,122,COMPLETE
984,6585.111923697014,2025-06-30 22:06:24.318476,2025-06-30 23:43:50.282530,0 days 01:37:25.964054,180,33,127,COMPLETE
985,6657.4269324188435,2025-06-30 22:06:25.250415,2025-06-30 23:43:17.201202,0 days 01:36:51.950787,181,33,130,COMPLETE
986,8344.387289235801,2025-06-30 22:06:25.845040,2025-06-30 23:44:03.345918,0 days 01:37:37.500878,182,35,125,COMPLETE
987,10148.916831216477,2025-06-30 22:06:29.381598,2025-06-30 23:44:01.412471,0 days 01:37:32.030873,181,33,125,COMPLETE
988,3661.9468739081094,2025-06-30 22:06:30.151010,2025-06-30 23:44:23.462334,0 days 01:37:53.311324,181,34,249,COMPLETE
989,5443.888817048284,2025-06-30 22:06:30.728408,2025-06-30 23:43:54.287968,0 days 01:37:23.559560,180,31,128,COMPLETE
990,6040.486227371207,2025-06-30 22:06:31.318834,2025-06-30 23:44:23.865824,0 days 01:37:52.546990,180,31,129,COMPLETE
991,4175.803811869818,2025-06-30 22:06:32.611067,2025-06-30 23:44:13.313725,0 days 01:37:40.702658,178,34,250,COMPLETE
992,9744.585744553202,2025-06-30 22:06:34.167553,2025-06-30 23:43:46.924209,0 days 01:37:12.756656,182,33,124,COMPLETE
993,3216.6645935842334,2025-06-30 22:06:34.493742,2025-06-30 23:44:11.566223,0 days 01:37:37.072481,181,33,249,COMPLETE
994,6513.694549266194,2025-06-30 22:06:39.572236,2025-06-30 23:44:12.857740,0 days 01:37:33.285504,180,30,129,COMPLETE
995,10148.916831216477,2025-06-30 22:06:41.428546,2025-06-30 23:44:16.701906,0 days 01:37:35.273360,181,33,125,COMPLETE
996,6263.011749171073,2025-06-30 22:06:45.941266,2025-06-30 23:43:50.479132,0 days 01:37:04.537866,184,32,127,COMPLETE
997,7803.351437349649,2025-06-30 22:06:53.124927,2025-06-30 23:42:28.109266,0 days 01:35:34.984339,182,33,126,COMPLETE
998,6419.980744000303,2025-06-30 22:07:05.494328,2025-06-30 23:09:22.425077,0 days 01:02:16.930749,184,35,126,COMPLETE
999,8164.102521033852,2025-06-30 22:07:17.855766,2025-06-30 23:44:16.618403,0 days 01:36:58.762637,182,33,122,COMPLETE
