number,value,datetime_start,datetime_complete,duration,params_macd_fast,params_macd_signal,params_macd_slow,state
0,95651.44780769332,2025-07-31 22:59:13.627360,2025-07-31 22:59:14.298207,0 days 00:00:00.670847,14,6,35,COMPLETE
1,75928.67905044575,2025-07-31 22:59:13.628724,2025-07-31 22:59:14.573394,0 days 00:00:00.944670,13,7,38,COMPLETE
2,33137.783102277695,2025-07-31 22:59:13.631805,2025-07-31 22:59:14.838778,0 days 00:00:01.206973,10,9,16,COMPLETE
3,29672.4132192379,2025-07-31 22:59:13.632698,2025-07-31 22:59:14.672602,0 days 00:00:01.039904,19,13,30,COMPLETE
4,73633.58093892816,2025-07-31 22:59:13.637658,2025-07-31 22:59:15.205943,0 days 00:00:01.568285,7,10,18,COMPLETE
5,54786.51183459455,2025-07-31 22:59:13.642296,2025-07-31 22:59:15.425138,0 days 00:00:01.782842,11,6,40,COMPLETE
6,67538.42277157243,2025-07-31 22:59:13.643752,2025-07-31 22:59:15.614960,0 days 00:00:01.971208,14,8,32,COMPLETE
7,6397.334442627948,2025-07-31 22:59:13.645753,2025-07-31 22:59:15.751906,0 days 00:00:02.106153,16,19,36,COMPLETE
8,6628.461559197155,2025-07-31 22:59:13.651925,2025-07-31 22:59:15.971746,0 days 00:00:02.319821,13,18,25,COMPLETE
9,2699.404330508211,2025-07-31 22:59:13.654274,2025-07-31 22:59:16.428153,0 days 00:00:02.773879,5,15,21,COMPLETE
10,16706.116932999594,2025-07-31 22:59:13.657581,2025-07-31 22:59:16.913093,0 days 00:00:03.255512,10,8,44,COMPLETE
11,77580.88818119693,2025-07-31 22:59:13.658446,2025-07-31 22:59:16.830666,0 days 00:00:03.172220,12,14,27,COMPLETE
12,14999.135608548399,2025-07-31 22:59:13.664653,2025-07-31 22:59:17.298406,0 days 00:00:03.633753,17,14,25,COMPLETE
13,688.9899681914726,2025-07-31 22:59:13.669179,2025-07-31 22:59:17.708546,0 days 00:00:04.039367,7,15,41,COMPLETE
14,12175.91811428359,2025-07-31 22:59:13.669720,2025-07-31 22:59:17.635653,0 days 00:00:03.965933,6,7,45,COMPLETE
15,693.4805570548367,2025-07-31 22:59:13.672936,2025-07-31 22:59:18.017707,0 days 00:00:04.344771,8,17,44,COMPLETE
16,29752.60071341429,2025-07-31 22:59:13.678008,2025-07-31 22:59:18.088031,0 days 00:00:04.410023,11,14,27,COMPLETE
17,100270.53547006552,2025-07-31 22:59:13.725623,2025-07-31 22:59:18.771101,0 days 00:00:05.045478,20,8,22,COMPLETE
18,67382.11618985263,2025-07-31 22:59:13.737965,2025-07-31 22:59:19.132243,0 days 00:00:05.394278,8,7,25,COMPLETE
19,70285.25626467986,2025-07-31 22:59:13.745462,2025-07-31 22:59:19.187115,0 days 00:00:05.441653,8,6,17,COMPLETE
20,4830.709548995167,2025-07-31 22:59:13.777406,2025-07-31 22:59:19.557008,0 days 00:00:05.779602,8,13,31,COMPLETE
21,37707.39139099888,2025-07-31 22:59:13.835499,2025-07-31 22:59:20.510026,0 days 00:00:06.674527,7,6,44,COMPLETE
22,25904.95962635197,2025-07-31 22:59:13.915832,2025-07-31 22:59:20.708080,0 days 00:00:06.792248,6,6,46,COMPLETE
23,123248.8495285616,2025-07-31 22:59:13.958447,2025-07-31 22:59:20.196210,0 days 00:00:06.237763,13,10,36,COMPLETE
24,5733.896951616987,2025-07-31 22:59:14.055146,2025-07-31 22:59:20.915851,0 days 00:00:06.860705,5,12,16,COMPLETE
25,16467.994973574518,2025-07-31 22:59:14.075831,2025-07-31 22:59:21.409506,0 days 00:00:07.333675,14,13,16,COMPLETE
26,16171.057043479077,2025-07-31 22:59:14.102961,2025-07-31 22:59:21.523749,0 days 00:00:07.420788,17,15,28,COMPLETE
27,18061.347800445932,2025-07-31 22:59:14.137682,2025-07-31 22:59:22.372056,0 days 00:00:08.234374,7,11,31,COMPLETE
28,66654.44795643385,2025-07-31 22:59:14.156165,2025-07-31 22:59:21.937968,0 days 00:00:07.781803,9,7,21,COMPLETE
29,12067.930383598074,2025-07-31 22:59:14.234811,2025-07-31 22:59:22.534531,0 days 00:00:08.299720,17,17,31,COMPLETE
30,-inf,2025-07-31 22:59:14.343440,2025-07-31 22:59:20.226785,0 days 00:00:05.883345,19,5,16,COMPLETE
31,19338.474902484024,2025-07-31 22:59:14.606422,2025-07-31 22:59:23.158541,0 days 00:00:08.552119,19,17,34,COMPLETE
32,25699.28317445496,2025-07-31 22:59:14.744771,2025-07-31 22:59:23.227979,0 days 00:00:08.483208,19,15,34,COMPLETE
33,236909.8665586985,2025-07-31 22:59:14.805969,2025-07-31 22:59:24.933564,0 days 00:00:10.127595,18,13,20,COMPLETE
34,3346.7365658384074,2025-07-31 22:59:14.864798,2025-07-31 22:59:25.179549,0 days 00:00:10.314751,9,11,49,COMPLETE
35,187645.02626821873,2025-07-31 22:59:14.882202,2025-07-31 22:59:25.314737,0 days 00:00:10.432535,14,14,27,COMPLETE
36,11069.467388577357,2025-07-31 22:59:14.894814,2025-07-31 22:59:24.661909,0 days 00:00:09.767095,18,20,35,COMPLETE
37,855.9000719977976,2025-07-31 22:59:14.900969,2025-07-31 22:59:25.720570,0 days 00:00:10.819601,5,20,44,COMPLETE
38,10616.822948756562,2025-07-31 22:59:14.950303,2025-07-31 22:59:26.245851,0 days 00:00:11.295548,13,17,48,COMPLETE
39,6455.578928928426,2025-07-31 22:59:15.060499,2025-07-31 22:59:25.238776,0 days 00:00:10.178277,16,18,24,COMPLETE
40,143057.25899223503,2025-07-31 22:59:15.183978,2025-07-31 22:59:26.390627,0 days 00:00:11.206649,15,5,34,COMPLETE
41,5340.1862359835195,2025-07-31 22:59:15.195609,2025-07-31 22:59:27.635953,0 days 00:00:12.440344,7,20,21,COMPLETE
42,9780.110637678503,2025-07-31 22:59:15.364850,2025-07-31 22:59:26.976236,0 days 00:00:11.611386,13,17,27,COMPLETE
43,19273.32215226165,2025-07-31 22:59:15.418062,2025-07-31 22:59:28.028828,0 days 00:00:12.610766,19,15,36,COMPLETE
44,72517.58917572885,2025-07-31 22:59:15.431528,2025-07-31 22:59:28.159298,0 days 00:00:12.727770,14,5,46,COMPLETE
45,29985.398098822163,2025-07-31 22:59:15.498418,2025-07-31 22:59:27.466765,0 days 00:00:11.968347,10,11,16,COMPLETE
46,23258.724573612602,2025-07-31 22:59:15.560705,2025-07-31 22:59:28.873423,0 days 00:00:13.312718,14,16,47,COMPLETE
47,4499.374003310988,2025-07-31 22:59:15.573735,2025-07-31 22:59:28.826079,0 days 00:00:13.252344,11,16,41,COMPLETE
48,1684.5342997448156,2025-07-31 22:59:15.623200,2025-07-31 22:59:29.325001,0 days 00:00:13.701801,9,16,50,COMPLETE
49,57792.17357089035,2025-07-31 22:59:15.641349,2025-07-31 22:59:28.640317,0 days 00:00:12.998968,12,5,41,COMPLETE
50,70547.14110649088,2025-07-31 22:59:15.673432,2025-07-31 22:59:29.118776,0 days 00:00:13.445344,7,8,21,COMPLETE
51,20753.58866122139,2025-07-31 22:59:15.698494,2025-07-31 22:59:30.012863,0 days 00:00:14.314369,16,13,17,COMPLETE
52,-692.3535758123406,2025-07-31 22:59:15.718004,2025-07-31 22:59:29.040987,0 days 00:00:13.322983,7,19,36,COMPLETE
53,232763.69586017556,2025-07-31 22:59:15.724147,2025-07-31 22:59:28.820638,0 days 00:00:13.096491,19,10,21,COMPLETE
54,36410.68272685402,2025-07-31 22:59:15.750983,2025-07-31 22:59:30.108452,0 days 00:00:14.357469,16,9,37,COMPLETE
55,5872.68052563323,2025-07-31 22:59:15.752507,2025-07-31 22:59:30.128112,0 days 00:00:14.375605,5,14,39,COMPLETE
56,2826.8504116429194,2025-07-31 22:59:15.764325,2025-07-31 22:59:30.003058,0 days 00:00:14.238733,6,15,50,COMPLETE
57,10263.106048121943,2025-07-31 22:59:15.787460,2025-07-31 22:59:30.971118,0 days 00:00:15.183658,6,12,41,COMPLETE
58,36635.612473118745,2025-07-31 22:59:15.822503,2025-07-31 22:59:30.752686,0 days 00:00:14.930183,9,5,47,COMPLETE
59,25756.922875265765,2025-07-31 22:59:15.823555,2025-07-31 22:59:30.690277,0 days 00:00:14.866722,7,7,33,COMPLETE
60,29368.798729587037,2025-07-31 22:59:15.972152,2025-07-31 22:59:32.347968,0 days 00:00:16.375816,10,7,41,COMPLETE
61,3432.1556706315205,2025-07-31 22:59:15.986840,2025-07-31 22:59:31.265423,0 days 00:00:15.278583,12,20,24,COMPLETE
62,67114.488473929,2025-07-31 22:59:16.000048,2025-07-31 22:59:32.106958,0 days 00:00:16.106910,15,9,45,COMPLETE
63,48686.12128466764,2025-07-31 22:59:16.006385,2025-07-31 22:59:32.105748,0 days 00:00:16.099363,15,13,43,COMPLETE
64,23608.122266193564,2025-07-31 22:59:16.032286,2025-07-31 22:59:31.855267,0 days 00:00:15.822981,11,10,29,COMPLETE
65,23239.556566945423,2025-07-31 22:59:16.101697,2025-07-31 22:59:32.356973,0 days 00:00:16.255276,6,8,35,COMPLETE
66,62451.42200567615,2025-07-31 22:59:16.369378,2025-07-31 22:59:32.759711,0 days 00:00:16.390333,9,5,25,COMPLETE
67,25526.784862299042,2025-07-31 22:59:16.380693,2025-07-31 22:59:32.833271,0 days 00:00:16.452578,20,8,39,COMPLETE
68,32933.52814249227,2025-07-31 22:59:16.404269,2025-07-31 22:59:32.929492,0 days 00:00:16.525223,19,8,49,COMPLETE
69,12823.571592305414,2025-07-31 22:59:16.410265,2025-07-31 22:59:33.182488,0 days 00:00:16.772223,8,9,47,COMPLETE
70,48197.56573891311,2025-07-31 22:59:16.435868,2025-07-31 22:59:22.290936,0 days 00:00:05.855068,20,5,50,COMPLETE
71,36947.435549459915,2025-07-31 22:59:16.449894,2025-07-31 22:59:34.295021,0 days 00:00:17.845127,19,5,49,COMPLETE
72,48197.56573891311,2025-07-31 22:59:16.478708,2025-07-31 22:59:23.028630,0 days 00:00:06.549922,20,5,50,COMPLETE
73,48197.56573891311,2025-07-31 22:59:16.486204,2025-07-31 22:59:37.747250,0 days 00:00:21.261046,20,5,50,COMPLETE
74,36947.435549459915,2025-07-31 22:59:16.545900,2025-07-31 22:59:22.224810,0 days 00:00:05.678910,19,5,49,COMPLETE
75,21541.824890853597,2025-07-31 22:59:16.547164,2025-07-31 22:59:33.939597,0 days 00:00:17.392433,19,11,49,COMPLETE
76,48370.99564472542,2025-07-31 22:59:16.558484,2025-07-31 22:59:33.383688,0 days 00:00:16.825204,20,5,45,COMPLETE
77,38949.32904529143,2025-07-31 22:59:16.640288,2025-07-31 22:59:35.891310,0 days 00:00:19.251022,19,5,47,COMPLETE
78,49662.865824148015,2025-07-31 22:59:16.680947,2025-07-31 22:59:37.801904,0 days 00:00:21.120957,20,5,49,COMPLETE
79,16534.762528773637,2025-07-31 22:59:16.681964,2025-07-31 22:59:36.373134,0 days 00:00:19.691170,20,12,49,COMPLETE
80,18893.675383043526,2025-07-31 22:59:16.744244,2025-07-31 22:59:36.858491,0 days 00:00:20.114247,20,12,43,COMPLETE
81,23216.641570333857,2025-07-31 22:59:16.782871,2025-07-31 22:59:37.552242,0 days 00:00:20.769371,18,12,48,COMPLETE
82,17925.794017499386,2025-07-31 22:59:16.872681,2025-07-31 22:59:40.232874,0 days 00:00:23.360193,17,15,49,COMPLETE
83,7808.515866388565,2025-07-31 22:59:16.900647,2025-07-31 22:59:34.676527,0 days 00:00:17.775880,17,15,27,COMPLETE
84,17159.11027420099,2025-07-31 22:59:16.930198,2025-07-31 22:59:44.347551,0 days 00:00:27.417353,17,15,50,COMPLETE
85,18606.54973785168,2025-07-31 22:59:17.002161,2025-07-31 22:59:35.369945,0 days 00:00:18.367784,17,13,50,COMPLETE
86,9675.003157082725,2025-07-31 22:59:17.060765,2025-07-31 22:59:35.464719,0 days 00:00:18.403954,17,15,26,COMPLETE
87,17925.794017499386,2025-07-31 22:59:17.154766,2025-07-31 22:59:41.616321,0 days 00:00:24.461555,17,15,49,COMPLETE
88,17667.502824733914,2025-07-31 22:59:17.178133,2025-07-31 22:59:58.735034,0 days 00:00:41.556901,16,15,49,COMPLETE
89,9675.003157082725,2025-07-31 22:59:17.197723,2025-07-31 22:59:41.478257,0 days 00:00:24.280534,17,15,26,COMPLETE
90,16117.742164196432,2025-07-31 22:59:17.229591,2025-07-31 22:59:37.256478,0 days 00:00:20.026887,17,15,48,COMPLETE
91,41654.673413497636,2025-07-31 22:59:17.354477,2025-07-31 22:59:38.133718,0 days 00:00:20.779241,16,11,48,COMPLETE
92,13328.263152286188,2025-07-31 22:59:17.428043,2025-07-31 22:59:38.581122,0 days 00:00:21.153079,16,16,28,COMPLETE
93,41180.91129022919,2025-07-31 22:59:17.523930,2025-07-31 22:59:38.787949,0 days 00:00:21.264019,16,11,47,COMPLETE
94,41180.91129022919,2025-07-31 22:59:17.525098,2025-07-31 22:59:42.456075,0 days 00:00:24.930977,16,11,47,COMPLETE
95,31853.065890287384,2025-07-31 22:59:17.593333,2025-07-31 22:59:43.022442,0 days 00:00:25.429109,16,11,50,COMPLETE
96,29420.807733264002,2025-07-31 22:59:17.600060,2025-07-31 22:59:43.939549,0 days 00:00:26.339489,15,11,50,COMPLETE
97,34628.589389365785,2025-07-31 22:59:17.709116,2025-07-31 22:59:39.874507,0 days 00:00:22.165391,15,11,49,COMPLETE
98,146926.99665373436,2025-07-31 22:59:17.743611,2025-07-31 22:59:39.502279,0 days 00:00:21.758668,15,12,29,COMPLETE
99,259678.5653166013,2025-07-31 22:59:17.769522,2025-07-31 22:59:40.588129,0 days 00:00:22.818607,15,11,27,COMPLETE
100,29420.807733264002,2025-07-31 22:59:17.903698,2025-07-31 22:59:55.986639,0 days 00:00:38.082941,15,11,50,COMPLETE
101,34628.589389365785,2025-07-31 22:59:17.923853,2025-07-31 22:59:41.003292,0 days 00:00:23.079439,15,11,49,COMPLETE
102,33204.71812754731,2025-07-31 22:59:17.940535,2025-07-31 22:59:46.398754,0 days 00:00:28.458219,15,12,50,COMPLETE
103,34628.589389365785,2025-07-31 22:59:17.972273,2025-07-31 22:59:46.715722,0 days 00:00:28.743449,15,11,49,COMPLETE
104,31853.065890287384,2025-07-31 22:59:17.980311,2025-07-31 22:59:48.570082,0 days 00:00:30.589771,16,11,50,COMPLETE
105,29420.807733264002,2025-07-31 22:59:18.037260,2025-07-31 22:59:48.802714,0 days 00:00:30.765454,15,11,50,COMPLETE
106,29420.807733264002,2025-07-31 22:59:18.090693,2025-07-31 23:00:04.132019,0 days 00:00:46.041326,15,11,50,COMPLETE
107,34628.589389365785,2025-07-31 22:59:18.092934,2025-07-31 22:59:43.572814,0 days 00:00:25.479880,15,11,49,COMPLETE
108,34628.589389365785,2025-07-31 22:59:18.098372,2025-07-31 22:59:51.331756,0 days 00:00:33.233384,15,11,49,COMPLETE
109,34628.589389365785,2025-07-31 22:59:18.104861,2025-07-31 22:59:51.923264,0 days 00:00:33.818403,15,11,49,COMPLETE
110,29420.807733264002,2025-07-31 22:59:18.106125,2025-07-31 22:59:51.289808,0 days 00:00:33.183683,15,11,50,COMPLETE
111,34628.589389365785,2025-07-31 22:59:18.110172,2025-07-31 22:59:52.698164,0 days 00:00:34.587992,15,11,49,COMPLETE
112,33010.26924511617,2025-07-31 22:59:18.117873,2025-07-31 23:00:42.504968,0 days 00:01:24.387095,15,11,35,COMPLETE
113,34628.589389365785,2025-07-31 22:59:18.123578,2025-07-31 22:59:53.103566,0 days 00:00:34.979988,15,11,49,COMPLETE
114,33010.26924511617,2025-07-31 22:59:18.128225,2025-07-31 22:59:53.893051,0 days 00:00:35.764826,15,11,35,COMPLETE
115,27974.364564131196,2025-07-31 22:59:18.131865,2025-07-31 23:00:12.130289,0 days 00:00:53.998424,15,11,33,COMPLETE
116,48022.432646605055,2025-07-31 22:59:18.134007,2025-07-31 22:59:56.555657,0 days 00:00:38.421650,15,5,50,COMPLETE
117,143057.25899223503,2025-07-31 22:59:18.135590,2025-07-31 22:59:54.922857,0 days 00:00:36.787267,15,5,34,COMPLETE
118,25954.13124279563,2025-07-31 22:59:18.151305,2025-07-31 22:59:56.677941,0 days 00:00:38.526636,15,11,34,COMPLETE
119,25954.13124279563,2025-07-31 22:59:18.158157,2025-07-31 23:00:16.565703,0 days 00:00:58.407546,15,11,34,COMPLETE
120,29420.807733264002,2025-07-31 22:59:18.161587,2025-07-31 22:59:45.796484,0 days 00:00:27.634897,15,11,50,COMPLETE
121,144398.6407001555,2025-07-31 22:59:18.166563,2025-07-31 22:59:58.076130,0 days 00:00:39.909567,15,5,35,COMPLETE
122,33010.26924511617,2025-07-31 22:59:18.170126,2025-07-31 22:59:58.091224,0 days 00:00:39.921098,15,11,35,COMPLETE
123,20799.207761788835,2025-07-31 22:59:18.173223,2025-07-31 22:59:58.719144,0 days 00:00:40.545921,15,11,36,COMPLETE
124,21925.221271359464,2025-07-31 22:59:18.182415,2025-07-31 22:59:59.934740,0 days 00:00:41.752325,16,11,33,COMPLETE
125,29420.807733264002,2025-07-31 22:59:18.238388,2025-07-31 22:59:59.377925,0 days 00:00:41.139537,15,11,50,COMPLETE
126,20799.207761788835,2025-07-31 22:59:18.247823,2025-07-31 22:59:48.271880,0 days 00:00:30.024057,15,11,36,COMPLETE
127,144398.6407001555,2025-07-31 22:59:18.260080,2025-07-31 22:59:47.954954,0 days 00:00:29.694874,15,5,35,COMPLETE
128,10362.35954083784,2025-07-31 22:59:18.295821,2025-07-31 23:00:00.288890,0 days 00:00:41.993069,15,12,35,COMPLETE
129,34628.589389365785,2025-07-31 22:59:18.298243,2025-07-31 23:00:23.190018,0 days 00:01:04.891775,15,11,49,COMPLETE
130,29420.807733264002,2025-07-31 22:59:18.361823,2025-07-31 23:00:24.416698,0 days 00:01:06.054875,15,11,50,COMPLETE
131,31853.065890287384,2025-07-31 22:59:18.414632,2025-07-31 23:00:00.628096,0 days 00:00:42.213464,16,11,50,COMPLETE
132,144398.6407001555,2025-07-31 22:59:18.415583,2025-07-31 22:59:48.810679,0 days 00:00:30.395096,15,5,35,COMPLETE
133,25954.13124279563,2025-07-31 22:59:18.433624,2025-07-31 23:00:24.896214,0 days 00:01:06.462590,15,11,34,COMPLETE
134,25954.13124279563,2025-07-31 22:59:18.649075,2025-07-31 22:59:49.261996,0 days 00:00:30.612921,15,11,34,COMPLETE
135,32991.9899102738,2025-07-31 22:59:18.655139,2025-07-31 23:00:02.835346,0 days 00:00:44.180207,15,12,49,COMPLETE
136,25954.13124279563,2025-07-31 22:59:18.661257,2025-07-31 23:00:02.190703,0 days 00:00:43.529446,15,11,34,COMPLETE
137,29420.807733264002,2025-07-31 22:59:18.669390,2025-07-31 23:00:02.878514,0 days 00:00:44.209124,15,11,50,COMPLETE
138,48022.432646605055,2025-07-31 22:59:18.703434,2025-07-31 23:00:02.759972,0 days 00:00:44.056538,15,5,50,COMPLETE
139,29420.807733264002,2025-07-31 22:59:18.748318,2025-07-31 23:00:03.531123,0 days 00:00:44.782805,15,11,50,COMPLETE
140,48916.586131229655,2025-07-31 22:59:18.763617,2025-07-31 23:00:03.000367,0 days 00:00:44.236750,16,5,49,COMPLETE
141,48197.56573891311,2025-07-31 22:59:18.778006,2025-07-31 23:00:02.641048,0 days 00:00:43.863042,20,5,50,COMPLETE
142,21622.06584177738,2025-07-31 22:59:18.829443,2025-07-31 23:01:25.111799,0 days 00:02:06.282356,20,5,36,COMPLETE
143,48197.56573891311,2025-07-31 22:59:18.872522,2025-07-31 23:00:04.708246,0 days 00:00:45.835724,20,5,50,COMPLETE
144,84555.53537314667,2025-07-31 22:59:18.877285,2025-07-31 23:00:04.230002,0 days 00:00:45.352717,19,5,35,COMPLETE
145,48197.56573891311,2025-07-31 22:59:18.906742,2025-07-31 23:00:05.402970,0 days 00:00:46.496228,20,5,50,COMPLETE
146,48197.56573891311,2025-07-31 22:59:18.918794,2025-07-31 23:00:05.221383,0 days 00:00:46.302589,20,5,50,COMPLETE
147,41879.295453493956,2025-07-31 22:59:19.111932,2025-07-31 22:59:50.060886,0 days 00:00:30.948954,19,5,50,COMPLETE
148,38302.4126827744,2025-07-31 22:59:19.151554,2025-07-31 22:59:43.312847,0 days 00:00:24.161293,20,5,35,COMPLETE
149,21541.824890853597,2025-07-31 22:59:19.187874,2025-07-31 23:00:06.327380,0 days 00:00:47.139506,19,11,49,COMPLETE
150,19502.66003228883,2025-07-31 22:59:19.208111,2025-07-31 22:59:51.237052,0 days 00:00:32.028941,20,11,50,COMPLETE
151,19502.66003228883,2025-07-31 22:59:19.216278,2025-07-31 22:59:50.380606,0 days 00:00:31.164328,20,11,50,COMPLETE
152,30272.91422059378,2025-07-31 22:59:19.255213,2025-07-31 23:00:07.834860,0 days 00:00:48.579647,20,11,35,COMPLETE
153,30272.91422059378,2025-07-31 22:59:19.269207,2025-07-31 23:01:36.714592,0 days 00:02:17.445385,20,11,35,COMPLETE
154,30028.313210833167,2025-07-31 22:59:19.313564,2025-07-31 23:00:08.576643,0 days 00:00:49.263079,20,11,34,COMPLETE
155,30272.91422059378,2025-07-31 22:59:19.407022,2025-07-31 23:00:08.932462,0 days 00:00:49.525440,20,11,35,COMPLETE
156,30272.91422059378,2025-07-31 22:59:19.544528,2025-07-31 23:00:09.822052,0 days 00:00:50.277524,20,11,35,COMPLETE
157,207635.35604047403,2025-07-31 22:59:19.577297,2025-07-31 22:59:52.142614,0 days 00:00:32.565317,20,10,21,COMPLETE
158,295523.4488847995,2025-07-31 22:59:19.608532,2025-07-31 22:59:52.622752,0 days 00:00:33.014220,20,11,21,COMPLETE
159,19502.66003228883,2025-07-31 22:59:19.751702,2025-07-31 23:00:10.240861,0 days 00:00:50.489159,20,11,50,COMPLETE
160,30272.91422059378,2025-07-31 22:59:19.763379,2025-07-31 23:00:10.577310,0 days 00:00:50.813931,20,11,35,COMPLETE
161,21541.824890853597,2025-07-31 22:59:19.816549,2025-07-31 22:59:53.898827,0 days 00:00:34.082278,19,11,50,COMPLETE
162,232763.69586017556,2025-07-31 22:59:19.923866,2025-07-31 23:00:44.143354,0 days 00:01:24.219488,19,10,21,COMPLETE
163,282456.6688389227,2025-07-31 22:59:20.102726,2025-07-31 22:59:54.158998,0 days 00:00:34.056272,19,11,21,COMPLETE
164,33010.26924511617,2025-07-31 22:59:20.238664,2025-07-31 23:00:12.972579,0 days 00:00:52.733915,15,11,35,COMPLETE
165,29420.807733264002,2025-07-31 22:59:20.351515,2025-07-31 22:59:55.797847,0 days 00:00:35.446332,15,11,50,COMPLETE
166,25954.13124279563,2025-07-31 22:59:20.427426,2025-07-31 22:59:45.190553,0 days 00:00:24.763127,15,11,34,COMPLETE
167,34628.589389365785,2025-07-31 22:59:20.661431,2025-07-31 22:59:56.622429,0 days 00:00:35.960998,15,11,49,COMPLETE
168,25954.13124279563,2025-07-31 22:59:20.752808,2025-07-31 23:00:14.751171,0 days 00:00:53.998363,15,11,34,COMPLETE
169,20799.207761788835,2025-07-31 22:59:20.810864,2025-07-31 22:59:56.152383,0 days 00:00:35.341519,15,11,36,COMPLETE
170,6865.804252730111,2025-07-31 22:59:20.874689,2025-07-31 23:02:16.965786,0 days 00:02:56.091097,16,11,35,COMPLETE
171,33010.26924511617,2025-07-31 22:59:20.982818,2025-07-31 23:00:15.057339,0 days 00:00:54.074521,15,11,35,COMPLETE
172,33010.26924511617,2025-07-31 22:59:21.030931,2025-07-31 22:59:46.091412,0 days 00:00:25.060481,15,11,35,COMPLETE
173,29420.807733264002,2025-07-31 22:59:21.255626,2025-07-31 22:59:57.408101,0 days 00:00:36.152475,15,11,50,COMPLETE
174,38840.81601267627,2025-07-31 22:59:21.282745,2025-07-31 23:00:16.833605,0 days 00:00:55.550860,15,10,35,COMPLETE
175,25954.13124279563,2025-07-31 22:59:21.387463,2025-07-31 23:01:07.358892,0 days 00:01:45.971429,15,11,34,COMPLETE
176,33010.26924511617,2025-07-31 22:59:21.652200,2025-07-31 23:00:16.608007,0 days 00:00:54.955807,15,11,35,COMPLETE
177,30272.91422059378,2025-07-31 22:59:21.807618,2025-07-31 23:00:19.156496,0 days 00:00:57.348878,20,11,35,COMPLETE
178,29420.807733264002,2025-07-31 22:59:21.819748,2025-07-31 22:59:47.019965,0 days 00:00:25.200217,15,11,50,COMPLETE
179,30028.313210833167,2025-07-31 22:59:21.938416,2025-07-31 23:00:18.406626,0 days 00:00:56.468210,20,11,34,COMPLETE
180,30272.91422059378,2025-07-31 22:59:22.018382,2025-07-31 23:00:19.184851,0 days 00:00:57.166469,20,11,35,COMPLETE
181,33010.26924511617,2025-07-31 22:59:22.074417,2025-07-31 23:00:18.423687,0 days 00:00:56.349270,15,11,35,COMPLETE
182,27837.430484620334,2025-07-31 22:59:22.127895,2025-07-31 23:02:22.428475,0 days 00:03:00.300580,20,11,37,COMPLETE
183,38840.81601267627,2025-07-31 22:59:22.139172,2025-07-31 23:00:20.771657,0 days 00:00:58.632485,15,10,35,COMPLETE
184,33010.26924511617,2025-07-31 22:59:22.241207,2025-07-31 23:00:19.877238,0 days 00:00:57.636031,15,11,35,COMPLETE
185,33010.26924511617,2025-07-31 22:59:22.273161,2025-07-31 23:00:00.185892,0 days 00:00:37.912731,15,11,35,COMPLETE
186,6865.804252730111,2025-07-31 22:59:22.284142,2025-07-31 23:02:23.700085,0 days 00:03:01.415943,16,11,35,COMPLETE
187,33010.26924511617,2025-07-31 22:59:22.362760,2025-07-31 23:01:13.171867,0 days 00:01:50.809107,15,11,35,COMPLETE
188,172087.46424541695,2025-07-31 22:59:22.408531,2025-07-31 23:00:21.822610,0 days 00:00:59.414079,15,9,35,COMPLETE
189,38840.81601267627,2025-07-31 22:59:22.417143,2025-07-31 23:00:23.582061,0 days 00:01:01.164918,15,10,35,COMPLETE
190,22965.250205869812,2025-07-31 22:59:22.441192,2025-07-31 23:01:13.859152,0 days 00:01:51.417960,15,10,36,COMPLETE
191,38840.81601267627,2025-07-31 22:59:22.465161,2025-07-31 23:01:13.613938,0 days 00:01:51.148777,15,10,35,COMPLETE
192,22965.250205869812,2025-07-31 22:59:22.522544,2025-07-31 23:00:23.562120,0 days 00:01:01.039576,15,10,36,COMPLETE
193,38840.81601267627,2025-07-31 22:59:22.547794,2025-07-31 23:02:24.380280,0 days 00:03:01.832486,15,10,35,COMPLETE
194,38840.81601267627,2025-07-31 22:59:22.639366,2025-07-31 23:00:23.869730,0 days 00:01:01.230364,15,10,35,COMPLETE
195,38840.81601267627,2025-07-31 22:59:22.730326,2025-07-31 23:00:27.163071,0 days 00:01:04.432745,15,10,35,COMPLETE
196,38840.81601267627,2025-07-31 22:59:22.780223,2025-07-31 23:00:27.915719,0 days 00:01:05.135496,15,10,35,COMPLETE
197,22965.250205869812,2025-07-31 22:59:22.814619,2025-07-31 23:00:01.591343,0 days 00:00:38.776724,15,10,36,COMPLETE
198,38840.81601267627,2025-07-31 22:59:22.941065,2025-07-31 23:00:26.641427,0 days 00:01:03.700362,15,10,35,COMPLETE
199,38840.81601267627,2025-07-31 22:59:22.984973,2025-07-31 23:01:19.723278,0 days 00:01:56.738305,15,10,35,COMPLETE
200,108049.03994909753,2025-07-31 22:59:23.057572,2025-07-31 23:00:28.647725,0 days 00:01:05.590153,12,10,35,COMPLETE
201,71512.81226793963,2025-07-31 22:59:23.165404,2025-07-31 23:00:29.031675,0 days 00:01:05.866271,12,10,37,COMPLETE
202,108049.03994909753,2025-07-31 22:59:23.187144,2025-07-31 23:00:30.582517,0 days 00:01:07.395373,12,10,35,COMPLETE
203,108049.03994909753,2025-07-31 22:59:23.208481,2025-07-31 23:00:29.158662,0 days 00:01:05.950181,12,10,35,COMPLETE
204,71512.81226793963,2025-07-31 22:59:23.233647,2025-07-31 23:01:28.327803,0 days 00:02:05.094156,12,10,37,COMPLETE
205,87594.42628368796,2025-07-31 22:59:23.244375,2025-07-31 23:00:32.107349,0 days 00:01:08.862974,12,10,38,COMPLETE
206,82816.94286980064,2025-07-31 22:59:23.254653,2025-07-31 23:00:33.685184,0 days 00:01:10.430531,12,10,39,COMPLETE
207,87594.42628368796,2025-07-31 22:59:23.258689,2025-07-31 23:00:32.632392,0 days 00:01:09.373703,12,10,38,COMPLETE
208,95592.82164782431,2025-07-31 22:59:23.263809,2025-07-31 23:00:33.600375,0 days 00:01:10.336566,12,10,36,COMPLETE
209,87594.42628368796,2025-07-31 22:59:23.264804,2025-07-31 23:00:31.497835,0 days 00:01:08.233031,12,10,38,COMPLETE
210,24121.308655790304,2025-07-31 22:59:23.271961,2025-07-31 23:00:05.235697,0 days 00:00:41.963736,12,10,21,COMPLETE
211,17724.28651517395,2025-07-31 22:59:23.303898,2025-07-31 23:00:33.549268,0 days 00:01:10.245370,15,10,38,COMPLETE
212,87594.42628368796,2025-07-31 22:59:23.379246,2025-07-31 23:00:34.599437,0 days 00:01:11.220191,12,10,38,COMPLETE
213,87594.42628368796,2025-07-31 22:59:23.417944,2025-07-31 23:00:33.068734,0 days 00:01:09.650790,12,10,38,COMPLETE
214,71512.81226793963,2025-07-31 22:59:23.419176,2025-07-31 23:00:05.641247,0 days 00:00:42.222071,12,10,37,COMPLETE
215,87594.42628368796,2025-07-31 22:59:23.425280,2025-07-31 23:01:32.983055,0 days 00:02:09.557775,12,10,38,COMPLETE
216,87594.42628368796,2025-07-31 22:59:23.432582,2025-07-31 23:01:32.125904,0 days 00:02:08.693322,12,10,38,COMPLETE
217,14847.944094102424,2025-07-31 22:59:23.569218,2025-07-31 23:00:36.418748,0 days 00:01:12.849530,15,10,37,COMPLETE
218,87594.42628368796,2025-07-31 22:59:23.709691,2025-07-31 23:00:06.309250,0 days 00:00:42.599559,12,10,38,COMPLETE
219,87594.42628368796,2025-07-31 22:59:23.740113,2025-07-31 23:01:34.637137,0 days 00:02:10.897024,12,10,38,COMPLETE
220,96260.67735293481,2025-07-31 22:59:23.847319,2025-07-31 23:00:06.297394,0 days 00:00:42.450075,12,9,38,COMPLETE
221,17724.28651517395,2025-07-31 22:59:23.940097,2025-07-31 23:02:43.350666,0 days 00:03:19.410569,15,10,38,COMPLETE
222,87594.42628368796,2025-07-31 22:59:23.947040,2025-07-31 23:01:37.047651,0 days 00:02:13.100611,12,10,38,COMPLETE
223,87594.42628368796,2025-07-31 22:59:24.062570,2025-07-31 23:00:37.369417,0 days 00:01:13.306847,12,10,38,COMPLETE
224,87594.42628368796,2025-07-31 22:59:24.251105,2025-07-31 23:00:37.766928,0 days 00:01:13.515823,12,10,38,COMPLETE
225,17724.28651517395,2025-07-31 22:59:24.280760,2025-07-31 23:00:37.784377,0 days 00:01:13.503617,15,10,38,COMPLETE
226,29881.97910103076,2025-07-31 22:59:24.287511,2025-07-31 23:01:38.096721,0 days 00:02:13.809210,12,10,22,COMPLETE
227,87594.42628368796,2025-07-31 22:59:24.376889,2025-07-31 23:00:07.998611,0 days 00:00:43.621722,12,10,38,COMPLETE
228,82816.94286980064,2025-07-31 22:59:24.433745,2025-07-31 23:00:07.005892,0 days 00:00:42.572147,12,10,39,COMPLETE
229,87594.42628368796,2025-07-31 22:59:24.477694,2025-07-31 23:00:07.528626,0 days 00:00:43.050932,12,10,38,COMPLETE
230,87594.42628368796,2025-07-31 22:59:24.521577,2025-07-31 23:00:08.591382,0 days 00:00:44.069805,12,10,38,COMPLETE
231,87594.42628368796,2025-07-31 22:59:24.560621,2025-07-31 23:01:40.578694,0 days 00:02:16.018073,12,10,38,COMPLETE
232,24121.308655790304,2025-07-31 22:59:24.639105,2025-07-31 23:00:08.780515,0 days 00:00:44.141410,12,10,21,COMPLETE
233,28155.765698712832,2025-07-31 22:59:24.745626,2025-07-31 23:00:39.828824,0 days 00:01:15.083198,15,9,38,COMPLETE
234,14847.944094102424,2025-07-31 22:59:24.810764,2025-07-31 23:00:09.085570,0 days 00:00:44.274806,15,10,37,COMPLETE
235,14847.944094102424,2025-07-31 22:59:24.828751,2025-07-31 23:00:38.928067,0 days 00:01:14.099316,15,10,37,COMPLETE
236,14847.944094102424,2025-07-31 22:59:24.880475,2025-07-31 23:00:39.940312,0 days 00:01:15.059837,15,10,37,COMPLETE
237,17724.28651517395,2025-07-31 22:59:25.224243,2025-07-31 23:00:40.796310,0 days 00:01:15.572067,15,10,38,COMPLETE
238,28155.765698712832,2025-07-31 22:59:25.273281,2025-07-31 23:01:45.528222,0 days 00:02:20.254941,15,9,38,COMPLETE
239,26788.94923484046,2025-07-31 22:59:25.421900,2025-07-31 23:00:09.996379,0 days 00:00:44.574479,15,9,37,COMPLETE
240,75564.709582542,2025-07-31 22:59:25.486503,2025-07-31 23:00:09.553331,0 days 00:00:44.066828,14,9,38,COMPLETE
241,94555.52883315757,2025-07-31 22:59:25.498975,2025-07-31 23:00:42.525073,0 days 00:01:17.026098,15,9,20,COMPLETE
242,145415.82456947697,2025-07-31 22:59:25.513682,2025-07-31 23:00:43.776723,0 days 00:01:18.263041,15,9,21,COMPLETE
243,94555.52883315757,2025-07-31 22:59:25.541887,2025-07-31 23:01:48.382606,0 days 00:02:22.840719,15,9,20,COMPLETE
244,94555.52883315757,2025-07-31 22:59:25.566741,2025-07-31 23:00:42.573271,0 days 00:01:17.006530,15,9,20,COMPLETE
245,28155.765698712832,2025-07-31 22:59:25.600715,2025-07-31 23:01:48.666919,0 days 00:02:23.066204,15,9,38,COMPLETE
246,17724.28651517395,2025-07-31 22:59:26.228226,2025-07-31 23:03:01.658062,0 days 00:03:35.429836,15,10,38,COMPLETE
247,26788.94923484046,2025-07-31 22:59:26.340310,2025-07-31 23:00:45.864239,0 days 00:01:19.523929,15,9,37,COMPLETE
248,94555.52883315757,2025-07-31 22:59:26.402180,2025-07-31 23:00:45.223777,0 days 00:01:18.821597,15,9,20,COMPLETE
249,28155.765698712832,2025-07-31 22:59:26.569082,2025-07-31 23:00:10.936845,0 days 00:00:44.367763,15,9,38,COMPLETE
250,53939.207827368016,2025-07-31 22:59:26.987705,2025-07-31 23:00:46.094253,0 days 00:01:19.106548,15,10,20,COMPLETE
251,94555.52883315757,2025-07-31 22:59:27.086827,2025-07-31 23:00:48.158219,0 days 00:01:21.071392,15,9,20,COMPLETE
252,45941.1725459571,2025-07-31 22:59:27.176020,2025-07-31 23:00:12.264283,0 days 00:00:45.088263,16,9,38,COMPLETE
253,94555.52883315757,2025-07-31 22:59:27.313177,2025-07-31 23:00:12.511354,0 days 00:00:45.198177,15,9,20,COMPLETE
254,28155.765698712832,2025-07-31 22:59:27.342400,2025-07-31 23:00:11.610858,0 days 00:00:44.268458,15,9,38,COMPLETE
255,47282.01931671074,2025-07-31 22:59:27.496601,2025-07-31 22:59:54.501737,0 days 00:00:27.005136,14,9,21,COMPLETE
256,22756.74709054737,2025-07-31 22:59:27.556433,2025-07-31 23:00:47.758779,0 days 00:01:20.202346,15,9,19,COMPLETE
257,46717.13814366053,2025-07-31 22:59:27.665900,2025-07-31 23:01:59.698494,0 days 00:02:32.032594,15,9,40,COMPLETE
258,26788.94923484046,2025-07-31 22:59:27.820668,2025-07-31 23:02:00.607087,0 days 00:02:32.786419,15,9,37,COMPLETE
259,28155.765698712832,2025-07-31 22:59:27.882988,2025-07-31 23:00:12.751426,0 days 00:00:44.868438,15,9,38,COMPLETE
260,28155.765698712832,2025-07-31 22:59:27.999227,2025-07-31 23:00:51.131244,0 days 00:01:23.132017,15,9,38,COMPLETE
261,28155.765698712832,2025-07-31 22:59:28.331815,2025-07-31 23:00:13.034833,0 days 00:00:44.703018,15,9,38,COMPLETE
262,22756.74709054737,2025-07-31 22:59:28.419497,2025-07-31 23:02:02.480092,0 days 00:02:34.060595,15,9,19,COMPLETE
263,22756.74709054737,2025-07-31 22:59:28.702209,2025-07-31 23:00:51.979826,0 days 00:01:23.277617,15,9,19,COMPLETE
264,18283.22828330802,2025-07-31 22:59:28.782489,2025-07-31 23:00:51.984838,0 days 00:01:23.202349,15,9,39,COMPLETE
265,182073.04406394507,2025-07-31 22:59:28.846453,2025-07-31 23:00:52.381863,0 days 00:01:23.535410,15,8,23,COMPLETE
266,94555.52883315757,2025-07-31 22:59:28.857983,2025-07-31 23:00:52.979953,0 days 00:01:24.121970,15,9,20,COMPLETE
267,91532.85060868989,2025-07-31 22:59:29.231940,2025-07-31 23:00:13.475744,0 days 00:00:44.243804,15,9,23,COMPLETE
268,91532.85060868989,2025-07-31 22:59:29.260937,2025-07-31 23:00:52.706039,0 days 00:01:23.445102,15,9,23,COMPLETE
269,94464.25871897844,2025-07-31 22:59:29.300477,2025-07-31 23:00:51.621321,0 days 00:01:22.320844,16,9,19,COMPLETE
270,91532.85060868989,2025-07-31 22:59:29.370832,2025-07-31 23:00:54.334953,0 days 00:01:24.964121,15,9,23,COMPLETE
271,28155.765698712832,2025-07-31 22:59:29.442556,2025-07-31 23:02:05.432386,0 days 00:02:35.989830,15,9,38,COMPLETE
272,22756.74709054737,2025-07-31 22:59:29.499122,2025-07-31 23:00:14.350918,0 days 00:00:44.851796,15,9,19,COMPLETE
273,22756.74709054737,2025-07-31 22:59:29.520040,2025-07-31 23:00:54.548647,0 days 00:01:25.028607,15,9,19,COMPLETE
274,145056.4481696939,2025-07-31 22:59:29.560579,2025-07-31 23:00:52.924993,0 days 00:01:23.364414,16,10,23,COMPLETE
275,22756.74709054737,2025-07-31 22:59:29.637442,2025-07-31 23:00:14.664001,0 days 00:00:45.026559,15,9,19,COMPLETE
276,22756.74709054737,2025-07-31 22:59:29.664939,2025-07-31 23:00:54.298955,0 days 00:01:24.634016,15,9,19,COMPLETE
277,91532.85060868989,2025-07-31 22:59:29.936325,2025-07-31 23:03:45.379165,0 days 00:04:15.442840,15,9,23,COMPLETE
278,22756.74709054737,2025-07-31 22:59:30.019486,2025-07-31 23:00:55.684383,0 days 00:01:25.664897,15,9,19,COMPLETE
279,14930.065574949704,2025-07-31 22:59:30.137231,2025-07-31 23:00:58.672711,0 days 00:01:28.535480,15,10,19,COMPLETE
280,22756.74709054737,2025-07-31 22:59:30.157302,2025-07-31 23:03:14.846411,0 days 00:03:44.689109,15,9,19,COMPLETE
281,22756.74709054737,2025-07-31 22:59:30.232639,2025-07-31 23:00:59.386630,0 days 00:01:29.153991,15,9,19,COMPLETE
282,22756.74709054737,2025-07-31 22:59:30.261721,2025-07-31 23:02:11.974428,0 days 00:02:41.712707,15,9,19,COMPLETE
283,22756.74709054737,2025-07-31 22:59:30.280670,2025-07-31 23:00:59.659409,0 days 00:01:29.378739,15,9,19,COMPLETE
284,14930.065574949704,2025-07-31 22:59:30.540897,2025-07-31 23:00:14.937096,0 days 00:00:44.396199,15,10,19,COMPLETE
285,22756.74709054737,2025-07-31 22:59:30.729106,2025-07-31 23:00:59.145174,0 days 00:01:28.416068,15,9,19,COMPLETE
286,86270.80090039551,2025-07-31 22:59:30.775569,2025-07-31 23:00:56.934562,0 days 00:01:26.158993,18,9,19,COMPLETE
287,22756.74709054737,2025-07-31 22:59:30.797989,2025-07-31 23:00:59.454499,0 days 00:01:28.656510,15,9,19,COMPLETE
288,94555.52883315757,2025-07-31 22:59:30.875237,2025-07-31 23:02:14.997418,0 days 00:02:44.122181,15,9,20,COMPLETE
289,22756.74709054737,2025-07-31 22:59:30.938994,2025-07-31 23:00:58.743035,0 days 00:01:27.804041,15,9,19,COMPLETE
290,22756.74709054737,2025-07-31 22:59:30.996592,2025-07-31 23:01:01.910313,0 days 00:01:30.913721,15,9,19,COMPLETE
291,22756.74709054737,2025-07-31 22:59:31.054776,2025-07-31 23:02:11.041802,0 days 00:02:39.987026,15,9,19,COMPLETE
292,14930.065574949704,2025-07-31 22:59:31.076049,2025-07-31 23:03:17.215894,0 days 00:03:46.139845,15,10,19,COMPLETE
293,94555.52883315757,2025-07-31 22:59:31.146986,2025-07-31 23:03:19.341968,0 days 00:03:48.194982,15,9,20,COMPLETE
294,91532.85060868989,2025-07-31 22:59:31.180820,2025-07-31 22:59:57.695064,0 days 00:00:26.514244,15,9,23,COMPLETE
295,22756.74709054737,2025-07-31 22:59:31.276381,2025-07-31 23:01:01.680858,0 days 00:01:30.404477,15,9,19,COMPLETE
296,14930.065574949704,2025-07-31 22:59:31.302703,2025-07-31 23:01:00.786999,0 days 00:01:29.484296,15,10,19,COMPLETE
297,14930.065574949704,2025-07-31 22:59:31.342563,2025-07-31 23:00:17.555398,0 days 00:00:46.212835,15,10,19,COMPLETE
298,22756.74709054737,2025-07-31 22:59:31.371324,2025-07-31 23:02:15.688930,0 days 00:02:44.317606,15,9,19,COMPLETE
299,22756.74709054737,2025-07-31 22:59:31.435988,2025-07-31 23:01:02.091118,0 days 00:01:30.655130,15,9,19,COMPLETE
300,22756.74709054737,2025-07-31 22:59:31.514209,2025-07-31 23:01:03.326974,0 days 00:01:31.812765,15,9,19,COMPLETE
301,22756.74709054737,2025-07-31 22:59:31.592333,2025-07-31 23:02:16.669923,0 days 00:02:45.077590,15,9,19,COMPLETE
302,22756.74709054737,2025-07-31 22:59:31.836015,2025-07-31 23:01:03.670845,0 days 00:01:31.834830,15,9,19,COMPLETE
303,97586.12403670306,2025-07-31 22:59:32.003795,2025-07-31 23:02:18.518358,0 days 00:02:46.514563,15,9,22,COMPLETE
304,22756.74709054737,2025-07-31 22:59:32.057417,2025-07-31 23:02:17.831248,0 days 00:02:45.773831,15,9,19,COMPLETE
305,22756.74709054737,2025-07-31 22:59:32.096987,2025-07-31 23:01:07.068222,0 days 00:01:34.971235,15,9,19,COMPLETE
306,155328.32823271642,2025-07-31 22:59:32.135357,2025-07-31 23:00:17.149014,0 days 00:00:45.013657,18,8,19,COMPLETE
307,62189.98093495924,2025-07-31 22:59:32.234457,2025-07-31 23:00:17.622039,0 days 00:00:45.387582,18,8,23,COMPLETE
308,155328.32823271642,2025-07-31 22:59:32.246008,2025-07-31 23:00:18.404152,0 days 00:00:46.158144,18,8,19,COMPLETE
309,86984.05213924721,2025-07-31 22:59:32.265037,2025-07-31 23:02:18.405852,0 days 00:02:46.140815,18,8,20,COMPLETE
310,155328.32823271642,2025-07-31 22:59:32.313406,2025-07-31 23:02:19.315363,0 days 00:02:47.001957,18,8,19,COMPLETE
311,155328.32823271642,2025-07-31 22:59:32.330080,2025-07-31 23:00:17.269629,0 days 00:00:44.939549,18,8,19,COMPLETE
312,109356.59716803842,2025-07-31 22:59:32.357792,2025-07-31 23:01:07.783214,0 days 00:01:35.425422,18,10,19,COMPLETE
313,145056.4481696939,2025-07-31 22:59:32.359413,2025-07-31 23:03:19.774007,0 days 00:03:47.414594,18,10,20,COMPLETE
314,-inf,2025-07-31 22:59:32.387219,2025-07-31 23:01:02.189373,0 days 00:01:29.802154,18,10,18,COMPLETE
315,109356.59716803842,2025-07-31 22:59:32.410333,2025-07-31 23:01:07.898179,0 days 00:01:35.487846,18,10,19,COMPLETE
316,109356.59716803842,2025-07-31 22:59:32.486831,2025-07-31 23:01:06.586235,0 days 00:01:34.099404,18,10,19,COMPLETE
317,109356.59716803842,2025-07-31 22:59:32.519504,2025-07-31 23:00:18.654514,0 days 00:00:46.135010,18,10,19,COMPLETE
318,109356.59716803842,2025-07-31 22:59:32.526191,2025-07-31 23:01:07.541574,0 days 00:01:35.015383,18,10,19,COMPLETE
319,109356.59716803842,2025-07-31 22:59:32.630112,2025-07-31 23:02:23.459076,0 days 00:02:50.828964,18,10,19,COMPLETE
320,95329.67353562085,2025-07-31 22:59:32.692281,2025-07-31 23:01:08.961351,0 days 00:01:36.269070,18,6,20,COMPLETE
321,138470.80378884927,2025-07-31 22:59:32.726152,2025-07-31 23:01:10.651447,0 days 00:01:37.925295,18,6,19,COMPLETE
322,161493.81851030854,2025-07-31 22:59:32.779181,2025-07-31 23:01:11.639905,0 days 00:01:38.860724,18,12,19,COMPLETE
323,145056.4481696939,2025-07-31 22:59:32.800742,2025-07-31 23:01:10.979639,0 days 00:01:38.178897,18,10,20,COMPLETE
324,53939.207827368016,2025-07-31 22:59:32.825053,2025-07-31 23:01:11.226000,0 days 00:01:38.400947,15,10,20,COMPLETE
325,145056.4481696939,2025-07-31 22:59:32.893491,2025-07-31 23:01:13.872999,0 days 00:01:40.979508,18,10,20,COMPLETE
326,14930.065574949704,2025-07-31 22:59:32.935457,2025-07-31 22:59:59.144815,0 days 00:00:26.209358,15,10,19,COMPLETE
327,21140.309538284586,2025-07-31 22:59:32.949305,2025-07-31 23:01:11.848566,0 days 00:01:38.899261,15,14,19,COMPLETE
328,14930.065574949704,2025-07-31 22:59:32.977932,2025-07-31 23:01:13.787909,0 days 00:01:40.809977,15,10,19,COMPLETE
329,62048.172134462366,2025-07-31 22:59:32.985553,2025-07-31 23:01:13.015705,0 days 00:01:40.030152,15,10,22,COMPLETE
330,14930.065574949704,2025-07-31 22:59:33.004573,2025-07-31 23:00:00.417359,0 days 00:00:27.412786,15,10,19,COMPLETE
331,53939.207827368016,2025-07-31 22:59:33.038249,2025-07-31 23:02:23.787066,0 days 00:02:50.748817,15,10,20,COMPLETE
332,21140.309538284586,2025-07-31 22:59:33.076802,2025-07-31 23:01:13.046741,0 days 00:01:39.969939,15,14,19,COMPLETE
333,29881.97910103076,2025-07-31 22:59:33.087636,2025-07-31 23:01:13.704044,0 days 00:01:40.616408,12,10,22,COMPLETE
334,53939.207827368016,2025-07-31 22:59:33.105424,2025-07-31 23:01:12.743486,0 days 00:01:39.638062,15,10,20,COMPLETE
335,109356.59716803842,2025-07-31 22:59:33.113243,2025-07-31 23:00:21.880569,0 days 00:00:48.767326,18,10,19,COMPLETE
336,113130.54925308713,2025-07-31 22:59:33.124219,2025-07-31 23:00:22.092737,0 days 00:00:48.968518,15,10,23,COMPLETE
337,14930.065574949704,2025-07-31 22:59:33.133370,2025-07-31 23:01:13.786338,0 days 00:01:40.652968,15,10,19,COMPLETE
338,14930.065574949704,2025-07-31 22:59:33.145510,2025-07-31 23:01:15.675873,0 days 00:01:42.530363,15,10,19,COMPLETE
339,145056.4481696939,2025-07-31 22:59:33.156300,2025-07-31 23:00:21.847820,0 days 00:00:48.691520,18,10,20,COMPLETE
340,14930.065574949704,2025-07-31 22:59:33.172621,2025-07-31 23:00:23.925235,0 days 00:00:50.752614,15,10,19,COMPLETE
341,282347.7328207157,2025-07-31 22:59:33.219804,2025-07-31 23:00:22.490860,0 days 00:00:49.271056,18,12,22,COMPLETE
342,258706.7312106114,2025-07-31 22:59:33.244700,2025-07-31 23:00:23.489017,0 days 00:00:50.244317,18,12,23,COMPLETE
343,148392.61141346357,2025-07-31 22:59:33.248942,2025-07-31 23:01:15.803260,0 days 00:01:42.554318,18,12,20,COMPLETE
344,161493.81851030854,2025-07-31 22:59:33.256280,2025-07-31 23:00:21.608745,0 days 00:00:48.352465,18,12,19,COMPLETE
345,161493.81851030854,2025-07-31 22:59:33.281544,2025-07-31 23:01:16.766246,0 days 00:01:43.484702,18,12,19,COMPLETE
346,275898.69838267495,2025-07-31 22:59:33.299101,2025-07-31 23:01:16.635948,0 days 00:01:43.336847,18,14,19,COMPLETE
347,148392.61141346357,2025-07-31 22:59:33.318554,2025-07-31 23:00:24.485774,0 days 00:00:51.167220,18,12,20,COMPLETE
348,282347.7328207157,2025-07-31 22:59:33.325999,2025-07-31 23:03:23.163256,0 days 00:03:49.837257,18,12,22,COMPLETE
349,161493.81851030854,2025-07-31 22:59:33.332947,2025-07-31 23:00:24.539728,0 days 00:00:51.206781,18,12,19,COMPLETE
350,109356.59716803842,2025-07-31 22:59:33.334861,2025-07-31 23:02:25.311241,0 days 00:02:51.976380,18,10,19,COMPLETE
351,161493.81851030854,2025-07-31 22:59:33.360230,2025-07-31 23:01:20.086545,0 days 00:01:46.726315,18,12,19,COMPLETE
352,87834.26834887681,2025-07-31 22:59:33.367223,2025-07-31 23:03:22.118413,0 days 00:03:48.751190,15,12,20,COMPLETE
353,161493.81851030854,2025-07-31 22:59:33.373525,2025-07-31 23:02:28.163986,0 days 00:02:54.790461,18,12,19,COMPLETE
354,17207.933258760826,2025-07-31 22:59:33.376331,2025-07-31 23:01:17.401438,0 days 00:01:44.025107,15,12,19,COMPLETE
355,148392.61141346357,2025-07-31 22:59:33.380496,2025-07-31 23:02:27.763420,0 days 00:02:54.382924,18,12,20,COMPLETE
356,161493.81851030854,2025-07-31 22:59:33.386596,2025-07-31 23:00:27.661765,0 days 00:00:54.275169,18,12,19,COMPLETE
357,161493.81851030854,2025-07-31 22:59:33.387715,2025-07-31 23:00:26.689458,0 days 00:00:53.301743,18,12,19,COMPLETE
358,282347.7328207157,2025-07-31 22:59:33.388574,2025-07-31 23:02:24.594444,0 days 00:02:51.205870,18,12,22,COMPLETE
359,148392.61141346357,2025-07-31 22:59:33.390446,2025-07-31 23:00:26.513282,0 days 00:00:53.122836,18,12,20,COMPLETE
360,161493.81851030854,2025-07-31 22:59:33.394309,2025-07-31 23:01:19.296343,0 days 00:01:45.902034,18,12,19,COMPLETE
361,148392.61141346357,2025-07-31 22:59:33.396539,2025-07-31 23:01:19.743499,0 days 00:01:46.346960,18,12,20,COMPLETE
362,17207.933258760826,2025-07-31 22:59:33.399747,2025-07-31 23:00:01.246243,0 days 00:00:27.846496,15,12,19,COMPLETE
363,161493.81851030854,2025-07-31 22:59:33.401035,2025-07-31 23:00:27.281936,0 days 00:00:53.880901,18,12,19,COMPLETE
364,161493.81851030854,2025-07-31 22:59:33.402243,2025-07-31 23:02:30.892310,0 days 00:02:57.490067,18,12,19,COMPLETE
365,148392.61141346357,2025-07-31 22:59:33.407986,2025-07-31 23:01:20.378370,0 days 00:01:46.970384,18,12,20,COMPLETE
366,31348.667364591565,2025-07-31 22:59:33.409993,2025-07-31 23:01:20.494995,0 days 00:01:47.085002,12,12,19,COMPLETE
367,148392.61141346357,2025-07-31 22:59:33.414031,2025-07-31 23:02:31.260566,0 days 00:02:57.846535,18,12,20,COMPLETE
368,161493.81851030854,2025-07-31 22:59:33.416272,2025-07-31 23:02:29.285822,0 days 00:02:55.869550,18,12,19,COMPLETE
369,282347.7328207157,2025-07-31 22:59:33.422786,2025-07-31 23:01:22.120056,0 days 00:01:48.697270,18,12,22,COMPLETE
370,161493.81851030854,2025-07-31 22:59:33.425566,2025-07-31 23:02:34.630066,0 days 00:03:01.204500,18,12,19,COMPLETE
371,275898.69838267495,2025-07-31 22:59:33.426412,2025-07-31 23:01:20.910392,0 days 00:01:47.483980,18,14,19,COMPLETE
372,275898.69838267495,2025-07-31 22:59:33.427644,2025-07-31 23:01:21.626656,0 days 00:01:48.199012,18,14,19,COMPLETE
373,87834.26834887681,2025-07-31 22:59:33.429712,2025-07-31 23:01:21.363612,0 days 00:01:47.933900,15,12,20,COMPLETE
374,282347.7328207157,2025-07-31 22:59:33.431278,2025-07-31 23:01:20.945055,0 days 00:01:47.513777,18,12,22,COMPLETE
375,161493.81851030854,2025-07-31 22:59:33.433324,2025-07-31 23:00:27.592840,0 days 00:00:54.159516,18,12,19,COMPLETE
376,282347.7328207157,2025-07-31 22:59:33.434991,2025-07-31 23:01:22.947461,0 days 00:01:49.512470,18,12,22,COMPLETE
377,282347.7328207157,2025-07-31 22:59:33.437294,2025-07-31 23:01:24.387102,0 days 00:01:50.949808,18,12,22,COMPLETE
378,17207.933258760826,2025-07-31 22:59:33.438458,2025-07-31 23:00:28.771876,0 days 00:00:55.333418,15,12,19,COMPLETE
379,148392.61141346357,2025-07-31 22:59:33.439419,2025-07-31 23:01:24.513208,0 days 00:01:51.073789,18,12,20,COMPLETE
380,161493.81851030854,2025-07-31 22:59:33.441119,2025-07-31 23:03:25.839916,0 days 00:03:52.398797,18,12,19,COMPLETE
381,148392.61141346357,2025-07-31 22:59:33.446194,2025-07-31 23:02:36.313496,0 days 00:03:02.867302,18,12,20,COMPLETE
382,161493.81851030854,2025-07-31 22:59:33.447694,2025-07-31 23:02:34.257150,0 days 00:03:00.809456,18,12,19,COMPLETE
383,161493.81851030854,2025-07-31 22:59:33.450239,2025-07-31 23:01:22.373389,0 days 00:01:48.923150,18,12,19,COMPLETE
384,161493.81851030854,2025-07-31 22:59:33.453192,2025-07-31 23:00:29.269216,0 days 00:00:55.816024,18,12,19,COMPLETE
385,148392.61141346357,2025-07-31 22:59:33.458235,2025-07-31 23:01:26.145058,0 days 00:01:52.686823,18,12,20,COMPLETE
386,161493.81851030854,2025-07-31 22:59:33.462067,2025-07-31 23:01:25.623074,0 days 00:01:52.161007,18,12,19,COMPLETE
387,282347.7328207157,2025-07-31 22:59:33.462837,2025-07-31 23:01:23.903998,0 days 00:01:50.441161,18,12,22,COMPLETE
388,148392.61141346357,2025-07-31 22:59:33.468840,2025-07-31 23:00:29.778532,0 days 00:00:56.309692,18,12,20,COMPLETE
389,17207.933258760826,2025-07-31 22:59:33.471314,2025-07-31 23:01:24.505730,0 days 00:01:51.034416,15,12,19,COMPLETE
390,148392.61141346357,2025-07-31 22:59:33.473433,2025-07-31 23:01:26.286131,0 days 00:01:52.812698,18,12,20,COMPLETE
391,161493.81851030854,2025-07-31 22:59:33.474286,2025-07-31 23:01:25.439619,0 days 00:01:51.965333,18,12,19,COMPLETE
392,25195.81794040021,2025-07-31 22:59:33.477661,2025-07-31 23:02:38.647962,0 days 00:03:05.170301,18,12,32,COMPLETE
393,161493.81851030854,2025-07-31 22:59:33.480567,2025-07-31 23:01:30.270997,0 days 00:01:56.790430,18,12,19,COMPLETE
394,161493.81851030854,2025-07-31 22:59:33.481739,2025-07-31 23:01:26.017986,0 days 00:01:52.536247,18,12,19,COMPLETE
395,275898.69838267495,2025-07-31 22:59:33.482899,2025-07-31 23:01:26.847232,0 days 00:01:53.364333,18,14,19,COMPLETE
396,161493.81851030854,2025-07-31 22:59:33.488957,2025-07-31 23:01:29.356335,0 days 00:01:55.867378,18,12,19,COMPLETE
397,275898.69838267495,2025-07-31 22:59:33.490800,2025-07-31 23:01:26.978156,0 days 00:01:53.487356,18,14,19,COMPLETE
398,148392.61141346357,2025-07-31 22:59:33.492404,2025-07-31 23:02:39.926397,0 days 00:03:06.433993,18,12,20,COMPLETE
399,161493.81851030854,2025-07-31 22:59:33.495668,2025-07-31 23:00:30.686284,0 days 00:00:57.190616,18,12,19,COMPLETE
400,258706.7312106114,2025-07-31 22:59:33.501818,2025-07-31 23:02:41.085381,0 days 00:03:07.583563,18,12,23,COMPLETE
401,87834.26834887681,2025-07-31 22:59:33.509030,2025-07-31 23:01:29.404480,0 days 00:01:55.895450,15,12,20,COMPLETE
402,258706.7312106114,2025-07-31 22:59:33.512369,2025-07-31 23:01:27.586365,0 days 00:01:54.073996,18,12,23,COMPLETE
403,148392.61141346357,2025-07-31 22:59:33.514255,2025-07-31 23:01:30.567689,0 days 00:01:57.053434,18,12,20,COMPLETE
404,282347.7328207157,2025-07-31 22:59:33.515280,2025-07-31 23:02:39.481108,0 days 00:03:05.965828,18,12,22,COMPLETE
405,258706.7312106114,2025-07-31 22:59:33.519909,2025-07-31 23:02:40.374804,0 days 00:03:06.854895,18,12,23,COMPLETE
406,161493.81851030854,2025-07-31 22:59:33.523702,2025-07-31 23:00:32.265418,0 days 00:00:58.741716,18,12,19,COMPLETE
407,236193.7485477791,2025-07-31 22:59:33.525442,2025-07-31 23:01:30.704692,0 days 00:01:57.179250,18,14,20,COMPLETE
408,282347.7328207157,2025-07-31 22:59:33.536026,2025-07-31 23:00:33.793926,0 days 00:01:00.257900,18,12,22,COMPLETE
409,282347.7328207157,2025-07-31 22:59:33.540645,2025-07-31 23:01:32.486669,0 days 00:01:58.946024,18,12,22,COMPLETE
410,161493.81851030854,2025-07-31 22:59:33.542825,2025-07-31 23:03:34.020461,0 days 00:04:00.477636,18,12,19,COMPLETE
411,258706.7312106114,2025-07-31 22:59:33.546386,2025-07-31 23:01:32.340523,0 days 00:01:58.794137,18,12,23,COMPLETE
412,161493.81851030854,2025-07-31 22:59:33.547373,2025-07-31 23:02:41.773389,0 days 00:03:08.226016,18,12,19,COMPLETE
413,161493.81851030854,2025-07-31 22:59:33.552090,2025-07-31 23:00:33.758195,0 days 00:01:00.206105,18,12,19,COMPLETE
414,148392.61141346357,2025-07-31 22:59:33.554374,2025-07-31 23:01:30.404307,0 days 00:01:56.849933,18,12,20,COMPLETE
415,17207.933258760826,2025-07-31 22:59:33.558374,2025-07-31 23:01:31.741051,0 days 00:01:58.182677,15,12,19,COMPLETE
416,17207.933258760826,2025-07-31 22:59:33.562572,2025-07-31 23:02:44.228237,0 days 00:03:10.665665,15,12,19,COMPLETE
417,282347.7328207157,2025-07-31 22:59:33.565372,2025-07-31 23:01:32.827234,0 days 00:01:59.261862,18,12,22,COMPLETE
418,17207.933258760826,2025-07-31 22:59:33.569849,2025-07-31 23:00:35.400034,0 days 00:01:01.830185,15,12,19,COMPLETE
419,161493.81851030854,2025-07-31 22:59:33.573356,2025-07-31 23:00:35.527030,0 days 00:01:01.953674,18,12,19,COMPLETE
420,161493.81851030854,2025-07-31 22:59:33.574531,2025-07-31 23:02:45.121557,0 days 00:03:11.547026,18,12,19,COMPLETE
421,258706.7312106114,2025-07-31 22:59:33.576600,2025-07-31 23:00:36.173228,0 days 00:01:02.596628,18,12,23,COMPLETE
422,161493.81851030854,2025-07-31 22:59:33.579442,2025-07-31 23:01:34.681821,0 days 00:02:01.102379,18,12,19,COMPLETE
423,161493.81851030854,2025-07-31 22:59:33.580884,2025-07-31 23:00:34.518089,0 days 00:01:00.937205,18,12,19,COMPLETE
424,148392.61141346357,2025-07-31 22:59:33.583381,2025-07-31 23:03:31.672371,0 days 00:03:58.088990,18,12,20,COMPLETE
425,199021.05579317358,2025-07-31 22:59:33.586127,2025-07-31 23:01:34.549599,0 days 00:02:00.963472,18,14,22,COMPLETE
426,282347.7328207157,2025-07-31 22:59:33.587201,2025-07-31 23:03:33.095606,0 days 00:03:59.508405,18,12,22,COMPLETE
427,258706.7312106114,2025-07-31 22:59:33.595959,2025-07-31 23:01:36.476945,0 days 00:02:02.880986,18,12,23,COMPLETE
428,148392.61141346357,2025-07-31 22:59:33.599062,2025-07-31 23:01:34.999558,0 days 00:02:01.400496,18,12,20,COMPLETE
429,161493.81851030854,2025-07-31 22:59:33.600066,2025-07-31 23:02:46.708455,0 days 00:03:13.108389,18,12,19,COMPLETE
430,161493.81851030854,2025-07-31 22:59:33.601490,2025-07-31 23:01:37.880707,0 days 00:02:04.279217,18,12,19,COMPLETE
431,258706.7312106114,2025-07-31 22:59:33.608285,2025-07-31 23:00:37.601577,0 days 00:01:03.993292,18,12,23,COMPLETE
432,161493.81851030854,2025-07-31 22:59:33.619014,2025-07-31 23:01:36.669617,0 days 00:02:03.050603,18,12,19,COMPLETE
433,275898.69838267495,2025-07-31 22:59:33.620644,2025-07-31 23:00:37.143178,0 days 00:01:03.522534,18,14,19,COMPLETE
434,87834.26834887681,2025-07-31 22:59:33.625872,2025-07-31 23:00:37.532634,0 days 00:01:03.906762,15,12,20,COMPLETE
435,17207.933258760826,2025-07-31 22:59:33.629964,2025-07-31 23:01:37.476438,0 days 00:02:03.846474,15,12,19,COMPLETE
436,282347.7328207157,2025-07-31 22:59:33.637035,2025-07-31 23:02:54.179337,0 days 00:03:20.542302,18,12,22,COMPLETE
437,161493.81851030854,2025-07-31 22:59:33.655981,2025-07-31 23:00:37.447069,0 days 00:01:03.791088,18,12,19,COMPLETE
438,275898.69838267495,2025-07-31 22:59:33.663634,2025-07-31 23:02:49.351806,0 days 00:03:15.688172,18,14,19,COMPLETE
439,161493.81851030854,2025-07-31 22:59:33.692078,2025-07-31 23:01:38.338647,0 days 00:02:04.646569,18,12,19,COMPLETE
440,161493.81851030854,2025-07-31 22:59:33.705518,2025-07-31 23:01:38.182368,0 days 00:02:04.476850,18,12,19,COMPLETE
441,161493.81851030854,2025-07-31 22:59:33.716739,2025-07-31 23:03:33.025366,0 days 00:03:59.308627,18,12,19,COMPLETE
442,138470.80378884927,2025-07-31 22:59:33.758874,2025-07-31 23:01:36.996418,0 days 00:02:03.237544,18,6,19,COMPLETE
443,161493.81851030854,2025-07-31 22:59:33.771892,2025-07-31 23:01:39.718758,0 days 00:02:05.946866,18,12,19,COMPLETE
444,148392.61141346357,2025-07-31 22:59:33.773244,2025-07-31 23:01:41.245955,0 days 00:02:07.472711,18,12,20,COMPLETE
445,148392.61141346357,2025-07-31 22:59:33.784612,2025-07-31 23:02:48.681106,0 days 00:03:14.896494,18,12,20,COMPLETE
446,161493.81851030854,2025-07-31 22:59:33.798592,2025-07-31 23:02:51.418340,0 days 00:03:17.619748,18,12,19,COMPLETE
447,161493.81851030854,2025-07-31 22:59:33.827939,2025-07-31 23:02:49.185889,0 days 00:03:15.357950,18,12,19,COMPLETE
448,161493.81851030854,2025-07-31 22:59:33.835269,2025-07-31 23:01:42.303682,0 days 00:02:08.468413,18,12,19,COMPLETE
449,236193.7485477791,2025-07-31 22:59:33.857971,2025-07-31 23:01:43.723834,0 days 00:02:09.865863,18,14,20,COMPLETE
450,258706.7312106114,2025-07-31 22:59:33.874086,2025-07-31 23:02:52.446475,0 days 00:03:18.572389,18,12,23,COMPLETE
451,148392.61141346357,2025-07-31 22:59:33.880851,2025-07-31 23:01:43.826580,0 days 00:02:09.945729,18,12,20,COMPLETE
452,17207.933258760826,2025-07-31 22:59:33.893382,2025-07-31 23:02:51.782375,0 days 00:03:17.888993,15,12,19,COMPLETE
453,282347.7328207157,2025-07-31 22:59:33.928521,2025-07-31 23:03:35.424471,0 days 00:04:01.495950,18,12,22,COMPLETE
454,275898.69838267495,2025-07-31 22:59:33.931934,2025-07-31 23:01:42.943870,0 days 00:02:09.011936,18,14,19,COMPLETE
455,275898.69838267495,2025-07-31 22:59:33.940971,2025-07-31 23:01:43.536701,0 days 00:02:09.595730,18,14,19,COMPLETE
456,236193.7485477791,2025-07-31 22:59:33.943548,2025-07-31 23:01:42.945986,0 days 00:02:09.002438,18,14,20,COMPLETE
457,275898.69838267495,2025-07-31 22:59:33.946361,2025-07-31 23:02:53.521647,0 days 00:03:19.575286,18,14,19,COMPLETE
458,97057.47544984169,2025-07-31 22:59:33.947541,2025-07-31 23:02:54.283254,0 days 00:03:20.335713,15,14,20,COMPLETE
459,275898.69838267495,2025-07-31 22:59:33.950563,2025-07-31 23:01:45.408115,0 days 00:02:11.457552,18,14,19,COMPLETE
460,26129.453610279925,2025-07-31 22:59:33.958236,2025-07-31 23:02:55.480556,0 days 00:03:21.522320,15,13,19,COMPLETE
461,236193.7485477791,2025-07-31 22:59:33.961266,2025-07-31 23:01:46.017439,0 days 00:02:12.056173,18,14,20,COMPLETE
462,32336.672788084183,2025-07-31 22:59:33.965956,2025-07-31 23:02:55.219620,0 days 00:03:21.253664,18,14,23,COMPLETE
463,275898.69838267495,2025-07-31 22:59:33.967555,2025-07-31 23:00:40.901311,0 days 00:01:06.933756,18,14,19,COMPLETE
464,275898.69838267495,2025-07-31 22:59:33.972364,2025-07-31 23:00:41.429651,0 days 00:01:07.457287,18,14,19,COMPLETE
465,199021.05579317358,2025-07-31 22:59:33.975869,2025-07-31 23:00:41.273561,0 days 00:01:07.297692,18,14,22,COMPLETE
466,236193.7485477791,2025-07-31 22:59:33.983818,2025-07-31 23:01:45.444414,0 days 00:02:11.460596,18,14,20,COMPLETE
467,275898.69838267495,2025-07-31 22:59:34.020167,2025-07-31 23:02:59.789684,0 days 00:03:25.769517,18,14,19,COMPLETE
468,275898.69838267495,2025-07-31 22:59:34.021842,2025-07-31 23:00:42.402999,0 days 00:01:08.381157,18,14,19,COMPLETE
469,32336.672788084183,2025-07-31 22:59:34.028044,2025-07-31 23:00:42.928445,0 days 00:01:08.900401,18,14,23,COMPLETE
470,275898.69838267495,2025-07-31 22:59:34.046953,2025-07-31 23:03:39.866195,0 days 00:04:05.819242,18,14,19,COMPLETE
471,275898.69838267495,2025-07-31 22:59:34.053258,2025-07-31 23:00:42.526057,0 days 00:01:08.472799,18,14,19,COMPLETE
472,275898.69838267495,2025-07-31 22:59:34.076624,2025-07-31 23:01:45.755680,0 days 00:02:11.679056,18,14,19,COMPLETE
473,109356.59716803842,2025-07-31 22:59:34.085922,2025-07-31 23:00:43.714524,0 days 00:01:09.628602,18,10,19,COMPLETE
474,21140.309538284586,2025-07-31 22:59:34.119778,2025-07-31 23:01:48.137607,0 days 00:02:14.017829,15,14,19,COMPLETE
475,275898.69838267495,2025-07-31 22:59:34.128406,2025-07-31 23:01:50.127428,0 days 00:02:15.999022,18,14,19,COMPLETE
476,275898.69838267495,2025-07-31 22:59:34.149576,2025-07-31 23:00:42.606863,0 days 00:01:08.457287,18,14,19,COMPLETE
477,138470.80378884927,2025-07-31 22:59:34.171511,2025-07-31 23:01:52.591638,0 days 00:02:18.420127,18,6,19,COMPLETE
478,275898.69838267495,2025-07-31 22:59:34.177963,2025-07-31 23:01:50.300723,0 days 00:02:16.122760,18,14,19,COMPLETE
479,236193.7485477791,2025-07-31 22:59:34.184406,2025-07-31 23:02:56.070689,0 days 00:03:21.886283,18,14,20,COMPLETE
480,236193.7485477791,2025-07-31 22:59:34.187937,2025-07-31 23:01:51.672819,0 days 00:02:17.484882,18,14,20,COMPLETE
481,275898.69838267495,2025-07-31 22:59:34.194359,2025-07-31 23:03:38.664178,0 days 00:04:04.469819,18,14,19,COMPLETE
482,279831.3087402539,2025-07-31 22:59:34.200515,2025-07-31 23:01:51.098452,0 days 00:02:16.897937,15,14,22,COMPLETE
483,236193.7485477791,2025-07-31 22:59:34.202947,2025-07-31 23:01:51.034775,0 days 00:02:16.831828,18,14,20,COMPLETE
484,275898.69838267495,2025-07-31 22:59:34.232926,2025-07-31 23:01:52.510040,0 days 00:02:18.277114,18,14,19,COMPLETE
485,275898.69838267495,2025-07-31 22:59:34.234036,2025-07-31 23:00:43.841042,0 days 00:01:09.607006,18,14,19,COMPLETE
486,275898.69838267495,2025-07-31 22:59:34.253464,2025-07-31 23:01:51.228597,0 days 00:02:16.975133,18,14,19,COMPLETE
487,275898.69838267495,2025-07-31 22:59:34.282163,2025-07-31 23:01:53.296053,0 days 00:02:19.013890,18,14,19,COMPLETE
488,275898.69838267495,2025-07-31 22:59:34.287992,2025-07-31 23:01:52.148895,0 days 00:02:17.860903,18,14,19,COMPLETE
489,275898.69838267495,2025-07-31 22:59:34.296050,2025-07-31 23:00:44.308254,0 days 00:01:10.012204,18,14,19,COMPLETE
490,138470.80378884927,2025-07-31 22:59:34.298137,2025-07-31 23:01:51.383716,0 days 00:02:17.085579,18,6,19,COMPLETE
491,275898.69838267495,2025-07-31 22:59:34.306167,2025-07-31 23:02:58.356354,0 days 00:03:24.050187,18,14,19,COMPLETE
492,236193.7485477791,2025-07-31 22:59:34.309883,2025-07-31 23:00:44.913594,0 days 00:01:10.603711,18,14,20,COMPLETE
493,124336.32258554405,2025-07-31 22:59:34.310829,2025-07-31 23:01:52.566280,0 days 00:02:18.255451,18,6,22,COMPLETE
494,275898.69838267495,2025-07-31 22:59:34.311428,2025-07-31 23:01:52.470645,0 days 00:02:18.159217,18,14,19,COMPLETE
495,275898.69838267495,2025-07-31 22:59:34.312611,2025-07-31 23:00:44.851065,0 days 00:01:10.538454,18,14,19,COMPLETE
496,236193.7485477791,2025-07-31 22:59:34.313856,2025-07-31 23:00:44.392509,0 days 00:01:10.078653,18,14,20,COMPLETE
497,275898.69838267495,2025-07-31 22:59:34.316320,2025-07-31 23:01:54.936380,0 days 00:02:20.620060,18,14,19,COMPLETE
498,199021.05579317358,2025-07-31 22:59:34.321048,2025-07-31 23:01:53.390001,0 days 00:02:19.068953,18,14,22,COMPLETE
499,275898.69838267495,2025-07-31 22:59:34.324621,2025-07-31 23:01:56.623404,0 days 00:02:22.298783,18,14,19,COMPLETE
500,36438.65041377689,2025-07-31 22:59:34.327793,2025-07-31 23:00:45.377776,0 days 00:01:11.049983,15,6,19,COMPLETE
501,21140.309538284586,2025-07-31 22:59:34.328728,2025-07-31 23:03:00.050709,0 days 00:03:25.721981,15,14,19,COMPLETE
502,275898.69838267495,2025-07-31 22:59:34.337212,2025-07-31 23:01:53.901494,0 days 00:02:19.564282,18,14,19,COMPLETE
503,236193.7485477791,2025-07-31 22:59:34.345241,2025-07-31 23:03:02.733014,0 days 00:03:28.387773,18,14,20,COMPLETE
504,275898.69838267495,2025-07-31 22:59:34.348733,2025-07-31 23:01:56.707794,0 days 00:02:22.359061,18,14,19,COMPLETE
505,21140.309538284586,2025-07-31 22:59:34.351809,2025-07-31 23:01:56.542686,0 days 00:02:22.190877,15,14,19,COMPLETE
506,199021.05579317358,2025-07-31 22:59:34.353361,2025-07-31 23:03:03.505453,0 days 00:03:29.152092,18,14,22,COMPLETE
507,236193.7485477791,2025-07-31 22:59:34.357930,2025-07-31 23:01:57.528384,0 days 00:02:23.170454,18,14,20,COMPLETE
508,275898.69838267495,2025-07-31 22:59:34.364900,2025-07-31 23:01:56.766453,0 days 00:02:22.401553,18,14,19,COMPLETE
509,236193.7485477791,2025-07-31 22:59:34.368146,2025-07-31 23:03:09.376693,0 days 00:03:35.008547,18,14,20,COMPLETE
510,138470.80378884927,2025-07-31 22:59:34.371315,2025-07-31 23:03:08.015925,0 days 00:03:33.644610,18,6,19,COMPLETE
511,275898.69838267495,2025-07-31 22:59:34.372844,2025-07-31 23:03:09.734481,0 days 00:03:35.361637,18,14,19,COMPLETE
512,275898.69838267495,2025-07-31 22:59:34.374889,2025-07-31 23:01:58.805973,0 days 00:02:24.431084,18,14,19,COMPLETE
513,275898.69838267495,2025-07-31 22:59:34.377703,2025-07-31 23:03:11.729062,0 days 00:03:37.351359,18,14,19,COMPLETE
514,199021.05579317358,2025-07-31 22:59:34.378901,2025-07-31 23:03:09.663051,0 days 00:03:35.284150,18,14,22,COMPLETE
515,236193.7485477791,2025-07-31 22:59:34.382373,2025-07-31 23:02:00.116266,0 days 00:02:25.733893,18,14,20,COMPLETE
516,275898.69838267495,2025-07-31 22:59:34.401100,2025-07-31 23:03:08.176934,0 days 00:03:33.775834,18,14,19,COMPLETE
517,236193.7485477791,2025-07-31 22:59:34.402298,2025-07-31 23:00:46.863755,0 days 00:01:12.461457,18,14,20,COMPLETE
518,275898.69838267495,2025-07-31 22:59:34.408749,2025-07-31 23:01:59.308748,0 days 00:02:24.899999,18,14,19,COMPLETE
519,236193.7485477791,2025-07-31 22:59:34.422187,2025-07-31 23:00:47.710985,0 days 00:01:13.288798,18,14,20,COMPLETE
520,199021.05579317358,2025-07-31 22:59:34.439280,2025-07-31 23:02:00.829006,0 days 00:02:26.389726,18,14,22,COMPLETE
521,236193.7485477791,2025-07-31 22:59:34.473914,2025-07-31 23:00:47.973976,0 days 00:01:13.500062,18,14,20,COMPLETE
522,275898.69838267495,2025-07-31 22:59:34.516082,2025-07-31 23:00:49.824433,0 days 00:01:15.308351,18,14,19,COMPLETE
523,138470.80378884927,2025-07-31 22:59:34.559075,2025-07-31 23:00:51.025069,0 days 00:01:16.465994,18,6,19,COMPLETE
524,275898.69838267495,2025-07-31 22:59:34.567981,2025-07-31 23:00:50.161206,0 days 00:01:15.593225,18,14,19,COMPLETE
525,236193.7485477791,2025-07-31 22:59:34.620154,2025-07-31 23:00:51.385512,0 days 00:01:16.765358,18,14,20,COMPLETE
526,275898.69838267495,2025-07-31 22:59:34.640623,2025-07-31 23:03:15.483811,0 days 00:03:40.843188,18,14,19,COMPLETE
527,199021.05579317358,2025-07-31 22:59:34.659583,2025-07-31 23:02:05.088552,0 days 00:02:30.428969,18,14,22,COMPLETE
528,161493.81851030854,2025-07-31 22:59:34.677599,2025-07-31 23:03:45.181214,0 days 00:04:10.503615,18,12,19,COMPLETE
529,195388.83394070237,2025-07-31 22:59:34.680881,2025-07-31 23:00:50.102125,0 days 00:01:15.421244,18,10,23,COMPLETE
530,109356.59716803842,2025-07-31 22:59:34.685452,2025-07-31 23:02:05.348448,0 days 00:02:30.662996,18,10,19,COMPLETE
531,109356.59716803842,2025-07-31 22:59:34.687490,2025-07-31 23:02:05.439609,0 days 00:02:30.752119,18,10,19,COMPLETE
532,109356.59716803842,2025-07-31 22:59:34.694328,2025-07-31 23:00:52.618557,0 days 00:01:17.924229,18,10,19,COMPLETE
533,109356.59716803842,2025-07-31 22:59:34.698510,2025-07-31 23:03:16.021592,0 days 00:03:41.323082,18,10,19,COMPLETE
534,138470.80378884927,2025-07-31 22:59:34.699978,2025-07-31 23:00:52.525198,0 days 00:01:17.825220,18,6,19,COMPLETE
535,195388.83394070237,2025-07-31 22:59:34.702916,2025-07-31 23:03:13.351979,0 days 00:03:38.649063,18,10,23,COMPLETE
536,138470.80378884927,2025-07-31 22:59:34.706580,2025-07-31 23:03:15.686838,0 days 00:03:40.980258,18,6,19,COMPLETE
537,109356.59716803842,2025-07-31 22:59:34.712366,2025-07-31 23:03:43.857450,0 days 00:04:09.145084,18,10,19,COMPLETE
538,145056.4481696939,2025-07-31 22:59:34.716390,2025-07-31 23:02:04.246567,0 days 00:02:29.530177,18,10,20,COMPLETE
539,195388.83394070237,2025-07-31 22:59:34.718636,2025-07-31 23:00:54.226242,0 days 00:01:19.507606,18,10,23,COMPLETE
540,14930.065574949704,2025-07-31 22:59:34.721292,2025-07-31 23:02:08.243641,0 days 00:02:33.522349,15,10,19,COMPLETE
541,258706.7312106114,2025-07-31 22:59:34.723950,2025-07-31 23:00:53.582389,0 days 00:01:18.858439,18,12,23,COMPLETE
542,109356.59716803842,2025-07-31 22:59:34.726431,2025-07-31 23:02:05.105787,0 days 00:02:30.379356,18,10,19,COMPLETE
543,195388.83394070237,2025-07-31 22:59:34.728486,2025-07-31 23:03:13.805046,0 days 00:03:39.076560,18,10,23,COMPLETE
544,109356.59716803842,2025-07-31 22:59:34.731747,2025-07-31 23:02:10.707812,0 days 00:02:35.976065,18,10,19,COMPLETE
545,109356.59716803842,2025-07-31 22:59:34.733131,2025-07-31 23:02:09.807692,0 days 00:02:35.074561,18,10,19,COMPLETE
546,109356.59716803842,2025-07-31 22:59:34.734170,2025-07-31 23:02:08.595714,0 days 00:02:33.861544,18,10,19,COMPLETE
547,109356.59716803842,2025-07-31 22:59:34.738061,2025-07-31 23:02:08.426813,0 days 00:02:33.688752,18,10,19,COMPLETE
548,109356.59716803842,2025-07-31 22:59:34.739191,2025-07-31 23:02:06.327669,0 days 00:02:31.588478,18,10,19,COMPLETE
549,195388.83394070237,2025-07-31 22:59:34.741223,2025-07-31 23:03:18.890874,0 days 00:03:44.149651,18,10,23,COMPLETE
550,161493.81851030854,2025-07-31 22:59:34.743392,2025-07-31 23:02:09.448481,0 days 00:02:34.705089,18,12,19,COMPLETE
551,109356.59716803842,2025-07-31 22:59:34.744470,2025-07-31 23:02:09.103391,0 days 00:02:34.358921,18,10,19,COMPLETE
552,109356.59716803842,2025-07-31 22:59:34.746648,2025-07-31 23:02:11.731013,0 days 00:02:36.984365,18,10,19,COMPLETE
553,195388.83394070237,2025-07-31 22:59:34.747604,2025-07-31 23:02:08.578186,0 days 00:02:33.830582,18,10,23,COMPLETE
554,109356.59716803842,2025-07-31 22:59:34.748142,2025-07-31 23:02:10.693041,0 days 00:02:35.944899,18,10,19,COMPLETE
555,109356.59716803842,2025-07-31 22:59:34.749125,2025-07-31 23:02:07.396478,0 days 00:02:32.647353,18,10,19,COMPLETE
556,195388.83394070237,2025-07-31 22:59:34.751298,2025-07-31 23:00:54.942391,0 days 00:01:20.191093,18,10,23,COMPLETE
557,109356.59716803842,2025-07-31 22:59:34.752746,2025-07-31 23:00:59.216308,0 days 00:01:24.463562,18,10,19,COMPLETE
558,14930.065574949704,2025-07-31 22:59:34.754292,2025-07-31 23:03:16.855473,0 days 00:03:42.101181,15,10,19,COMPLETE
559,109356.59716803842,2025-07-31 22:59:34.756422,2025-07-31 23:02:11.453213,0 days 00:02:36.696791,18,10,19,COMPLETE
560,109356.59716803842,2025-07-31 22:59:34.758409,2025-07-31 23:02:09.974636,0 days 00:02:35.216227,18,10,19,COMPLETE
561,145056.4481696939,2025-07-31 22:59:34.760595,2025-07-31 23:03:15.531038,0 days 00:03:40.770443,18,10,20,COMPLETE
562,109356.59716803842,2025-07-31 22:59:34.762254,2025-07-31 23:03:14.803275,0 days 00:03:40.041021,18,10,19,COMPLETE
563,195388.83394070237,2025-07-31 22:59:34.763735,2025-07-31 23:02:09.536436,0 days 00:02:34.772701,18,10,23,COMPLETE
564,109356.59716803842,2025-07-31 22:59:34.764374,2025-07-31 23:01:00.520250,0 days 00:01:25.755876,18,10,19,COMPLETE
565,258706.7312106114,2025-07-31 22:59:34.765165,2025-07-31 23:00:55.405833,0 days 00:01:20.640668,18,12,23,COMPLETE
566,161493.81851030854,2025-07-31 22:59:34.766517,2025-07-31 23:00:59.536004,0 days 00:01:24.769487,18,12,19,COMPLETE
567,109356.59716803842,2025-07-31 22:59:34.767440,2025-07-31 23:02:11.538857,0 days 00:02:36.771417,18,10,19,COMPLETE
568,109356.59716803842,2025-07-31 22:59:34.769285,2025-07-31 23:02:16.227602,0 days 00:02:41.458317,18,10,19,COMPLETE
569,195388.83394070237,2025-07-31 22:59:34.770221,2025-07-31 23:02:11.780814,0 days 00:02:37.010593,18,10,23,COMPLETE
570,109356.59716803842,2025-07-31 22:59:34.772539,2025-07-31 23:00:56.998339,0 days 00:01:22.225800,18,10,19,COMPLETE
571,31348.667364591565,2025-07-31 22:59:34.773575,2025-07-31 23:03:17.387514,0 days 00:03:42.613939,12,12,19,COMPLETE
572,109356.59716803842,2025-07-31 22:59:34.776073,2025-07-31 23:00:59.143674,0 days 00:01:24.367601,18,10,19,COMPLETE
573,145056.4481696939,2025-07-31 22:59:34.779967,2025-07-31 23:01:01.130581,0 days 00:01:26.350614,18,10,20,COMPLETE
574,145056.4481696939,2025-07-31 22:59:34.783269,2025-07-31 23:03:19.341104,0 days 00:03:44.557835,18,10,20,COMPLETE
575,113130.54925308713,2025-07-31 22:59:34.784376,2025-07-31 23:02:19.226012,0 days 00:02:44.441636,15,10,23,COMPLETE
576,14930.065574949704,2025-07-31 22:59:34.787499,2025-07-31 23:03:19.970264,0 days 00:03:45.182765,15,10,19,COMPLETE
577,109356.59716803842,2025-07-31 22:59:34.788351,2025-07-31 23:02:11.460185,0 days 00:02:36.671834,18,10,19,COMPLETE
578,258706.7312106114,2025-07-31 22:59:34.789309,2025-07-31 23:02:13.764505,0 days 00:02:38.975196,18,12,23,COMPLETE
579,14930.065574949704,2025-07-31 22:59:34.791924,2025-07-31 23:01:02.378620,0 days 00:01:27.586696,15,10,19,COMPLETE
580,109356.59716803842,2025-07-31 22:59:34.797465,2025-07-31 23:03:17.919694,0 days 00:03:43.122229,18,10,19,COMPLETE
581,109356.59716803842,2025-07-31 22:59:34.799710,2025-07-31 23:00:57.994947,0 days 00:01:23.195237,18,10,19,COMPLETE
582,109356.59716803842,2025-07-31 22:59:34.801708,2025-07-31 23:00:59.830817,0 days 00:01:25.029109,18,10,19,COMPLETE
583,14930.065574949704,2025-07-31 22:59:34.802883,2025-07-31 23:02:14.252696,0 days 00:02:39.449813,15,10,19,COMPLETE
584,161493.81851030854,2025-07-31 22:59:34.806367,2025-07-31 23:02:12.091348,0 days 00:02:37.284981,18,12,19,COMPLETE
585,109356.59716803842,2025-07-31 22:59:34.810378,2025-07-31 23:03:18.451232,0 days 00:03:43.640854,18,10,19,COMPLETE
586,109356.59716803842,2025-07-31 22:59:34.813375,2025-07-31 23:01:02.478656,0 days 00:01:27.665281,18,10,19,COMPLETE
587,195388.83394070237,2025-07-31 22:59:34.814958,2025-07-31 23:00:59.586341,0 days 00:01:24.771383,18,10,23,COMPLETE
588,258706.7312106114,2025-07-31 22:59:34.817310,2025-07-31 23:03:43.334188,0 days 00:04:08.516878,18,12,23,COMPLETE
589,258706.7312106114,2025-07-31 22:59:34.821614,2025-07-31 23:01:03.046920,0 days 00:01:28.225306,18,12,23,COMPLETE
590,195388.83394070237,2025-07-31 22:59:34.828449,2025-07-31 23:01:01.919412,0 days 00:01:27.090963,18,10,23,COMPLETE
591,109356.59716803842,2025-07-31 22:59:34.830898,2025-07-31 23:02:16.579955,0 days 00:02:41.749057,18,10,19,COMPLETE
592,195388.83394070237,2025-07-31 22:59:34.832553,2025-07-31 23:01:03.874824,0 days 00:01:29.042271,18,10,23,COMPLETE
593,109356.59716803842,2025-07-31 22:59:34.833871,2025-07-31 23:02:18.477023,0 days 00:02:43.643152,18,10,19,COMPLETE
594,14930.065574949704,2025-07-31 22:59:34.839371,2025-07-31 23:01:02.330508,0 days 00:01:27.491137,15,10,19,COMPLETE
595,109356.59716803842,2025-07-31 22:59:34.842792,2025-07-31 23:02:13.595290,0 days 00:02:38.752498,18,10,19,COMPLETE
596,195388.83394070237,2025-07-31 22:59:34.845849,2025-07-31 23:02:22.497598,0 days 00:02:47.651749,18,10,23,COMPLETE
597,109356.59716803842,2025-07-31 22:59:34.852244,2025-07-31 23:02:14.665585,0 days 00:02:39.813341,18,10,19,COMPLETE
598,195388.83394070237,2025-07-31 22:59:34.858661,2025-07-31 23:02:15.085093,0 days 00:02:40.226432,18,10,23,COMPLETE
599,109356.59716803842,2025-07-31 22:59:34.860885,2025-07-31 23:01:05.531824,0 days 00:01:30.670939,18,10,19,COMPLETE
600,148392.61141346357,2025-07-31 22:59:34.874466,2025-07-31 23:01:03.605621,0 days 00:01:28.731155,18,12,20,COMPLETE
601,188835.92877967143,2025-07-31 22:59:34.935445,2025-07-31 23:01:06.097912,0 days 00:01:31.162467,18,10,22,COMPLETE
602,109356.59716803842,2025-07-31 22:59:34.942138,2025-07-31 23:01:02.738727,0 days 00:01:27.796589,18,10,19,COMPLETE
603,161493.81851030854,2025-07-31 22:59:34.992474,2025-07-31 23:02:18.166195,0 days 00:02:43.173721,18,12,19,COMPLETE
604,145056.4481696939,2025-07-31 22:59:34.995413,2025-07-31 23:01:06.151698,0 days 00:01:31.156285,18,10,20,COMPLETE
605,145056.4481696939,2025-07-31 22:59:35.002277,2025-07-31 23:02:17.372263,0 days 00:02:42.369986,18,10,20,COMPLETE
606,258706.7312106114,2025-07-31 22:59:35.046853,2025-07-31 23:03:21.703024,0 days 00:03:46.656171,18,12,23,COMPLETE
607,109356.59716803842,2025-07-31 22:59:35.069599,2025-07-31 23:03:42.933182,0 days 00:04:07.863583,18,10,19,COMPLETE
608,109356.59716803842,2025-07-31 22:59:35.081992,2025-07-31 23:02:17.764988,0 days 00:02:42.682996,18,10,19,COMPLETE
609,282347.7328207157,2025-07-31 22:59:35.084274,2025-07-31 23:03:17.978740,0 days 00:03:42.894466,18,12,22,COMPLETE
610,109356.59716803842,2025-07-31 22:59:35.118154,2025-07-31 23:01:08.006883,0 days 00:01:32.888729,18,10,19,COMPLETE
611,14930.065574949704,2025-07-31 22:59:35.129962,2025-07-31 23:02:18.643709,0 days 00:02:43.513747,15,10,19,COMPLETE
612,109356.59716803842,2025-07-31 22:59:35.154976,2025-07-31 23:02:20.615451,0 days 00:02:45.460475,18,10,19,COMPLETE
613,195388.83394070237,2025-07-31 22:59:35.194820,2025-07-31 23:01:04.783318,0 days 00:01:29.588498,18,10,23,COMPLETE
614,14930.065574949704,2025-07-31 22:59:35.201395,2025-07-31 23:02:20.855601,0 days 00:02:45.654206,15,10,19,COMPLETE
615,188835.92877967143,2025-07-31 22:59:35.243531,2025-07-31 23:01:05.527752,0 days 00:01:30.284221,18,10,22,COMPLETE
616,188835.92877967143,2025-07-31 22:59:35.256188,2025-07-31 23:01:05.827176,0 days 00:01:30.570988,18,10,22,COMPLETE
617,109356.59716803842,2025-07-31 22:59:35.294306,2025-07-31 23:01:05.236273,0 days 00:01:29.941967,18,10,19,COMPLETE
618,109356.59716803842,2025-07-31 22:59:35.332874,2025-07-31 23:01:07.161003,0 days 00:01:31.828129,18,10,19,COMPLETE
619,109356.59716803842,2025-07-31 22:59:35.339919,2025-07-31 23:02:20.762185,0 days 00:02:45.422266,18,10,19,COMPLETE
620,87834.26834887681,2025-07-31 22:59:35.411547,2025-07-31 23:02:17.287364,0 days 00:02:41.875817,15,12,20,COMPLETE
621,109356.59716803842,2025-07-31 22:59:35.439013,2025-07-31 23:02:19.037687,0 days 00:02:43.598674,18,10,19,COMPLETE
622,87834.26834887681,2025-07-31 22:59:35.456627,2025-07-31 23:01:07.299056,0 days 00:01:31.842429,15,12,20,COMPLETE
623,17207.933258760826,2025-07-31 22:59:35.461821,2025-07-31 23:02:20.879262,0 days 00:02:45.417441,15,12,19,COMPLETE
624,17207.933258760826,2025-07-31 22:59:35.466786,2025-07-31 23:01:08.850488,0 days 00:01:33.383702,15,12,19,COMPLETE
625,14930.065574949704,2025-07-31 22:59:35.471151,2025-07-31 23:02:22.116164,0 days 00:02:46.645013,15,10,19,COMPLETE
626,14930.065574949704,2025-07-31 22:59:35.473158,2025-07-31 23:02:20.063800,0 days 00:02:44.590642,15,10,19,COMPLETE
627,62048.172134462366,2025-07-31 22:59:35.475607,2025-07-31 23:02:20.865985,0 days 00:02:45.390378,15,10,22,COMPLETE
628,14930.065574949704,2025-07-31 22:59:35.482710,2025-07-31 23:02:20.754254,0 days 00:02:45.271544,15,10,19,COMPLETE
629,53939.207827368016,2025-07-31 22:59:35.488101,2025-07-31 23:01:08.706770,0 days 00:01:33.218669,15,10,20,COMPLETE
630,14930.065574949704,2025-07-31 22:59:35.495674,2025-07-31 23:01:08.161876,0 days 00:01:32.666202,15,10,19,COMPLETE
631,14930.065574949704,2025-07-31 22:59:35.499909,2025-07-31 23:03:21.273961,0 days 00:03:45.774052,15,10,19,COMPLETE
632,14930.065574949704,2025-07-31 22:59:35.501565,2025-07-31 23:03:42.267611,0 days 00:04:06.766046,15,10,19,COMPLETE
633,14930.065574949704,2025-07-31 22:59:35.503251,2025-07-31 23:01:08.224362,0 days 00:01:32.721111,15,10,19,COMPLETE
634,14930.065574949704,2025-07-31 22:59:35.505145,2025-07-31 23:01:09.232766,0 days 00:01:33.727621,15,10,19,COMPLETE
635,14930.065574949704,2025-07-31 22:59:35.506721,2025-07-31 23:02:20.641029,0 days 00:02:45.134308,15,10,19,COMPLETE
636,53939.207827368016,2025-07-31 22:59:35.508540,2025-07-31 23:03:26.894599,0 days 00:03:51.386059,15,10,20,COMPLETE
637,14930.065574949704,2025-07-31 22:59:35.512450,2025-07-31 23:02:22.797037,0 days 00:02:47.284587,15,10,19,COMPLETE
638,53939.207827368016,2025-07-31 22:59:35.516469,2025-07-31 23:02:22.077148,0 days 00:02:46.560679,15,10,20,COMPLETE
639,53939.207827368016,2025-07-31 22:59:35.517780,2025-07-31 23:03:21.585808,0 days 00:03:46.068028,15,10,20,COMPLETE
640,113130.54925308713,2025-07-31 22:59:35.519441,2025-07-31 23:00:19.353177,0 days 00:00:43.833736,15,10,23,COMPLETE
641,14930.065574949704,2025-07-31 22:59:35.526179,2025-07-31 23:02:21.585860,0 days 00:02:46.059681,15,10,19,COMPLETE
642,53939.207827368016,2025-07-31 22:59:35.530672,2025-07-31 23:02:24.656977,0 days 00:02:49.126305,15,10,20,COMPLETE
643,14930.065574949704,2025-07-31 22:59:35.533083,2025-07-31 23:03:21.405916,0 days 00:03:45.872833,15,10,19,COMPLETE
644,14930.065574949704,2025-07-31 22:59:35.567984,2025-07-31 23:01:13.621215,0 days 00:01:38.053231,15,10,19,COMPLETE
645,190276.9230391686,2025-07-31 22:59:35.588332,2025-07-31 23:03:23.970879,0 days 00:03:48.382547,15,12,23,COMPLETE
646,14930.065574949704,2025-07-31 22:59:35.604320,2025-07-31 23:02:23.671966,0 days 00:02:48.067646,15,10,19,COMPLETE
647,147398.2617832262,2025-07-31 22:59:35.624400,2025-07-31 23:02:23.028733,0 days 00:02:47.404333,15,10,32,COMPLETE
648,109356.59716803842,2025-07-31 22:59:35.646789,2025-07-31 23:03:23.296363,0 days 00:03:47.649574,18,10,19,COMPLETE
649,53939.207827368016,2025-07-31 22:59:35.661113,2025-07-31 23:00:21.699055,0 days 00:00:46.037942,15,10,20,COMPLETE
650,14930.065574949704,2025-07-31 22:59:35.684328,2025-07-31 23:03:26.146853,0 days 00:03:50.462525,15,10,19,COMPLETE
651,14930.065574949704,2025-07-31 22:59:35.696177,2025-07-31 23:02:21.266602,0 days 00:02:45.570425,15,10,19,COMPLETE
652,53939.207827368016,2025-07-31 22:59:35.732496,2025-07-31 23:02:22.861337,0 days 00:02:47.128841,15,10,20,COMPLETE
653,53939.207827368016,2025-07-31 22:59:35.733721,2025-07-31 23:00:21.121515,0 days 00:00:45.387794,15,10,20,COMPLETE
654,14930.065574949704,2025-07-31 22:59:35.746112,2025-07-31 23:03:20.487404,0 days 00:03:44.741292,15,10,19,COMPLETE
655,53939.207827368016,2025-07-31 22:59:35.763157,2025-07-31 23:02:23.434960,0 days 00:02:47.671803,15,10,20,COMPLETE
656,14930.065574949704,2025-07-31 22:59:35.798514,2025-07-31 23:03:42.669757,0 days 00:04:06.871243,15,10,19,COMPLETE
657,145056.4481696939,2025-07-31 22:59:35.815733,2025-07-31 23:03:27.750788,0 days 00:03:51.935055,18,10,20,COMPLETE
658,14930.065574949704,2025-07-31 22:59:35.840739,2025-07-31 23:01:14.293045,0 days 00:01:38.452306,15,10,19,COMPLETE
659,14930.065574949704,2025-07-31 22:59:35.874839,2025-07-31 23:00:23.520452,0 days 00:00:47.645613,15,10,19,COMPLETE
660,98479.48384460322,2025-07-31 22:59:35.911537,2025-07-31 23:03:20.747402,0 days 00:03:44.835865,15,6,20,COMPLETE
661,98479.48384460322,2025-07-31 22:59:35.915308,2025-07-31 23:02:23.788281,0 days 00:02:47.872973,15,6,20,COMPLETE
662,138470.80378884927,2025-07-31 22:59:35.920830,2025-07-31 23:03:28.709695,0 days 00:03:52.788865,18,6,19,COMPLETE
663,36438.65041377689,2025-07-31 22:59:35.922459,2025-07-31 23:01:15.137439,0 days 00:01:39.214980,15,6,19,COMPLETE
664,36438.65041377689,2025-07-31 22:59:35.927378,2025-07-31 23:02:25.042969,0 days 00:02:49.115591,15,6,19,COMPLETE
665,98479.48384460322,2025-07-31 22:59:35.937933,2025-07-31 23:01:17.922381,0 days 00:01:41.984448,15,6,20,COMPLETE
666,36438.65041377689,2025-07-31 22:59:35.942004,2025-07-31 23:01:16.629638,0 days 00:01:40.687634,15,6,19,COMPLETE
667,36438.65041377689,2025-07-31 22:59:35.948685,2025-07-31 23:03:23.559262,0 days 00:03:47.610577,15,6,19,COMPLETE
668,36438.65041377689,2025-07-31 22:59:35.953913,2025-07-31 23:02:28.621943,0 days 00:02:52.668030,15,6,19,COMPLETE
669,36438.65041377689,2025-07-31 22:59:35.959089,2025-07-31 23:01:15.139355,0 days 00:01:39.180266,15,6,19,COMPLETE
670,21140.309538284586,2025-07-31 22:59:35.964211,2025-07-31 23:02:25.036839,0 days 00:02:49.072628,15,14,19,COMPLETE
671,36438.65041377689,2025-07-31 22:59:35.971178,2025-07-31 23:01:15.026885,0 days 00:01:39.055707,15,6,19,COMPLETE
672,36438.65041377689,2025-07-31 22:59:35.974323,2025-07-31 23:02:25.717519,0 days 00:02:49.743196,15,6,19,COMPLETE
673,36438.65041377689,2025-07-31 22:59:35.981359,2025-07-31 23:02:25.425871,0 days 00:02:49.444512,15,6,19,COMPLETE
674,171372.8933513694,2025-07-31 22:59:35.988447,2025-07-31 23:02:28.438785,0 days 00:02:52.450338,15,6,22,COMPLETE
675,36438.65041377689,2025-07-31 22:59:35.990004,2025-07-31 23:01:15.895269,0 days 00:01:39.905265,15,6,19,COMPLETE
676,160929.30400406537,2025-07-31 22:59:35.993993,2025-07-31 23:02:31.145286,0 days 00:02:55.151293,15,6,23,COMPLETE
677,160929.30400406537,2025-07-31 22:59:36.000619,2025-07-31 23:03:25.408099,0 days 00:03:49.407480,15,6,23,COMPLETE
678,98479.48384460322,2025-07-31 22:59:36.012764,2025-07-31 23:01:17.532115,0 days 00:01:41.519351,15,6,20,COMPLETE
679,138470.80378884927,2025-07-31 22:59:36.015091,2025-07-31 23:01:16.636906,0 days 00:01:40.621815,18,6,19,COMPLETE
680,98479.48384460322,2025-07-31 22:59:36.017015,2025-07-31 23:02:25.608841,0 days 00:02:49.591826,15,6,20,COMPLETE
681,36438.65041377689,2025-07-31 22:59:36.026618,2025-07-31 23:02:30.023569,0 days 00:02:53.996951,15,6,19,COMPLETE
682,36438.65041377689,2025-07-31 22:59:36.030516,2025-07-31 23:03:21.956775,0 days 00:03:45.926259,15,6,19,COMPLETE
683,36438.65041377689,2025-07-31 22:59:36.034177,2025-07-31 23:02:29.109875,0 days 00:02:53.075698,15,6,19,COMPLETE
684,160929.30400406537,2025-07-31 22:59:36.035829,2025-07-31 23:03:24.602831,0 days 00:03:48.567002,15,6,23,COMPLETE
685,21140.309538284586,2025-07-31 22:59:36.041029,2025-07-31 23:00:25.798416,0 days 00:00:49.757387,15,14,19,COMPLETE
686,36438.65041377689,2025-07-31 22:59:36.047944,2025-07-31 23:01:20.122585,0 days 00:01:44.074641,15,6,19,COMPLETE
687,98479.48384460322,2025-07-31 22:59:36.051874,2025-07-31 23:01:17.942555,0 days 00:01:41.890681,15,6,20,COMPLETE
688,36438.65041377689,2025-07-31 22:59:36.053761,2025-07-31 23:02:34.008772,0 days 00:02:57.955011,15,6,19,COMPLETE
689,98479.48384460322,2025-07-31 22:59:36.061236,2025-07-31 23:01:18.924933,0 days 00:01:42.863697,15,6,20,COMPLETE
690,36438.65041377689,2025-07-31 22:59:36.062092,2025-07-31 23:01:20.095333,0 days 00:01:44.033241,15,6,19,COMPLETE
691,36438.65041377689,2025-07-31 22:59:36.069987,2025-07-31 23:03:24.690928,0 days 00:03:48.620941,15,6,19,COMPLETE
692,160929.30400406537,2025-07-31 22:59:36.070816,2025-07-31 23:01:18.174789,0 days 00:01:42.103973,15,6,23,COMPLETE
693,36438.65041377689,2025-07-31 22:59:36.076124,2025-07-31 23:03:25.488052,0 days 00:03:49.411928,15,6,19,COMPLETE
694,98479.48384460322,2025-07-31 22:59:36.081836,2025-07-31 23:01:18.705653,0 days 00:01:42.623817,15,6,20,COMPLETE
695,36438.65041377689,2025-07-31 22:59:36.089303,2025-07-31 23:03:44.818103,0 days 00:04:08.728800,15,6,19,COMPLETE
696,319449.20923616627,2025-07-31 22:59:36.092369,2025-07-31 23:02:29.672890,0 days 00:02:53.580521,15,14,23,COMPLETE
697,36438.65041377689,2025-07-31 22:59:36.097770,2025-07-31 23:02:29.989779,0 days 00:02:53.892009,15,6,19,COMPLETE
698,36438.65041377689,2025-07-31 22:59:36.108404,2025-07-31 23:03:44.989671,0 days 00:04:08.881267,15,6,19,COMPLETE
699,36438.65041377689,2025-07-31 22:59:36.111683,2025-07-31 23:02:31.144054,0 days 00:02:55.032371,15,6,19,COMPLETE
700,160929.30400406537,2025-07-31 22:59:36.114690,2025-07-31 23:03:26.736736,0 days 00:03:50.622046,15,6,23,COMPLETE
701,36438.65041377689,2025-07-31 22:59:36.117769,2025-07-31 23:03:24.726116,0 days 00:03:48.608347,15,6,19,COMPLETE
702,95329.67353562085,2025-07-31 22:59:36.120390,2025-07-31 23:02:27.128460,0 days 00:02:51.008070,18,6,20,COMPLETE
703,36438.65041377689,2025-07-31 22:59:36.162869,2025-07-31 23:01:20.134981,0 days 00:01:43.972112,15,6,19,COMPLETE
704,138470.80378884927,2025-07-31 22:59:36.176989,2025-07-31 23:02:32.922206,0 days 00:02:56.745217,18,6,19,COMPLETE
705,95329.67353562085,2025-07-31 22:59:36.187999,2025-07-31 23:02:33.752652,0 days 00:02:57.564653,18,6,20,COMPLETE
706,36438.65041377689,2025-07-31 22:59:36.200783,2025-07-31 23:03:25.119356,0 days 00:03:48.918573,15,6,19,COMPLETE
707,160929.30400406537,2025-07-31 22:59:36.213842,2025-07-31 23:02:33.486380,0 days 00:02:57.272538,15,6,23,COMPLETE
708,36438.65041377689,2025-07-31 22:59:36.225190,2025-07-31 23:00:28.183565,0 days 00:00:51.958375,15,6,19,COMPLETE
709,36438.65041377689,2025-07-31 22:59:36.242845,2025-07-31 23:01:23.135385,0 days 00:01:46.892540,15,6,19,COMPLETE
710,36438.65041377689,2025-07-31 22:59:36.274465,2025-07-31 23:02:33.390198,0 days 00:02:57.115733,15,6,19,COMPLETE
711,36438.65041377689,2025-07-31 22:59:36.295318,2025-07-31 23:02:29.927624,0 days 00:02:53.632306,15,6,19,COMPLETE
712,138470.80378884927,2025-07-31 22:59:36.301072,2025-07-31 23:03:29.580046,0 days 00:03:53.278974,18,6,19,COMPLETE
713,98479.48384460322,2025-07-31 22:59:36.308764,2025-07-31 23:01:24.066990,0 days 00:01:47.758226,15,6,20,COMPLETE
714,36438.65041377689,2025-07-31 22:59:36.321356,2025-07-31 23:02:33.000602,0 days 00:02:56.679246,15,6,19,COMPLETE
715,36438.65041377689,2025-07-31 22:59:36.358527,2025-07-31 23:02:32.578793,0 days 00:02:56.220266,15,6,19,COMPLETE
716,117050.50328458485,2025-07-31 22:59:36.367409,2025-07-31 23:03:26.589861,0 days 00:03:50.222452,12,6,19,COMPLETE
717,43305.81008810051,2025-07-31 22:59:36.373690,2025-07-31 23:01:22.801446,0 days 00:01:46.427756,13,6,19,COMPLETE
718,43305.81008810051,2025-07-31 22:59:36.381251,2025-07-31 23:02:38.547280,0 days 00:03:02.166029,13,6,19,COMPLETE
719,43305.81008810051,2025-07-31 22:59:36.415866,2025-07-31 23:02:36.448528,0 days 00:03:00.032662,13,6,19,COMPLETE
720,40128.50469021917,2025-07-31 22:59:36.436151,2025-07-31 23:02:31.790428,0 days 00:02:55.354277,13,6,22,COMPLETE
721,43305.81008810051,2025-07-31 22:59:36.476069,2025-07-31 23:02:35.237870,0 days 00:02:58.761801,13,6,19,COMPLETE
722,43305.81008810051,2025-07-31 22:59:36.526179,2025-07-31 23:02:38.251501,0 days 00:03:01.725322,13,6,19,COMPLETE
723,117050.50328458485,2025-07-31 22:59:36.535194,2025-07-31 23:02:37.796828,0 days 00:03:01.261634,12,6,19,COMPLETE
724,40128.50469021917,2025-07-31 22:59:36.554142,2025-07-31 23:02:32.293952,0 days 00:02:55.739810,13,6,22,COMPLETE
725,43305.81008810051,2025-07-31 22:59:36.557209,2025-07-31 23:02:35.515106,0 days 00:02:58.957897,13,6,19,COMPLETE
726,36163.214311814845,2025-07-31 22:59:36.646826,2025-07-31 23:02:34.747667,0 days 00:02:58.100841,13,6,20,COMPLETE
727,43305.81008810051,2025-07-31 22:59:36.795302,2025-07-31 23:02:35.266319,0 days 00:02:58.471017,13,6,19,COMPLETE
728,36163.214311814845,2025-07-31 22:59:36.809381,2025-07-31 23:02:37.903318,0 days 00:03:01.093937,13,6,20,COMPLETE
729,43305.81008810051,2025-07-31 22:59:36.817429,2025-07-31 23:01:26.403434,0 days 00:01:49.586005,13,6,19,COMPLETE
730,49422.93685142166,2025-07-31 22:59:36.887333,2025-07-31 23:03:26.079109,0 days 00:03:49.191776,13,6,23,COMPLETE
731,43305.81008810051,2025-07-31 22:59:36.932806,2025-07-31 23:03:30.981737,0 days 00:03:54.048931,13,6,19,COMPLETE
732,43305.81008810051,2025-07-31 22:59:36.995441,2025-07-31 23:02:36.614779,0 days 00:02:59.619338,13,6,19,COMPLETE
733,43305.81008810051,2025-07-31 22:59:37.047657,2025-07-31 23:02:37.910922,0 days 00:03:00.863265,13,6,19,COMPLETE
734,36163.214311814845,2025-07-31 22:59:37.165329,2025-07-31 23:02:38.140568,0 days 00:03:00.975239,13,6,20,COMPLETE
735,36163.214311814845,2025-07-31 22:59:37.177064,2025-07-31 23:01:27.298282,0 days 00:01:50.121218,13,6,20,COMPLETE
736,36163.214311814845,2025-07-31 22:59:37.218429,2025-07-31 23:02:36.488175,0 days 00:02:59.269746,13,6,20,COMPLETE
737,43305.81008810051,2025-07-31 22:59:37.231846,2025-07-31 23:03:27.762905,0 days 00:03:50.531059,13,6,19,COMPLETE
738,36163.214311814845,2025-07-31 22:59:37.283062,2025-07-31 23:02:35.780344,0 days 00:02:58.497282,13,6,20,COMPLETE
739,36163.214311814845,2025-07-31 22:59:37.411634,2025-07-31 23:01:28.599593,0 days 00:01:51.187959,13,6,20,COMPLETE
740,18274.50784054474,2025-07-31 22:59:37.419486,2025-07-31 23:01:29.697086,0 days 00:01:52.277600,13,14,19,COMPLETE
741,35776.294374992634,2025-07-31 22:59:37.545454,2025-07-31 23:02:39.098186,0 days 00:03:01.552732,14,6,19,COMPLETE
742,43305.81008810051,2025-07-31 22:59:37.590035,2025-07-31 23:00:30.399496,0 days 00:00:52.809461,13,6,19,COMPLETE
743,43305.81008810051,2025-07-31 22:59:37.631804,2025-07-31 23:02:37.819656,0 days 00:03:00.187852,13,6,19,COMPLETE
744,43305.81008810051,2025-07-31 22:59:37.682028,2025-07-31 23:01:29.541396,0 days 00:01:51.859368,13,6,19,COMPLETE
745,43305.81008810051,2025-07-31 22:59:37.699523,2025-07-31 23:02:41.132151,0 days 00:03:03.432628,13,6,19,COMPLETE
746,36163.214311814845,2025-07-31 22:59:37.720201,2025-07-31 23:01:29.588439,0 days 00:01:51.868238,13,6,20,COMPLETE
747,36163.214311814845,2025-07-31 22:59:37.759924,2025-07-31 23:02:40.972468,0 days 00:03:03.212544,13,6,20,COMPLETE
748,24366.044051730918,2025-07-31 22:59:37.773097,2025-07-31 23:02:40.342601,0 days 00:03:02.569504,13,14,20,COMPLETE
749,36163.214311814845,2025-07-31 22:59:37.789949,2025-07-31 23:01:29.010078,0 days 00:01:51.220129,13,6,20,COMPLETE
750,43305.81008810051,2025-07-31 22:59:37.798295,2025-07-31 23:00:31.939972,0 days 00:00:54.141677,13,6,19,COMPLETE
751,43305.81008810051,2025-07-31 22:59:37.800719,2025-07-31 23:03:29.975334,0 days 00:03:52.174615,13,6,19,COMPLETE
752,43305.81008810051,2025-07-31 22:59:37.806166,2025-07-31 23:02:37.266004,0 days 00:02:59.459838,13,6,19,COMPLETE
753,36163.214311814845,2025-07-31 22:59:37.807645,2025-07-31 23:02:39.419207,0 days 00:03:01.611562,13,6,20,COMPLETE
754,43305.81008810051,2025-07-31 22:59:37.811518,2025-07-31 23:01:29.969718,0 days 00:01:52.158200,13,6,19,COMPLETE
755,43305.81008810051,2025-07-31 22:59:37.813156,2025-07-31 23:01:31.563286,0 days 00:01:53.750130,13,6,19,COMPLETE
756,18274.50784054474,2025-07-31 22:59:37.816866,2025-07-31 23:00:33.687591,0 days 00:00:55.870725,13,14,19,COMPLETE
757,36163.214311814845,2025-07-31 22:59:37.818742,2025-07-31 23:03:29.122794,0 days 00:03:51.304052,13,6,20,COMPLETE
758,47012.37010762141,2025-07-31 22:59:37.835448,2025-07-31 23:02:43.221766,0 days 00:03:05.386318,12,6,20,COMPLETE
759,43305.81008810051,2025-07-31 22:59:37.857792,2025-07-31 23:02:41.318410,0 days 00:03:03.460618,13,6,19,COMPLETE
760,43305.81008810051,2025-07-31 22:59:37.899540,2025-07-31 23:03:45.569989,0 days 00:04:07.670449,13,6,19,COMPLETE
761,43305.81008810051,2025-07-31 22:59:37.902958,2025-07-31 23:01:31.820117,0 days 00:01:53.917159,13,6,19,COMPLETE
762,40128.50469021917,2025-07-31 22:59:37.923055,2025-07-31 23:01:31.755203,0 days 00:01:53.832148,13,6,22,COMPLETE
763,36163.214311814845,2025-07-31 22:59:37.929595,2025-07-31 23:02:43.053079,0 days 00:03:05.123484,13,6,20,COMPLETE
764,43305.81008810051,2025-07-31 22:59:37.943552,2025-07-31 23:01:31.889382,0 days 00:01:53.945830,13,6,19,COMPLETE
765,40128.50469021917,2025-07-31 22:59:37.966006,2025-07-31 23:02:41.834858,0 days 00:03:03.868852,13,6,22,COMPLETE
766,43305.81008810051,2025-07-31 22:59:37.969223,2025-07-31 23:03:30.385016,0 days 00:03:52.415793,13,6,19,COMPLETE
767,43305.81008810051,2025-07-31 22:59:37.982057,2025-07-31 23:02:41.925975,0 days 00:03:03.943918,13,6,19,COMPLETE
768,116173.09100612126,2025-07-31 22:59:38.018822,2025-07-31 23:02:43.046226,0 days 00:03:05.027404,13,6,32,COMPLETE
769,40128.50469021917,2025-07-31 22:59:38.058801,2025-07-31 23:01:32.512000,0 days 00:01:54.453199,13,6,22,COMPLETE
770,43305.81008810051,2025-07-31 22:59:38.068130,2025-07-31 23:02:42.758440,0 days 00:03:04.690310,13,6,19,COMPLETE
771,43305.81008810051,2025-07-31 22:59:38.069077,2025-07-31 23:02:43.483258,0 days 00:03:05.414181,13,6,19,COMPLETE
772,43305.81008810051,2025-07-31 22:59:38.129613,2025-07-31 23:02:43.620508,0 days 00:03:05.490895,13,6,19,COMPLETE
773,43305.81008810051,2025-07-31 22:59:38.131438,2025-07-31 23:03:30.099670,0 days 00:03:51.968232,13,6,19,COMPLETE
774,43305.81008810051,2025-07-31 22:59:38.144114,2025-07-31 23:03:28.741147,0 days 00:03:50.597033,13,6,19,COMPLETE
775,43305.81008810051,2025-07-31 22:59:38.145116,2025-07-31 23:01:36.128310,0 days 00:01:57.983194,13,6,19,COMPLETE
776,36163.214311814845,2025-07-31 22:59:38.149270,2025-07-31 23:02:44.672040,0 days 00:03:06.522770,13,6,20,COMPLETE
777,43305.81008810051,2025-07-31 22:59:38.151808,2025-07-31 23:01:34.644537,0 days 00:01:56.492729,13,6,19,COMPLETE
778,43305.81008810051,2025-07-31 22:59:38.154607,2025-07-31 23:03:29.566857,0 days 00:03:51.412250,13,6,19,COMPLETE
779,43305.81008810051,2025-07-31 22:59:38.162451,2025-07-31 23:02:46.732726,0 days 00:03:08.570275,13,6,19,COMPLETE
780,43305.81008810051,2025-07-31 22:59:38.168420,2025-07-31 23:02:45.115214,0 days 00:03:06.946794,13,6,19,COMPLETE
781,36163.214311814845,2025-07-31 22:59:38.175381,2025-07-31 23:03:29.957506,0 days 00:03:51.782125,13,6,20,COMPLETE
782,43305.81008810051,2025-07-31 22:59:38.178063,2025-07-31 23:00:34.821182,0 days 00:00:56.643119,13,6,19,COMPLETE
783,36163.214311814845,2025-07-31 22:59:38.185246,2025-07-31 23:03:32.731638,0 days 00:03:54.546392,13,6,20,COMPLETE
784,36163.214311814845,2025-07-31 22:59:38.222913,2025-07-31 23:03:33.545242,0 days 00:03:55.322329,13,6,20,COMPLETE
785,43305.81008810051,2025-07-31 22:59:38.243004,2025-07-31 23:00:37.924254,0 days 00:00:59.681250,13,6,19,COMPLETE
786,36163.214311814845,2025-07-31 22:59:38.256547,2025-07-31 23:02:48.234441,0 days 00:03:09.977894,13,6,20,COMPLETE
787,43305.81008810051,2025-07-31 22:59:38.272579,2025-07-31 23:01:36.277713,0 days 00:01:58.005134,13,6,19,COMPLETE
788,36163.214311814845,2025-07-31 22:59:38.310126,2025-07-31 23:02:46.927984,0 days 00:03:08.617858,13,6,20,COMPLETE
789,43305.81008810051,2025-07-31 22:59:38.357549,2025-07-31 23:03:33.202474,0 days 00:03:54.844925,13,6,19,COMPLETE
790,43305.81008810051,2025-07-31 22:59:38.381143,2025-07-31 23:02:48.328351,0 days 00:03:09.947208,13,6,19,COMPLETE
791,36163.214311814845,2025-07-31 22:59:38.390308,2025-07-31 23:03:36.318396,0 days 00:03:57.928088,13,6,20,COMPLETE
792,31735.58554146895,2025-07-31 22:59:38.476439,2025-07-31 23:01:36.729795,0 days 00:01:58.253356,13,10,19,COMPLETE
793,43305.81008810051,2025-07-31 22:59:38.520553,2025-07-31 23:01:37.963087,0 days 00:01:59.442534,13,6,19,COMPLETE
794,43305.81008810051,2025-07-31 22:59:38.529323,2025-07-31 23:01:37.194985,0 days 00:01:58.665662,13,6,19,COMPLETE
795,43305.81008810051,2025-07-31 22:59:38.590913,2025-07-31 23:02:47.238821,0 days 00:03:08.647908,13,6,19,COMPLETE
796,40128.50469021917,2025-07-31 22:59:38.592552,2025-07-31 23:00:37.270093,0 days 00:00:58.677541,13,6,22,COMPLETE
797,36163.214311814845,2025-07-31 22:59:38.623707,2025-07-31 23:02:53.216505,0 days 00:03:14.592798,13,6,20,COMPLETE
798,18274.50784054474,2025-07-31 22:59:38.659462,2025-07-31 23:02:50.882046,0 days 00:03:12.222584,13,14,19,COMPLETE
799,36163.214311814845,2025-07-31 22:59:38.668705,2025-07-31 23:02:50.615619,0 days 00:03:11.946914,13,6,20,COMPLETE
800,40128.50469021917,2025-07-31 22:59:38.671103,2025-07-31 23:02:48.738067,0 days 00:03:10.066964,13,6,22,COMPLETE
801,40128.50469021917,2025-07-31 22:59:38.677300,2025-07-31 23:00:38.394881,0 days 00:00:59.717581,13,6,22,COMPLETE
802,36163.214311814845,2025-07-31 22:59:38.685638,2025-07-31 23:02:52.782723,0 days 00:03:14.097085,13,6,20,COMPLETE
803,40128.50469021917,2025-07-31 22:59:38.704918,2025-07-31 23:02:50.888898,0 days 00:03:12.183980,13,6,22,COMPLETE
804,113809.3802733805,2025-07-31 22:59:38.734809,2025-07-31 23:03:44.586645,0 days 00:04:05.851836,13,6,18,COMPLETE
805,43305.81008810051,2025-07-31 22:59:38.741701,2025-07-31 23:03:45.021572,0 days 00:04:06.279871,13,6,19,COMPLETE
806,40128.50469021917,2025-07-31 22:59:38.769128,2025-07-31 23:02:50.644375,0 days 00:03:11.875247,13,6,22,COMPLETE
807,36163.214311814845,2025-07-31 22:59:38.793627,2025-07-31 23:01:38.753547,0 days 00:01:59.959920,13,6,20,COMPLETE
808,36163.214311814845,2025-07-31 22:59:38.795433,2025-07-31 23:03:32.339883,0 days 00:03:53.544450,13,6,20,COMPLETE
809,49422.93685142166,2025-07-31 22:59:38.796829,2025-07-31 23:01:39.506434,0 days 00:02:00.709605,13,6,23,COMPLETE
810,43305.81008810051,2025-07-31 22:59:38.798272,2025-07-31 23:03:35.024002,0 days 00:03:56.225730,13,6,19,COMPLETE
811,40128.50469021917,2025-07-31 22:59:38.799291,2025-07-31 23:01:38.596697,0 days 00:01:59.797406,13,6,22,COMPLETE
812,43305.81008810051,2025-07-31 22:59:38.804551,2025-07-31 23:00:38.695769,0 days 00:00:59.891218,13,6,19,COMPLETE
813,36163.214311814845,2025-07-31 22:59:38.814103,2025-07-31 23:02:54.166620,0 days 00:03:15.352517,13,6,20,COMPLETE
814,40128.50469021917,2025-07-31 22:59:38.819751,2025-07-31 23:01:42.410843,0 days 00:02:03.591092,13,6,22,COMPLETE
815,43305.81008810051,2025-07-31 22:59:38.823507,2025-07-31 23:01:42.233230,0 days 00:02:03.409723,13,6,19,COMPLETE
816,40128.50469021917,2025-07-31 22:59:38.832478,2025-07-31 23:03:44.970086,0 days 00:04:06.137608,13,6,22,COMPLETE
817,49422.93685142166,2025-07-31 22:59:38.833711,2025-07-31 23:00:38.776430,0 days 00:00:59.942719,13,6,23,COMPLETE
818,24366.044051730918,2025-07-31 22:59:38.836297,2025-07-31 23:03:35.740868,0 days 00:03:56.904571,13,14,20,COMPLETE
819,36163.214311814845,2025-07-31 22:59:38.837418,2025-07-31 23:01:39.593167,0 days 00:02:00.755749,13,6,20,COMPLETE
820,36163.214311814845,2025-07-31 22:59:38.838540,2025-07-31 23:02:49.429587,0 days 00:03:10.591047,13,6,20,COMPLETE
821,43305.81008810051,2025-07-31 22:59:38.841191,2025-07-31 23:01:41.479764,0 days 00:02:02.638573,13,6,19,COMPLETE
822,36163.214311814845,2025-07-31 22:59:38.846075,2025-07-31 23:00:39.806702,0 days 00:01:00.960627,13,6,20,COMPLETE
823,36163.214311814845,2025-07-31 22:59:38.848084,2025-07-31 23:02:52.261497,0 days 00:03:13.413413,13,6,20,COMPLETE
824,35776.294374992634,2025-07-31 22:59:38.852780,2025-07-31 23:03:28.935021,0 days 00:03:50.082241,14,6,19,COMPLETE
825,18274.50784054474,2025-07-31 22:59:38.854343,2025-07-31 23:02:53.132905,0 days 00:03:14.278562,13,14,19,COMPLETE
826,36163.214311814845,2025-07-31 22:59:38.855422,2025-07-31 23:01:43.795076,0 days 00:02:04.939654,13,6,20,COMPLETE
827,43305.81008810051,2025-07-31 22:59:38.858772,2025-07-31 23:01:43.394037,0 days 00:02:04.535265,13,6,19,COMPLETE
828,43305.81008810051,2025-07-31 22:59:38.861305,2025-07-31 23:02:50.488671,0 days 00:03:11.627366,13,6,19,COMPLETE
829,40128.50469021917,2025-07-31 22:59:38.863491,2025-07-31 23:03:43.727732,0 days 00:04:04.864241,13,6,22,COMPLETE
830,36163.214311814845,2025-07-31 22:59:38.867017,2025-07-31 23:01:44.571817,0 days 00:02:05.704800,13,6,20,COMPLETE
831,43305.81008810051,2025-07-31 22:59:38.870129,2025-07-31 23:01:43.768653,0 days 00:02:04.898524,13,6,19,COMPLETE
832,43305.81008810051,2025-07-31 22:59:38.872530,2025-07-31 23:02:52.534949,0 days 00:03:13.662419,13,6,19,COMPLETE
833,35776.294374992634,2025-07-31 22:59:38.874206,2025-07-31 23:01:45.406246,0 days 00:02:06.532040,14,6,19,COMPLETE
834,36163.214311814845,2025-07-31 22:59:38.881677,2025-07-31 23:03:35.048414,0 days 00:03:56.166737,13,6,20,COMPLETE
835,36163.214311814845,2025-07-31 22:59:38.884833,2025-07-31 23:02:56.667102,0 days 00:03:17.782269,13,6,20,COMPLETE
836,43305.81008810051,2025-07-31 22:59:38.888789,2025-07-31 23:02:54.049552,0 days 00:03:15.160763,13,6,19,COMPLETE
837,43305.81008810051,2025-07-31 22:59:38.890325,2025-07-31 23:01:43.502922,0 days 00:02:04.612597,13,6,19,COMPLETE
838,43305.81008810051,2025-07-31 22:59:38.892056,2025-07-31 23:02:54.001156,0 days 00:03:15.109100,13,6,19,COMPLETE
839,43305.81008810051,2025-07-31 22:59:38.894241,2025-07-31 23:01:46.737671,0 days 00:02:07.843430,13,6,19,COMPLETE
840,43305.81008810051,2025-07-31 22:59:38.897461,2025-07-31 23:02:56.684719,0 days 00:03:17.787258,13,6,19,COMPLETE
841,43305.81008810051,2025-07-31 22:59:38.900312,2025-07-31 23:02:59.661479,0 days 00:03:20.761167,13,6,19,COMPLETE
842,43305.81008810051,2025-07-31 22:59:38.905394,2025-07-31 23:02:55.679188,0 days 00:03:16.773794,13,6,19,COMPLETE
843,43305.81008810051,2025-07-31 22:59:38.906388,2025-07-31 23:01:45.801522,0 days 00:02:06.895134,13,6,19,COMPLETE
844,43305.81008810051,2025-07-31 22:59:38.909670,2025-07-31 23:01:45.610105,0 days 00:02:06.700435,13,6,19,COMPLETE
845,43305.81008810051,2025-07-31 22:59:38.919571,2025-07-31 23:02:55.076963,0 days 00:03:16.157392,13,6,19,COMPLETE
846,43305.81008810051,2025-07-31 22:59:38.920609,2025-07-31 23:03:36.102192,0 days 00:03:57.181583,13,6,19,COMPLETE
847,43305.81008810051,2025-07-31 22:59:38.924753,2025-07-31 23:01:46.591853,0 days 00:02:07.667100,13,6,19,COMPLETE
848,36163.214311814845,2025-07-31 22:59:38.930700,2025-07-31 23:02:57.245844,0 days 00:03:18.315144,13,6,20,COMPLETE
849,40128.50469021917,2025-07-31 22:59:38.932651,2025-07-31 23:02:56.692237,0 days 00:03:17.759586,13,6,22,COMPLETE
850,43305.81008810051,2025-07-31 22:59:38.936172,2025-07-31 23:02:57.567820,0 days 00:03:18.631648,13,6,19,COMPLETE
851,43305.81008810051,2025-07-31 22:59:38.937849,2025-07-31 23:01:47.745810,0 days 00:02:08.807961,13,6,19,COMPLETE
852,43305.81008810051,2025-07-31 22:59:38.939822,2025-07-31 23:03:45.598459,0 days 00:04:06.658637,13,6,19,COMPLETE
853,43305.81008810051,2025-07-31 22:59:38.942087,2025-07-31 23:02:57.873161,0 days 00:03:18.931074,13,6,19,COMPLETE
854,43305.81008810051,2025-07-31 22:59:38.944965,2025-07-31 23:01:46.993498,0 days 00:02:08.048533,13,6,19,COMPLETE
855,36163.214311814845,2025-07-31 22:59:38.946758,2025-07-31 23:02:58.158469,0 days 00:03:19.211711,13,6,20,COMPLETE
856,49422.93685142166,2025-07-31 22:59:38.951318,2025-07-31 23:03:00.092599,0 days 00:03:21.141281,13,6,23,COMPLETE
857,49422.93685142166,2025-07-31 22:59:38.954029,2025-07-31 23:03:34.934219,0 days 00:03:55.980190,13,6,23,COMPLETE
858,36163.214311814845,2025-07-31 22:59:38.955342,2025-07-31 23:03:36.715382,0 days 00:03:57.760040,13,6,20,COMPLETE
859,36163.214311814845,2025-07-31 22:59:38.959280,2025-07-31 23:03:35.801958,0 days 00:03:56.842678,13,6,20,COMPLETE
860,43305.81008810051,2025-07-31 22:59:38.961840,2025-07-31 23:03:00.292073,0 days 00:03:21.330233,13,6,19,COMPLETE
861,36163.214311814845,2025-07-31 22:59:38.963378,2025-07-31 23:01:49.019724,0 days 00:02:10.056346,13,6,20,COMPLETE
862,36163.214311814845,2025-07-31 22:59:38.967642,2025-07-31 23:03:36.633927,0 days 00:03:57.666285,13,6,20,COMPLETE
863,43305.81008810051,2025-07-31 22:59:38.969298,2025-07-31 23:02:58.810099,0 days 00:03:19.840801,13,6,19,COMPLETE
864,36163.214311814845,2025-07-31 22:59:38.972178,2025-07-31 23:03:01.155276,0 days 00:03:22.183098,13,6,20,COMPLETE
865,43305.81008810051,2025-07-31 22:59:38.973479,2025-07-31 23:03:44.901687,0 days 00:04:05.928208,13,6,19,COMPLETE
866,43305.81008810051,2025-07-31 22:59:38.982094,2025-07-31 23:03:00.370469,0 days 00:03:21.388375,13,6,19,COMPLETE
867,43305.81008810051,2025-07-31 22:59:38.986596,2025-07-31 23:03:02.044895,0 days 00:03:23.058299,13,6,19,COMPLETE
868,36163.214311814845,2025-07-31 22:59:38.988916,2025-07-31 23:03:33.254166,0 days 00:03:54.265250,13,6,20,COMPLETE
869,43305.81008810051,2025-07-31 22:59:38.995527,2025-07-31 23:03:00.860503,0 days 00:03:21.864976,13,6,19,COMPLETE
870,43305.81008810051,2025-07-31 22:59:38.997760,2025-07-31 23:03:45.554200,0 days 00:04:06.556440,13,6,19,COMPLETE
871,25434.11997606699,2025-07-31 22:59:38.999552,2025-07-31 23:01:50.266942,0 days 00:02:11.267390,13,14,22,COMPLETE
872,43305.81008810051,2025-07-31 22:59:39.003309,2025-07-31 23:01:52.548714,0 days 00:02:13.545405,13,6,19,COMPLETE
873,36163.214311814845,2025-07-31 22:59:39.005935,2025-07-31 23:01:52.711228,0 days 00:02:13.705293,13,6,20,COMPLETE
874,43305.81008810051,2025-07-31 22:59:39.007694,2025-07-31 23:03:02.064176,0 days 00:03:23.056482,13,6,19,COMPLETE
875,40128.50469021917,2025-07-31 22:59:39.010365,2025-07-31 23:01:52.329986,0 days 00:02:13.319621,13,6,22,COMPLETE
876,18274.50784054474,2025-07-31 22:59:39.011350,2025-07-31 23:03:03.220574,0 days 00:03:24.209224,13,14,19,COMPLETE
877,43305.81008810051,2025-07-31 22:59:39.015038,2025-07-31 23:03:01.650686,0 days 00:03:22.635648,13,6,19,COMPLETE
878,49422.93685142166,2025-07-31 22:59:39.019520,2025-07-31 23:03:01.919982,0 days 00:03:22.900462,13,6,23,COMPLETE
879,43305.81008810051,2025-07-31 22:59:39.022484,2025-07-31 23:01:55.114602,0 days 00:02:16.092118,13,6,19,COMPLETE
880,43305.81008810051,2025-07-31 22:59:39.029089,2025-07-31 23:03:01.541439,0 days 00:03:22.512350,13,6,19,COMPLETE
881,43305.81008810051,2025-07-31 22:59:39.032282,2025-07-31 23:03:39.957272,0 days 00:04:00.924990,13,6,19,COMPLETE
882,36163.214311814845,2025-07-31 22:59:39.033657,2025-07-31 23:03:04.462214,0 days 00:03:25.428557,13,6,20,COMPLETE
883,43305.81008810051,2025-07-31 22:59:39.035241,2025-07-31 23:03:00.159818,0 days 00:03:21.124577,13,6,19,COMPLETE
884,25434.11997606699,2025-07-31 22:59:39.037573,2025-07-31 23:03:42.327763,0 days 00:04:03.290190,13,14,22,COMPLETE
885,43305.81008810051,2025-07-31 22:59:39.038727,2025-07-31 23:03:39.495250,0 days 00:04:00.456523,13,6,19,COMPLETE
886,43305.81008810051,2025-07-31 22:59:39.044993,2025-07-31 23:03:00.115099,0 days 00:03:21.070106,13,6,19,COMPLETE
887,36163.214311814845,2025-07-31 22:59:39.048079,2025-07-31 23:01:54.938338,0 days 00:02:15.890259,13,6,20,COMPLETE
888,43305.81008810051,2025-07-31 22:59:39.049787,2025-07-31 23:01:54.302203,0 days 00:02:15.252416,13,6,19,COMPLETE
889,43305.81008810051,2025-07-31 22:59:39.054165,2025-07-31 23:01:56.746445,0 days 00:02:17.692280,13,6,19,COMPLETE
890,36163.214311814845,2025-07-31 22:59:39.057068,2025-07-31 23:03:37.756282,0 days 00:03:58.699214,13,6,20,COMPLETE
891,43305.81008810051,2025-07-31 22:59:39.058943,2025-07-31 23:03:03.767325,0 days 00:03:24.708382,13,6,19,COMPLETE
892,36163.214311814845,2025-07-31 22:59:39.060952,2025-07-31 23:01:53.700280,0 days 00:02:14.639328,13,6,20,COMPLETE
893,36163.214311814845,2025-07-31 22:59:39.063774,2025-07-31 23:01:54.894927,0 days 00:02:15.831153,13,6,20,COMPLETE
894,36163.214311814845,2025-07-31 22:59:39.066276,2025-07-31 23:03:04.717403,0 days 00:03:25.651127,13,6,20,COMPLETE
895,43305.81008810051,2025-07-31 22:59:39.067808,2025-07-31 23:01:55.579933,0 days 00:02:16.512125,13,6,19,COMPLETE
896,36163.214311814845,2025-07-31 22:59:39.069633,2025-07-31 23:03:38.007969,0 days 00:03:58.938336,13,6,20,COMPLETE
897,43305.81008810051,2025-07-31 22:59:39.071164,2025-07-31 23:01:55.365533,0 days 00:02:16.294369,13,6,19,COMPLETE
898,36163.214311814845,2025-07-31 22:59:39.073238,2025-07-31 23:03:06.349843,0 days 00:03:27.276605,13,6,20,COMPLETE
899,43305.81008810051,2025-07-31 22:59:39.078360,2025-07-31 23:03:38.837034,0 days 00:03:59.758674,13,6,19,COMPLETE
900,43305.81008810051,2025-07-31 22:59:39.079340,2025-07-31 23:01:56.709163,0 days 00:02:17.629823,13,6,19,COMPLETE
901,36163.214311814845,2025-07-31 22:59:39.083788,2025-07-31 23:03:40.327120,0 days 00:04:01.243332,13,6,20,COMPLETE
902,43305.81008810051,2025-07-31 22:59:39.085002,2025-07-31 23:03:05.187678,0 days 00:03:26.102676,13,6,19,COMPLETE
903,43305.81008810051,2025-07-31 22:59:39.086644,2025-07-31 23:03:04.655141,0 days 00:03:25.568497,13,6,19,COMPLETE
904,43305.81008810051,2025-07-31 22:59:39.088812,2025-07-31 23:03:02.052305,0 days 00:03:22.963493,13,6,19,COMPLETE
905,43305.81008810051,2025-07-31 22:59:39.092600,2025-07-31 23:03:09.053286,0 days 00:03:29.960686,13,6,19,COMPLETE
906,43305.81008810051,2025-07-31 22:59:39.093964,2025-07-31 23:03:04.059166,0 days 00:03:24.965202,13,6,19,COMPLETE
907,43305.81008810051,2025-07-31 22:59:39.097092,2025-07-31 23:01:56.598112,0 days 00:02:17.501020,13,6,19,COMPLETE
908,116173.09100612126,2025-07-31 22:59:39.099013,2025-07-31 23:03:38.393134,0 days 00:03:59.294121,13,6,32,COMPLETE
909,35776.294374992634,2025-07-31 22:59:39.102590,2025-07-31 23:03:37.820526,0 days 00:03:58.717936,14,6,19,COMPLETE
910,36163.214311814845,2025-07-31 22:59:39.105526,2025-07-31 23:03:07.515470,0 days 00:03:28.409944,13,6,20,COMPLETE
911,36163.214311814845,2025-07-31 22:59:39.107010,2025-07-31 23:03:05.159784,0 days 00:03:26.052774,13,6,20,COMPLETE
912,36163.214311814845,2025-07-31 22:59:39.111515,2025-07-31 23:01:56.592005,0 days 00:02:17.480490,13,6,20,COMPLETE
913,40128.50469021917,2025-07-31 22:59:39.113476,2025-07-31 23:03:07.756717,0 days 00:03:28.643241,13,6,22,COMPLETE
914,43305.81008810051,2025-07-31 22:59:39.114977,2025-07-31 23:03:06.157259,0 days 00:03:27.042282,13,6,19,COMPLETE
915,36163.214311814845,2025-07-31 22:59:39.117144,2025-07-31 23:03:06.536015,0 days 00:03:27.418871,13,6,20,COMPLETE
916,36163.214311814845,2025-07-31 22:59:39.118796,2025-07-31 23:03:09.022651,0 days 00:03:29.903855,13,6,20,COMPLETE
917,43305.81008810051,2025-07-31 22:59:39.119809,2025-07-31 23:03:02.827450,0 days 00:03:23.707641,13,6,19,COMPLETE
918,43305.81008810051,2025-07-31 22:59:39.120546,2025-07-31 23:03:06.072574,0 days 00:03:26.952028,13,6,19,COMPLETE
919,36163.214311814845,2025-07-31 22:59:39.124266,2025-07-31 23:03:40.967836,0 days 00:04:01.843570,13,6,20,COMPLETE
920,36163.214311814845,2025-07-31 22:59:39.125611,2025-07-31 23:03:10.996822,0 days 00:03:31.871211,13,6,20,COMPLETE
921,36163.214311814845,2025-07-31 22:59:39.127356,2025-07-31 23:03:06.766905,0 days 00:03:27.639549,13,6,20,COMPLETE
922,36163.214311814845,2025-07-31 22:59:39.129265,2025-07-31 23:01:58.291834,0 days 00:02:19.162569,13,6,20,COMPLETE
923,36163.214311814845,2025-07-31 22:59:39.130509,2025-07-31 23:01:57.449941,0 days 00:02:18.319432,13,6,20,COMPLETE
924,43305.81008810051,2025-07-31 22:59:39.132517,2025-07-31 23:03:39.858951,0 days 00:04:00.726434,13,6,19,COMPLETE
925,43305.81008810051,2025-07-31 22:59:39.134795,2025-07-31 23:03:09.318044,0 days 00:03:30.183249,13,6,19,COMPLETE
926,43305.81008810051,2025-07-31 22:59:39.136280,2025-07-31 23:03:07.237514,0 days 00:03:28.101234,13,6,19,COMPLETE
927,36163.214311814845,2025-07-31 22:59:39.138670,2025-07-31 23:03:09.065634,0 days 00:03:29.926964,13,6,20,COMPLETE
928,43305.81008810051,2025-07-31 22:59:39.141131,2025-07-31 23:00:46.556358,0 days 00:01:07.415227,13,6,19,COMPLETE
929,35776.294374992634,2025-07-31 22:59:39.142781,2025-07-31 23:03:09.960570,0 days 00:03:30.817789,14,6,19,COMPLETE
930,43305.81008810051,2025-07-31 22:59:39.148284,2025-07-31 23:03:11.202171,0 days 00:03:32.053887,13,6,19,COMPLETE
931,40128.50469021917,2025-07-31 22:59:39.153063,2025-07-31 23:02:02.070252,0 days 00:02:22.917189,13,6,22,COMPLETE
932,36163.214311814845,2025-07-31 22:59:39.154954,2025-07-31 23:01:58.135270,0 days 00:02:18.980316,13,6,20,COMPLETE
933,40128.50469021917,2025-07-31 22:59:39.156725,2025-07-31 23:03:38.694486,0 days 00:03:59.537761,13,6,22,COMPLETE
934,43305.81008810051,2025-07-31 22:59:39.160772,2025-07-31 23:02:02.399173,0 days 00:02:23.238401,13,6,19,COMPLETE
935,36163.214311814845,2025-07-31 22:59:39.161420,2025-07-31 23:03:42.317546,0 days 00:04:03.156126,13,6,20,COMPLETE
936,43305.81008810051,2025-07-31 22:59:39.164760,2025-07-31 23:02:01.409713,0 days 00:02:22.244953,13,6,19,COMPLETE
937,43305.81008810051,2025-07-31 22:59:39.166416,2025-07-31 23:01:59.921516,0 days 00:02:20.755100,13,6,19,COMPLETE
938,43305.81008810051,2025-07-31 22:59:39.170044,2025-07-31 23:03:12.677643,0 days 00:03:33.507599,13,6,19,COMPLETE
939,43305.81008810051,2025-07-31 22:59:39.172374,2025-07-31 23:03:09.611992,0 days 00:03:30.439618,13,6,19,COMPLETE
940,36163.214311814845,2025-07-31 22:59:39.173646,2025-07-31 23:03:41.287008,0 days 00:04:02.113362,13,6,20,COMPLETE
941,43305.81008810051,2025-07-31 22:59:39.176029,2025-07-31 23:02:02.204869,0 days 00:02:23.028840,13,6,19,COMPLETE
942,36163.214311814845,2025-07-31 22:59:39.183652,2025-07-31 23:03:17.428580,0 days 00:03:38.244928,13,6,20,COMPLETE
943,43305.81008810051,2025-07-31 22:59:39.184848,2025-07-31 23:03:41.234941,0 days 00:04:02.050093,13,6,19,COMPLETE
944,36163.214311814845,2025-07-31 22:59:39.195047,2025-07-31 23:03:38.849159,0 days 00:03:59.654112,13,6,20,COMPLETE
945,43305.81008810051,2025-07-31 22:59:39.196288,2025-07-31 23:03:13.737827,0 days 00:03:34.541539,13,6,19,COMPLETE
946,43305.81008810051,2025-07-31 22:59:39.199168,2025-07-31 23:02:00.696301,0 days 00:02:21.497133,13,6,19,COMPLETE
947,36163.214311814845,2025-07-31 22:59:39.202201,2025-07-31 23:03:45.408109,0 days 00:04:06.205908,13,6,20,COMPLETE
948,36163.214311814845,2025-07-31 22:59:39.207214,2025-07-31 23:03:39.949310,0 days 00:04:00.742096,13,6,20,COMPLETE
949,43305.81008810051,2025-07-31 22:59:39.209085,2025-07-31 23:03:12.846598,0 days 00:03:33.637513,13,6,19,COMPLETE
950,43305.81008810051,2025-07-31 22:59:39.210022,2025-07-31 23:02:00.698445,0 days 00:02:21.488423,13,6,19,COMPLETE
951,35255.06848644645,2025-07-31 22:59:39.282643,2025-07-31 23:03:12.959531,0 days 00:03:33.676888,14,6,20,COMPLETE
952,43305.81008810051,2025-07-31 22:59:39.294879,2025-07-31 23:02:03.429396,0 days 00:02:24.134517,13,6,19,COMPLETE
953,43305.81008810051,2025-07-31 22:59:39.301858,2025-07-31 23:03:10.795619,0 days 00:03:31.493761,13,6,19,COMPLETE
954,36163.214311814845,2025-07-31 22:59:39.320344,2025-07-31 23:03:42.335189,0 days 00:04:03.014845,13,6,20,COMPLETE
955,40128.50469021917,2025-07-31 22:59:39.333006,2025-07-31 23:03:41.626759,0 days 00:04:02.293753,13,6,22,COMPLETE
956,43305.81008810051,2025-07-31 22:59:39.334540,2025-07-31 23:03:13.958281,0 days 00:03:34.623741,13,6,19,COMPLETE
957,36163.214311814845,2025-07-31 22:59:39.335568,2025-07-31 23:02:05.214156,0 days 00:02:25.878588,13,6,20,COMPLETE
958,43305.81008810051,2025-07-31 22:59:39.342529,2025-07-31 23:02:03.871394,0 days 00:02:24.528865,13,6,19,COMPLETE
959,43305.81008810051,2025-07-31 22:59:39.375586,2025-07-31 23:02:06.326543,0 days 00:02:26.950957,13,6,19,COMPLETE
960,43305.81008810051,2025-07-31 22:59:39.376905,2025-07-31 23:03:13.929516,0 days 00:03:34.552611,13,6,19,COMPLETE
961,43305.81008810051,2025-07-31 22:59:39.421078,2025-07-31 23:03:16.783592,0 days 00:03:37.362514,13,6,19,COMPLETE
962,49422.93685142166,2025-07-31 22:59:39.433851,2025-07-31 23:03:41.545874,0 days 00:04:02.112023,13,6,23,COMPLETE
963,43305.81008810051,2025-07-31 22:59:39.436258,2025-07-31 23:03:39.162710,0 days 00:03:59.726452,13,6,19,COMPLETE
964,43305.81008810051,2025-07-31 22:59:39.495466,2025-07-31 23:02:05.717534,0 days 00:02:26.222068,13,6,19,COMPLETE
965,18978.924197951244,2025-07-31 22:59:39.510479,2025-07-31 23:03:16.022638,0 days 00:03:36.512159,14,14,20,COMPLETE
966,18978.924197951244,2025-07-31 22:59:39.512497,2025-07-31 23:02:05.087021,0 days 00:02:25.574524,14,14,20,COMPLETE
967,18722.356584520752,2025-07-31 22:59:39.514458,2025-07-31 23:03:13.491943,0 days 00:03:33.977485,14,14,19,COMPLETE
968,83461.19576618707,2025-07-31 22:59:39.515787,2025-07-31 23:03:16.119554,0 days 00:03:36.603767,14,14,22,COMPLETE
969,83461.19576618707,2025-07-31 22:59:39.518864,2025-07-31 23:00:52.895148,0 days 00:01:13.376284,14,14,22,COMPLETE
970,18722.356584520752,2025-07-31 22:59:39.520192,2025-07-31 23:03:37.528204,0 days 00:03:58.008012,14,14,19,COMPLETE
971,18722.356584520752,2025-07-31 22:59:39.522425,2025-07-31 23:03:13.006023,0 days 00:03:33.483598,14,14,19,COMPLETE
972,83461.19576618707,2025-07-31 22:59:39.528003,2025-07-31 23:03:43.048375,0 days 00:04:03.520372,14,14,22,COMPLETE
973,18722.356584520752,2025-07-31 22:59:39.531344,2025-07-31 23:03:39.896485,0 days 00:04:00.365141,14,14,19,COMPLETE
974,18722.356584520752,2025-07-31 22:59:39.539122,2025-07-31 23:00:52.717989,0 days 00:01:13.178867,14,14,19,COMPLETE
975,18722.356584520752,2025-07-31 22:59:39.542848,2025-07-31 23:02:07.227236,0 days 00:02:27.684388,14,14,19,COMPLETE
976,18722.356584520752,2025-07-31 22:59:39.545131,2025-07-31 23:03:15.910926,0 days 00:03:36.365795,14,14,19,COMPLETE
977,18722.356584520752,2025-07-31 22:59:39.548474,2025-07-31 23:00:53.294120,0 days 00:01:13.745646,14,14,19,COMPLETE
978,18978.924197951244,2025-07-31 22:59:39.579640,2025-07-31 23:03:44.113490,0 days 00:04:04.533850,14,14,20,COMPLETE
979,24366.044051730918,2025-07-31 22:59:40.410295,2025-07-31 23:03:18.924820,0 days 00:03:38.514525,13,14,20,COMPLETE
980,25434.11997606699,2025-07-31 22:59:40.443202,2025-07-31 23:03:21.854939,0 days 00:03:41.411737,13,14,22,COMPLETE
981,24366.044051730918,2025-07-31 22:59:40.586081,2025-07-31 23:02:18.751691,0 days 00:02:38.165610,13,14,20,COMPLETE
982,22757.39661856339,2025-07-31 22:59:40.592544,2025-07-31 23:03:44.544318,0 days 00:04:03.951774,14,10,20,COMPLETE
983,22757.39661856339,2025-07-31 22:59:40.607326,2025-07-31 23:03:43.286106,0 days 00:04:02.678780,14,10,20,COMPLETE
984,22757.39661856339,2025-07-31 22:59:40.899748,2025-07-31 23:02:24.184632,0 days 00:02:43.284884,14,10,20,COMPLETE
985,83461.19576618707,2025-07-31 22:59:41.009528,2025-07-31 23:03:20.748979,0 days 00:03:39.739451,14,14,22,COMPLETE
986,18722.356584520752,2025-07-31 22:59:41.031973,2025-07-31 23:02:23.939588,0 days 00:02:42.907615,14,14,19,COMPLETE
987,18722.356584520752,2025-07-31 22:59:41.129809,2025-07-31 23:01:13.733825,0 days 00:01:32.604016,14,14,19,COMPLETE
988,24366.044051730918,2025-07-31 22:59:41.782953,2025-07-31 23:03:45.354332,0 days 00:04:03.571379,13,14,20,COMPLETE
989,55852.35823465136,2025-07-31 22:59:41.797025,2025-07-31 23:02:35.399827,0 days 00:02:53.602802,13,14,23,COMPLETE
990,18274.50784054474,2025-07-31 22:59:41.833683,2025-07-31 23:02:36.992297,0 days 00:02:55.158614,13,14,19,COMPLETE
991,24418.9177272379,2025-07-31 22:59:41.859942,2025-07-31 23:03:28.050001,0 days 00:03:46.190059,13,10,20,COMPLETE
992,18274.50784054474,2025-07-31 22:59:41.870468,2025-07-31 23:02:39.522921,0 days 00:02:57.652453,13,14,19,COMPLETE
993,25434.11997606699,2025-07-31 22:59:41.993091,2025-07-31 23:03:45.192762,0 days 00:04:03.199671,13,14,22,COMPLETE
994,18274.50784054474,2025-07-31 22:59:42.055732,2025-07-31 23:02:46.269729,0 days 00:03:04.213997,13,14,19,COMPLETE
995,31735.58554146895,2025-07-31 22:59:42.093413,2025-07-31 23:03:35.129717,0 days 00:03:53.036304,13,10,19,COMPLETE
996,18274.50784054474,2025-07-31 22:59:42.097124,2025-07-31 23:02:50.420211,0 days 00:03:08.323087,13,14,19,COMPLETE
997,31735.58554146895,2025-07-31 22:59:44.498994,2025-07-31 23:03:44.527057,0 days 00:04:00.028063,13,10,19,COMPLETE
998,25694.83179798254,2025-07-31 22:59:44.514056,2025-07-31 23:03:44.517944,0 days 00:04:00.003888,13,10,22,COMPLETE
999,43305.81008810051,2025-07-31 22:59:45.200196,2025-07-31 23:03:44.972240,0 days 00:03:59.772044,13,6,19,COMPLETE
