number,value,datetime_start,datetime_complete,duration,params_macd_fast,params_macd_signal,params_macd_slow,state
0,4025.8932764546807,2025-07-30 09:20:15.261479,2025-07-30 09:20:17.921361,0 days 00:00:02.659882,9,14,16,COMPLETE
1,19263.068681069053,2025-07-30 09:20:15.263481,2025-07-30 09:20:17.111261,0 days 00:00:01.847780,13,6,49,COMPLETE
2,11925.636293985308,2025-07-30 09:20:15.265282,2025-07-30 09:20:17.104567,0 days 00:00:01.839285,12,14,42,COMPLETE
3,1247.6546780679407,2025-07-30 09:20:15.269055,2025-07-30 09:20:17.779930,0 days 00:00:02.510875,5,19,15,COMPLETE
4,2105.7715314654774,2025-07-30 09:20:15.274483,2025-07-30 09:20:18.211519,0 days 00:00:02.937036,5,11,28,COMPLETE
5,3390.544162077924,2025-07-30 09:20:15.275214,2025-07-30 09:20:18.541810,0 days 00:00:03.266596,8,8,22,COMPLETE
6,6803.780661950537,2025-07-30 09:20:15.276568,2025-07-30 09:20:18.670622,0 days 00:00:03.394054,14,17,36,COMPLETE
7,11197.78476957764,2025-07-30 09:20:15.282169,2025-07-30 09:20:18.576311,0 days 00:00:03.294142,19,19,48,COMPLETE
8,4345.602970190894,2025-07-30 09:20:15.291316,2025-07-30 09:20:20.481449,0 days 00:00:05.190133,7,18,39,COMPLETE
9,12682.995866777772,2025-07-30 09:20:15.296953,2025-07-30 09:20:20.318386,0 days 00:00:05.021433,12,20,22,COMPLETE
10,5198.338248085068,2025-07-30 09:20:15.302397,2025-07-30 09:20:21.293670,0 days 00:00:05.991273,9,20,24,COMPLETE
11,4147.543845741951,2025-07-30 09:20:15.304429,2025-07-30 09:20:20.965883,0 days 00:00:05.661454,11,17,48,COMPLETE
12,28415.842132235455,2025-07-30 09:20:15.306392,2025-07-30 09:20:21.378764,0 days 00:00:06.072372,13,15,29,COMPLETE
13,1306.2002299816074,2025-07-30 09:20:15.313567,2025-07-30 09:20:21.755970,0 days 00:00:06.442403,13,15,15,COMPLETE
14,5176.0914074132825,2025-07-30 09:20:15.317510,2025-07-30 09:20:22.289519,0 days 00:00:06.972009,12,18,41,COMPLETE
15,30300.864504583467,2025-07-30 09:20:15.321866,2025-07-30 09:20:22.005752,0 days 00:00:06.683886,16,5,38,COMPLETE
16,-inf,2025-07-30 09:20:15.361459,2025-07-30 09:20:20.141850,0 days 00:00:04.780391,17,12,15,COMPLETE
17,3533.482860357448,2025-07-30 09:20:15.397258,2025-07-30 09:20:25.130901,0 days 00:00:09.733643,5,17,37,COMPLETE
18,3785.714660501003,2025-07-30 09:20:15.433551,2025-07-30 09:20:24.462391,0 days 00:00:09.028840,10,17,22,COMPLETE
19,16563.772934119846,2025-07-30 09:20:15.461024,2025-07-30 09:20:24.838646,0 days 00:00:09.377622,15,7,42,COMPLETE
20,6396.887083146624,2025-07-30 09:20:15.530138,2025-07-30 09:20:25.443618,0 days 00:00:09.913480,9,18,41,COMPLETE
21,14008.267048237018,2025-07-30 09:20:15.565830,2025-07-30 09:20:26.159689,0 days 00:00:10.593859,17,5,31,COMPLETE
22,17988.820532806745,2025-07-30 09:20:15.624231,2025-07-30 09:20:25.736338,0 days 00:00:10.112107,13,6,28,COMPLETE
23,11364.21024880658,2025-07-30 09:20:15.740705,2025-07-30 09:20:27.306358,0 days 00:00:11.565653,19,15,48,COMPLETE
24,6217.570965356169,2025-07-30 09:20:15.870925,2025-07-30 09:20:27.456977,0 days 00:00:11.586052,6,14,15,COMPLETE
25,21759.925117922536,2025-07-30 09:20:15.904174,2025-07-30 09:20:27.859528,0 days 00:00:11.955354,19,8,25,COMPLETE
26,6277.081281355839,2025-07-30 09:20:16.117896,2025-07-30 09:20:29.486535,0 days 00:00:13.368639,9,19,24,COMPLETE
27,10160.463954136623,2025-07-30 09:20:16.161953,2025-07-30 09:20:29.568007,0 days 00:00:13.406054,15,15,19,COMPLETE
28,3368.129381772004,2025-07-30 09:20:16.239330,2025-07-30 09:20:29.676954,0 days 00:00:13.437624,7,19,21,COMPLETE
29,15906.11176895649,2025-07-30 09:20:16.256482,2025-07-30 09:20:30.364637,0 days 00:00:14.108155,19,6,36,COMPLETE
30,23512.17904734751,2025-07-30 09:20:16.404489,2025-07-30 09:20:30.239675,0 days 00:00:13.835186,15,8,24,COMPLETE
31,2051.986687692939,2025-07-30 09:20:16.712693,2025-07-30 09:20:31.553316,0 days 00:00:14.840623,8,11,26,COMPLETE
32,5998.345370138639,2025-07-30 09:20:16.838719,2025-07-30 09:20:32.854095,0 days 00:00:16.015376,9,12,49,COMPLETE
33,414.09251862495216,2025-07-30 09:20:17.082399,2025-07-30 09:20:33.668928,0 days 00:00:16.586529,6,11,29,COMPLETE
34,3150.624964973653,2025-07-30 09:20:17.202872,2025-07-30 09:20:33.225234,0 days 00:00:16.022362,6,10,22,COMPLETE
35,30377.320684134727,2025-07-30 09:20:17.276043,2025-07-30 09:20:33.851359,0 days 00:00:16.575316,19,12,29,COMPLETE
36,11414.288155970162,2025-07-30 09:20:17.387976,2025-07-30 09:20:33.525489,0 days 00:00:16.137513,20,17,49,COMPLETE
37,13431.75640623278,2025-07-30 09:20:17.436609,2025-07-30 09:20:34.433133,0 days 00:00:16.996524,11,9,36,COMPLETE
38,11289.09845367302,2025-07-30 09:20:17.478950,2025-07-30 09:20:34.434110,0 days 00:00:16.955160,16,13,43,COMPLETE
39,23601.008297033386,2025-07-30 09:20:17.616575,2025-07-30 09:20:35.516245,0 days 00:00:17.899670,20,7,23,COMPLETE
40,6318.579251223273,2025-07-30 09:20:17.701513,2025-07-30 09:20:48.785440,0 days 00:00:31.083927,11,6,15,COMPLETE
41,5590.61484206227,2025-07-30 09:20:17.760148,2025-07-30 09:20:36.420920,0 days 00:00:18.660772,8,14,28,COMPLETE
42,3124.833116456029,2025-07-30 09:20:17.887350,2025-07-30 09:20:38.739293,0 days 00:00:20.851943,9,6,33,COMPLETE
43,2800.882539755077,2025-07-30 09:20:17.981356,2025-07-30 09:20:39.014637,0 days 00:00:21.033281,7,9,26,COMPLETE
44,19474.317704849836,2025-07-30 09:20:18.106395,2025-07-30 09:20:38.814077,0 days 00:00:20.707682,17,7,39,COMPLETE
45,35001.65142354482,2025-07-30 09:20:18.140812,2025-07-30 09:20:41.263918,0 days 00:00:23.123106,14,5,46,COMPLETE
46,4253.742555924875,2025-07-30 09:20:18.272871,2025-07-30 09:20:39.722534,0 days 00:00:21.449663,8,13,17,COMPLETE
47,1329.9089054978672,2025-07-30 09:20:18.400275,2025-07-30 09:20:42.318170,0 days 00:00:23.917895,5,20,15,COMPLETE
48,5566.301964058841,2025-07-30 09:20:18.461193,2025-07-30 09:20:42.409692,0 days 00:00:23.948499,5,9,20,COMPLETE
49,6805.123303464071,2025-07-30 09:20:18.478582,2025-07-30 09:20:44.045834,0 days 00:00:25.567252,16,17,34,COMPLETE
50,6926.508121233405,2025-07-30 09:20:18.501133,2025-07-30 09:20:42.943596,0 days 00:00:24.442463,16,7,17,COMPLETE
51,10129.003314428652,2025-07-30 09:20:18.518271,2025-07-30 09:20:44.215944,0 days 00:00:25.697673,20,11,38,COMPLETE
52,10568.093739369315,2025-07-30 09:20:18.582444,2025-07-30 09:20:43.668897,0 days 00:00:25.086453,14,19,30,COMPLETE
53,-inf,2025-07-30 09:20:18.605377,2025-07-30 09:20:35.826165,0 days 00:00:17.220788,17,16,16,COMPLETE
54,-inf,2025-07-30 09:20:18.696083,2025-07-30 09:20:36.056853,0 days 00:00:17.360770,18,20,18,COMPLETE
55,11262.592263085082,2025-07-30 09:20:18.708883,2025-07-30 09:20:42.764467,0 days 00:00:24.055584,17,14,37,COMPLETE
56,-inf,2025-07-30 09:20:18.768160,2025-07-30 09:20:36.161495,0 days 00:00:17.393335,18,5,16,COMPLETE
57,2635.7703668089557,2025-07-30 09:20:18.819862,2025-07-30 09:20:44.960802,0 days 00:00:26.140940,10,18,19,COMPLETE
58,12528.448018968646,2025-07-30 09:20:18.881074,2025-07-30 09:20:43.843979,0 days 00:00:24.962905,20,5,50,COMPLETE
59,6305.039009765389,2025-07-30 09:20:18.908219,2025-07-30 09:20:45.677391,0 days 00:00:26.769172,18,20,35,COMPLETE
60,5768.522419060019,2025-07-30 09:20:19.014633,2025-07-30 09:20:47.172703,0 days 00:00:28.158070,7,20,35,COMPLETE
61,8959.063853566773,2025-07-30 09:20:19.069998,2025-07-30 09:20:45.561621,0 days 00:00:26.491623,16,15,39,COMPLETE
62,7413.839535312018,2025-07-30 09:20:19.093389,2025-07-30 09:20:46.844352,0 days 00:00:27.750963,13,8,43,COMPLETE
63,14400.491894093622,2025-07-30 09:20:19.278977,2025-07-30 09:20:47.468519,0 days 00:00:28.189542,15,18,26,COMPLETE
64,5982.066430508177,2025-07-30 09:20:19.314922,2025-07-30 09:20:48.346626,0 days 00:00:29.031704,20,20,34,COMPLETE
65,17947.032043142655,2025-07-30 09:20:19.407049,2025-07-30 09:20:48.487848,0 days 00:00:29.080799,15,12,32,COMPLETE
66,12860.568329496882,2025-07-30 09:20:19.446149,2025-07-30 09:20:48.378212,0 days 00:00:28.932063,16,7,34,COMPLETE
67,15791.421310162881,2025-07-30 09:20:19.495919,2025-07-30 09:20:35.651083,0 days 00:00:16.155164,17,5,29,COMPLETE
68,19263.068681069053,2025-07-30 09:20:19.518982,2025-07-30 09:20:48.831491,0 days 00:00:29.312509,13,6,49,COMPLETE
69,6892.800203652777,2025-07-30 09:20:19.613996,2025-07-30 09:20:49.562048,0 days 00:00:29.948052,10,12,26,COMPLETE
70,1540.450253785167,2025-07-30 09:20:19.662389,2025-07-30 09:20:49.599520,0 days 00:00:29.937131,7,17,18,COMPLETE
71,9019.567202187929,2025-07-30 09:20:20.050473,2025-07-30 09:20:50.154932,0 days 00:00:30.104459,19,14,41,COMPLETE
72,3100.7248535543063,2025-07-30 09:20:20.081572,2025-07-30 09:20:50.462034,0 days 00:00:30.380462,9,12,25,COMPLETE
73,2912.100080123154,2025-07-30 09:20:20.306876,2025-07-30 09:20:50.407581,0 days 00:00:30.100705,5,14,45,COMPLETE
74,12603.06824105388,2025-07-30 09:20:20.505984,2025-07-30 09:20:26.999649,0 days 00:00:06.493665,13,5,27,COMPLETE
75,15525.549908032664,2025-07-30 09:20:20.530251,2025-07-30 09:20:25.218354,0 days 00:00:04.688103,13,5,28,COMPLETE
76,15525.549908032664,2025-07-30 09:20:20.586629,2025-07-30 09:20:25.021080,0 days 00:00:04.434451,13,5,28,COMPLETE
77,15522.261996067647,2025-07-30 09:20:20.693505,2025-07-30 09:20:35.338487,0 days 00:00:14.644982,13,6,29,COMPLETE
78,15525.549908032664,2025-07-30 09:20:20.889491,2025-07-30 09:20:30.547879,0 days 00:00:09.658388,13,5,28,COMPLETE
79,18160.785542524944,2025-07-30 09:20:21.228801,2025-07-30 09:20:50.874030,0 days 00:00:29.645229,15,5,29,COMPLETE
80,16463.281315906406,2025-07-30 09:20:21.287238,2025-07-30 09:20:44.396206,0 days 00:00:23.108968,15,5,28,COMPLETE
81,13672.899050507822,2025-07-30 09:20:21.347225,2025-07-30 09:20:51.440318,0 days 00:00:30.093093,15,6,31,COMPLETE
82,11278.621583498872,2025-07-30 09:20:21.390389,2025-07-30 09:20:44.543472,0 days 00:00:23.153083,15,5,31,COMPLETE
83,16300.631570990592,2025-07-30 09:20:21.451217,2025-07-30 09:20:45.281043,0 days 00:00:23.829826,15,5,30,COMPLETE
84,11054.837568821456,2025-07-30 09:20:21.479830,2025-07-30 09:20:46.363227,0 days 00:00:24.883397,15,5,32,COMPLETE
85,11278.621583498872,2025-07-30 09:20:21.530892,2025-07-30 09:20:45.317485,0 days 00:00:23.786593,15,5,31,COMPLETE
86,11201.852233248645,2025-07-30 09:20:21.621399,2025-07-30 09:21:03.713424,0 days 00:00:42.092025,16,5,31,COMPLETE
87,11278.621583498872,2025-07-30 09:20:21.649158,2025-07-30 09:20:52.202302,0 days 00:00:30.553144,15,5,31,COMPLETE
88,11278.621583498872,2025-07-30 09:20:21.717481,2025-07-30 09:20:57.738496,0 days 00:00:36.021015,15,5,31,COMPLETE
89,11278.621583498872,2025-07-30 09:20:21.747777,2025-07-30 09:20:36.751574,0 days 00:00:15.003797,15,5,31,COMPLETE
90,11278.621583498872,2025-07-30 09:20:21.762029,2025-07-30 09:21:01.606360,0 days 00:00:39.844331,15,5,31,COMPLETE
91,16300.631570990592,2025-07-30 09:20:21.774514,2025-07-30 09:20:52.814419,0 days 00:00:31.039905,15,5,30,COMPLETE
92,16300.631570990592,2025-07-30 09:20:21.800421,2025-07-30 09:20:54.335486,0 days 00:00:32.535065,15,5,30,COMPLETE
93,11278.621583498872,2025-07-30 09:20:21.957486,2025-07-30 09:20:44.032114,0 days 00:00:22.074628,15,5,31,COMPLETE
94,16300.631570990592,2025-07-30 09:20:21.997890,2025-07-30 09:20:34.492666,0 days 00:00:12.494776,15,5,30,COMPLETE
95,11530.663410243204,2025-07-30 09:20:22.035445,2025-07-30 09:20:54.934246,0 days 00:00:32.898801,16,8,32,COMPLETE
96,17812.785195580163,2025-07-30 09:20:22.307560,2025-07-30 09:20:55.527843,0 days 00:00:33.220283,16,10,31,COMPLETE
97,13212.089804694873,2025-07-30 09:20:22.393356,2025-07-30 09:20:57.653893,0 days 00:00:35.260537,16,9,31,COMPLETE
98,17518.711538727723,2025-07-30 09:20:22.433502,2025-07-30 09:20:49.853405,0 days 00:00:27.419903,16,9,32,COMPLETE
99,17518.711538727723,2025-07-30 09:20:22.449293,2025-07-30 09:21:05.004791,0 days 00:00:42.555498,16,9,32,COMPLETE
100,13212.089804694873,2025-07-30 09:20:22.620060,2025-07-30 09:20:53.123107,0 days 00:00:30.503047,16,9,31,COMPLETE
101,44277.41357105522,2025-07-30 09:20:22.892785,2025-07-30 09:21:11.635788,0 days 00:00:48.743003,17,9,32,COMPLETE
102,19155.543297765118,2025-07-30 09:20:23.063230,2025-07-30 09:21:03.010709,0 days 00:00:39.947479,16,10,32,COMPLETE
103,17518.711538727723,2025-07-30 09:20:23.211112,2025-07-30 09:22:00.839266,0 days 00:01:37.628154,16,9,32,COMPLETE
104,13212.089804694873,2025-07-30 09:20:23.330188,2025-07-30 09:20:56.267087,0 days 00:00:32.936899,16,9,31,COMPLETE
105,13212.089804694873,2025-07-30 09:20:23.476691,2025-07-30 09:21:12.352080,0 days 00:00:48.875389,16,9,31,COMPLETE
106,19155.543297765118,2025-07-30 09:20:23.785915,2025-07-30 09:21:05.393993,0 days 00:00:41.608078,16,10,32,COMPLETE
107,17518.711538727723,2025-07-30 09:20:24.047432,2025-07-30 09:20:58.089328,0 days 00:00:34.041896,16,9,32,COMPLETE
108,13212.089804694873,2025-07-30 09:20:24.173981,2025-07-30 09:21:06.009066,0 days 00:00:41.835085,16,9,31,COMPLETE
109,17518.711538727723,2025-07-30 09:20:24.530067,2025-07-30 09:21:00.317239,0 days 00:00:35.787172,16,9,32,COMPLETE
110,19155.543297765118,2025-07-30 09:20:24.870305,2025-07-30 09:21:07.148702,0 days 00:00:42.278397,16,10,32,COMPLETE
111,17812.785195580163,2025-07-30 09:20:24.924178,2025-07-30 09:21:08.325005,0 days 00:00:43.400827,16,10,31,COMPLETE
112,15916.954032102763,2025-07-30 09:20:25.074131,2025-07-30 09:21:08.802957,0 days 00:00:43.728826,16,10,33,COMPLETE
113,15916.954032102763,2025-07-30 09:20:25.086195,2025-07-30 09:21:08.406031,0 days 00:00:43.319836,16,10,33,COMPLETE
114,20926.60383984686,2025-07-30 09:20:25.114431,2025-07-30 09:21:01.808030,0 days 00:00:36.693599,16,9,33,COMPLETE
115,22229.4679372218,2025-07-30 09:20:25.182584,2025-07-30 09:20:54.478381,0 days 00:00:29.295797,16,5,33,COMPLETE
116,12297.728573375967,2025-07-30 09:20:25.205219,2025-07-30 09:21:02.206519,0 days 00:00:37.001300,16,5,32,COMPLETE
117,20926.60383984686,2025-07-30 09:20:25.437775,2025-07-30 09:21:10.659744,0 days 00:00:45.221969,16,9,33,COMPLETE
118,17518.711538727723,2025-07-30 09:20:25.453777,2025-07-30 09:21:13.568579,0 days 00:00:48.114802,16,9,32,COMPLETE
119,17518.711538727723,2025-07-30 09:20:25.611383,2025-07-30 09:20:56.441854,0 days 00:00:30.830471,16,9,32,COMPLETE
120,17518.711538727723,2025-07-30 09:20:25.738302,2025-07-30 09:21:35.496090,0 days 00:01:09.757788,16,9,32,COMPLETE
121,17518.711538727723,2025-07-30 09:20:25.778554,2025-07-30 09:21:14.752669,0 days 00:00:48.974115,16,9,32,COMPLETE
122,20926.60383984686,2025-07-30 09:20:25.931126,2025-07-30 09:21:15.121686,0 days 00:00:49.190560,16,9,33,COMPLETE
123,20072.8777082609,2025-07-30 09:20:26.103915,2025-07-30 09:21:38.082661,0 days 00:01:11.978746,16,9,34,COMPLETE
124,19155.543297765118,2025-07-30 09:20:26.133959,2025-07-30 09:21:04.363857,0 days 00:00:38.229898,16,10,32,COMPLETE
125,9383.975839287084,2025-07-30 09:20:26.182989,2025-07-30 09:21:17.339383,0 days 00:00:51.156394,16,9,50,COMPLETE
126,9383.975839287084,2025-07-30 09:20:26.477477,2025-07-30 09:21:18.696649,0 days 00:00:52.219172,16,9,50,COMPLETE
127,9383.975839287084,2025-07-30 09:20:26.803432,2025-07-30 09:21:19.871839,0 days 00:00:53.068407,16,9,50,COMPLETE
128,19906.46286247996,2025-07-30 09:20:26.952802,2025-07-30 09:21:22.007601,0 days 00:00:55.054799,16,9,46,COMPLETE
129,24525.808682330346,2025-07-30 09:20:27.000171,2025-07-30 09:21:21.423532,0 days 00:00:54.423361,16,9,45,COMPLETE
130,24525.808682330346,2025-07-30 09:20:27.007883,2025-07-30 09:21:00.131534,0 days 00:00:33.123651,16,9,45,COMPLETE
131,9383.975839287084,2025-07-30 09:20:27.032734,2025-07-30 09:21:23.099539,0 days 00:00:56.066805,16,9,50,COMPLETE
132,9383.975839287084,2025-07-30 09:20:27.058550,2025-07-30 09:21:22.309199,0 days 00:00:55.250649,16,9,50,COMPLETE
133,24525.808682330346,2025-07-30 09:20:27.099298,2025-07-30 09:20:59.734074,0 days 00:00:32.634776,16,9,45,COMPLETE
134,24525.808682330346,2025-07-30 09:20:27.221545,2025-07-30 09:21:43.939174,0 days 00:01:16.717629,16,9,45,COMPLETE
135,9383.975839287084,2025-07-30 09:20:27.233134,2025-07-30 09:21:43.267386,0 days 00:01:16.034252,16,9,50,COMPLETE
136,24525.808682330346,2025-07-30 09:20:27.260672,2025-07-30 09:21:24.441201,0 days 00:00:57.180529,16,9,45,COMPLETE
137,24525.808682330346,2025-07-30 09:20:27.545235,2025-07-30 09:21:25.977335,0 days 00:00:58.432100,16,9,45,COMPLETE
138,20926.60383984686,2025-07-30 09:20:27.603326,2025-07-30 09:21:09.554561,0 days 00:00:41.951235,16,9,33,COMPLETE
139,20926.60383984686,2025-07-30 09:20:27.733332,2025-07-30 09:21:27.045340,0 days 00:00:59.312008,16,9,33,COMPLETE
140,20926.60383984686,2025-07-30 09:20:27.957717,2025-07-30 09:21:27.732334,0 days 00:00:59.774617,16,9,33,COMPLETE
141,17518.711538727723,2025-07-30 09:20:28.024088,2025-07-30 09:21:29.257075,0 days 00:01:01.232987,16,9,32,COMPLETE
142,17518.711538727723,2025-07-30 09:20:28.081240,2025-07-30 09:21:30.766162,0 days 00:01:02.684922,16,9,32,COMPLETE
143,20926.60383984686,2025-07-30 09:20:28.082315,2025-07-30 09:21:31.417977,0 days 00:01:03.335662,16,9,33,COMPLETE
144,20926.60383984686,2025-07-30 09:20:28.176840,2025-07-30 09:21:29.022812,0 days 00:01:00.845972,16,9,33,COMPLETE
145,15916.954032102763,2025-07-30 09:20:28.225252,2025-07-30 09:21:31.740657,0 days 00:01:03.515405,16,10,33,COMPLETE
146,20926.60383984686,2025-07-30 09:20:28.364172,2025-07-30 09:21:30.518999,0 days 00:01:02.154827,16,9,33,COMPLETE
147,17518.711538727723,2025-07-30 09:20:28.511629,2025-07-30 09:21:12.399799,0 days 00:00:43.888170,16,9,32,COMPLETE
148,17518.711538727723,2025-07-30 09:20:28.762036,2025-07-30 09:21:10.720937,0 days 00:00:41.958901,16,9,32,COMPLETE
149,20926.60383984686,2025-07-30 09:20:28.974503,2025-07-30 09:21:14.720662,0 days 00:00:45.746159,16,9,33,COMPLETE
150,20926.60383984686,2025-07-30 09:20:29.043837,2025-07-30 09:21:33.944555,0 days 00:01:04.900718,16,9,33,COMPLETE
151,17518.711538727723,2025-07-30 09:20:29.046003,2025-07-30 09:21:33.447396,0 days 00:01:04.401393,16,9,32,COMPLETE
152,17518.711538727723,2025-07-30 09:20:29.208025,2025-07-30 09:21:14.664834,0 days 00:00:45.456809,16,9,32,COMPLETE
153,20926.60383984686,2025-07-30 09:20:29.308458,2025-07-30 09:21:34.127222,0 days 00:01:04.818764,16,9,33,COMPLETE
154,31027.24695110362,2025-07-30 09:20:29.673700,2025-07-30 09:21:35.003970,0 days 00:01:05.330270,20,9,33,COMPLETE
155,31828.802521615842,2025-07-30 09:20:29.693547,2025-07-30 09:21:15.732413,0 days 00:00:46.038866,17,9,33,COMPLETE
156,31027.24695110362,2025-07-30 09:20:29.931415,2025-07-30 09:21:37.464436,0 days 00:01:07.533021,20,9,33,COMPLETE
157,7704.16033586874,2025-07-30 09:20:29.997361,2025-07-30 09:21:36.268992,0 days 00:01:06.271631,20,9,45,COMPLETE
158,34901.80818572476,2025-07-30 09:20:30.071074,2025-07-30 09:21:16.085546,0 days 00:00:46.014472,17,8,32,COMPLETE
159,31828.802521615842,2025-07-30 09:20:30.186115,2025-07-30 09:21:38.574564,0 days 00:01:08.388449,17,9,33,COMPLETE
160,18667.31710908922,2025-07-30 09:20:30.256810,2025-07-30 09:22:15.622717,0 days 00:01:45.365907,17,9,31,COMPLETE
161,44277.41357105522,2025-07-30 09:20:30.270573,2025-07-30 09:22:13.585506,0 days 00:01:43.314933,17,9,32,COMPLETE
162,36541.64972909036,2025-07-30 09:20:30.316042,2025-07-30 09:21:17.375595,0 days 00:00:47.059553,17,10,32,COMPLETE
163,31828.802521615842,2025-07-30 09:20:30.432743,2025-07-30 09:20:58.926400,0 days 00:00:28.493657,17,9,33,COMPLETE
164,31828.802521615842,2025-07-30 09:20:30.548388,2025-07-30 09:21:06.448298,0 days 00:00:35.899910,17,9,33,COMPLETE
165,31828.802521615842,2025-07-30 09:20:30.573379,2025-07-30 09:21:39.453845,0 days 00:01:08.880466,17,9,33,COMPLETE
166,44277.41357105522,2025-07-30 09:20:30.740237,2025-07-30 09:21:19.089510,0 days 00:00:48.349273,17,9,32,COMPLETE
167,44277.41357105522,2025-07-30 09:20:30.746772,2025-07-30 09:21:20.365303,0 days 00:00:49.618531,17,9,32,COMPLETE
168,44277.41357105522,2025-07-30 09:20:30.780865,2025-07-30 09:21:40.600850,0 days 00:01:09.819985,17,9,32,COMPLETE
169,44277.41357105522,2025-07-30 09:20:31.233160,2025-07-30 09:21:21.900904,0 days 00:00:50.667744,17,9,32,COMPLETE
170,31828.802521615842,2025-07-30 09:20:32.104029,2025-07-30 09:21:22.910791,0 days 00:00:50.806762,17,9,33,COMPLETE
171,18667.31710908922,2025-07-30 09:20:32.180717,2025-07-30 09:21:23.829912,0 days 00:00:51.649195,17,9,31,COMPLETE
172,18667.31710908922,2025-07-30 09:20:32.255756,2025-07-30 09:21:45.658472,0 days 00:01:13.402716,17,9,31,COMPLETE
173,36541.64972909036,2025-07-30 09:20:32.277882,2025-07-30 09:21:45.960763,0 days 00:01:13.682881,17,10,32,COMPLETE
174,44277.41357105522,2025-07-30 09:20:32.401612,2025-07-30 09:21:46.029904,0 days 00:01:13.628292,17,9,32,COMPLETE
175,31828.802521615842,2025-07-30 09:20:32.410913,2025-07-30 09:21:45.609189,0 days 00:01:13.198276,17,9,33,COMPLETE
176,44277.41357105522,2025-07-30 09:20:32.530222,2025-07-30 09:22:33.414481,0 days 00:02:00.884259,17,9,32,COMPLETE
177,34901.80818572476,2025-07-30 09:20:32.706555,2025-07-30 09:21:45.812379,0 days 00:01:13.105824,17,8,32,COMPLETE
178,44277.41357105522,2025-07-30 09:20:32.735626,2025-07-30 09:22:40.786187,0 days 00:02:08.050561,17,9,32,COMPLETE
179,34901.80818572476,2025-07-30 09:20:32.749088,2025-07-30 09:21:24.927460,0 days 00:00:52.178372,17,8,32,COMPLETE
180,13212.089804694873,2025-07-30 09:20:32.915842,2025-07-30 09:21:24.702292,0 days 00:00:51.786450,16,9,31,COMPLETE
181,44277.41357105522,2025-07-30 09:20:32.947145,2025-07-30 09:21:49.065961,0 days 00:01:16.118816,17,9,32,COMPLETE
182,44277.41357105522,2025-07-30 09:20:33.411620,2025-07-30 09:24:16.983418,0 days 00:03:43.571798,17,9,32,COMPLETE
183,44277.41357105522,2025-07-30 09:20:33.487669,2025-07-30 09:21:26.172359,0 days 00:00:52.684690,17,9,32,COMPLETE
184,18667.31710908922,2025-07-30 09:20:33.605832,2025-07-30 09:22:45.668318,0 days 00:02:12.062486,17,9,31,COMPLETE
185,31828.802521615842,2025-07-30 09:20:33.727389,2025-07-30 09:21:51.265272,0 days 00:01:17.537883,17,9,33,COMPLETE
186,44277.41357105522,2025-07-30 09:20:34.174044,2025-07-30 09:21:51.915744,0 days 00:01:17.741700,17,9,32,COMPLETE
187,31828.802521615842,2025-07-30 09:20:34.431379,2025-07-30 09:21:27.379399,0 days 00:00:52.948020,17,9,33,COMPLETE
188,26707.26541182244,2025-07-30 09:20:34.516607,2025-07-30 09:21:55.380116,0 days 00:01:20.863509,18,8,34,COMPLETE
189,23773.591289262316,2025-07-30 09:20:34.604995,2025-07-30 09:21:54.326682,0 days 00:01:19.721687,18,8,33,COMPLETE
190,23773.591289262316,2025-07-30 09:20:34.686597,2025-07-30 09:22:53.317250,0 days 00:02:18.630653,18,8,33,COMPLETE
191,23773.591289262316,2025-07-30 09:20:34.784438,2025-07-30 09:21:30.825747,0 days 00:00:56.041309,18,8,33,COMPLETE
192,23773.591289262316,2025-07-30 09:20:35.002225,2025-07-30 09:21:31.623382,0 days 00:00:56.621157,18,8,33,COMPLETE
193,23773.591289262316,2025-07-30 09:20:35.023390,2025-07-30 09:21:55.541801,0 days 00:01:20.518411,18,8,33,COMPLETE
194,23773.591289262316,2025-07-30 09:20:35.065974,2025-07-30 09:22:56.589530,0 days 00:02:21.523556,18,8,33,COMPLETE
195,23773.591289262316,2025-07-30 09:20:35.125175,2025-07-30 09:21:55.553901,0 days 00:01:20.428726,18,8,33,COMPLETE
196,23773.591289262316,2025-07-30 09:20:35.364340,2025-07-30 09:21:32.056731,0 days 00:00:56.692391,18,8,33,COMPLETE
197,23773.591289262316,2025-07-30 09:20:35.395765,2025-07-30 09:21:58.851028,0 days 00:01:23.455263,18,8,33,COMPLETE
198,33261.056711975805,2025-07-30 09:20:35.468714,2025-07-30 09:24:56.838670,0 days 00:04:21.369956,18,9,32,COMPLETE
199,23773.591289262316,2025-07-30 09:20:35.680187,2025-07-30 09:22:01.345811,0 days 00:01:25.665624,18,8,33,COMPLETE
200,23773.591289262316,2025-07-30 09:20:35.722386,2025-07-30 09:23:07.588267,0 days 00:02:31.865881,18,8,33,COMPLETE
201,23773.591289262316,2025-07-30 09:20:35.812114,2025-07-30 09:23:09.984093,0 days 00:02:34.171979,18,8,33,COMPLETE
202,-inf,2025-07-30 09:20:35.928935,2025-07-30 09:21:31.629295,0 days 00:00:55.700360,20,7,19,COMPLETE
203,34739.99457455589,2025-07-30 09:20:35.966710,2025-07-30 09:22:03.793595,0 days 00:01:27.826885,20,8,33,COMPLETE
204,32361.87733219765,2025-07-30 09:20:35.989765,2025-07-30 09:23:15.063790,0 days 00:02:39.074025,20,8,34,COMPLETE
205,34739.99457455589,2025-07-30 09:20:36.047415,2025-07-30 09:23:09.900778,0 days 00:02:33.853363,20,8,33,COMPLETE
206,32361.87733219765,2025-07-30 09:20:36.054107,2025-07-30 09:22:02.781311,0 days 00:01:26.727204,20,8,34,COMPLETE
207,19081.02851716167,2025-07-30 09:20:36.111233,2025-07-30 09:21:32.532885,0 days 00:00:56.421652,20,7,32,COMPLETE
208,27084.33530986392,2025-07-30 09:20:36.182801,2025-07-30 09:22:06.008485,0 days 00:01:29.825684,20,7,34,COMPLETE
209,34739.99457455589,2025-07-30 09:20:36.433915,2025-07-30 09:21:13.995584,0 days 00:00:37.561669,20,8,33,COMPLETE
210,32361.87733219765,2025-07-30 09:20:36.438470,2025-07-30 09:21:14.736777,0 days 00:00:38.298307,20,8,34,COMPLETE
211,34739.99457455589,2025-07-30 09:20:36.480022,2025-07-30 09:23:16.787661,0 days 00:02:40.307639,20,8,33,COMPLETE
212,34739.99457455589,2025-07-30 09:20:36.769498,2025-07-30 09:21:35.938249,0 days 00:00:59.168751,20,8,33,COMPLETE
213,32361.87733219765,2025-07-30 09:20:36.831613,2025-07-30 09:22:08.376938,0 days 00:01:31.545325,20,8,34,COMPLETE
214,28569.528952577304,2025-07-30 09:20:37.332731,2025-07-30 09:23:24.984382,0 days 00:02:47.651651,19,8,33,COMPLETE
215,18772.220464270373,2025-07-30 09:20:37.397855,2025-07-30 09:21:38.468761,0 days 00:01:01.070906,20,8,25,COMPLETE
216,18772.220464270373,2025-07-30 09:20:37.480293,2025-07-30 09:21:37.417456,0 days 00:00:59.937163,20,8,25,COMPLETE
217,34739.99457455589,2025-07-30 09:20:37.527656,2025-07-30 09:21:38.628339,0 days 00:01:01.100683,20,8,33,COMPLETE
218,34739.99457455589,2025-07-30 09:20:37.652233,2025-07-30 09:25:19.458275,0 days 00:04:41.806042,20,8,33,COMPLETE
219,27084.33530986392,2025-07-30 09:20:37.772586,2025-07-30 09:22:10.539896,0 days 00:01:32.767310,20,7,34,COMPLETE
220,31027.24695110362,2025-07-30 09:20:38.156023,2025-07-30 09:22:13.406262,0 days 00:01:35.250239,20,9,33,COMPLETE
221,32361.87733219765,2025-07-30 09:20:38.364668,2025-07-30 09:22:10.751657,0 days 00:01:32.386989,20,8,34,COMPLETE
222,18772.220464270373,2025-07-30 09:20:38.852412,2025-07-30 09:21:16.331675,0 days 00:00:37.479263,20,8,25,COMPLETE
223,18772.220464270373,2025-07-30 09:20:39.243281,2025-07-30 09:23:29.896553,0 days 00:02:50.653272,20,8,25,COMPLETE
224,34739.99457455589,2025-07-30 09:20:39.356264,2025-07-30 09:22:13.309036,0 days 00:01:33.952772,20,8,33,COMPLETE
225,20574.0506826395,2025-07-30 09:20:39.360001,2025-07-30 09:25:26.759154,0 days 00:04:47.399153,20,8,24,COMPLETE
226,20574.0506826395,2025-07-30 09:20:39.615259,2025-07-30 09:22:15.409331,0 days 00:01:35.794072,20,8,24,COMPLETE
227,20574.0506826395,2025-07-30 09:20:39.880691,2025-07-30 09:22:16.268232,0 days 00:01:36.387541,20,8,24,COMPLETE
228,20574.0506826395,2025-07-30 09:20:39.951013,2025-07-30 09:22:20.476896,0 days 00:01:40.525883,20,8,24,COMPLETE
229,20574.0506826395,2025-07-30 09:20:40.196469,2025-07-30 09:22:19.889734,0 days 00:01:39.693265,20,8,24,COMPLETE
230,20574.0506826395,2025-07-30 09:20:40.263255,2025-07-30 09:22:18.836866,0 days 00:01:38.573611,20,8,24,COMPLETE
231,25678.219732408295,2025-07-30 09:20:40.287719,2025-07-30 09:22:18.829476,0 days 00:01:38.541757,20,7,24,COMPLETE
232,25678.219732408295,2025-07-30 09:20:40.599773,2025-07-30 09:22:20.620339,0 days 00:01:40.020566,20,7,24,COMPLETE
233,20574.0506826395,2025-07-30 09:20:40.903749,2025-07-30 09:22:21.440131,0 days 00:01:40.536382,20,8,24,COMPLETE
234,34739.99457455589,2025-07-30 09:20:40.938125,2025-07-30 09:22:21.681750,0 days 00:01:40.743625,20,8,33,COMPLETE
235,20574.0506826395,2025-07-30 09:20:41.000701,2025-07-30 09:22:21.023171,0 days 00:01:40.022470,20,8,24,COMPLETE
236,17859.15669722992,2025-07-30 09:20:41.485628,2025-07-30 09:22:19.567615,0 days 00:01:38.081987,14,7,46,COMPLETE
237,15316.51420303807,2025-07-30 09:20:41.928945,2025-07-30 09:22:22.872789,0 days 00:01:40.943844,14,7,45,COMPLETE
238,17859.15669722992,2025-07-30 09:20:42.324426,2025-07-30 09:23:45.847574,0 days 00:03:03.523148,14,7,46,COMPLETE
239,15316.51420303807,2025-07-30 09:20:42.468597,2025-07-30 09:23:51.771573,0 days 00:03:09.302976,14,7,45,COMPLETE
240,15316.51420303807,2025-07-30 09:20:42.486331,2025-07-30 09:21:40.400080,0 days 00:00:57.913749,14,7,45,COMPLETE
241,24018.968287886313,2025-07-30 09:20:42.597777,2025-07-30 09:22:23.839100,0 days 00:01:41.241323,20,10,33,COMPLETE
242,15031.997929497331,2025-07-30 09:20:42.816481,2025-07-30 09:22:25.635050,0 days 00:01:42.818569,14,7,33,COMPLETE
243,17859.15669722992,2025-07-30 09:20:42.919377,2025-07-30 09:22:24.838512,0 days 00:01:41.919135,14,7,46,COMPLETE
244,22143.71354516903,2025-07-30 09:20:42.957846,2025-07-30 09:22:23.078177,0 days 00:01:40.120331,14,8,45,COMPLETE
245,22143.71354516903,2025-07-30 09:20:42.572339,2025-07-30 09:22:24.840543,0 days 00:01:42.268204,14,8,45,COMPLETE
246,21661.94716094272,2025-07-30 09:20:42.579397,2025-07-30 09:22:23.883248,0 days 00:01:41.303851,14,8,46,COMPLETE
247,22143.71354516903,2025-07-30 09:20:42.719147,2025-07-30 09:22:26.868088,0 days 00:01:44.148941,14,8,45,COMPLETE
248,20574.0506826395,2025-07-30 09:20:43.506218,2025-07-30 09:21:42.187661,0 days 00:00:58.681443,20,8,24,COMPLETE
249,20574.0506826395,2025-07-30 09:20:43.519012,2025-07-30 09:22:25.606037,0 days 00:01:42.087025,20,8,24,COMPLETE
250,22143.71354516903,2025-07-30 09:20:44.350119,2025-07-30 09:21:21.856726,0 days 00:00:37.506607,14,8,45,COMPLETE
251,20153.65683610581,2025-07-30 09:20:44.510370,2025-07-30 09:23:56.800395,0 days 00:03:12.290025,14,8,24,COMPLETE
252,20153.65683610581,2025-07-30 09:20:44.592934,2025-07-30 09:22:29.067012,0 days 00:01:44.474078,14,8,24,COMPLETE
253,20153.65683610581,2025-07-30 09:20:44.841093,2025-07-30 09:22:30.655293,0 days 00:01:45.814200,14,8,24,COMPLETE
254,20153.65683610581,2025-07-30 09:20:44.863760,2025-07-30 09:21:43.570204,0 days 00:00:58.706444,14,8,24,COMPLETE
255,22654.62327764375,2025-07-30 09:20:45.417228,2025-07-30 09:21:43.500446,0 days 00:00:58.083218,19,7,25,COMPLETE
256,21149.646951270654,2025-07-30 09:20:45.449330,2025-07-30 09:24:00.490655,0 days 00:03:15.041325,19,7,24,COMPLETE
257,19638.57310688712,2025-07-30 09:20:45.569226,2025-07-30 09:26:02.192457,0 days 00:05:16.623231,18,8,24,COMPLETE
258,19638.57310688712,2025-07-30 09:20:45.648165,2025-07-30 09:21:45.574041,0 days 00:00:59.925876,18,8,24,COMPLETE
259,20153.65683610581,2025-07-30 09:20:45.791005,2025-07-30 09:22:34.709330,0 days 00:01:48.918325,14,8,24,COMPLETE
260,21661.94716094272,2025-07-30 09:20:45.841802,2025-07-30 09:22:33.721827,0 days 00:01:47.880025,14,8,46,COMPLETE
261,20153.65683610581,2025-07-30 09:20:45.875751,2025-07-30 09:22:37.507619,0 days 00:01:51.631868,14,8,24,COMPLETE
262,20153.65683610581,2025-07-30 09:20:45.934983,2025-07-30 09:24:04.937285,0 days 00:03:19.002302,14,8,24,COMPLETE
263,20153.65683610581,2025-07-30 09:20:46.138814,2025-07-30 09:21:47.750020,0 days 00:01:01.611206,14,8,24,COMPLETE
264,20153.65683610581,2025-07-30 09:20:46.237989,2025-07-30 09:21:25.110452,0 days 00:00:38.872463,14,8,24,COMPLETE
265,8914.292087218459,2025-07-30 09:20:46.351577,2025-07-30 09:21:47.981509,0 days 00:01:01.629932,19,8,45,COMPLETE
266,20153.65683610581,2025-07-30 09:20:46.361237,2025-07-30 09:22:35.852772,0 days 00:01:49.491535,14,8,24,COMPLETE
267,12481.956805289423,2025-07-30 09:20:46.494894,2025-07-30 09:22:40.845120,0 days 00:01:54.350226,19,7,46,COMPLETE
268,21149.646951270654,2025-07-30 09:20:46.541476,2025-07-30 09:24:09.136443,0 days 00:03:22.594967,19,7,24,COMPLETE
269,21149.646951270654,2025-07-30 09:20:46.653688,2025-07-30 09:21:48.646686,0 days 00:01:01.992998,19,7,24,COMPLETE
270,19271.527968112205,2025-07-30 09:20:46.703581,2025-07-30 09:21:48.396910,0 days 00:01:01.693329,19,7,45,COMPLETE
271,21149.646951270654,2025-07-30 09:20:46.715475,2025-07-30 09:21:48.225942,0 days 00:01:01.510467,19,7,24,COMPLETE
272,15032.341610550959,2025-07-30 09:20:46.852448,2025-07-30 09:22:39.474025,0 days 00:01:52.621577,14,7,24,COMPLETE
273,15032.341610550959,2025-07-30 09:20:46.874275,2025-07-30 09:21:48.516179,0 days 00:01:01.641904,14,7,24,COMPLETE
274,15316.51420303807,2025-07-30 09:20:46.993492,2025-07-30 09:24:09.924939,0 days 00:03:22.931447,14,7,45,COMPLETE
275,21149.646951270654,2025-07-30 09:20:47.194618,2025-07-30 09:22:38.936828,0 days 00:01:51.742210,19,7,24,COMPLETE
276,21149.646951270654,2025-07-30 09:20:47.316307,2025-07-30 09:24:13.066967,0 days 00:03:25.750660,19,7,24,COMPLETE
277,21149.646951270654,2025-07-30 09:20:47.421923,2025-07-30 09:21:49.592712,0 days 00:01:02.170789,19,7,24,COMPLETE
278,22805.39033461817,2025-07-30 09:20:47.468984,2025-07-30 09:21:50.644705,0 days 00:01:03.175721,19,8,24,COMPLETE
279,13067.860319995078,2025-07-30 09:20:47.502459,2025-07-30 09:22:42.096017,0 days 00:01:54.593558,14,7,23,COMPLETE
280,21149.646951270654,2025-07-30 09:20:47.854811,2025-07-30 09:22:43.230041,0 days 00:01:55.375230,19,7,24,COMPLETE
281,26480.435133161933,2025-07-30 09:20:48.117801,2025-07-30 09:21:49.249070,0 days 00:01:01.131269,19,7,23,COMPLETE
282,21149.646951270654,2025-07-30 09:20:48.277888,2025-07-30 09:22:43.836190,0 days 00:01:55.558302,19,7,24,COMPLETE
283,17859.15669722992,2025-07-30 09:20:48.322250,2025-07-30 09:22:42.734648,0 days 00:01:54.412398,14,7,46,COMPLETE
284,22805.39033461817,2025-07-30 09:20:48.420124,2025-07-30 09:22:45.498669,0 days 00:01:57.078545,19,8,24,COMPLETE
285,8914.292087218459,2025-07-30 09:20:48.426541,2025-07-30 09:22:45.519276,0 days 00:01:57.092735,19,8,45,COMPLETE
286,19108.285558049614,2025-07-30 09:20:48.486272,2025-07-30 09:22:46.742014,0 days 00:01:58.255742,19,8,23,COMPLETE
287,22805.39033461817,2025-07-30 09:20:48.539328,2025-07-30 09:21:50.790752,0 days 00:01:02.251424,19,8,24,COMPLETE
288,19108.285558049614,2025-07-30 09:20:48.546080,2025-07-30 09:24:22.912960,0 days 00:03:34.366880,19,8,23,COMPLETE
289,22805.39033461817,2025-07-30 09:20:48.720015,2025-07-30 09:24:34.280803,0 days 00:03:45.560788,19,8,24,COMPLETE
290,22143.71354516903,2025-07-30 09:20:48.973794,2025-07-30 09:22:50.348878,0 days 00:02:01.375084,14,8,45,COMPLETE
291,21661.94716094272,2025-07-30 09:20:49.087489,2025-07-30 09:21:52.761085,0 days 00:01:03.673596,14,8,46,COMPLETE
292,21661.94716094272,2025-07-30 09:20:49.367877,2025-07-30 09:22:50.650428,0 days 00:02:01.282551,14,8,46,COMPLETE
293,20153.65683610581,2025-07-30 09:20:49.428980,2025-07-30 09:24:36.853548,0 days 00:03:47.424568,14,8,24,COMPLETE
294,21661.94716094272,2025-07-30 09:20:49.502193,2025-07-30 09:22:50.429540,0 days 00:02:00.927347,14,8,46,COMPLETE
295,21661.94716094272,2025-07-30 09:20:49.620094,2025-07-30 09:22:52.538547,0 days 00:02:02.918453,14,8,46,COMPLETE
296,22143.71354516903,2025-07-30 09:20:49.637951,2025-07-30 09:22:53.176811,0 days 00:02:03.538860,14,8,45,COMPLETE
297,21661.94716094272,2025-07-30 09:20:49.715371,2025-07-30 09:22:52.299651,0 days 00:02:02.584280,14,8,46,COMPLETE
298,22143.71354516903,2025-07-30 09:20:49.730488,2025-07-30 09:21:55.128881,0 days 00:01:05.398393,14,8,45,COMPLETE
299,21661.94716094272,2025-07-30 09:20:49.778367,2025-07-30 09:22:58.133335,0 days 00:02:08.354968,14,8,46,COMPLETE
300,15032.341610550959,2025-07-30 09:20:49.878432,2025-07-30 09:22:56.924863,0 days 00:02:07.046431,14,7,24,COMPLETE
301,17859.15669722992,2025-07-30 09:20:49.903348,2025-07-30 09:22:57.940300,0 days 00:02:08.036952,14,7,46,COMPLETE
302,13067.860319995078,2025-07-30 09:20:49.928210,2025-07-30 09:22:55.219055,0 days 00:02:05.290845,14,7,23,COMPLETE
303,17859.15669722992,2025-07-30 09:20:50.058969,2025-07-30 09:23:03.019866,0 days 00:02:12.960897,14,7,46,COMPLETE
304,17859.15669722992,2025-07-30 09:20:50.085675,2025-07-30 09:22:55.883625,0 days 00:02:05.797950,14,7,46,COMPLETE
305,15316.51420303807,2025-07-30 09:20:50.098184,2025-07-30 09:24:48.676442,0 days 00:03:58.578258,14,7,45,COMPLETE
306,4506.305948529564,2025-07-30 09:20:50.118589,2025-07-30 09:24:47.696594,0 days 00:03:57.578005,12,7,24,COMPLETE
307,17859.15669722992,2025-07-30 09:20:50.138810,2025-07-30 09:21:56.132696,0 days 00:01:05.993886,14,7,46,COMPLETE
308,17859.15669722992,2025-07-30 09:20:50.145863,2025-07-30 09:23:02.969726,0 days 00:02:12.823863,14,7,46,COMPLETE
309,17859.15669722992,2025-07-30 09:20:50.156583,2025-07-30 09:22:59.747294,0 days 00:02:09.590711,14,7,46,COMPLETE
310,21661.94716094272,2025-07-30 09:20:50.170981,2025-07-30 09:22:59.334986,0 days 00:02:09.164005,14,8,46,COMPLETE
311,21661.94716094272,2025-07-30 09:20:50.217616,2025-07-30 09:23:01.603166,0 days 00:02:11.385550,14,8,46,COMPLETE
312,5019.366170309158,2025-07-30 09:20:50.231810,2025-07-30 09:23:00.072806,0 days 00:02:09.840996,12,8,46,COMPLETE
313,22143.71354516903,2025-07-30 09:20:50.260834,2025-07-30 09:21:56.901064,0 days 00:01:06.640230,14,8,45,COMPLETE
314,22143.71354516903,2025-07-30 09:20:50.320558,2025-07-30 09:23:03.250014,0 days 00:02:12.929456,14,8,45,COMPLETE
315,20153.65683610581,2025-07-30 09:20:50.399690,2025-07-30 09:23:03.911484,0 days 00:02:13.511794,14,8,24,COMPLETE
316,22143.71354516903,2025-07-30 09:20:50.424854,2025-07-30 09:24:53.465653,0 days 00:04:03.040799,14,8,45,COMPLETE
317,20153.65683610581,2025-07-30 09:20:50.438414,2025-07-30 09:21:56.744862,0 days 00:01:06.306448,14,8,24,COMPLETE
318,18018.33042661825,2025-07-30 09:20:50.459660,2025-07-30 09:23:02.160750,0 days 00:02:11.701090,14,8,23,COMPLETE
319,4098.800057746936,2025-07-30 09:20:50.511523,2025-07-30 09:24:56.058565,0 days 00:04:05.547042,12,8,23,COMPLETE
320,18018.33042661825,2025-07-30 09:20:50.523401,2025-07-30 09:23:02.783588,0 days 00:02:12.260187,14,8,23,COMPLETE
321,21661.94716094272,2025-07-30 09:20:50.535391,2025-07-30 09:23:08.004513,0 days 00:02:17.469122,14,8,46,COMPLETE
322,17859.15669722992,2025-07-30 09:20:50.578614,2025-07-30 09:24:57.340347,0 days 00:04:06.761733,14,7,46,COMPLETE
323,18018.33042661825,2025-07-30 09:20:50.599184,2025-07-30 09:23:08.600945,0 days 00:02:18.001761,14,8,23,COMPLETE
324,21661.94716094272,2025-07-30 09:20:50.628451,2025-07-30 09:22:01.427730,0 days 00:01:10.799279,14,8,46,COMPLETE
325,18018.33042661825,2025-07-30 09:20:50.636649,2025-07-30 09:21:58.552586,0 days 00:01:07.915937,14,8,23,COMPLETE
326,18018.33042661825,2025-07-30 09:20:50.648585,2025-07-30 09:23:07.767596,0 days 00:02:17.119011,14,8,23,COMPLETE
327,18018.33042661825,2025-07-30 09:20:50.656784,2025-07-30 09:23:06.982799,0 days 00:02:16.326015,14,8,23,COMPLETE
328,13067.860319995078,2025-07-30 09:20:50.670736,2025-07-30 09:22:02.309962,0 days 00:01:11.639226,14,7,23,COMPLETE
329,21661.94716094272,2025-07-30 09:20:50.705702,2025-07-30 09:23:10.308777,0 days 00:02:19.603075,14,8,46,COMPLETE
330,21661.94716094272,2025-07-30 09:20:50.712603,2025-07-30 09:23:09.369412,0 days 00:02:18.656809,14,8,46,COMPLETE
331,21661.94716094272,2025-07-30 09:20:50.725018,2025-07-30 09:22:02.738292,0 days 00:01:12.013274,14,8,46,COMPLETE
332,18018.33042661825,2025-07-30 09:20:50.725891,2025-07-30 09:23:05.520026,0 days 00:02:14.794135,14,8,23,COMPLETE
333,21661.94716094272,2025-07-30 09:20:50.751857,2025-07-30 09:24:56.877962,0 days 00:04:06.126105,14,8,46,COMPLETE
334,17899.0080423633,2025-07-30 09:20:50.772053,2025-07-30 09:23:09.029440,0 days 00:02:18.257387,14,8,47,COMPLETE
335,21661.94716094272,2025-07-30 09:20:50.823337,2025-07-30 09:22:03.634831,0 days 00:01:12.811494,14,8,46,COMPLETE
336,18018.33042661825,2025-07-30 09:20:50.857219,2025-07-30 09:23:12.391475,0 days 00:02:21.534256,14,8,23,COMPLETE
337,21661.94716094272,2025-07-30 09:20:50.858051,2025-07-30 09:22:03.402206,0 days 00:01:12.544155,14,8,46,COMPLETE
338,21661.94716094272,2025-07-30 09:20:50.861097,2025-07-30 09:22:04.935402,0 days 00:01:14.074305,14,8,46,COMPLETE
339,21661.94716094272,2025-07-30 09:20:50.865691,2025-07-30 09:23:14.831211,0 days 00:02:23.965520,14,8,46,COMPLETE
340,18018.33042661825,2025-07-30 09:20:50.879623,2025-07-30 09:23:15.772603,0 days 00:02:24.892980,14,8,23,COMPLETE
341,18018.33042661825,2025-07-30 09:20:50.880978,2025-07-30 09:22:04.864130,0 days 00:01:13.983152,14,8,23,COMPLETE
342,18018.33042661825,2025-07-30 09:20:50.883631,2025-07-30 09:25:09.607636,0 days 00:04:18.724005,14,8,23,COMPLETE
343,18018.33042661825,2025-07-30 09:20:50.888970,2025-07-30 09:22:04.970535,0 days 00:01:14.081565,14,8,23,COMPLETE
344,13067.860319995078,2025-07-30 09:20:50.895220,2025-07-30 09:23:15.225684,0 days 00:02:24.330464,14,7,23,COMPLETE
345,17899.0080423633,2025-07-30 09:20:50.897009,2025-07-30 09:22:04.328556,0 days 00:01:13.431547,14,8,47,COMPLETE
346,16598.855764085798,2025-07-30 09:20:50.899829,2025-07-30 09:22:04.417807,0 days 00:01:13.517978,14,7,47,COMPLETE
347,3872.6063084553384,2025-07-30 09:20:50.905961,2025-07-30 09:23:16.877913,0 days 00:02:25.971952,12,8,24,COMPLETE
348,18018.33042661825,2025-07-30 09:20:50.907236,2025-07-30 09:23:14.017007,0 days 00:02:23.109771,14,8,23,COMPLETE
349,18018.33042661825,2025-07-30 09:20:50.912864,2025-07-30 09:22:05.060996,0 days 00:01:14.148132,14,8,23,COMPLETE
350,21661.94716094272,2025-07-30 09:20:50.915385,2025-07-30 09:23:13.537460,0 days 00:02:22.622075,14,8,46,COMPLETE
351,18018.33042661825,2025-07-30 09:20:50.917078,2025-07-30 09:25:16.639593,0 days 00:04:25.722515,14,8,23,COMPLETE
352,21661.94716094272,2025-07-30 09:20:50.926773,2025-07-30 09:23:12.649878,0 days 00:02:21.723105,14,8,46,COMPLETE
353,18018.33042661825,2025-07-30 09:20:50.928159,2025-07-30 09:23:16.145999,0 days 00:02:25.217840,14,8,23,COMPLETE
354,18018.33042661825,2025-07-30 09:20:50.931517,2025-07-30 09:23:17.629296,0 days 00:02:26.697779,14,8,23,COMPLETE
355,17899.0080423633,2025-07-30 09:20:50.934191,2025-07-30 09:23:14.716249,0 days 00:02:23.782058,14,8,47,COMPLETE
356,21661.94716094272,2025-07-30 09:20:50.937095,2025-07-30 09:23:18.174780,0 days 00:02:27.237685,14,8,46,COMPLETE
357,18018.33042661825,2025-07-30 09:20:50.939147,2025-07-30 09:22:06.046069,0 days 00:01:15.106922,14,8,23,COMPLETE
358,18018.33042661825,2025-07-30 09:20:50.945521,2025-07-30 09:22:06.436376,0 days 00:01:15.490855,14,8,23,COMPLETE
359,18018.33042661825,2025-07-30 09:20:50.947838,2025-07-30 09:25:21.144137,0 days 00:04:30.196299,14,8,23,COMPLETE
360,18018.33042661825,2025-07-30 09:20:50.949189,2025-07-30 09:23:21.587844,0 days 00:02:30.638655,14,8,23,COMPLETE
361,18018.33042661825,2025-07-30 09:20:50.951166,2025-07-30 09:23:19.616264,0 days 00:02:28.665098,14,8,23,COMPLETE
362,18018.33042661825,2025-07-30 09:20:50.952232,2025-07-30 09:23:22.878009,0 days 00:02:31.925777,14,8,23,COMPLETE
363,17899.0080423633,2025-07-30 09:20:50.978869,2025-07-30 09:23:26.284189,0 days 00:02:35.305320,14,8,47,COMPLETE
364,18018.33042661825,2025-07-30 09:20:50.998828,2025-07-30 09:22:06.741549,0 days 00:01:15.742721,14,8,23,COMPLETE
365,18018.33042661825,2025-07-30 09:20:51.027496,2025-07-30 09:23:20.461679,0 days 00:02:29.434183,14,8,23,COMPLETE
366,18018.33042661825,2025-07-30 09:20:51.063803,2025-07-30 09:23:22.770496,0 days 00:02:31.706693,14,8,23,COMPLETE
367,18018.33042661825,2025-07-30 09:20:51.072760,2025-07-30 09:25:25.731214,0 days 00:04:34.658454,14,8,23,COMPLETE
368,18018.33042661825,2025-07-30 09:20:51.080730,2025-07-30 09:23:25.166031,0 days 00:02:34.085301,14,8,23,COMPLETE
369,17899.0080423633,2025-07-30 09:20:51.113047,2025-07-30 09:23:24.465728,0 days 00:02:33.352681,14,8,47,COMPLETE
370,18018.33042661825,2025-07-30 09:20:51.144163,2025-07-30 09:23:22.994722,0 days 00:02:31.850559,14,8,23,COMPLETE
371,18018.33042661825,2025-07-30 09:20:51.156851,2025-07-30 09:22:08.634658,0 days 00:01:17.477807,14,8,23,COMPLETE
372,20153.65683610581,2025-07-30 09:20:51.168595,2025-07-30 09:23:26.172360,0 days 00:02:35.003765,14,8,24,COMPLETE
373,17899.0080423633,2025-07-30 09:20:51.181351,2025-07-30 09:22:08.145936,0 days 00:01:16.964585,14,8,47,COMPLETE
374,21661.94716094272,2025-07-30 09:20:51.189268,2025-07-30 09:25:29.105693,0 days 00:04:37.916425,14,8,46,COMPLETE
375,21661.94716094272,2025-07-30 09:20:51.198126,2025-07-30 09:26:57.437632,0 days 00:06:06.239506,14,8,46,COMPLETE
376,13067.860319995078,2025-07-30 09:20:51.199060,2025-07-30 09:23:25.178827,0 days 00:02:33.979767,14,7,23,COMPLETE
377,18018.33042661825,2025-07-30 09:20:51.203265,2025-07-30 09:23:27.493156,0 days 00:02:36.289891,14,8,23,COMPLETE
378,18018.33042661825,2025-07-30 09:20:51.216998,2025-07-30 09:23:23.249689,0 days 00:02:32.032691,14,8,23,COMPLETE
379,18018.33042661825,2025-07-30 09:20:51.246396,2025-07-30 09:23:30.665540,0 days 00:02:39.419144,14,8,23,COMPLETE
380,21661.94716094272,2025-07-30 09:20:51.263929,2025-07-30 09:22:08.840784,0 days 00:01:17.576855,14,8,46,COMPLETE
381,21661.94716094272,2025-07-30 09:20:51.268298,2025-07-30 09:23:25.484789,0 days 00:02:34.216491,14,8,46,COMPLETE
382,18018.33042661825,2025-07-30 09:20:51.290997,2025-07-30 09:23:31.897075,0 days 00:02:40.606078,14,8,23,COMPLETE
383,18018.33042661825,2025-07-30 09:20:51.304645,2025-07-30 09:23:27.225025,0 days 00:02:35.920380,14,8,23,COMPLETE
384,20153.65683610581,2025-07-30 09:20:51.305969,2025-07-30 09:22:10.725951,0 days 00:01:19.419982,14,8,24,COMPLETE
385,21661.94716094272,2025-07-30 09:20:51.343401,2025-07-30 09:23:27.364861,0 days 00:02:36.021460,14,8,46,COMPLETE
386,18018.33042661825,2025-07-30 09:20:51.350975,2025-07-30 09:22:10.747042,0 days 00:01:19.396067,14,8,23,COMPLETE
387,18018.33042661825,2025-07-30 09:20:51.367706,2025-07-30 09:23:30.278514,0 days 00:02:38.910808,14,8,23,COMPLETE
388,18018.33042661825,2025-07-30 09:20:51.383672,2025-07-30 09:23:30.198997,0 days 00:02:38.815325,14,8,23,COMPLETE
389,18018.33042661825,2025-07-30 09:20:51.384791,2025-07-30 09:21:38.124266,0 days 00:00:46.739475,14,8,23,COMPLETE
390,21661.94716094272,2025-07-30 09:20:51.426048,2025-07-30 09:25:27.712695,0 days 00:04:36.286647,14,8,46,COMPLETE
391,21661.94716094272,2025-07-30 09:20:51.444864,2025-07-30 09:22:12.180876,0 days 00:01:20.736012,14,8,46,COMPLETE
392,18018.33042661825,2025-07-30 09:20:51.445666,2025-07-30 09:23:32.850709,0 days 00:02:41.405043,14,8,23,COMPLETE
393,18018.33042661825,2025-07-30 09:20:51.446548,2025-07-30 09:27:02.118769,0 days 00:06:10.672221,14,8,23,COMPLETE
394,21661.94716094272,2025-07-30 09:20:51.452929,2025-07-30 09:22:13.976406,0 days 00:01:22.523477,14,8,46,COMPLETE
395,22143.71354516903,2025-07-30 09:20:51.460503,2025-07-30 09:23:37.632258,0 days 00:02:46.171755,14,8,45,COMPLETE
396,21661.94716094272,2025-07-30 09:20:51.462613,2025-07-30 09:22:14.050350,0 days 00:01:22.587737,14,8,46,COMPLETE
397,18018.33042661825,2025-07-30 09:20:51.463809,2025-07-30 09:27:09.319761,0 days 00:06:17.855952,14,8,23,COMPLETE
398,21661.94716094272,2025-07-30 09:20:51.467133,2025-07-30 09:25:34.772798,0 days 00:04:43.305665,14,8,46,COMPLETE
399,18018.33042661825,2025-07-30 09:20:51.472250,2025-07-30 09:23:36.329592,0 days 00:02:44.857342,14,8,23,COMPLETE
400,21661.94716094272,2025-07-30 09:20:51.473377,2025-07-30 09:22:14.840866,0 days 00:01:23.367489,14,8,46,COMPLETE
401,21661.94716094272,2025-07-30 09:20:51.474809,2025-07-30 09:22:14.864296,0 days 00:01:23.389487,14,8,46,COMPLETE
402,21661.94716094272,2025-07-30 09:20:51.475997,2025-07-30 09:25:31.031245,0 days 00:04:39.555248,14,8,46,COMPLETE
403,17899.0080423633,2025-07-30 09:20:51.480492,2025-07-30 09:23:34.097028,0 days 00:02:42.616536,14,8,47,COMPLETE
404,21661.94716094272,2025-07-30 09:20:51.482006,2025-07-30 09:25:41.337732,0 days 00:04:49.855726,14,8,46,COMPLETE
405,18018.33042661825,2025-07-30 09:20:51.484271,2025-07-30 09:23:36.672363,0 days 00:02:45.188092,14,8,23,COMPLETE
406,20153.65683610581,2025-07-30 09:20:51.485665,2025-07-30 09:25:34.256103,0 days 00:04:42.770438,14,8,24,COMPLETE
407,18018.33042661825,2025-07-30 09:20:51.491616,2025-07-30 09:23:33.476132,0 days 00:02:41.984516,14,8,23,COMPLETE
408,21661.94716094272,2025-07-30 09:20:51.493120,2025-07-30 09:22:17.492280,0 days 00:01:25.999160,14,8,46,COMPLETE
409,18018.33042661825,2025-07-30 09:20:51.496188,2025-07-30 09:23:41.575294,0 days 00:02:50.079106,14,8,23,COMPLETE
410,22143.71354516903,2025-07-30 09:20:51.504658,2025-07-30 09:22:17.632166,0 days 00:01:26.127508,14,8,45,COMPLETE
411,21661.94716094272,2025-07-30 09:20:51.507948,2025-07-30 09:22:16.713104,0 days 00:01:25.205156,14,8,46,COMPLETE
412,20153.65683610581,2025-07-30 09:20:51.508987,2025-07-30 09:23:34.443121,0 days 00:02:42.934134,14,8,24,COMPLETE
413,4098.800057746936,2025-07-30 09:20:51.510627,2025-07-30 09:23:42.030364,0 days 00:02:50.519737,12,8,23,COMPLETE
414,21661.94716094272,2025-07-30 09:20:51.512687,2025-07-30 09:23:35.528436,0 days 00:02:44.015749,14,8,46,COMPLETE
415,20153.65683610581,2025-07-30 09:20:51.517356,2025-07-30 09:23:39.404134,0 days 00:02:47.886778,14,8,24,COMPLETE
416,18018.33042661825,2025-07-30 09:20:51.519986,2025-07-30 09:23:40.963728,0 days 00:02:49.443742,14,8,23,COMPLETE
417,17899.0080423633,2025-07-30 09:20:51.521080,2025-07-30 09:23:40.509440,0 days 00:02:48.988360,14,8,47,COMPLETE
418,20153.65683610581,2025-07-30 09:20:51.524606,2025-07-30 09:23:43.578217,0 days 00:02:52.053611,14,8,24,COMPLETE
419,21661.94716094272,2025-07-30 09:20:51.530164,2025-07-30 09:23:41.452708,0 days 00:02:49.922544,14,8,46,COMPLETE
420,18018.33042661825,2025-07-30 09:20:51.532938,2025-07-30 09:25:40.364056,0 days 00:04:48.831118,14,8,23,COMPLETE
421,21661.94716094272,2025-07-30 09:20:51.538173,2025-07-30 09:23:43.392004,0 days 00:02:51.853831,14,8,46,COMPLETE
422,21661.94716094272,2025-07-30 09:20:51.543293,2025-07-30 09:23:44.178132,0 days 00:02:52.634839,14,8,46,COMPLETE
423,4098.800057746936,2025-07-30 09:20:51.544927,2025-07-30 09:23:41.056509,0 days 00:02:49.511582,12,8,23,COMPLETE
424,18018.33042661825,2025-07-30 09:20:51.545666,2025-07-30 09:23:46.238133,0 days 00:02:54.692467,14,8,23,COMPLETE
425,21661.94716094272,2025-07-30 09:20:51.551130,2025-07-30 09:27:07.541263,0 days 00:06:15.990133,14,8,46,COMPLETE
426,21661.94716094272,2025-07-30 09:20:51.553852,2025-07-30 09:23:45.810443,0 days 00:02:54.256591,14,8,46,COMPLETE
427,18018.33042661825,2025-07-30 09:20:51.557233,2025-07-30 09:23:45.930410,0 days 00:02:54.373177,14,8,23,COMPLETE
428,18018.33042661825,2025-07-30 09:20:51.561708,2025-07-30 09:23:44.161903,0 days 00:02:52.600195,14,8,23,COMPLETE
429,21661.94716094272,2025-07-30 09:20:51.570600,2025-07-30 09:25:50.018416,0 days 00:04:58.447816,14,8,46,COMPLETE
430,17899.0080423633,2025-07-30 09:20:51.581374,2025-07-30 09:22:21.616841,0 days 00:01:30.035467,14,8,47,COMPLETE
431,18018.33042661825,2025-07-30 09:20:51.582757,2025-07-30 09:23:47.841997,0 days 00:02:56.259240,14,8,23,COMPLETE
432,21661.94716094272,2025-07-30 09:20:51.584976,2025-07-30 09:23:47.737495,0 days 00:02:56.152519,14,8,46,COMPLETE
433,21661.94716094272,2025-07-30 09:20:51.588184,2025-07-30 09:23:44.077422,0 days 00:02:52.489238,14,8,46,COMPLETE
434,21661.94716094272,2025-07-30 09:20:51.594414,2025-07-30 09:22:24.109434,0 days 00:01:32.515020,14,8,46,COMPLETE
435,21661.94716094272,2025-07-30 09:20:51.597431,2025-07-30 09:25:51.739175,0 days 00:05:00.141744,14,8,46,COMPLETE
436,22143.71354516903,2025-07-30 09:20:51.600392,2025-07-30 09:23:51.322376,0 days 00:02:59.721984,14,8,45,COMPLETE
437,20153.65683610581,2025-07-30 09:20:51.603489,2025-07-30 09:23:51.357941,0 days 00:02:59.754452,14,8,24,COMPLETE
438,18018.33042661825,2025-07-30 09:20:51.607632,2025-07-30 09:23:55.573126,0 days 00:03:03.965494,14,8,23,COMPLETE
439,21661.94716094272,2025-07-30 09:20:51.611219,2025-07-30 09:23:48.776463,0 days 00:02:57.165244,14,8,46,COMPLETE
440,17899.0080423633,2025-07-30 09:20:51.613394,2025-07-30 09:23:52.086044,0 days 00:03:00.472650,14,8,47,COMPLETE
441,22143.71354516903,2025-07-30 09:20:51.615022,2025-07-30 09:23:51.380683,0 days 00:02:59.765661,14,8,45,COMPLETE
442,17859.15669722992,2025-07-30 09:20:51.619290,2025-07-30 09:23:52.060010,0 days 00:03:00.440720,14,7,46,COMPLETE
443,21661.94716094272,2025-07-30 09:20:51.624792,2025-07-30 09:23:54.137406,0 days 00:03:02.512614,14,8,46,COMPLETE
444,21661.94716094272,2025-07-30 09:20:51.628705,2025-07-30 09:23:51.664381,0 days 00:03:00.035676,14,8,46,COMPLETE
445,20153.65683610581,2025-07-30 09:20:51.629862,2025-07-30 09:23:54.716136,0 days 00:03:03.086274,14,8,24,COMPLETE
446,21661.94716094272,2025-07-30 09:20:51.632571,2025-07-30 09:25:55.405167,0 days 00:05:03.772596,14,8,46,COMPLETE
447,21661.94716094272,2025-07-30 09:20:51.635476,2025-07-30 09:23:54.499340,0 days 00:03:02.863864,14,8,46,COMPLETE
448,18018.33042661825,2025-07-30 09:20:51.636697,2025-07-30 09:25:56.913166,0 days 00:05:05.276469,14,8,23,COMPLETE
449,17899.0080423633,2025-07-30 09:20:51.639633,2025-07-30 09:23:55.622362,0 days 00:03:03.982729,14,8,47,COMPLETE
450,21661.94716094272,2025-07-30 09:20:51.666642,2025-07-30 09:22:25.994872,0 days 00:01:34.328230,14,8,46,COMPLETE
451,18018.33042661825,2025-07-30 09:20:51.684336,2025-07-30 09:25:47.546794,0 days 00:04:55.862458,14,8,23,COMPLETE
452,21661.94716094272,2025-07-30 09:20:51.685861,2025-07-30 09:24:00.586175,0 days 00:03:08.900314,14,8,46,COMPLETE
453,21661.94716094272,2025-07-30 09:20:51.726640,2025-07-30 09:22:26.822461,0 days 00:01:35.095821,14,8,46,COMPLETE
454,21661.94716094272,2025-07-30 09:20:51.735101,2025-07-30 09:23:56.054145,0 days 00:03:04.319044,14,8,46,COMPLETE
455,21661.94716094272,2025-07-30 09:20:51.755233,2025-07-30 09:23:56.823644,0 days 00:03:05.068411,14,8,46,COMPLETE
456,18018.33042661825,2025-07-30 09:20:51.773802,2025-07-30 09:23:59.665607,0 days 00:03:07.891805,14,8,23,COMPLETE
457,17899.0080423633,2025-07-30 09:20:51.808452,2025-07-30 09:21:42.649631,0 days 00:00:50.841179,14,8,47,COMPLETE
458,18018.33042661825,2025-07-30 09:20:51.822491,2025-07-30 09:22:26.876565,0 days 00:01:35.054074,14,8,23,COMPLETE
459,21661.94716094272,2025-07-30 09:20:51.842784,2025-07-30 09:22:31.672678,0 days 00:01:39.829894,14,8,46,COMPLETE
460,18018.33042661825,2025-07-30 09:20:51.846268,2025-07-30 09:23:59.211077,0 days 00:03:07.364809,14,8,23,COMPLETE
461,21661.94716094272,2025-07-30 09:20:51.847497,2025-07-30 09:25:52.694543,0 days 00:05:00.847046,14,8,46,COMPLETE
462,22143.71354516903,2025-07-30 09:20:51.853426,2025-07-30 09:22:30.987733,0 days 00:01:39.134307,14,8,45,COMPLETE
463,21661.94716094272,2025-07-30 09:20:51.868149,2025-07-30 09:23:57.460478,0 days 00:03:05.592329,14,8,46,COMPLETE
464,18018.33042661825,2025-07-30 09:20:51.916463,2025-07-30 09:26:00.658325,0 days 00:05:08.741862,14,8,23,COMPLETE
465,18018.33042661825,2025-07-30 09:20:51.932158,2025-07-30 09:25:53.548890,0 days 00:05:01.616732,14,8,23,COMPLETE
466,21661.94716094272,2025-07-30 09:20:51.947960,2025-07-30 09:23:59.244887,0 days 00:03:07.296927,14,8,46,COMPLETE
467,21661.94716094272,2025-07-30 09:20:51.979145,2025-07-30 09:24:00.749021,0 days 00:03:08.769876,14,8,46,COMPLETE
468,18018.33042661825,2025-07-30 09:20:51.988366,2025-07-30 09:25:56.753708,0 days 00:05:04.765342,14,8,23,COMPLETE
469,18018.33042661825,2025-07-30 09:20:51.998807,2025-07-30 09:25:56.495902,0 days 00:05:04.497095,14,8,23,COMPLETE
470,12016.203339965692,2025-07-30 09:20:52.029520,2025-07-30 09:22:31.738604,0 days 00:01:39.709084,12,7,46,COMPLETE
471,21661.94716094272,2025-07-30 09:20:52.058202,2025-07-30 09:24:00.628522,0 days 00:03:08.570320,14,8,46,COMPLETE
472,18018.33042661825,2025-07-30 09:20:52.066224,2025-07-30 09:24:03.955388,0 days 00:03:11.889164,14,8,23,COMPLETE
473,21661.94716094272,2025-07-30 09:20:52.067313,2025-07-30 09:26:01.501647,0 days 00:05:09.434334,14,8,46,COMPLETE
474,22143.71354516903,2025-07-30 09:20:52.069577,2025-07-30 09:23:59.427454,0 days 00:03:07.357877,14,8,45,COMPLETE
475,21661.94716094272,2025-07-30 09:20:52.077080,2025-07-30 09:24:03.365192,0 days 00:03:11.288112,14,8,46,COMPLETE
476,21661.94716094272,2025-07-30 09:20:52.093782,2025-07-30 09:22:31.452492,0 days 00:01:39.358710,14,8,46,COMPLETE
477,18018.33042661825,2025-07-30 09:20:52.107101,2025-07-30 09:24:01.746373,0 days 00:03:09.639272,14,8,23,COMPLETE
478,21661.94716094272,2025-07-30 09:20:52.125923,2025-07-30 09:24:04.793739,0 days 00:03:12.667816,14,8,46,COMPLETE
479,22143.71354516903,2025-07-30 09:20:52.139836,2025-07-30 09:24:00.381602,0 days 00:03:08.241766,14,8,45,COMPLETE
480,5019.366170309158,2025-07-30 09:20:52.140927,2025-07-30 09:22:31.863937,0 days 00:01:39.723010,12,8,46,COMPLETE
481,4098.800057746936,2025-07-30 09:20:52.182343,2025-07-30 09:25:59.879244,0 days 00:05:07.696901,12,8,23,COMPLETE
482,21661.94716094272,2025-07-30 09:20:52.204873,2025-07-30 09:22:32.179911,0 days 00:01:39.975038,14,8,46,COMPLETE
483,21661.94716094272,2025-07-30 09:20:52.213859,2025-07-30 09:22:34.090805,0 days 00:01:41.876946,14,8,46,COMPLETE
484,21661.94716094272,2025-07-30 09:20:52.216494,2025-07-30 09:22:33.374525,0 days 00:01:41.158031,14,8,46,COMPLETE
485,21661.94716094272,2025-07-30 09:20:52.225421,2025-07-30 09:26:04.206570,0 days 00:05:11.981149,14,8,46,COMPLETE
486,21661.94716094272,2025-07-30 09:20:52.240435,2025-07-30 09:26:02.515297,0 days 00:05:10.274862,14,8,46,COMPLETE
487,21661.94716094272,2025-07-30 09:20:52.257535,2025-07-30 09:24:06.056889,0 days 00:03:13.799354,14,8,46,COMPLETE
488,21661.94716094272,2025-07-30 09:20:52.285121,2025-07-30 09:26:03.420413,0 days 00:05:11.135292,14,8,46,COMPLETE
489,4984.9079585561085,2025-07-30 09:20:52.286287,2025-07-30 09:22:35.192580,0 days 00:01:42.906293,12,8,47,COMPLETE
490,21661.94716094272,2025-07-30 09:20:52.316373,2025-07-30 09:26:08.553133,0 days 00:05:16.236760,14,8,46,COMPLETE
491,21661.94716094272,2025-07-30 09:20:52.323480,2025-07-30 09:24:04.716796,0 days 00:03:12.393316,14,8,46,COMPLETE
492,21661.94716094272,2025-07-30 09:20:52.358816,2025-07-30 09:22:36.305843,0 days 00:01:43.947027,14,8,46,COMPLETE
493,21661.94716094272,2025-07-30 09:20:52.380704,2025-07-30 09:24:06.072409,0 days 00:03:13.691705,14,8,46,COMPLETE
494,17899.0080423633,2025-07-30 09:20:52.386364,2025-07-30 09:22:35.823336,0 days 00:01:43.436972,14,8,47,COMPLETE
495,18018.33042661825,2025-07-30 09:20:52.392379,2025-07-30 09:24:08.956371,0 days 00:03:16.563992,14,8,23,COMPLETE
496,21661.94716094272,2025-07-30 09:20:52.432530,2025-07-30 09:22:36.298884,0 days 00:01:43.866354,14,8,46,COMPLETE
497,22143.71354516903,2025-07-30 09:20:52.451586,2025-07-30 09:27:17.437368,0 days 00:06:24.985782,14,8,45,COMPLETE
498,21661.94716094272,2025-07-30 09:20:52.462249,2025-07-30 09:24:09.552129,0 days 00:03:17.089880,14,8,46,COMPLETE
499,17859.15669722992,2025-07-30 09:20:52.479878,2025-07-30 09:24:12.836704,0 days 00:03:20.356826,14,7,46,COMPLETE
500,18018.33042661825,2025-07-30 09:20:52.497705,2025-07-30 09:26:10.725826,0 days 00:05:18.228121,14,8,23,COMPLETE
501,17899.0080423633,2025-07-30 09:20:52.511970,2025-07-30 09:24:09.162051,0 days 00:03:16.650081,14,8,47,COMPLETE
502,21661.94716094272,2025-07-30 09:20:52.539681,2025-07-30 09:26:12.353509,0 days 00:05:19.813828,14,8,46,COMPLETE
503,17899.0080423633,2025-07-30 09:20:52.574936,2025-07-30 09:24:13.381996,0 days 00:03:20.807060,14,8,47,COMPLETE
504,17899.0080423633,2025-07-30 09:20:52.600316,2025-07-30 09:26:08.071066,0 days 00:05:15.470750,14,8,47,COMPLETE
505,17899.0080423633,2025-07-30 09:20:52.613144,2025-07-30 09:24:11.595956,0 days 00:03:18.982812,14,8,47,COMPLETE
506,18018.33042661825,2025-07-30 09:20:52.626625,2025-07-30 09:24:15.714324,0 days 00:03:23.087699,14,8,23,COMPLETE
507,21661.94716094272,2025-07-30 09:20:52.697369,2025-07-30 09:26:07.556627,0 days 00:05:14.859258,14,8,46,COMPLETE
508,21661.94716094272,2025-07-30 09:20:52.731845,2025-07-30 09:22:38.204464,0 days 00:01:45.472619,14,8,46,COMPLETE
509,18018.33042661825,2025-07-30 09:20:52.782217,2025-07-30 09:22:40.473953,0 days 00:01:47.691736,14,8,23,COMPLETE
510,21661.94716094272,2025-07-30 09:20:52.789053,2025-07-30 09:24:14.185856,0 days 00:03:21.396803,14,8,46,COMPLETE
511,22143.71354516903,2025-07-30 09:20:52.833411,2025-07-30 09:24:13.846398,0 days 00:03:21.012987,14,8,45,COMPLETE
512,21661.94716094272,2025-07-30 09:20:52.840586,2025-07-30 09:26:11.133558,0 days 00:05:18.292972,14,8,46,COMPLETE
513,22143.71354516903,2025-07-30 09:20:52.871443,2025-07-30 09:22:42.083185,0 days 00:01:49.211742,14,8,45,COMPLETE
514,17899.0080423633,2025-07-30 09:20:52.873511,2025-07-30 09:24:14.576734,0 days 00:03:21.703223,14,8,47,COMPLETE
515,17899.0080423633,2025-07-30 09:20:52.881105,2025-07-30 09:26:17.563766,0 days 00:05:24.682661,14,8,47,COMPLETE
516,21661.94716094272,2025-07-30 09:20:52.946252,2025-07-30 09:22:42.931001,0 days 00:01:49.984749,14,8,46,COMPLETE
517,17899.0080423633,2025-07-30 09:20:52.968174,2025-07-30 09:24:13.516687,0 days 00:03:20.548513,14,8,47,COMPLETE
518,21661.94716094272,2025-07-30 09:20:52.984800,2025-07-30 09:24:17.183385,0 days 00:03:24.198585,14,8,46,COMPLETE
519,18003.206096670066,2025-07-30 09:20:53.017414,2025-07-30 09:26:14.301404,0 days 00:05:21.283990,14,8,48,COMPLETE
520,17899.0080423633,2025-07-30 09:20:53.023697,2025-07-30 09:22:42.875677,0 days 00:01:49.851980,14,8,47,COMPLETE
521,22143.71354516903,2025-07-30 09:20:53.030973,2025-07-30 09:24:23.395565,0 days 00:03:30.364592,14,8,45,COMPLETE
522,21661.94716094272,2025-07-30 09:20:53.089909,2025-07-30 09:24:19.407686,0 days 00:03:26.317777,14,8,46,COMPLETE
523,17899.0080423633,2025-07-30 09:20:53.103664,2025-07-30 09:24:15.777515,0 days 00:03:22.673851,14,8,47,COMPLETE
524,20153.65683610581,2025-07-30 09:20:53.123803,2025-07-30 09:22:44.496979,0 days 00:01:51.373176,14,8,24,COMPLETE
525,21661.94716094272,2025-07-30 09:20:53.129040,2025-07-30 09:24:24.758798,0 days 00:03:31.629758,14,8,46,COMPLETE
526,21661.94716094272,2025-07-30 09:20:53.130156,2025-07-30 09:24:26.211691,0 days 00:03:33.081535,14,8,46,COMPLETE
527,16598.855764085798,2025-07-30 09:20:53.132125,2025-07-30 09:24:32.489727,0 days 00:03:39.357602,14,7,47,COMPLETE
528,18018.33042661825,2025-07-30 09:20:53.136266,2025-07-30 09:22:43.708239,0 days 00:01:50.571973,14,8,23,COMPLETE
529,21661.94716094272,2025-07-30 09:20:53.137441,2025-07-30 09:24:27.698806,0 days 00:03:34.561365,14,8,46,COMPLETE
530,21661.94716094272,2025-07-30 09:20:53.146992,2025-07-30 09:22:44.129031,0 days 00:01:50.982039,14,8,46,COMPLETE
531,18018.33042661825,2025-07-30 09:20:53.149211,2025-07-30 09:24:27.389168,0 days 00:03:34.239957,14,8,23,COMPLETE
532,21661.94716094272,2025-07-30 09:20:53.153563,2025-07-30 09:24:27.751092,0 days 00:03:34.597529,14,8,46,COMPLETE
533,21661.94716094272,2025-07-30 09:20:53.158948,2025-07-30 09:21:51.339569,0 days 00:00:58.180621,14,8,46,COMPLETE
534,17899.0080423633,2025-07-30 09:20:53.163621,2025-07-30 09:24:28.140846,0 days 00:03:34.977225,14,8,47,COMPLETE
535,21661.94716094272,2025-07-30 09:20:53.168464,2025-07-30 09:26:18.186429,0 days 00:05:25.017965,14,8,46,COMPLETE
536,21661.94716094272,2025-07-30 09:20:53.169230,2025-07-30 09:26:25.413661,0 days 00:05:32.244431,14,8,46,COMPLETE
537,17899.0080423633,2025-07-30 09:20:53.170766,2025-07-30 09:24:33.858753,0 days 00:03:40.687987,14,8,47,COMPLETE
538,17899.0080423633,2025-07-30 09:20:53.175345,2025-07-30 09:24:30.816606,0 days 00:03:37.641261,14,8,47,COMPLETE
539,21661.94716094272,2025-07-30 09:20:53.178136,2025-07-30 09:26:24.305494,0 days 00:05:31.127358,14,8,46,COMPLETE
540,17899.0080423633,2025-07-30 09:20:53.180848,2025-07-30 09:24:33.070400,0 days 00:03:39.889552,14,8,47,COMPLETE
541,21661.94716094272,2025-07-30 09:20:53.184939,2025-07-30 09:24:28.622817,0 days 00:03:35.437878,14,8,46,COMPLETE
542,21661.94716094272,2025-07-30 09:20:53.188132,2025-07-30 09:24:31.838459,0 days 00:03:38.650327,14,8,46,COMPLETE
543,21661.94716094272,2025-07-30 09:20:53.191816,2025-07-30 09:24:29.141823,0 days 00:03:35.950007,14,8,46,COMPLETE
544,21661.94716094272,2025-07-30 09:20:53.196254,2025-07-30 09:22:47.315145,0 days 00:01:54.118891,14,8,46,COMPLETE
545,21661.94716094272,2025-07-30 09:20:53.198971,2025-07-30 09:24:31.191100,0 days 00:03:37.992129,14,8,46,COMPLETE
546,17899.0080423633,2025-07-30 09:20:53.202558,2025-07-30 09:24:25.766547,0 days 00:03:32.563989,14,8,47,COMPLETE
547,21661.94716094272,2025-07-30 09:20:53.204456,2025-07-30 09:27:17.812020,0 days 00:06:24.607564,14,8,46,COMPLETE
548,18018.33042661825,2025-07-30 09:20:53.205286,2025-07-30 09:22:49.137256,0 days 00:01:55.931970,14,8,23,COMPLETE
549,21661.94716094272,2025-07-30 09:20:53.208167,2025-07-30 09:22:46.970813,0 days 00:01:53.762646,14,8,46,COMPLETE
550,17899.0080423633,2025-07-30 09:20:53.211922,2025-07-30 09:26:26.331444,0 days 00:05:33.119522,14,8,47,COMPLETE
551,21661.94716094272,2025-07-30 09:20:53.215725,2025-07-30 09:24:31.033542,0 days 00:03:37.817817,14,8,46,COMPLETE
552,21661.94716094272,2025-07-30 09:20:53.217797,2025-07-30 09:24:32.788191,0 days 00:03:39.570394,14,8,46,COMPLETE
553,18018.33042661825,2025-07-30 09:20:53.219316,2025-07-30 09:24:35.310236,0 days 00:03:42.090920,14,8,23,COMPLETE
554,17899.0080423633,2025-07-30 09:20:53.222508,2025-07-30 09:24:35.870593,0 days 00:03:42.648085,14,8,47,COMPLETE
555,21661.94716094272,2025-07-30 09:20:53.228085,2025-07-30 09:24:32.922839,0 days 00:03:39.694754,14,8,46,COMPLETE
556,17899.0080423633,2025-07-30 09:20:53.229666,2025-07-30 09:22:49.106753,0 days 00:01:55.877087,14,8,47,COMPLETE
557,17899.0080423633,2025-07-30 09:20:53.233790,2025-07-30 09:24:34.595623,0 days 00:03:41.361833,14,8,47,COMPLETE
558,21661.94716094272,2025-07-30 09:20:53.236042,2025-07-30 09:24:36.866407,0 days 00:03:43.630365,14,8,46,COMPLETE
559,21661.94716094272,2025-07-30 09:20:53.237832,2025-07-30 09:24:39.289773,0 days 00:03:46.051941,14,8,46,COMPLETE
560,21661.94716094272,2025-07-30 09:20:53.239255,2025-07-30 09:22:50.700679,0 days 00:01:57.461424,14,8,46,COMPLETE
561,21661.94716094272,2025-07-30 09:20:53.246814,2025-07-30 09:22:50.873838,0 days 00:01:57.627024,14,8,46,COMPLETE
562,21661.94716094272,2025-07-30 09:20:53.248145,2025-07-30 09:26:36.467192,0 days 00:05:43.219047,14,8,46,COMPLETE
563,17899.0080423633,2025-07-30 09:20:53.250505,2025-07-30 09:24:37.500561,0 days 00:03:44.250056,14,8,47,COMPLETE
564,21661.94716094272,2025-07-30 09:20:53.251463,2025-07-30 09:26:41.305938,0 days 00:05:48.054475,14,8,46,COMPLETE
565,17899.0080423633,2025-07-30 09:20:53.255135,2025-07-30 09:24:36.199738,0 days 00:03:42.944603,14,8,47,COMPLETE
566,21661.94716094272,2025-07-30 09:20:53.258521,2025-07-30 09:26:34.348391,0 days 00:05:41.089870,14,8,46,COMPLETE
567,5019.366170309158,2025-07-30 09:20:53.260979,2025-07-30 09:24:37.118349,0 days 00:03:43.857370,12,8,46,COMPLETE
568,17899.0080423633,2025-07-30 09:20:53.262070,2025-07-30 09:24:37.484915,0 days 00:03:44.222845,14,8,47,COMPLETE
569,21661.94716094272,2025-07-30 09:20:53.264243,2025-07-30 09:24:37.334050,0 days 00:03:44.069807,14,8,46,COMPLETE
570,21661.94716094272,2025-07-30 09:20:53.266909,2025-07-30 09:24:36.087921,0 days 00:03:42.821012,14,8,46,COMPLETE
571,21661.94716094272,2025-07-30 09:20:53.268855,2025-07-30 09:24:40.810917,0 days 00:03:47.542062,14,8,46,COMPLETE
572,21661.94716094272,2025-07-30 09:20:53.273357,2025-07-30 09:24:38.785731,0 days 00:03:45.512374,14,8,46,COMPLETE
573,17899.0080423633,2025-07-30 09:20:53.277124,2025-07-30 09:27:21.841673,0 days 00:06:28.564549,14,8,47,COMPLETE
574,21661.94716094272,2025-07-30 09:20:53.283788,2025-07-30 09:26:41.458172,0 days 00:05:48.174384,14,8,46,COMPLETE
575,18018.33042661825,2025-07-30 09:20:53.287605,2025-07-30 09:26:42.600532,0 days 00:05:49.312927,14,8,23,COMPLETE
576,21661.94716094272,2025-07-30 09:20:53.292892,2025-07-30 09:24:42.442272,0 days 00:03:49.149380,14,8,46,COMPLETE
577,21661.94716094272,2025-07-30 09:20:53.296071,2025-07-30 09:22:53.100722,0 days 00:01:59.804651,14,8,46,COMPLETE
578,18018.33042661825,2025-07-30 09:20:53.298965,2025-07-30 09:26:41.610694,0 days 00:05:48.311729,14,8,23,COMPLETE
579,17859.15669722992,2025-07-30 09:20:53.301514,2025-07-30 09:24:46.879097,0 days 00:03:53.577583,14,7,46,COMPLETE
580,21661.94716094272,2025-07-30 09:20:53.310171,2025-07-30 09:24:40.438229,0 days 00:03:47.128058,14,8,46,COMPLETE
581,17899.0080423633,2025-07-30 09:20:53.315257,2025-07-30 09:22:56.666106,0 days 00:02:03.350849,14,8,47,COMPLETE
582,21661.94716094272,2025-07-30 09:20:53.316694,2025-07-30 09:24:44.907879,0 days 00:03:51.591185,14,8,46,COMPLETE
583,21661.94716094272,2025-07-30 09:20:53.320290,2025-07-30 09:22:56.111831,0 days 00:02:02.791541,14,8,46,COMPLETE
584,21661.94716094272,2025-07-30 09:20:53.321562,2025-07-30 09:26:47.381104,0 days 00:05:54.059542,14,8,46,COMPLETE
585,18018.33042661825,2025-07-30 09:20:53.330326,2025-07-30 09:24:51.024641,0 days 00:03:57.694315,14,8,23,COMPLETE
586,18018.33042661825,2025-07-30 09:20:53.332447,2025-07-30 09:26:49.918862,0 days 00:05:56.586415,14,8,23,COMPLETE
587,17899.0080423633,2025-07-30 09:20:53.337058,2025-07-30 09:26:48.249109,0 days 00:05:54.912051,14,8,47,COMPLETE
588,21661.94716094272,2025-07-30 09:20:53.343841,2025-07-30 09:24:52.247301,0 days 00:03:58.903460,14,8,46,COMPLETE
589,21661.94716094272,2025-07-30 09:20:53.347305,2025-07-30 09:24:51.649834,0 days 00:03:58.302529,14,8,46,COMPLETE
590,21661.94716094272,2025-07-30 09:20:53.348023,2025-07-30 09:24:52.933696,0 days 00:03:59.585673,14,8,46,COMPLETE
591,21661.94716094272,2025-07-30 09:20:53.349491,2025-07-30 09:23:00.354173,0 days 00:02:07.004682,14,8,46,COMPLETE
592,17899.0080423633,2025-07-30 09:20:53.358128,2025-07-30 09:24:48.969036,0 days 00:03:55.610908,14,8,47,COMPLETE
593,17899.0080423633,2025-07-30 09:20:53.360011,2025-07-30 09:24:53.333657,0 days 00:03:59.973646,14,8,47,COMPLETE
594,21661.94716094272,2025-07-30 09:20:53.363004,2025-07-30 09:24:57.451520,0 days 00:04:04.088516,14,8,46,COMPLETE
595,18018.33042661825,2025-07-30 09:20:53.365493,2025-07-30 09:26:56.813690,0 days 00:06:03.448197,14,8,23,COMPLETE
596,21661.94716094272,2025-07-30 09:20:53.373395,2025-07-30 09:23:03.765679,0 days 00:02:10.392284,14,8,46,COMPLETE
597,17899.0080423633,2025-07-30 09:20:53.374901,2025-07-30 09:23:05.518584,0 days 00:02:12.143683,14,8,47,COMPLETE
598,17899.0080423633,2025-07-30 09:20:53.377670,2025-07-30 09:26:57.148776,0 days 00:06:03.771106,14,8,47,COMPLETE
599,17899.0080423633,2025-07-30 09:20:53.379527,2025-07-30 09:23:05.106499,0 days 00:02:11.726972,14,8,47,COMPLETE
600,22143.71354516903,2025-07-30 09:20:53.381372,2025-07-30 09:26:49.886230,0 days 00:05:56.504858,14,8,45,COMPLETE
601,21661.94716094272,2025-07-30 09:20:53.385139,2025-07-30 09:24:53.009114,0 days 00:03:59.623975,14,8,46,COMPLETE
602,18018.33042661825,2025-07-30 09:20:53.387226,2025-07-30 09:24:52.042676,0 days 00:03:58.655450,14,8,23,COMPLETE
603,21661.94716094272,2025-07-30 09:20:53.390107,2025-07-30 09:26:55.698919,0 days 00:06:02.308812,14,8,46,COMPLETE
604,21661.94716094272,2025-07-30 09:20:53.391776,2025-07-30 09:23:02.690290,0 days 00:02:09.298514,14,8,46,COMPLETE
605,17899.0080423633,2025-07-30 09:20:53.394575,2025-07-30 09:24:52.452953,0 days 00:03:59.058378,14,8,47,COMPLETE
606,17899.0080423633,2025-07-30 09:20:53.397753,2025-07-30 09:26:57.415073,0 days 00:06:04.017320,14,8,47,COMPLETE
607,17899.0080423633,2025-07-30 09:20:53.398847,2025-07-30 09:27:00.999775,0 days 00:06:07.600928,14,8,47,COMPLETE
608,18018.33042661825,2025-07-30 09:20:53.400169,2025-07-30 09:23:03.822395,0 days 00:02:10.422226,14,8,23,COMPLETE
609,17899.0080423633,2025-07-30 09:20:53.401703,2025-07-30 09:24:56.644668,0 days 00:04:03.242965,14,8,47,COMPLETE
610,21661.94716094272,2025-07-30 09:20:53.409042,2025-07-30 09:26:57.839594,0 days 00:06:04.430552,14,8,46,COMPLETE
611,21661.94716094272,2025-07-30 09:20:53.411187,2025-07-30 09:24:54.959586,0 days 00:04:01.548399,14,8,46,COMPLETE
612,5019.366170309158,2025-07-30 09:20:53.416033,2025-07-30 09:24:59.664548,0 days 00:04:06.248515,12,8,46,COMPLETE
613,17899.0080423633,2025-07-30 09:20:53.417779,2025-07-30 09:24:56.457975,0 days 00:04:03.040196,14,8,47,COMPLETE
614,21661.94716094272,2025-07-30 09:20:53.427452,2025-07-30 09:25:03.704112,0 days 00:04:10.276660,14,8,46,COMPLETE
615,21661.94716094272,2025-07-30 09:20:53.429084,2025-07-30 09:25:00.371594,0 days 00:04:06.942510,14,8,46,COMPLETE
616,21661.94716094272,2025-07-30 09:20:53.432546,2025-07-30 09:24:57.057630,0 days 00:04:03.625084,14,8,46,COMPLETE
617,18018.33042661825,2025-07-30 09:20:53.434841,2025-07-30 09:25:02.310367,0 days 00:04:08.875526,14,8,23,COMPLETE
618,18018.33042661825,2025-07-30 09:20:53.435994,2025-07-30 09:23:06.743470,0 days 00:02:13.307476,14,8,23,COMPLETE
619,21661.94716094272,2025-07-30 09:20:53.442557,2025-07-30 09:24:57.169973,0 days 00:04:03.727416,14,8,46,COMPLETE
620,21661.94716094272,2025-07-30 09:20:53.444062,2025-07-30 09:24:55.484744,0 days 00:04:02.040682,14,8,46,COMPLETE
621,18018.33042661825,2025-07-30 09:20:53.456711,2025-07-30 09:25:04.727949,0 days 00:04:11.271238,14,8,23,COMPLETE
622,17899.0080423633,2025-07-30 09:20:53.461367,2025-07-30 09:25:02.484225,0 days 00:04:09.022858,14,8,47,COMPLETE
623,21661.94716094272,2025-07-30 09:20:53.463826,2025-07-30 09:26:57.940388,0 days 00:06:04.476562,14,8,46,COMPLETE
624,18018.33042661825,2025-07-30 09:20:53.473789,2025-07-30 09:24:55.836692,0 days 00:04:02.362903,14,8,23,COMPLETE
625,18018.33042661825,2025-07-30 09:20:53.476812,2025-07-30 09:23:07.360407,0 days 00:02:13.883595,14,8,23,COMPLETE
626,21661.94716094272,2025-07-30 09:20:53.477959,2025-07-30 09:25:00.099585,0 days 00:04:06.621626,14,8,46,COMPLETE
627,21661.94716094272,2025-07-30 09:20:53.479740,2025-07-30 09:25:04.007962,0 days 00:04:10.528222,14,8,46,COMPLETE
628,17899.0080423633,2025-07-30 09:20:53.485523,2025-07-30 09:25:03.108059,0 days 00:04:09.622536,14,8,47,COMPLETE
629,21661.94716094272,2025-07-30 09:20:53.511069,2025-07-30 09:25:02.535711,0 days 00:04:09.024642,14,8,46,COMPLETE
630,17859.15669722992,2025-07-30 09:20:53.539882,2025-07-30 09:26:57.721961,0 days 00:06:04.182079,14,7,46,COMPLETE
631,21661.94716094272,2025-07-30 09:20:53.559971,2025-07-30 09:25:04.249737,0 days 00:04:10.689766,14,8,46,COMPLETE
632,21661.94716094272,2025-07-30 09:20:53.566628,2025-07-30 09:24:59.644230,0 days 00:04:06.077602,14,8,46,COMPLETE
633,21661.94716094272,2025-07-30 09:20:53.573980,2025-07-30 09:25:11.445173,0 days 00:04:17.871193,14,8,46,COMPLETE
634,17899.0080423633,2025-07-30 09:20:53.581470,2025-07-30 09:25:06.269676,0 days 00:04:12.688206,14,8,47,COMPLETE
635,21661.94716094272,2025-07-30 09:20:53.595229,2025-07-30 09:25:03.827179,0 days 00:04:10.231950,14,8,46,COMPLETE
636,21661.94716094272,2025-07-30 09:20:53.596616,2025-07-30 09:23:10.746836,0 days 00:02:17.150220,14,8,46,COMPLETE
637,21661.94716094272,2025-07-30 09:20:53.605686,2025-07-30 09:23:09.763915,0 days 00:02:16.158229,14,8,46,COMPLETE
638,17899.0080423633,2025-07-30 09:20:53.618525,2025-07-30 09:25:05.188937,0 days 00:04:11.570412,14,8,47,COMPLETE
639,16598.855764085798,2025-07-30 09:20:53.630477,2025-07-30 09:27:24.712540,0 days 00:06:31.082063,14,7,47,COMPLETE
640,21661.94716094272,2025-07-30 09:20:53.673369,2025-07-30 09:26:57.906495,0 days 00:06:04.233126,14,8,46,COMPLETE
641,21661.94716094272,2025-07-30 09:20:53.724238,2025-07-30 09:25:10.476097,0 days 00:04:16.751859,14,8,46,COMPLETE
642,17899.0080423633,2025-07-30 09:20:53.781583,2025-07-30 09:25:05.622806,0 days 00:04:11.841223,14,8,47,COMPLETE
643,15316.51420303807,2025-07-30 09:20:53.806076,2025-07-30 09:27:03.518430,0 days 00:06:09.712354,14,7,45,COMPLETE
644,18018.33042661825,2025-07-30 09:20:53.845696,2025-07-30 09:25:14.690212,0 days 00:04:20.844516,14,8,23,COMPLETE
645,17859.15669722992,2025-07-30 09:20:53.913384,2025-07-30 09:25:11.601194,0 days 00:04:17.687810,14,7,46,COMPLETE
646,17899.0080423633,2025-07-30 09:20:53.926940,2025-07-30 09:23:16.198255,0 days 00:02:22.271315,14,8,47,COMPLETE
647,17899.0080423633,2025-07-30 09:20:53.980626,2025-07-30 09:25:11.205077,0 days 00:04:17.224451,14,8,47,COMPLETE
648,21661.94716094272,2025-07-30 09:20:54.052769,2025-07-30 09:25:08.013625,0 days 00:04:13.960856,14,8,46,COMPLETE
649,12016.203339965692,2025-07-30 09:20:54.086507,2025-07-30 09:27:00.965617,0 days 00:06:06.879110,12,7,46,COMPLETE
650,21661.94716094272,2025-07-30 09:20:54.098576,2025-07-30 09:25:12.042227,0 days 00:04:17.943651,14,8,46,COMPLETE
651,21661.94716094272,2025-07-30 09:20:54.113745,2025-07-30 09:25:14.842276,0 days 00:04:20.728531,14,8,46,COMPLETE
652,17899.0080423633,2025-07-30 09:20:54.143390,2025-07-30 09:25:21.577164,0 days 00:04:27.433774,14,8,47,COMPLETE
653,21661.94716094272,2025-07-30 09:20:54.167907,2025-07-30 09:25:10.148424,0 days 00:04:15.980517,14,8,46,COMPLETE
654,21661.94716094272,2025-07-30 09:20:54.181908,2025-07-30 09:25:07.886742,0 days 00:04:13.704834,14,8,46,COMPLETE
655,21661.94716094272,2025-07-30 09:20:54.217053,2025-07-30 09:23:15.384825,0 days 00:02:21.167772,14,8,46,COMPLETE
656,17899.0080423633,2025-07-30 09:20:54.302202,2025-07-30 09:27:23.171097,0 days 00:06:28.868895,14,8,47,COMPLETE
657,5019.366170309158,2025-07-30 09:20:54.348276,2025-07-30 09:25:13.565523,0 days 00:04:19.217247,12,8,46,COMPLETE
658,17899.0080423633,2025-07-30 09:20:54.430139,2025-07-30 09:25:26.039526,0 days 00:04:31.609387,14,8,47,COMPLETE
659,21661.94716094272,2025-07-30 09:20:54.459597,2025-07-30 09:25:07.751711,0 days 00:04:13.292114,14,8,46,COMPLETE
660,21661.94716094272,2025-07-30 09:20:54.472660,2025-07-30 09:25:12.805745,0 days 00:04:18.333085,14,8,46,COMPLETE
661,17899.0080423633,2025-07-30 09:20:54.474587,2025-07-30 09:25:09.748135,0 days 00:04:15.273548,14,8,47,COMPLETE
662,18018.33042661825,2025-07-30 09:20:54.479979,2025-07-30 09:25:14.445886,0 days 00:04:19.965907,14,8,23,COMPLETE
663,18018.33042661825,2025-07-30 09:20:54.482080,2025-07-30 09:23:18.280277,0 days 00:02:23.798197,14,8,23,COMPLETE
664,18018.33042661825,2025-07-30 09:20:54.491045,2025-07-30 09:25:18.299947,0 days 00:04:23.808902,14,8,23,COMPLETE
665,18018.33042661825,2025-07-30 09:20:54.493966,2025-07-30 09:27:00.664653,0 days 00:06:06.170687,14,8,23,COMPLETE
666,21661.94716094272,2025-07-30 09:20:54.495056,2025-07-30 09:25:20.478624,0 days 00:04:25.983568,14,8,46,COMPLETE
667,18018.33042661825,2025-07-30 09:20:54.496425,2025-07-30 09:25:20.300958,0 days 00:04:25.804533,14,8,23,COMPLETE
668,21661.94716094272,2025-07-30 09:20:54.511844,2025-07-30 09:25:14.902386,0 days 00:04:20.390542,14,8,46,COMPLETE
669,15032.341610550959,2025-07-30 09:20:54.532311,2025-07-30 09:26:59.064523,0 days 00:06:04.532212,14,7,24,COMPLETE
670,18018.33042661825,2025-07-30 09:20:54.550138,2025-07-30 09:25:20.937404,0 days 00:04:26.387266,14,8,23,COMPLETE
671,18018.33042661825,2025-07-30 09:20:54.610427,2025-07-30 09:25:11.537562,0 days 00:04:16.927135,14,8,23,COMPLETE
672,18018.33042661825,2025-07-30 09:20:54.646576,2025-07-30 09:25:15.553446,0 days 00:04:20.906870,14,8,23,COMPLETE
673,18018.33042661825,2025-07-30 09:20:54.711140,2025-07-30 09:25:18.354773,0 days 00:04:23.643633,14,8,23,COMPLETE
674,18018.33042661825,2025-07-30 09:20:54.731344,2025-07-30 09:27:25.586884,0 days 00:06:30.855540,14,8,23,COMPLETE
675,18018.33042661825,2025-07-30 09:20:54.733738,2025-07-30 09:23:27.644009,0 days 00:02:32.910271,14,8,23,COMPLETE
676,22143.71354516903,2025-07-30 09:20:54.739902,2025-07-30 09:23:19.956362,0 days 00:02:25.216460,14,8,45,COMPLETE
677,18018.33042661825,2025-07-30 09:20:54.759576,2025-07-30 09:25:21.881669,0 days 00:04:27.122093,14,8,23,COMPLETE
678,5019.366170309158,2025-07-30 09:20:54.805457,2025-07-30 09:25:19.690947,0 days 00:04:24.885490,12,8,46,COMPLETE
679,18018.33042661825,2025-07-30 09:20:54.836129,2025-07-30 09:25:24.618139,0 days 00:04:29.782010,14,8,23,COMPLETE
680,18018.33042661825,2025-07-30 09:20:54.837472,2025-07-30 09:25:20.675591,0 days 00:04:25.838119,14,8,23,COMPLETE
681,15032.341610550959,2025-07-30 09:20:54.845203,2025-07-30 09:25:19.108254,0 days 00:04:24.263051,14,7,24,COMPLETE
682,21661.94716094272,2025-07-30 09:20:54.917274,2025-07-30 09:25:22.675015,0 days 00:04:27.757741,14,8,46,COMPLETE
683,21661.94716094272,2025-07-30 09:20:54.925305,2025-07-30 09:25:26.836637,0 days 00:04:31.911332,14,8,46,COMPLETE
684,16598.855764085798,2025-07-30 09:20:54.934722,2025-07-30 09:27:01.456044,0 days 00:06:06.521322,14,7,47,COMPLETE
685,13067.860319995078,2025-07-30 09:20:54.937694,2025-07-30 09:25:26.015376,0 days 00:04:31.077682,14,7,23,COMPLETE
686,17859.15669722992,2025-07-30 09:20:54.940508,2025-07-30 09:25:25.238777,0 days 00:04:30.298269,14,7,46,COMPLETE
687,13067.860319995078,2025-07-30 09:20:54.948940,2025-07-30 09:23:25.546973,0 days 00:02:30.598033,14,7,23,COMPLETE
688,4876.8036398544555,2025-07-30 09:20:54.955999,2025-07-30 09:26:58.613389,0 days 00:06:03.657390,12,7,23,COMPLETE
689,13067.860319995078,2025-07-30 09:20:54.961275,2025-07-30 09:23:24.444820,0 days 00:02:29.483545,14,7,23,COMPLETE
690,17859.15669722992,2025-07-30 09:20:54.977696,2025-07-30 09:25:24.234221,0 days 00:04:29.256525,14,7,46,COMPLETE
691,13067.860319995078,2025-07-30 09:20:54.986875,2025-07-30 09:25:25.423263,0 days 00:04:30.436388,14,7,23,COMPLETE
692,13067.860319995078,2025-07-30 09:20:54.990442,2025-07-30 09:25:25.137896,0 days 00:04:30.147454,14,7,23,COMPLETE
693,17859.15669722992,2025-07-30 09:20:54.991934,2025-07-30 09:23:24.349712,0 days 00:02:29.357778,14,7,46,COMPLETE
694,15032.341610550959,2025-07-30 09:20:55.011800,2025-07-30 09:27:05.268158,0 days 00:06:10.256358,14,7,24,COMPLETE
695,26480.435133161933,2025-07-30 09:20:55.050892,2025-07-30 09:25:24.050112,0 days 00:04:28.999220,19,7,23,COMPLETE
696,16598.855764085798,2025-07-30 09:20:55.065955,2025-07-30 09:25:27.169957,0 days 00:04:32.104002,14,7,47,COMPLETE
697,13067.860319995078,2025-07-30 09:20:55.085938,2025-07-30 09:25:22.357587,0 days 00:04:27.271649,14,7,23,COMPLETE
698,17859.15669722992,2025-07-30 09:20:55.088663,2025-07-30 09:25:22.840787,0 days 00:04:27.752124,14,7,46,COMPLETE
699,13067.860319995078,2025-07-30 09:20:55.113083,2025-07-30 09:25:28.207786,0 days 00:04:33.094703,14,7,23,COMPLETE
700,13067.860319995078,2025-07-30 09:20:55.193380,2025-07-30 09:25:24.619227,0 days 00:04:29.425847,14,7,23,COMPLETE
701,13067.860319995078,2025-07-30 09:20:55.223261,2025-07-30 09:25:25.858932,0 days 00:04:30.635671,14,7,23,COMPLETE
702,16598.855764085798,2025-07-30 09:20:55.225827,2025-07-30 09:23:30.568454,0 days 00:02:35.342627,14,7,47,COMPLETE
703,13067.860319995078,2025-07-30 09:20:55.320238,2025-07-30 09:25:26.670872,0 days 00:04:31.350634,14,7,23,COMPLETE
704,15032.341610550959,2025-07-30 09:20:55.332727,2025-07-30 09:25:29.010835,0 days 00:04:33.678108,14,7,24,COMPLETE
705,15032.341610550959,2025-07-30 09:20:55.342191,2025-07-30 09:25:27.464373,0 days 00:04:32.122182,14,7,24,COMPLETE
706,13067.860319995078,2025-07-30 09:20:55.361210,2025-07-30 09:23:26.570646,0 days 00:02:31.209436,14,7,23,COMPLETE
707,13067.860319995078,2025-07-30 09:20:55.373605,2025-07-30 09:25:28.691925,0 days 00:04:33.318320,14,7,23,COMPLETE
708,13067.860319995078,2025-07-30 09:20:55.442113,2025-07-30 09:27:01.351661,0 days 00:06:05.909548,14,7,23,COMPLETE
709,17859.15669722992,2025-07-30 09:20:55.450779,2025-07-30 09:25:25.092983,0 days 00:04:29.642204,14,7,46,COMPLETE
710,17859.15669722992,2025-07-30 09:20:55.551151,2025-07-30 09:23:36.117011,0 days 00:02:40.565860,14,7,46,COMPLETE
711,13067.860319995078,2025-07-30 09:20:55.579848,2025-07-30 09:23:33.626157,0 days 00:02:38.046309,14,7,23,COMPLETE
712,13067.860319995078,2025-07-30 09:20:55.587842,2025-07-30 09:25:32.845688,0 days 00:04:37.257846,14,7,23,COMPLETE
713,15032.341610550959,2025-07-30 09:20:55.629589,2025-07-30 09:23:31.449222,0 days 00:02:35.819633,14,7,24,COMPLETE
714,13067.860319995078,2025-07-30 09:20:55.698262,2025-07-30 09:22:15.457643,0 days 00:01:19.759381,14,7,23,COMPLETE
715,13067.860319995078,2025-07-30 09:20:55.719311,2025-07-30 09:23:37.655888,0 days 00:02:41.936577,14,7,23,COMPLETE
716,17859.15669722992,2025-07-30 09:20:55.747251,2025-07-30 09:23:31.017609,0 days 00:02:35.270358,14,7,46,COMPLETE
717,13067.860319995078,2025-07-30 09:20:55.837401,2025-07-30 09:27:02.875490,0 days 00:06:07.038089,14,7,23,COMPLETE
718,13067.860319995078,2025-07-30 09:20:55.851535,2025-07-30 09:27:09.456898,0 days 00:06:13.605363,14,7,23,COMPLETE
719,15032.341610550959,2025-07-30 09:20:55.983312,2025-07-30 09:25:30.742725,0 days 00:04:34.759413,14,7,24,COMPLETE
720,12016.203339965692,2025-07-30 09:20:55.990231,2025-07-30 09:25:29.198258,0 days 00:04:33.208027,12,7,46,COMPLETE
721,13067.860319995078,2025-07-30 09:20:56.026540,2025-07-30 09:25:27.309146,0 days 00:04:31.282606,14,7,23,COMPLETE
722,17859.15669722992,2025-07-30 09:20:56.056985,2025-07-30 09:27:08.629212,0 days 00:06:12.572227,14,7,46,COMPLETE
723,15032.341610550959,2025-07-30 09:20:56.094866,2025-07-30 09:25:38.944990,0 days 00:04:42.850124,14,7,24,COMPLETE
724,13067.860319995078,2025-07-30 09:20:56.107145,2025-07-30 09:23:40.557227,0 days 00:02:44.450082,14,7,23,COMPLETE
725,15032.341610550959,2025-07-30 09:20:56.228845,2025-07-30 09:25:36.853011,0 days 00:04:40.624166,14,7,24,COMPLETE
726,15032.341610550959,2025-07-30 09:20:56.251964,2025-07-30 09:25:34.026589,0 days 00:04:37.774625,14,7,24,COMPLETE
727,13067.860319995078,2025-07-30 09:20:56.289595,2025-07-30 09:25:29.454173,0 days 00:04:33.164578,14,7,23,COMPLETE
728,13067.860319995078,2025-07-30 09:20:56.296990,2025-07-30 09:25:31.396744,0 days 00:04:35.099754,14,7,23,COMPLETE
729,4506.305948529564,2025-07-30 09:20:56.328584,2025-07-30 09:27:11.934896,0 days 00:06:15.606312,12,7,24,COMPLETE
730,16598.855764085798,2025-07-30 09:20:56.335283,2025-07-30 09:25:45.221786,0 days 00:04:48.886503,14,7,47,COMPLETE
731,13067.860319995078,2025-07-30 09:20:56.354919,2025-07-30 09:25:36.600440,0 days 00:04:40.245521,14,7,23,COMPLETE
732,13067.860319995078,2025-07-30 09:20:56.361329,2025-07-30 09:25:40.267584,0 days 00:04:43.906255,14,7,23,COMPLETE
733,13067.860319995078,2025-07-30 09:20:56.411132,2025-07-30 09:23:43.757961,0 days 00:02:47.346829,14,7,23,COMPLETE
734,13067.860319995078,2025-07-30 09:20:56.433381,2025-07-30 09:25:41.704994,0 days 00:04:45.271613,14,7,23,COMPLETE
735,13067.860319995078,2025-07-30 09:20:56.438240,2025-07-30 09:27:03.346790,0 days 00:06:06.908550,14,7,23,COMPLETE
736,13067.860319995078,2025-07-30 09:20:56.440186,2025-07-30 09:25:42.307315,0 days 00:04:45.867129,14,7,23,COMPLETE
737,13067.860319995078,2025-07-30 09:20:56.447676,2025-07-30 09:25:43.824562,0 days 00:04:47.376886,14,7,23,COMPLETE
738,13067.860319995078,2025-07-30 09:20:56.451182,2025-07-30 09:23:39.106586,0 days 00:02:42.655404,14,7,23,COMPLETE
739,13067.860319995078,2025-07-30 09:20:56.453723,2025-07-30 09:23:42.262575,0 days 00:02:45.808852,14,7,23,COMPLETE
740,13067.860319995078,2025-07-30 09:20:56.454984,2025-07-30 09:25:41.576807,0 days 00:04:45.121823,14,7,23,COMPLETE
741,13067.860319995078,2025-07-30 09:20:56.456565,2025-07-30 09:25:42.669917,0 days 00:04:46.213352,14,7,23,COMPLETE
742,13067.860319995078,2025-07-30 09:20:56.459923,2025-07-30 09:25:41.048407,0 days 00:04:44.588484,14,7,23,COMPLETE
743,13067.860319995078,2025-07-30 09:20:56.462706,2025-07-30 09:27:06.365928,0 days 00:06:09.903222,14,7,23,COMPLETE
744,13067.860319995078,2025-07-30 09:20:56.464658,2025-07-30 09:25:44.101702,0 days 00:04:47.637044,14,7,23,COMPLETE
745,13067.860319995078,2025-07-30 09:20:56.466096,2025-07-30 09:22:19.049319,0 days 00:01:22.583223,14,7,23,COMPLETE
746,17859.15669722992,2025-07-30 09:20:56.468852,2025-07-30 09:23:44.186382,0 days 00:02:47.717530,14,7,46,COMPLETE
747,13067.860319995078,2025-07-30 09:20:56.470459,2025-07-30 09:25:44.529309,0 days 00:04:48.058850,14,7,23,COMPLETE
748,17859.15669722992,2025-07-30 09:20:56.472589,2025-07-30 09:27:09.175706,0 days 00:06:12.703117,14,7,46,COMPLETE
749,17859.15669722992,2025-07-30 09:20:56.476582,2025-07-30 09:27:25.704840,0 days 00:06:29.228258,14,7,46,COMPLETE
750,13067.860319995078,2025-07-30 09:20:56.478642,2025-07-30 09:27:24.687064,0 days 00:06:28.208422,14,7,23,COMPLETE
751,17859.15669722992,2025-07-30 09:20:56.488819,2025-07-30 09:23:43.435911,0 days 00:02:46.947092,14,7,46,COMPLETE
752,13067.860319995078,2025-07-30 09:20:56.491122,2025-07-30 09:23:42.520280,0 days 00:02:46.029158,14,7,23,COMPLETE
753,13067.860319995078,2025-07-30 09:20:56.499012,2025-07-30 09:25:47.380070,0 days 00:04:50.881058,14,7,23,COMPLETE
754,13067.860319995078,2025-07-30 09:20:56.507838,2025-07-30 09:25:41.515191,0 days 00:04:45.007353,14,7,23,COMPLETE
755,17859.15669722992,2025-07-30 09:20:56.512450,2025-07-30 09:27:25.705897,0 days 00:06:29.193447,14,7,46,COMPLETE
756,16598.855764085798,2025-07-30 09:20:56.516972,2025-07-30 09:25:38.178363,0 days 00:04:41.661391,14,7,47,COMPLETE
757,17859.15669722992,2025-07-30 09:20:56.528650,2025-07-30 09:23:48.070144,0 days 00:02:51.541494,14,7,46,COMPLETE
758,13067.860319995078,2025-07-30 09:20:56.533039,2025-07-30 09:25:44.206660,0 days 00:04:47.673621,14,7,23,COMPLETE
759,15032.341610550959,2025-07-30 09:20:56.536259,2025-07-30 09:25:45.894269,0 days 00:04:49.358010,14,7,24,COMPLETE
760,13067.860319995078,2025-07-30 09:20:56.550999,2025-07-30 09:25:47.334582,0 days 00:04:50.783583,14,7,23,COMPLETE
761,15032.341610550959,2025-07-30 09:20:56.561274,2025-07-30 09:23:48.139942,0 days 00:02:51.578668,14,7,24,COMPLETE
762,13067.860319995078,2025-07-30 09:20:56.564329,2025-07-30 09:25:50.642318,0 days 00:04:54.077989,14,7,23,COMPLETE
763,13067.860319995078,2025-07-30 09:20:56.646602,2025-07-30 09:25:42.409150,0 days 00:04:45.762548,14,7,23,COMPLETE
764,5591.395243430356,2025-07-30 09:20:56.660315,2025-07-30 09:25:42.032243,0 days 00:04:45.371928,14,7,21,COMPLETE
765,13067.860319995078,2025-07-30 09:20:56.683253,2025-07-30 09:25:52.230832,0 days 00:04:55.547579,14,7,23,COMPLETE
766,5591.395243430356,2025-07-30 09:20:56.705596,2025-07-30 09:27:07.778488,0 days 00:06:11.072892,14,7,21,COMPLETE
767,15032.341610550959,2025-07-30 09:20:56.739374,2025-07-30 09:25:57.677171,0 days 00:05:00.937797,14,7,24,COMPLETE
768,13067.860319995078,2025-07-30 09:20:56.805157,2025-07-30 09:25:49.312819,0 days 00:04:52.507662,14,7,23,COMPLETE
769,13067.860319995078,2025-07-30 09:20:56.879265,2025-07-30 09:25:47.640569,0 days 00:04:50.761304,14,7,23,COMPLETE
770,13067.860319995078,2025-07-30 09:20:56.886475,2025-07-30 09:23:47.255788,0 days 00:02:50.369313,14,7,23,COMPLETE
771,13067.860319995078,2025-07-30 09:20:56.903975,2025-07-30 09:23:49.864527,0 days 00:02:52.960552,14,7,23,COMPLETE
772,13067.860319995078,2025-07-30 09:20:56.919434,2025-07-30 09:25:52.175582,0 days 00:04:55.256148,14,7,23,COMPLETE
773,13067.860319995078,2025-07-30 09:20:56.939078,2025-07-30 09:25:46.946132,0 days 00:04:50.007054,14,7,23,COMPLETE
774,17859.15669722992,2025-07-30 09:20:56.996827,2025-07-30 09:25:48.254061,0 days 00:04:51.257234,14,7,46,COMPLETE
775,15032.341610550959,2025-07-30 09:20:57.007809,2025-07-30 09:25:44.437265,0 days 00:04:47.429456,14,7,24,COMPLETE
776,15032.341610550959,2025-07-30 09:20:57.101694,2025-07-30 09:25:46.864802,0 days 00:04:49.763108,14,7,24,COMPLETE
777,13067.860319995078,2025-07-30 09:20:57.116735,2025-07-30 09:25:54.588315,0 days 00:04:57.471580,14,7,23,COMPLETE
778,13067.860319995078,2025-07-30 09:20:57.138946,2025-07-30 09:25:48.480263,0 days 00:04:51.341317,14,7,23,COMPLETE
779,15032.341610550959,2025-07-30 09:20:57.164281,2025-07-30 09:25:44.495430,0 days 00:04:47.331149,14,7,24,COMPLETE
780,13067.860319995078,2025-07-30 09:20:57.192334,2025-07-30 09:25:48.441028,0 days 00:04:51.248694,14,7,23,COMPLETE
781,13067.860319995078,2025-07-30 09:20:57.221795,2025-07-30 09:25:51.919544,0 days 00:04:54.697749,14,7,23,COMPLETE
782,15032.341610550959,2025-07-30 09:20:57.253312,2025-07-30 09:25:53.318773,0 days 00:04:56.065461,14,7,24,COMPLETE
783,12016.203339965692,2025-07-30 09:20:57.255641,2025-07-30 09:27:07.469517,0 days 00:06:10.213876,12,7,46,COMPLETE
784,13067.860319995078,2025-07-30 09:20:57.300390,2025-07-30 09:25:54.445557,0 days 00:04:57.145167,14,7,23,COMPLETE
785,15032.341610550959,2025-07-30 09:20:57.391076,2025-07-30 09:23:52.312724,0 days 00:02:54.921648,14,7,24,COMPLETE
786,17859.15669722992,2025-07-30 09:20:57.398774,2025-07-30 09:25:56.020359,0 days 00:04:58.621585,14,7,46,COMPLETE
787,17859.15669722992,2025-07-30 09:20:57.539261,2025-07-30 09:27:12.574183,0 days 00:06:15.034922,14,7,46,COMPLETE
788,15032.341610550959,2025-07-30 09:20:57.599936,2025-07-30 09:25:49.958490,0 days 00:04:52.358554,14,7,24,COMPLETE
789,13067.860319995078,2025-07-30 09:20:57.687189,2025-07-30 09:23:56.175136,0 days 00:02:58.487947,14,7,23,COMPLETE
790,13067.860319995078,2025-07-30 09:20:57.706653,2025-07-30 09:23:54.633507,0 days 00:02:56.926854,14,7,23,COMPLETE
791,17859.15669722992,2025-07-30 09:20:57.739111,2025-07-30 09:27:12.208947,0 days 00:06:14.469836,14,7,46,COMPLETE
792,16598.855764085798,2025-07-30 09:20:57.770595,2025-07-30 09:25:54.551723,0 days 00:04:56.781128,14,7,47,COMPLETE
793,17859.15669722992,2025-07-30 09:20:57.839974,2025-07-30 09:23:55.221844,0 days 00:02:57.381870,14,7,46,COMPLETE
794,17859.15669722992,2025-07-30 09:20:57.866249,2025-07-30 09:22:26.495554,0 days 00:01:28.629305,14,7,46,COMPLETE
795,13067.860319995078,2025-07-30 09:20:57.887830,2025-07-30 09:27:06.398973,0 days 00:06:08.511143,14,7,23,COMPLETE
796,17859.15669722992,2025-07-30 09:20:57.889347,2025-07-30 09:27:05.973982,0 days 00:06:08.084635,14,7,46,COMPLETE
797,16598.855764085798,2025-07-30 09:20:57.950451,2025-07-30 09:27:16.484604,0 days 00:06:18.534153,14,7,47,COMPLETE
798,13067.860319995078,2025-07-30 09:20:57.964068,2025-07-30 09:27:08.982957,0 days 00:06:11.018889,14,7,23,COMPLETE
799,17859.15669722992,2025-07-30 09:20:57.977909,2025-07-30 09:25:55.533433,0 days 00:04:57.555524,14,7,46,COMPLETE
800,17859.15669722992,2025-07-30 09:20:58.027628,2025-07-30 09:25:54.401837,0 days 00:04:56.374209,14,7,46,COMPLETE
801,13067.860319995078,2025-07-30 09:20:58.062622,2025-07-30 09:23:56.885273,0 days 00:02:58.822651,14,7,23,COMPLETE
802,13067.860319995078,2025-07-30 09:20:58.097614,2025-07-30 09:25:56.403599,0 days 00:04:58.305985,14,7,23,COMPLETE
803,17859.15669722992,2025-07-30 09:20:58.101018,2025-07-30 09:25:57.781468,0 days 00:04:59.680450,14,7,46,COMPLETE
804,17859.15669722992,2025-07-30 09:20:58.105854,2025-07-30 09:25:57.644462,0 days 00:04:59.538608,14,7,46,COMPLETE
805,13067.860319995078,2025-07-30 09:20:58.114896,2025-07-30 09:25:55.708445,0 days 00:04:57.593549,14,7,23,COMPLETE
806,17859.15669722992,2025-07-30 09:20:58.118872,2025-07-30 09:23:59.100815,0 days 00:03:00.981943,14,7,46,COMPLETE
807,17859.15669722992,2025-07-30 09:20:58.121858,2025-07-30 09:25:55.908001,0 days 00:04:57.786143,14,7,46,COMPLETE
808,16598.855764085798,2025-07-30 09:20:58.123496,2025-07-30 09:27:04.143492,0 days 00:06:06.019996,14,7,47,COMPLETE
809,17859.15669722992,2025-07-30 09:20:58.133851,2025-07-30 09:22:31.450145,0 days 00:01:33.316294,14,7,46,COMPLETE
810,17859.15669722992,2025-07-30 09:20:58.136494,2025-07-30 09:27:15.856790,0 days 00:06:17.720296,14,7,46,COMPLETE
811,17859.15669722992,2025-07-30 09:20:58.137319,2025-07-30 09:25:54.569875,0 days 00:04:56.432556,14,7,46,COMPLETE
812,17859.15669722992,2025-07-30 09:20:58.142526,2025-07-30 09:27:19.044410,0 days 00:06:20.901884,14,7,46,COMPLETE
813,16598.855764085798,2025-07-30 09:20:58.148444,2025-07-30 09:27:16.124726,0 days 00:06:17.976282,14,7,47,COMPLETE
814,13067.860319995078,2025-07-30 09:20:58.155040,2025-07-30 09:24:02.475652,0 days 00:03:04.320612,14,7,23,COMPLETE
815,17859.15669722992,2025-07-30 09:20:58.171695,2025-07-30 09:25:59.191514,0 days 00:05:01.019819,14,7,46,COMPLETE
816,17859.15669722992,2025-07-30 09:20:58.174987,2025-07-30 09:25:59.257805,0 days 00:05:01.082818,14,7,46,COMPLETE
817,16598.855764085798,2025-07-30 09:20:58.194169,2025-07-30 09:27:10.537238,0 days 00:06:12.343069,14,7,47,COMPLETE
818,16598.855764085798,2025-07-30 09:20:58.215752,2025-07-30 09:26:01.809739,0 days 00:05:03.593987,14,7,47,COMPLETE
819,17859.15669722992,2025-07-30 09:20:58.225529,2025-07-30 09:27:23.255241,0 days 00:06:25.029712,14,7,46,COMPLETE
820,13067.860319995078,2025-07-30 09:20:58.229369,2025-07-30 09:26:00.350535,0 days 00:05:02.121166,14,7,23,COMPLETE
821,17859.15669722992,2025-07-30 09:20:58.253610,2025-07-30 09:22:35.385779,0 days 00:01:37.132169,14,7,46,COMPLETE
822,13067.860319995078,2025-07-30 09:20:58.267685,2025-07-30 09:26:05.670557,0 days 00:05:07.402872,14,7,23,COMPLETE
823,16598.855764085798,2025-07-30 09:20:58.290702,2025-07-30 09:27:12.667858,0 days 00:06:14.377156,14,7,47,COMPLETE
824,17859.15669722992,2025-07-30 09:20:58.292083,2025-07-30 09:26:04.662197,0 days 00:05:06.370114,14,7,46,COMPLETE
825,17859.15669722992,2025-07-30 09:20:58.305387,2025-07-30 09:25:59.877949,0 days 00:05:01.572562,14,7,46,COMPLETE
826,16598.855764085798,2025-07-30 09:20:58.337254,2025-07-30 09:27:15.365685,0 days 00:06:17.028431,14,7,47,COMPLETE
827,16598.855764085798,2025-07-30 09:20:58.347221,2025-07-30 09:22:36.215749,0 days 00:01:37.868528,14,7,47,COMPLETE
828,17859.15669722992,2025-07-30 09:20:58.348824,2025-07-30 09:24:05.537948,0 days 00:03:07.189124,14,7,46,COMPLETE
829,17859.15669722992,2025-07-30 09:20:58.445640,2025-07-30 09:26:07.168612,0 days 00:05:08.722972,14,7,46,COMPLETE
830,16598.855764085798,2025-07-30 09:20:58.514851,2025-07-30 09:27:14.950369,0 days 00:06:16.435518,14,7,47,COMPLETE
831,16598.855764085798,2025-07-30 09:20:58.555570,2025-07-30 09:26:09.014391,0 days 00:05:10.458821,14,7,47,COMPLETE
832,17859.15669722992,2025-07-30 09:20:58.595581,2025-07-30 09:24:06.151213,0 days 00:03:07.555632,14,7,46,COMPLETE
833,17859.15669722992,2025-07-30 09:20:58.632533,2025-07-30 09:26:04.832210,0 days 00:05:06.199677,14,7,46,COMPLETE
834,15316.51420303807,2025-07-30 09:20:58.685062,2025-07-30 09:24:09.596415,0 days 00:03:10.911353,14,7,45,COMPLETE
835,17859.15669722992,2025-07-30 09:20:58.825763,2025-07-30 09:26:06.737257,0 days 00:05:07.911494,14,7,46,COMPLETE
836,17859.15669722992,2025-07-30 09:20:58.847780,2025-07-30 09:26:10.757799,0 days 00:05:11.910019,14,7,46,COMPLETE
837,13067.860319995078,2025-07-30 09:20:58.935209,2025-07-30 09:26:06.357244,0 days 00:05:07.422035,14,7,23,COMPLETE
838,13067.860319995078,2025-07-30 09:20:58.945753,2025-07-30 09:26:07.719335,0 days 00:05:08.773582,14,7,23,COMPLETE
839,16598.855764085798,2025-07-30 09:20:58.950056,2025-07-30 09:27:14.436202,0 days 00:06:15.486146,14,7,47,COMPLETE
840,15032.341610550959,2025-07-30 09:20:58.958157,2025-07-30 09:26:09.312681,0 days 00:05:10.354524,14,7,24,COMPLETE
841,13067.860319995078,2025-07-30 09:20:58.961864,2025-07-30 09:27:25.646180,0 days 00:06:26.684316,14,7,23,COMPLETE
842,13067.860319995078,2025-07-30 09:20:58.983711,2025-07-30 09:24:12.330675,0 days 00:03:13.346964,14,7,23,COMPLETE
843,13067.860319995078,2025-07-30 09:20:58.991353,2025-07-30 09:24:05.446626,0 days 00:03:06.455273,14,7,23,COMPLETE
844,13067.860319995078,2025-07-30 09:20:59.045223,2025-07-30 09:27:09.548970,0 days 00:06:10.503747,14,7,23,COMPLETE
845,13067.860319995078,2025-07-30 09:20:59.140711,2025-07-30 09:27:21.032641,0 days 00:06:21.891930,14,7,23,COMPLETE
846,13067.860319995078,2025-07-30 09:20:59.153821,2025-07-30 09:27:16.524211,0 days 00:06:17.370390,14,7,23,COMPLETE
847,16598.855764085798,2025-07-30 09:20:59.164481,2025-07-30 09:26:09.928912,0 days 00:05:10.764431,14,7,47,COMPLETE
848,8221.011118401484,2025-07-30 09:20:59.190486,2025-07-30 09:24:13.205345,0 days 00:03:14.014859,14,7,22,COMPLETE
849,17859.15669722992,2025-07-30 09:20:59.334750,2025-07-30 09:26:10.756519,0 days 00:05:11.421769,14,7,46,COMPLETE
850,17859.15669722992,2025-07-30 09:20:59.338474,2025-07-30 09:26:13.524660,0 days 00:05:14.186186,14,7,46,COMPLETE
851,13067.860319995078,2025-07-30 09:20:59.350382,2025-07-30 09:27:16.884784,0 days 00:06:17.534402,14,7,23,COMPLETE
852,13067.860319995078,2025-07-30 09:20:59.431439,2025-07-30 09:27:18.815201,0 days 00:06:19.383762,14,7,23,COMPLETE
853,13067.860319995078,2025-07-30 09:20:59.544560,2025-07-30 09:26:17.061235,0 days 00:05:17.516675,14,7,23,COMPLETE
854,13067.860319995078,2025-07-30 09:20:59.574425,2025-07-30 09:26:12.509389,0 days 00:05:12.934964,14,7,23,COMPLETE
855,17859.15669722992,2025-07-30 09:20:59.700032,2025-07-30 09:26:15.279078,0 days 00:05:15.579046,14,7,46,COMPLETE
856,13067.860319995078,2025-07-30 09:20:59.735794,2025-07-30 09:24:14.771241,0 days 00:03:15.035447,14,7,23,COMPLETE
857,17859.15669722992,2025-07-30 09:20:59.780154,2025-07-30 09:26:17.545201,0 days 00:05:17.765047,14,7,46,COMPLETE
858,13067.860319995078,2025-07-30 09:20:59.828052,2025-07-30 09:26:11.038299,0 days 00:05:11.210247,14,7,23,COMPLETE
859,26480.435133161933,2025-07-30 09:20:59.843954,2025-07-30 09:27:14.981001,0 days 00:06:15.137047,19,7,23,COMPLETE
860,13067.860319995078,2025-07-30 09:21:00.023346,2025-07-30 09:26:20.211387,0 days 00:05:20.188041,14,7,23,COMPLETE
861,13067.860319995078,2025-07-30 09:21:00.030097,2025-07-30 09:26:14.148179,0 days 00:05:14.118082,14,7,23,COMPLETE
862,15316.51420303807,2025-07-30 09:21:00.053274,2025-07-30 09:24:19.078450,0 days 00:03:19.025176,14,7,45,COMPLETE
863,17859.15669722992,2025-07-30 09:21:00.089784,2025-07-30 09:26:18.276360,0 days 00:05:18.186576,14,7,46,COMPLETE
864,16598.855764085798,2025-07-30 09:21:00.150335,2025-07-30 09:27:12.015344,0 days 00:06:11.865009,14,7,47,COMPLETE
865,17899.0080423633,2025-07-30 09:21:00.178516,2025-07-30 09:27:24.438362,0 days 00:06:24.259846,14,8,47,COMPLETE
866,16598.855764085798,2025-07-30 09:21:00.202641,2025-07-30 09:24:21.776169,0 days 00:03:21.573528,14,7,47,COMPLETE
867,17859.15669722992,2025-07-30 09:21:00.204827,2025-07-30 09:27:21.250942,0 days 00:06:21.046115,14,7,46,COMPLETE
868,16598.855764085798,2025-07-30 09:21:00.206913,2025-07-30 09:27:17.692130,0 days 00:06:17.485217,14,7,47,COMPLETE
869,16598.855764085798,2025-07-30 09:21:00.225698,2025-07-30 09:27:16.485647,0 days 00:06:16.259949,14,7,47,COMPLETE
870,17859.15669722992,2025-07-30 09:21:00.257037,2025-07-30 09:26:17.447144,0 days 00:05:17.190107,14,7,46,COMPLETE
871,16598.855764085798,2025-07-30 09:21:00.268065,2025-07-30 09:26:17.769655,0 days 00:05:17.501590,14,7,47,COMPLETE
872,15032.341610550959,2025-07-30 09:21:00.279983,2025-07-30 09:22:42.999944,0 days 00:01:42.719961,14,7,24,COMPLETE
873,15316.51420303807,2025-07-30 09:21:00.281022,2025-07-30 09:24:23.539361,0 days 00:03:23.258339,14,7,45,COMPLETE
874,15316.51420303807,2025-07-30 09:21:00.282256,2025-07-30 09:26:17.261243,0 days 00:05:16.978987,14,7,45,COMPLETE
875,17859.15669722992,2025-07-30 09:21:00.315300,2025-07-30 09:27:19.419522,0 days 00:06:19.104222,14,7,46,COMPLETE
876,21661.94716094272,2025-07-30 09:21:00.322616,2025-07-30 09:27:25.309959,0 days 00:06:24.987343,14,8,46,COMPLETE
877,17764.907969563563,2025-07-30 09:21:00.324996,2025-07-30 09:26:21.754697,0 days 00:05:21.429701,14,10,23,COMPLETE
878,23342.485305764563,2025-07-30 09:21:00.332450,2025-07-30 09:26:23.960715,0 days 00:05:23.628265,14,10,46,COMPLETE
879,14316.982946381095,2025-07-30 09:21:00.334209,2025-07-30 09:26:21.216956,0 days 00:05:20.882747,14,10,47,COMPLETE
880,23342.485305764563,2025-07-30 09:21:00.340162,2025-07-30 09:24:20.476849,0 days 00:03:20.136687,14,10,46,COMPLETE
881,20846.603994317302,2025-07-30 09:21:00.345012,2025-07-30 09:26:22.127691,0 days 00:05:21.782679,14,10,45,COMPLETE
882,23342.485305764563,2025-07-30 09:21:00.347728,2025-07-30 09:26:18.898765,0 days 00:05:18.551037,14,10,46,COMPLETE
883,23342.485305764563,2025-07-30 09:21:00.351116,2025-07-30 09:26:25.301713,0 days 00:05:24.950597,14,10,46,COMPLETE
884,20846.603994317302,2025-07-30 09:21:00.356198,2025-07-30 09:27:18.180230,0 days 00:06:17.824032,14,10,45,COMPLETE
885,20846.603994317302,2025-07-30 09:21:00.358867,2025-07-30 09:26:16.991374,0 days 00:05:16.632507,14,10,45,COMPLETE
886,20846.603994317302,2025-07-30 09:21:00.366665,2025-07-30 09:26:21.784041,0 days 00:05:21.417376,14,10,45,COMPLETE
887,23342.485305764563,2025-07-30 09:21:00.369592,2025-07-30 09:27:20.772342,0 days 00:06:20.402750,14,10,46,COMPLETE
888,14316.982946381095,2025-07-30 09:21:00.372129,2025-07-30 09:26:21.784925,0 days 00:05:21.412796,14,10,47,COMPLETE
889,23342.485305764563,2025-07-30 09:21:00.381882,2025-07-30 09:26:20.896923,0 days 00:05:20.515041,14,10,46,COMPLETE
890,8489.967156095192,2025-07-30 09:21:00.383278,2025-07-30 09:24:30.782133,0 days 00:03:30.398855,19,10,46,COMPLETE
891,21661.94716094272,2025-07-30 09:21:00.387913,2025-07-30 09:26:21.868465,0 days 00:05:21.480552,14,8,46,COMPLETE
892,29044.204591835016,2025-07-30 09:21:00.392240,2025-07-30 09:24:28.604493,0 days 00:03:28.212253,18,10,23,COMPLETE
893,17764.907969563563,2025-07-30 09:21:00.399465,2025-07-30 09:27:20.731101,0 days 00:06:20.331636,14,10,23,COMPLETE
894,8489.967156095192,2025-07-30 09:21:00.402479,2025-07-30 09:24:33.029144,0 days 00:03:32.626665,19,10,46,COMPLETE
895,23342.485305764563,2025-07-30 09:21:00.413033,2025-07-30 09:26:22.991066,0 days 00:05:22.578033,14,10,46,COMPLETE
896,23342.485305764563,2025-07-30 09:21:00.415195,2025-07-30 09:26:26.224395,0 days 00:05:25.809200,14,10,46,COMPLETE
897,23342.485305764563,2025-07-30 09:21:00.420888,2025-07-30 09:27:22.563766,0 days 00:06:22.142878,14,10,46,COMPLETE
898,23342.485305764563,2025-07-30 09:21:00.422621,2025-07-30 09:26:25.566796,0 days 00:05:25.144175,14,10,46,COMPLETE
899,23342.485305764563,2025-07-30 09:21:00.425545,2025-07-30 09:26:29.225345,0 days 00:05:28.799800,14,10,46,COMPLETE
900,23342.485305764563,2025-07-30 09:21:00.431612,2025-07-30 09:26:28.773453,0 days 00:05:28.341841,14,10,46,COMPLETE
901,20846.603994317302,2025-07-30 09:21:00.433719,2025-07-30 09:24:32.893990,0 days 00:03:32.460271,14,10,45,COMPLETE
902,22143.71354516903,2025-07-30 09:21:00.438408,2025-07-30 09:26:24.553150,0 days 00:05:24.114742,14,8,45,COMPLETE
903,23342.485305764563,2025-07-30 09:21:00.440687,2025-07-30 09:24:32.262773,0 days 00:03:31.822086,14,10,46,COMPLETE
904,20846.603994317302,2025-07-30 09:21:00.441987,2025-07-30 09:27:20.339980,0 days 00:06:19.897993,14,10,45,COMPLETE
905,22143.71354516903,2025-07-30 09:21:00.445393,2025-07-30 09:27:23.281145,0 days 00:06:22.835752,14,8,45,COMPLETE
906,17764.907969563563,2025-07-30 09:21:00.448457,2025-07-30 09:26:28.725084,0 days 00:05:28.276627,14,10,23,COMPLETE
907,23342.485305764563,2025-07-30 09:21:00.450105,2025-07-30 09:27:24.595949,0 days 00:06:24.145844,14,10,46,COMPLETE
908,23342.485305764563,2025-07-30 09:21:00.452192,2025-07-30 09:26:31.191135,0 days 00:05:30.738943,14,10,46,COMPLETE
909,20846.603994317302,2025-07-30 09:21:00.453009,2025-07-30 09:22:48.014601,0 days 00:01:47.561592,14,10,45,COMPLETE
910,23342.485305764563,2025-07-30 09:21:00.454720,2025-07-30 09:24:31.798594,0 days 00:03:31.343874,14,10,46,COMPLETE
911,23342.485305764563,2025-07-30 09:21:00.463006,2025-07-30 09:26:31.486817,0 days 00:05:31.023811,14,10,46,COMPLETE
912,20846.603994317302,2025-07-30 09:21:00.463947,2025-07-30 09:26:30.005267,0 days 00:05:29.541320,14,10,45,COMPLETE
913,8914.292087218459,2025-07-30 09:21:00.468706,2025-07-30 09:26:34.607361,0 days 00:05:34.138655,19,8,45,COMPLETE
914,32821.448265949,2025-07-30 09:21:00.471210,2025-07-30 09:26:23.676510,0 days 00:05:23.205300,19,10,23,COMPLETE
915,8489.967156095192,2025-07-30 09:21:00.472719,2025-07-30 09:26:29.323668,0 days 00:05:28.850949,19,10,46,COMPLETE
916,20846.603994317302,2025-07-30 09:21:00.478201,2025-07-30 09:26:26.487710,0 days 00:05:26.009509,14,10,45,COMPLETE
917,23342.485305764563,2025-07-30 09:21:00.482036,2025-07-30 09:27:22.676973,0 days 00:06:22.194937,14,10,46,COMPLETE
918,23342.485305764563,2025-07-30 09:21:00.485440,2025-07-30 09:27:22.882821,0 days 00:06:22.397381,14,10,46,COMPLETE
919,20846.603994317302,2025-07-30 09:21:00.486892,2025-07-30 09:24:37.724964,0 days 00:03:37.238072,14,10,45,COMPLETE
920,20846.603994317302,2025-07-30 09:21:00.489086,2025-07-30 09:26:29.377191,0 days 00:05:28.888105,14,10,45,COMPLETE
921,23342.485305764563,2025-07-30 09:21:00.490463,2025-07-30 09:26:30.208674,0 days 00:05:29.718211,14,10,46,COMPLETE
922,23342.485305764563,2025-07-30 09:21:00.492900,2025-07-30 09:26:29.624786,0 days 00:05:29.131886,14,10,46,COMPLETE
923,23342.485305764563,2025-07-30 09:21:00.498922,2025-07-30 09:26:24.899078,0 days 00:05:24.400156,14,10,46,COMPLETE
924,23342.485305764563,2025-07-30 09:21:00.505181,2025-07-30 09:26:37.500788,0 days 00:05:36.995607,14,10,46,COMPLETE
925,23342.485305764563,2025-07-30 09:21:00.506775,2025-07-30 09:26:32.212838,0 days 00:05:31.706063,14,10,46,COMPLETE
926,23342.485305764563,2025-07-30 09:21:00.512017,2025-07-30 09:26:29.737130,0 days 00:05:29.225113,14,10,46,COMPLETE
927,23342.485305764563,2025-07-30 09:21:00.513903,2025-07-30 09:26:28.337336,0 days 00:05:27.823433,14,10,46,COMPLETE
928,23342.485305764563,2025-07-30 09:21:00.521855,2025-07-30 09:26:35.876517,0 days 00:05:35.354662,14,10,46,COMPLETE
929,23342.485305764563,2025-07-30 09:21:00.533633,2025-07-30 09:26:37.358773,0 days 00:05:36.825140,14,10,46,COMPLETE
930,17764.907969563563,2025-07-30 09:21:00.537857,2025-07-30 09:27:24.014405,0 days 00:06:23.476548,14,10,23,COMPLETE
931,14316.982946381095,2025-07-30 09:21:00.540996,2025-07-30 09:21:52.440472,0 days 00:00:51.899476,14,10,47,COMPLETE
932,23342.485305764563,2025-07-30 09:21:00.546017,2025-07-30 09:24:38.034286,0 days 00:03:37.488269,14,10,46,COMPLETE
933,23342.485305764563,2025-07-30 09:21:00.549729,2025-07-30 09:26:35.810797,0 days 00:05:35.261068,14,10,46,COMPLETE
934,20846.603994317302,2025-07-30 09:21:00.554038,2025-07-30 09:27:23.513135,0 days 00:06:22.959097,14,10,45,COMPLETE
935,23342.485305764563,2025-07-30 09:21:00.561720,2025-07-30 09:26:37.867266,0 days 00:05:37.305546,14,10,46,COMPLETE
936,23342.485305764563,2025-07-30 09:21:00.581503,2025-07-30 09:26:38.926568,0 days 00:05:38.345065,14,10,46,COMPLETE
937,20846.603994317302,2025-07-30 09:21:00.591122,2025-07-30 09:24:40.615232,0 days 00:03:40.024110,14,10,45,COMPLETE
938,20846.603994317302,2025-07-30 09:21:00.663586,2025-07-30 09:26:40.858206,0 days 00:05:40.194620,14,10,45,COMPLETE
939,21661.94716094272,2025-07-30 09:21:00.667592,2025-07-30 09:26:38.708320,0 days 00:05:38.040728,14,8,46,COMPLETE
940,23342.485305764563,2025-07-30 09:21:00.714155,2025-07-30 09:27:25.832770,0 days 00:06:25.118615,14,10,46,COMPLETE
941,23342.485305764563,2025-07-30 09:21:00.808336,2025-07-30 09:24:39.497888,0 days 00:03:38.689552,14,10,46,COMPLETE
942,23342.485305764563,2025-07-30 09:21:00.814821,2025-07-30 09:26:41.685732,0 days 00:05:40.870911,14,10,46,COMPLETE
943,17859.15669722992,2025-07-30 09:21:00.823616,2025-07-30 09:26:39.493106,0 days 00:05:38.669490,14,7,46,COMPLETE
944,17899.0080423633,2025-07-30 09:21:00.857345,2025-07-30 09:26:36.692555,0 days 00:05:35.835210,14,8,47,COMPLETE
945,23342.485305764563,2025-07-30 09:21:00.884877,2025-07-30 09:27:25.837107,0 days 00:06:24.952230,14,10,46,COMPLETE
946,23342.485305764563,2025-07-30 09:21:00.895604,2025-07-30 09:26:43.339588,0 days 00:05:42.443984,14,10,46,COMPLETE
947,23342.485305764563,2025-07-30 09:21:00.912983,2025-07-30 09:27:19.380271,0 days 00:06:18.467288,14,10,46,COMPLETE
948,23342.485305764563,2025-07-30 09:21:00.914355,2025-07-30 09:24:43.013382,0 days 00:03:42.099027,14,10,46,COMPLETE
949,23342.485305764563,2025-07-30 09:21:00.928449,2025-07-30 09:22:52.869472,0 days 00:01:51.941023,14,10,46,COMPLETE
950,17764.907969563563,2025-07-30 09:21:00.966487,2025-07-30 09:26:38.790145,0 days 00:05:37.823658,14,10,23,COMPLETE
951,22029.361110793645,2025-07-30 09:21:00.991387,2025-07-30 09:26:34.630193,0 days 00:05:33.638806,14,10,44,COMPLETE
952,23342.485305764563,2025-07-30 09:21:01.028616,2025-07-30 09:26:46.783735,0 days 00:05:45.755119,14,10,46,COMPLETE
953,20846.603994317302,2025-07-30 09:21:01.070194,2025-07-30 09:26:43.338654,0 days 00:05:42.268460,14,10,45,COMPLETE
954,17764.907969563563,2025-07-30 09:21:01.093840,2025-07-30 09:26:42.533754,0 days 00:05:41.439914,14,10,23,COMPLETE
955,23342.485305764563,2025-07-30 09:21:01.103068,2025-07-30 09:26:42.613650,0 days 00:05:41.510582,14,10,46,COMPLETE
956,23342.485305764563,2025-07-30 09:21:01.219194,2025-07-30 09:26:42.822779,0 days 00:05:41.603585,14,10,46,COMPLETE
957,20846.603994317302,2025-07-30 09:21:01.236691,2025-07-30 09:26:46.819512,0 days 00:05:45.582821,14,10,45,COMPLETE
958,23342.485305764563,2025-07-30 09:21:01.252608,2025-07-30 09:27:21.489939,0 days 00:06:20.237331,14,10,46,COMPLETE
959,23342.485305764563,2025-07-30 09:21:01.307312,2025-07-30 09:26:43.336255,0 days 00:05:42.028943,14,10,46,COMPLETE
960,23342.485305764563,2025-07-30 09:21:01.341677,2025-07-30 09:26:40.489763,0 days 00:05:39.148086,14,10,46,COMPLETE
961,23342.485305764563,2025-07-30 09:21:01.389565,2025-07-30 09:24:46.447511,0 days 00:03:45.057946,14,10,46,COMPLETE
962,20846.603994317302,2025-07-30 09:21:01.402723,2025-07-30 09:26:41.765287,0 days 00:05:40.362564,14,10,45,COMPLETE
963,20846.603994317302,2025-07-30 09:21:01.550547,2025-07-30 09:27:23.301809,0 days 00:06:21.751262,14,10,45,COMPLETE
964,17764.907969563563,2025-07-30 09:21:01.615625,2025-07-30 09:26:46.603525,0 days 00:05:44.987900,14,10,23,COMPLETE
965,17764.907969563563,2025-07-30 09:21:01.616810,2025-07-30 09:24:51.063416,0 days 00:03:49.446606,14,10,23,COMPLETE
966,23342.485305764563,2025-07-30 09:21:01.700425,2025-07-30 09:27:24.462808,0 days 00:06:22.762383,14,10,46,COMPLETE
967,23342.485305764563,2025-07-30 09:21:01.732954,2025-07-30 09:26:44.707716,0 days 00:05:42.974762,14,10,46,COMPLETE
968,17764.907969563563,2025-07-30 09:21:01.786172,2025-07-30 09:24:41.906748,0 days 00:03:40.120576,14,10,23,COMPLETE
969,20846.603994317302,2025-07-30 09:21:01.798531,2025-07-30 09:24:44.529799,0 days 00:03:42.731268,14,10,45,COMPLETE
970,18018.33042661825,2025-07-30 09:21:01.809600,2025-07-30 09:24:49.592042,0 days 00:03:47.782442,14,8,23,COMPLETE
971,21661.94716094272,2025-07-30 09:21:01.830917,2025-07-30 09:26:44.284339,0 days 00:05:42.453422,14,8,46,COMPLETE
972,22143.71354516903,2025-07-30 09:21:01.858182,2025-07-30 09:22:57.652488,0 days 00:01:55.794306,14,8,45,COMPLETE
973,8872.003964264566,2025-07-30 09:21:01.860156,2025-07-30 09:26:43.011022,0 days 00:05:41.150866,19,8,46,COMPLETE
974,21661.94716094272,2025-07-30 09:21:01.880763,2025-07-30 09:27:25.414962,0 days 00:06:23.534199,14,8,46,COMPLETE
975,18018.33042661825,2025-07-30 09:21:01.910528,2025-07-30 09:27:24.983217,0 days 00:06:23.072689,14,8,23,COMPLETE
976,22143.71354516903,2025-07-30 09:21:01.922671,2025-07-30 09:27:25.823050,0 days 00:06:23.900379,14,8,45,COMPLETE
977,18018.33042661825,2025-07-30 09:21:01.979293,2025-07-30 09:24:53.670999,0 days 00:03:51.691706,14,8,23,COMPLETE
978,21661.94716094272,2025-07-30 09:21:02.029199,2025-07-30 09:26:58.900411,0 days 00:05:56.871212,14,8,46,COMPLETE
979,21661.94716094272,2025-07-30 09:21:02.030288,2025-07-30 09:26:44.740653,0 days 00:05:42.710365,14,8,46,COMPLETE
980,21661.94716094272,2025-07-30 09:21:02.039429,2025-07-30 09:26:44.715640,0 days 00:05:42.676211,14,8,46,COMPLETE
981,21661.94716094272,2025-07-30 09:21:02.086467,2025-07-30 09:24:54.973413,0 days 00:03:52.886946,14,8,46,COMPLETE
982,22143.71354516903,2025-07-30 09:21:02.117432,2025-07-30 09:24:52.614143,0 days 00:03:50.496711,14,8,45,COMPLETE
983,20153.65683610581,2025-07-30 09:21:02.174196,2025-07-30 09:26:51.575117,0 days 00:05:49.400921,14,8,24,COMPLETE
984,21661.94716094272,2025-07-30 09:21:02.181158,2025-07-30 09:26:49.822608,0 days 00:05:47.641450,14,8,46,COMPLETE
985,21661.94716094272,2025-07-30 09:21:02.200309,2025-07-30 09:26:54.967765,0 days 00:05:52.767456,14,8,46,COMPLETE
986,19108.285558049614,2025-07-30 09:21:02.203307,2025-07-30 09:24:52.411461,0 days 00:03:50.208154,19,8,23,COMPLETE
987,21661.94716094272,2025-07-30 09:21:02.211486,2025-07-30 09:27:24.836838,0 days 00:06:22.625352,14,8,46,COMPLETE
988,22143.71354516903,2025-07-30 09:21:02.218730,2025-07-30 09:26:48.278432,0 days 00:05:46.059702,14,8,45,COMPLETE
989,21661.94716094272,2025-07-30 09:21:02.545372,2025-07-30 09:25:13.822236,0 days 00:04:11.276864,14,8,46,COMPLETE
990,21661.94716094272,2025-07-30 09:21:03.024086,2025-07-30 09:27:01.221851,0 days 00:05:58.197765,14,8,46,COMPLETE
991,21661.94716094272,2025-07-30 09:21:03.176506,2025-07-30 09:27:03.866100,0 days 00:06:00.689594,14,8,46,COMPLETE
992,21661.94716094272,2025-07-30 09:21:03.182279,2025-07-30 09:27:08.031335,0 days 00:06:04.849056,14,8,46,COMPLETE
993,21661.94716094272,2025-07-30 09:21:04.407566,2025-07-30 09:27:08.806221,0 days 00:06:04.398655,14,8,46,COMPLETE
994,18018.33042661825,2025-07-30 09:21:05.324212,2025-07-30 09:27:15.948758,0 days 00:06:10.624546,14,8,23,COMPLETE
995,17899.0080423633,2025-07-30 09:21:05.428465,2025-07-30 09:25:57.984251,0 days 00:04:52.555786,14,8,47,COMPLETE
996,21661.94716094272,2025-07-30 09:21:05.726000,2025-07-30 09:27:11.438683,0 days 00:06:05.712683,14,8,46,COMPLETE
997,21661.94716094272,2025-07-30 09:21:06.446586,2025-07-30 09:26:06.923126,0 days 00:05:00.476540,14,8,46,COMPLETE
998,21661.94716094272,2025-07-30 09:21:06.512127,2025-07-30 09:22:37.188603,0 days 00:01:30.676476,14,8,46,COMPLETE
999,21661.94716094272,2025-07-30 09:21:06.945630,2025-07-30 09:26:18.638963,0 days 00:05:11.693333,14,8,46,COMPLETE
