number,value,datetime_start,datetime_complete,duration,params_macd_fast,params_macd_signal,params_macd_slow,state
0,51934.950413544,2025-07-30 09:32:34.916198,2025-07-30 09:32:37.683301,0 days 00:00:02.767103,15,13,34,COMPLETE
1,13043.86162589452,2025-07-30 09:32:34.918631,2025-07-30 09:32:39.297284,0 days 00:00:04.378653,12,10,29,COMPLETE
2,49628.860645169174,2025-07-30 09:32:34.921165,2025-07-30 09:32:39.697092,0 days 00:00:04.775927,20,10,25,COMPLETE
3,8365.70081484228,2025-07-30 09:32:34.923949,2025-07-30 09:32:39.489737,0 days 00:00:04.565788,12,6,34,COMPLETE
4,5904.171094985704,2025-07-30 09:32:34.925761,2025-07-30 09:32:39.401046,0 days 00:00:04.475285,7,6,20,COMPLETE
5,16140.749998727455,2025-07-30 09:32:34.932267,2025-07-30 09:32:39.710664,0 days 00:00:04.778397,15,16,22,COMPLETE
6,10196.887328901346,2025-07-30 09:32:34.936265,2025-07-30 09:32:40.220972,0 days 00:00:05.284707,11,13,28,COMPLETE
7,4262.75893422443,2025-07-30 09:32:34.940315,2025-07-30 09:32:38.724850,0 days 00:00:03.784535,7,6,48,COMPLETE
8,1655.920951425742,2025-07-30 09:32:34.946983,2025-07-30 09:32:40.545455,0 days 00:00:05.598472,12,7,22,COMPLETE
9,11138.650774808244,2025-07-30 09:32:34.950877,2025-07-30 09:32:40.353604,0 days 00:00:05.402727,6,14,28,COMPLETE
10,19624.299926076215,2025-07-30 09:32:34.964465,2025-07-30 09:32:41.100606,0 days 00:00:06.136141,16,5,50,COMPLETE
11,6888.012595041002,2025-07-30 09:32:34.969401,2025-07-30 09:32:40.081875,0 days 00:00:05.112474,8,8,38,COMPLETE
12,1042.805047181842,2025-07-30 09:32:34.970466,2025-07-30 09:32:40.314434,0 days 00:00:05.343968,9,6,20,COMPLETE
13,88777.60977668545,2025-07-30 09:32:34.979208,2025-07-30 09:32:40.774122,0 days 00:00:05.794914,17,12,36,COMPLETE
14,29608.29459537042,2025-07-30 09:32:34.992471,2025-07-30 09:32:41.314767,0 days 00:00:06.322296,16,18,40,COMPLETE
15,20635.58009799864,2025-07-30 09:32:35.013523,2025-07-30 09:32:41.703009,0 days 00:00:06.689486,10,13,48,COMPLETE
16,40347.23187846823,2025-07-30 09:32:35.025465,2025-07-30 09:32:42.547580,0 days 00:00:07.522115,11,15,44,COMPLETE
17,20385.226840439107,2025-07-30 09:32:35.027012,2025-07-30 09:32:42.864385,0 days 00:00:07.837373,17,18,26,COMPLETE
18,-inf,2025-07-30 09:32:35.028953,2025-07-30 09:32:41.142670,0 days 00:00:06.113717,20,8,15,COMPLETE
19,1214.0926487920092,2025-07-30 09:32:35.036322,2025-07-30 09:32:43.140874,0 days 00:00:08.104552,9,10,19,COMPLETE
20,2325.726798568965,2025-07-30 09:32:35.047491,2025-07-30 09:32:43.341721,0 days 00:00:08.294230,5,13,23,COMPLETE
21,45401.604831410565,2025-07-30 09:32:35.174643,2025-07-30 09:32:43.842428,0 days 00:00:08.667785,20,19,40,COMPLETE
22,3845.600150984919,2025-07-30 09:32:35.633604,2025-07-30 09:32:45.234918,0 days 00:00:09.601314,15,5,24,COMPLETE
23,40748.83361855254,2025-07-30 09:32:35.763770,2025-07-30 09:32:47.018455,0 days 00:00:11.254685,9,18,46,COMPLETE
24,14659.418398937616,2025-07-30 09:32:35.792691,2025-07-30 09:32:48.104448,0 days 00:00:12.311757,5,20,38,COMPLETE
25,43304.206101705895,2025-07-30 09:32:36.145320,2025-07-30 09:32:47.590844,0 days 00:00:11.445524,12,16,38,COMPLETE
26,40193.4303702728,2025-07-30 09:32:36.161667,2025-07-30 09:32:47.899091,0 days 00:00:11.737424,15,17,29,COMPLETE
27,38603.00942477005,2025-07-30 09:32:36.182327,2025-07-30 09:32:47.732694,0 days 00:00:11.550367,14,16,50,COMPLETE
28,1731.864238699753,2025-07-30 09:32:36.209644,2025-07-30 09:32:47.838278,0 days 00:00:11.628634,8,11,18,COMPLETE
29,20088.394857722902,2025-07-30 09:32:36.582657,2025-07-30 09:32:47.641451,0 days 00:00:11.058794,8,20,40,COMPLETE
30,54485.6840589219,2025-07-30 09:32:36.619777,2025-07-30 09:32:47.725605,0 days 00:00:11.105828,10,20,38,COMPLETE
31,26410.98193472607,2025-07-30 09:32:36.764807,2025-07-30 09:32:48.478470,0 days 00:00:11.713663,13,8,42,COMPLETE
32,13423.013301854697,2025-07-30 09:32:36.807636,2025-07-30 09:32:48.402553,0 days 00:00:11.594917,11,13,32,COMPLETE
33,3623.8997873140697,2025-07-30 09:32:37.152862,2025-07-30 09:32:51.898803,0 days 00:00:14.745941,8,10,18,COMPLETE
34,37630.054631883824,2025-07-30 09:32:37.238577,2025-07-30 09:32:54.031155,0 days 00:00:16.792578,14,17,46,COMPLETE
35,57831.045567440706,2025-07-30 09:32:38.014619,2025-07-30 09:32:53.537689,0 days 00:00:15.523070,20,7,33,COMPLETE
36,41641.27162710277,2025-07-30 09:32:38.110493,2025-07-30 09:32:53.731158,0 days 00:00:15.620665,14,16,39,COMPLETE
37,50873.5835069926,2025-07-30 09:32:38.469204,2025-07-30 09:32:55.635762,0 days 00:00:17.166558,17,8,38,COMPLETE
38,6598.229871934838,2025-07-30 09:32:38.586812,2025-07-30 09:32:54.264476,0 days 00:00:15.677664,6,16,24,COMPLETE
39,6590.199059164111,2025-07-30 09:32:38.842874,2025-07-30 09:32:55.174000,0 days 00:00:16.331126,8,5,48,COMPLETE
40,12246.029860684966,2025-07-30 09:32:39.013201,2025-07-30 09:32:55.071184,0 days 00:00:16.057983,10,13,28,COMPLETE
41,48127.59029856727,2025-07-30 09:32:39.085504,2025-07-30 09:32:55.821048,0 days 00:00:16.735544,14,14,50,COMPLETE
42,6056.083433768198,2025-07-30 09:32:39.221516,2025-07-30 09:32:55.667211,0 days 00:00:16.445695,7,17,24,COMPLETE
43,2123.6432035100042,2025-07-30 09:32:39.737870,2025-07-30 09:32:55.191383,0 days 00:00:15.453513,5,8,35,COMPLETE
44,42159.49386748184,2025-07-30 09:32:39.874581,2025-07-30 09:32:55.526379,0 days 00:00:15.651798,17,13,30,COMPLETE
45,20917.53499361833,2025-07-30 09:32:40.016587,2025-07-30 09:32:55.400832,0 days 00:00:15.384245,10,11,41,COMPLETE
46,32174.902318847653,2025-07-30 09:32:40.122941,2025-07-30 09:32:56.074657,0 days 00:00:15.951716,19,16,47,COMPLETE
47,26980.52576169721,2025-07-30 09:32:40.155923,2025-07-30 09:32:55.898886,0 days 00:00:15.742963,10,20,46,COMPLETE
48,45401.604831410565,2025-07-30 09:32:40.360258,2025-07-30 09:32:55.664713,0 days 00:00:15.304455,20,19,40,COMPLETE
49,48004.37230631925,2025-07-30 09:32:40.450716,2025-07-30 09:32:48.818173,0 days 00:00:08.367457,20,20,39,COMPLETE
50,44971.02086882454,2025-07-30 09:32:40.501510,2025-07-30 09:32:54.178794,0 days 00:00:13.677284,20,20,40,COMPLETE
51,34178.88046135239,2025-07-30 09:32:40.669242,2025-07-30 09:32:56.101500,0 days 00:00:15.432258,19,19,39,COMPLETE
52,41766.699542431445,2025-07-30 09:32:40.735718,2025-07-30 09:32:47.642447,0 days 00:00:06.906729,20,18,37,COMPLETE
53,39877.386838451,2025-07-30 09:32:40.804127,2025-07-30 09:32:57.473388,0 days 00:00:16.669261,16,18,41,COMPLETE
54,55669.53034299714,2025-07-30 09:32:40.846193,2025-07-30 09:33:03.205106,0 days 00:00:22.358913,16,20,41,COMPLETE
55,44938.69553471665,2025-07-30 09:32:40.847060,2025-07-30 09:33:03.984417,0 days 00:00:23.137357,17,18,41,COMPLETE
56,42286.78450950942,2025-07-30 09:32:40.854216,2025-07-30 09:33:12.899994,0 days 00:00:32.045778,17,19,42,COMPLETE
57,40989.32405469006,2025-07-30 09:32:40.873476,2025-07-30 09:33:04.598496,0 days 00:00:23.725020,17,20,41,COMPLETE
58,26501.24126816509,2025-07-30 09:32:40.890508,2025-07-30 09:32:57.210634,0 days 00:00:16.320126,16,19,40,COMPLETE
59,55669.53034299714,2025-07-30 09:32:41.063544,2025-07-30 09:32:58.600755,0 days 00:00:17.537211,16,20,41,COMPLETE
60,45781.04738747416,2025-07-30 09:32:41.083616,2025-07-30 09:33:00.840512,0 days 00:00:19.756896,16,19,41,COMPLETE
61,45849.035241892096,2025-07-30 09:32:41.112867,2025-07-30 09:33:07.108412,0 days 00:00:25.995545,17,20,40,COMPLETE
62,45781.04738747416,2025-07-30 09:32:41.170156,2025-07-30 09:33:01.817212,0 days 00:00:20.647056,16,19,41,COMPLETE
63,26501.24126816509,2025-07-30 09:32:41.195002,2025-07-30 09:33:02.570958,0 days 00:00:21.375956,16,19,40,COMPLETE
64,45781.04738747416,2025-07-30 09:32:41.219426,2025-07-30 09:33:02.465920,0 days 00:00:21.246494,16,19,41,COMPLETE
65,28153.725733286057,2025-07-30 09:32:41.267921,2025-07-30 09:32:59.351285,0 days 00:00:18.083364,16,20,37,COMPLETE
66,72642.25563365703,2025-07-30 09:32:41.340155,2025-07-30 09:33:17.059051,0 days 00:00:35.718896,18,11,43,COMPLETE
67,107968.50817105362,2025-07-30 09:32:41.353573,2025-07-30 09:33:03.821710,0 days 00:00:22.468137,18,11,42,COMPLETE
68,37897.863127118115,2025-07-30 09:32:41.407167,2025-07-30 09:33:05.098254,0 days 00:00:23.691087,18,20,42,COMPLETE
69,107968.50817105362,2025-07-30 09:32:41.441026,2025-07-30 09:33:05.697493,0 days 00:00:24.256467,18,11,42,COMPLETE
70,89827.92137727358,2025-07-30 09:32:41.454469,2025-07-30 09:33:07.216978,0 days 00:00:25.762509,18,11,41,COMPLETE
71,31153.269595825113,2025-07-30 09:32:41.679844,2025-07-30 09:33:10.459872,0 days 00:00:28.780028,18,20,41,COMPLETE
72,105429.4047415786,2025-07-30 09:32:41.691731,2025-07-30 09:33:10.298444,0 days 00:00:28.606713,17,11,43,COMPLETE
73,72642.25563365703,2025-07-30 09:32:41.698947,2025-07-30 09:33:08.662642,0 days 00:00:26.963695,18,11,43,COMPLETE
74,72642.25563365703,2025-07-30 09:32:41.701178,2025-07-30 09:33:09.277865,0 days 00:00:27.576687,18,11,43,COMPLETE
75,34468.56162109006,2025-07-30 09:32:41.765108,2025-07-30 09:33:12.155405,0 days 00:00:30.390297,14,20,43,COMPLETE
76,37897.863127118115,2025-07-30 09:32:41.805038,2025-07-30 09:33:33.891792,0 days 00:00:52.086754,18,20,42,COMPLETE
77,33295.67187091111,2025-07-30 09:32:41.909215,2025-07-30 09:33:15.357145,0 days 00:00:33.447930,18,16,41,COMPLETE
78,107968.50817105362,2025-07-30 09:32:41.996051,2025-07-30 09:33:39.777135,0 days 00:00:57.781084,18,11,42,COMPLETE
79,37897.863127118115,2025-07-30 09:32:42.009352,2025-07-30 09:34:17.449771,0 days 00:01:35.440419,18,20,42,COMPLETE
80,33400.095014276245,2025-07-30 09:32:42.031510,2025-07-30 09:33:18.959421,0 days 00:00:36.927911,18,20,40,COMPLETE
81,94732.79954537055,2025-07-30 09:32:42.076403,2025-07-30 09:33:06.433446,0 days 00:00:24.357043,18,11,40,COMPLETE
82,89827.92137727358,2025-07-30 09:32:42.151636,2025-07-30 09:33:18.884304,0 days 00:00:36.732668,18,11,41,COMPLETE
83,31153.269595825113,2025-07-30 09:32:42.153016,2025-07-30 09:33:19.486263,0 days 00:00:37.333247,18,20,41,COMPLETE
84,76614.63546750738,2025-07-30 09:32:42.182477,2025-07-30 09:33:19.952723,0 days 00:00:37.770246,15,11,42,COMPLETE
85,19785.671483544633,2025-07-30 09:32:42.561777,2025-07-30 09:33:20.940460,0 days 00:00:38.378683,14,11,35,COMPLETE
86,86497.03155816552,2025-07-30 09:32:42.612940,2025-07-30 09:33:07.557833,0 days 00:00:24.944893,18,11,36,COMPLETE
87,78518.29148284014,2025-07-30 09:32:42.678439,2025-07-30 09:33:08.368777,0 days 00:00:25.690338,18,11,34,COMPLETE
88,105999.47975045549,2025-07-30 09:32:42.730112,2025-07-30 09:33:23.686104,0 days 00:00:40.955992,18,11,35,COMPLETE
89,105999.47975045549,2025-07-30 09:32:42.742748,2025-07-30 09:33:23.673509,0 days 00:00:40.930761,18,11,35,COMPLETE
90,86497.03155816552,2025-07-30 09:32:42.799044,2025-07-30 09:33:23.693665,0 days 00:00:40.894621,18,11,36,COMPLETE
91,105999.47975045549,2025-07-30 09:32:42.805210,2025-07-30 09:33:22.980668,0 days 00:00:40.175458,18,11,35,COMPLETE
92,27737.455007427554,2025-07-30 09:32:42.870144,2025-07-30 09:33:25.483514,0 days 00:00:42.613370,14,11,33,COMPLETE
93,27737.455007427554,2025-07-30 09:32:42.878462,2025-07-30 09:33:10.996870,0 days 00:00:28.118408,14,11,33,COMPLETE
94,30587.446750358573,2025-07-30 09:32:42.890837,2025-07-30 09:33:26.349416,0 days 00:00:43.458579,14,11,34,COMPLETE
95,78518.29148284014,2025-07-30 09:32:42.912603,2025-07-30 09:33:26.639655,0 days 00:00:43.727052,18,11,34,COMPLETE
96,30587.446750358573,2025-07-30 09:32:42.926440,2025-07-30 09:33:28.165206,0 days 00:00:45.238766,14,11,34,COMPLETE
97,30587.446750358573,2025-07-30 09:32:42.949849,2025-07-30 09:33:28.786231,0 days 00:00:45.836382,14,11,34,COMPLETE
98,19785.671483544633,2025-07-30 09:32:42.951996,2025-07-30 09:33:27.754080,0 days 00:00:44.802084,14,11,35,COMPLETE
99,27737.455007427554,2025-07-30 09:32:42.986177,2025-07-30 09:33:58.241776,0 days 00:01:15.255599,14,11,33,COMPLETE
100,30587.446750358573,2025-07-30 09:32:43.037629,2025-07-30 09:33:27.596686,0 days 00:00:44.559057,14,11,34,COMPLETE
101,30587.446750358573,2025-07-30 09:32:43.052798,2025-07-30 09:33:58.378161,0 days 00:01:15.325363,14,11,34,COMPLETE
102,30587.446750358573,2025-07-30 09:32:43.060576,2025-07-30 09:33:12.848039,0 days 00:00:29.787463,14,11,34,COMPLETE
103,30587.446750358573,2025-07-30 09:32:43.067017,2025-07-30 09:33:29.524539,0 days 00:00:46.457522,14,11,34,COMPLETE
104,30587.446750358573,2025-07-30 09:32:43.125505,2025-07-30 09:33:13.069014,0 days 00:00:29.943509,14,11,34,COMPLETE
105,22114.034972778358,2025-07-30 09:32:43.155325,2025-07-30 09:33:31.192273,0 days 00:00:48.036948,14,20,35,COMPLETE
106,19785.671483544633,2025-07-30 09:32:43.157386,2025-07-30 09:33:31.501132,0 days 00:00:48.343746,14,11,35,COMPLETE
107,23843.48449755255,2025-07-30 09:32:43.179754,2025-07-30 09:33:33.622828,0 days 00:00:50.443074,14,20,34,COMPLETE
108,27737.455007427554,2025-07-30 09:32:43.194683,2025-07-30 09:33:14.524062,0 days 00:00:31.329379,14,11,33,COMPLETE
109,22114.034972778358,2025-07-30 09:32:43.205621,2025-07-30 09:33:14.685738,0 days 00:00:31.480117,14,20,35,COMPLETE
110,30587.446750358573,2025-07-30 09:32:43.268543,2025-07-30 09:33:34.198440,0 days 00:00:50.929897,14,11,34,COMPLETE
111,20580.275868027922,2025-07-30 09:32:43.296578,2025-07-30 09:33:14.622493,0 days 00:00:31.325915,14,20,36,COMPLETE
112,120479.28479348368,2025-07-30 09:32:43.357469,2025-07-30 09:33:35.298718,0 days 00:00:51.941249,20,10,34,COMPLETE
113,101972.76686665465,2025-07-30 09:32:43.365310,2025-07-30 09:34:10.650378,0 days 00:01:27.285068,19,11,33,COMPLETE
114,101006.55704122066,2025-07-30 09:32:43.389441,2025-07-30 09:33:16.704394,0 days 00:00:33.314953,20,11,34,COMPLETE
115,101006.55704122066,2025-07-30 09:32:43.397013,2025-07-30 09:34:12.684485,0 days 00:01:29.287472,20,11,34,COMPLETE
116,101006.55704122066,2025-07-30 09:32:43.429350,2025-07-30 09:33:16.411654,0 days 00:00:32.982304,20,11,34,COMPLETE
117,101006.55704122066,2025-07-30 09:32:43.499490,2025-07-30 09:33:35.580939,0 days 00:00:52.081449,20,11,34,COMPLETE
118,123696.74058801966,2025-07-30 09:32:43.521935,2025-07-30 09:33:37.657908,0 days 00:00:54.135973,20,11,35,COMPLETE
119,101006.55704122066,2025-07-30 09:32:43.586990,2025-07-30 09:33:36.887150,0 days 00:00:53.300160,20,11,34,COMPLETE
120,123696.74058801966,2025-07-30 09:32:43.623756,2025-07-30 09:33:17.256993,0 days 00:00:33.633237,20,11,35,COMPLETE
121,101006.55704122066,2025-07-30 09:32:43.673913,2025-07-30 09:34:19.345074,0 days 00:01:35.671161,20,11,34,COMPLETE
122,101972.76686665465,2025-07-30 09:32:43.714060,2025-07-30 09:33:40.032676,0 days 00:00:56.318616,19,11,33,COMPLETE
123,101006.55704122066,2025-07-30 09:32:43.755200,2025-07-30 09:33:40.216686,0 days 00:00:56.461486,20,11,34,COMPLETE
124,101006.55704122066,2025-07-30 09:32:43.762349,2025-07-30 09:33:39.443454,0 days 00:00:55.681105,20,11,34,COMPLETE
125,101006.55704122066,2025-07-30 09:32:43.785810,2025-07-30 09:33:40.620203,0 days 00:00:56.834393,20,11,34,COMPLETE
126,85091.65211562674,2025-07-30 09:32:43.811546,2025-07-30 09:34:27.566659,0 days 00:01:43.755113,19,11,34,COMPLETE
127,47671.798029739555,2025-07-30 09:32:43.892486,2025-07-30 09:33:41.899889,0 days 00:00:58.007403,18,11,33,COMPLETE
128,78518.29148284014,2025-07-30 09:32:43.899437,2025-07-30 09:33:18.731153,0 days 00:00:34.831716,18,11,34,COMPLETE
129,105999.47975045549,2025-07-30 09:32:43.921014,2025-07-30 09:33:43.537952,0 days 00:00:59.616938,18,11,35,COMPLETE
130,105999.47975045549,2025-07-30 09:32:43.928107,2025-07-30 09:33:43.316176,0 days 00:00:59.388069,18,11,35,COMPLETE
131,43949.8460498563,2025-07-30 09:32:43.935667,2025-07-30 09:33:20.277021,0 days 00:00:36.341354,18,10,33,COMPLETE
132,47671.798029739555,2025-07-30 09:32:43.968034,2025-07-30 09:33:44.969555,0 days 00:01:01.001521,18,11,33,COMPLETE
133,47671.798029739555,2025-07-30 09:32:43.982742,2025-07-30 09:34:33.817804,0 days 00:01:49.835062,18,11,33,COMPLETE
134,47671.798029739555,2025-07-30 09:32:44.004282,2025-07-30 09:33:46.460263,0 days 00:01:02.455981,18,11,33,COMPLETE
135,47671.798029739555,2025-07-30 09:32:44.105726,2025-07-30 09:33:48.105563,0 days 00:01:03.999837,18,11,33,COMPLETE
136,47671.798029739555,2025-07-30 09:32:44.156654,2025-07-30 09:33:48.746848,0 days 00:01:04.590194,18,11,33,COMPLETE
137,39052.370792706075,2025-07-30 09:32:44.244054,2025-07-30 09:33:21.622798,0 days 00:00:37.378744,18,11,32,COMPLETE
138,47671.798029739555,2025-07-30 09:32:44.405024,2025-07-30 09:33:49.962628,0 days 00:01:05.557604,18,11,33,COMPLETE
139,105999.47975045549,2025-07-30 09:32:44.433311,2025-07-30 09:33:49.717624,0 days 00:01:05.284313,18,11,35,COMPLETE
140,78518.29148284014,2025-07-30 09:32:44.645191,2025-07-30 09:34:49.108433,0 days 00:02:04.463242,18,11,34,COMPLETE
141,47671.798029739555,2025-07-30 09:32:44.941001,2025-07-30 09:33:50.433350,0 days 00:01:05.492349,18,11,33,COMPLETE
142,47671.798029739555,2025-07-30 09:32:45.088144,2025-07-30 09:33:50.288059,0 days 00:01:05.199915,18,11,33,COMPLETE
143,78518.29148284014,2025-07-30 09:32:45.408161,2025-07-30 09:33:25.386599,0 days 00:00:39.978438,18,11,34,COMPLETE
144,47671.798029739555,2025-07-30 09:32:45.426566,2025-07-30 09:33:53.147568,0 days 00:01:07.721002,18,11,33,COMPLETE
145,47671.798029739555,2025-07-30 09:32:45.433459,2025-07-30 09:33:25.485966,0 days 00:00:40.052507,18,11,33,COMPLETE
146,47671.798029739555,2025-07-30 09:32:45.837769,2025-07-30 09:33:54.096528,0 days 00:01:08.258759,18,11,33,COMPLETE
147,47671.798029739555,2025-07-30 09:32:46.002722,2025-07-30 09:33:53.815787,0 days 00:01:07.813065,18,11,33,COMPLETE
148,47671.798029739555,2025-07-30 09:32:46.068403,2025-07-30 09:33:56.546006,0 days 00:01:10.477603,18,11,33,COMPLETE
149,43949.8460498563,2025-07-30 09:32:46.161628,2025-07-30 09:33:56.412869,0 days 00:01:10.251241,18,10,33,COMPLETE
150,105999.47975045549,2025-07-30 09:32:46.229442,2025-07-30 09:33:59.063707,0 days 00:01:12.834265,18,11,35,COMPLETE
151,47671.798029739555,2025-07-30 09:32:46.588304,2025-07-30 09:33:58.006480,0 days 00:01:11.418176,18,11,33,COMPLETE
152,43949.8460498563,2025-07-30 09:32:46.691922,2025-07-30 09:33:59.256888,0 days 00:01:12.564966,18,10,33,COMPLETE
153,47671.798029739555,2025-07-30 09:32:46.739656,2025-07-30 09:33:56.792861,0 days 00:01:10.053205,18,11,33,COMPLETE
154,78518.29148284014,2025-07-30 09:32:46.929031,2025-07-30 09:33:30.079109,0 days 00:00:43.150078,18,11,34,COMPLETE
155,47671.798029739555,2025-07-30 09:32:46.981041,2025-07-30 09:33:30.219539,0 days 00:00:43.238498,18,11,33,COMPLETE
156,47671.798029739555,2025-07-30 09:32:47.074762,2025-07-30 09:33:30.463468,0 days 00:00:43.388706,18,11,33,COMPLETE
157,47671.798029739555,2025-07-30 09:32:47.180891,2025-07-30 09:35:09.996134,0 days 00:02:22.815243,18,11,33,COMPLETE
158,78518.29148284014,2025-07-30 09:32:47.374513,2025-07-30 09:38:52.551698,0 days 00:06:05.177185,18,11,34,COMPLETE
159,47671.798029739555,2025-07-30 09:32:46.839077,2025-07-30 09:33:58.530143,0 days 00:01:11.691066,18,11,33,COMPLETE
160,47671.798029739555,2025-07-30 09:32:46.873139,2025-07-30 09:33:59.149951,0 days 00:01:12.276812,18,11,33,COMPLETE
161,47671.798029739555,2025-07-30 09:32:46.926282,2025-07-30 09:33:30.979535,0 days 00:00:44.053253,18,11,33,COMPLETE
162,43949.8460498563,2025-07-30 09:32:47.056645,2025-07-30 09:34:00.076111,0 days 00:01:13.019466,18,10,33,COMPLETE
163,47671.798029739555,2025-07-30 09:32:47.340267,2025-07-30 09:33:31.489331,0 days 00:00:44.149064,18,11,33,COMPLETE
164,47671.798029739555,2025-07-30 09:32:47.352203,2025-07-30 09:33:32.911882,0 days 00:00:45.559679,18,11,33,COMPLETE
165,39052.370792706075,2025-07-30 09:32:47.739749,2025-07-30 09:33:32.947693,0 days 00:00:45.207944,18,11,32,COMPLETE
166,47671.798029739555,2025-07-30 09:32:47.820726,2025-07-30 09:34:02.215371,0 days 00:01:14.394645,18,11,33,COMPLETE
167,47671.798029739555,2025-07-30 09:32:47.923240,2025-07-30 09:33:34.724419,0 days 00:00:46.801179,18,11,33,COMPLETE
168,39052.370792706075,2025-07-30 09:32:48.053182,2025-07-30 09:34:04.821003,0 days 00:01:16.767821,18,11,32,COMPLETE
169,39052.370792706075,2025-07-30 09:32:48.062472,2025-07-30 09:34:04.442112,0 days 00:01:16.379640,18,11,32,COMPLETE
170,66279.88937026961,2025-07-30 09:32:48.105272,2025-07-30 09:34:05.992847,0 days 00:01:17.887575,19,10,33,COMPLETE
171,47671.798029739555,2025-07-30 09:32:48.139917,2025-07-30 09:34:06.777267,0 days 00:01:18.637350,18,11,33,COMPLETE
172,39052.370792706075,2025-07-30 09:32:48.170200,2025-07-30 09:34:07.888272,0 days 00:01:19.718072,18,11,32,COMPLETE
173,47671.798029739555,2025-07-30 09:32:48.204698,2025-07-30 09:34:09.494583,0 days 00:01:21.289885,18,11,33,COMPLETE
174,37467.65375452749,2025-07-30 09:32:48.253335,2025-07-30 09:34:05.980541,0 days 00:01:17.727206,18,10,32,COMPLETE
175,39052.370792706075,2025-07-30 09:32:48.338502,2025-07-30 09:34:10.368656,0 days 00:01:22.030154,18,11,32,COMPLETE
176,39052.370792706075,2025-07-30 09:32:48.374795,2025-07-30 09:34:10.953324,0 days 00:01:22.578529,18,11,32,COMPLETE
177,47671.798029739555,2025-07-30 09:32:48.457447,2025-07-30 09:34:12.879175,0 days 00:01:24.421728,18,11,33,COMPLETE
178,78518.29148284014,2025-07-30 09:32:48.494862,2025-07-30 09:34:10.249691,0 days 00:01:21.754829,18,11,34,COMPLETE
179,78518.29148284014,2025-07-30 09:32:48.534217,2025-07-30 09:34:16.360899,0 days 00:01:27.826682,18,11,34,COMPLETE
180,47671.798029739555,2025-07-30 09:32:48.546416,2025-07-30 09:34:12.829483,0 days 00:01:24.283067,18,11,33,COMPLETE
181,78518.29148284014,2025-07-30 09:32:48.577418,2025-07-30 09:34:11.608569,0 days 00:01:23.031151,18,11,34,COMPLETE
182,47671.798029739555,2025-07-30 09:32:48.623735,2025-07-30 09:34:09.440763,0 days 00:01:20.817028,18,11,33,COMPLETE
183,47671.798029739555,2025-07-30 09:32:48.684713,2025-07-30 09:34:10.726016,0 days 00:01:22.041303,18,11,33,COMPLETE
184,47671.798029739555,2025-07-30 09:32:48.763228,2025-07-30 09:34:18.125884,0 days 00:01:29.362656,18,11,33,COMPLETE
185,78518.29148284014,2025-07-30 09:32:48.836913,2025-07-30 09:34:16.173309,0 days 00:01:27.336396,18,11,34,COMPLETE
186,78518.29148284014,2025-07-30 09:32:48.946554,2025-07-30 09:34:18.292045,0 days 00:01:29.345491,18,11,34,COMPLETE
187,78518.29148284014,2025-07-30 09:32:48.964147,2025-07-30 09:35:30.194848,0 days 00:02:41.230701,18,11,34,COMPLETE
188,78518.29148284014,2025-07-30 09:32:49.003382,2025-07-30 09:33:36.787374,0 days 00:00:47.783992,18,11,34,COMPLETE
189,78518.29148284014,2025-07-30 09:32:49.022309,2025-07-30 09:34:18.959650,0 days 00:01:29.937341,18,11,34,COMPLETE
190,39052.370792706075,2025-07-30 09:32:49.115527,2025-07-30 09:33:37.931434,0 days 00:00:48.815907,18,11,32,COMPLETE
191,43217.73180811193,2025-07-30 09:32:49.262172,2025-07-30 09:34:18.630312,0 days 00:01:29.368140,17,11,34,COMPLETE
192,61307.55629076893,2025-07-30 09:32:49.316312,2025-07-30 09:34:19.948006,0 days 00:01:30.631694,18,10,34,COMPLETE
193,78518.29148284014,2025-07-30 09:32:49.513436,2025-07-30 09:34:16.643649,0 days 00:01:27.130213,18,11,34,COMPLETE
194,78518.29148284014,2025-07-30 09:32:49.578110,2025-07-30 09:34:20.906042,0 days 00:01:31.327932,18,11,34,COMPLETE
195,78518.29148284014,2025-07-30 09:32:49.596053,2025-07-30 09:35:30.884078,0 days 00:02:41.288025,18,11,34,COMPLETE
196,78518.29148284014,2025-07-30 09:32:49.774932,2025-07-30 09:34:21.785718,0 days 00:01:32.010786,18,11,34,COMPLETE
197,43630.73047267386,2025-07-30 09:32:50.006928,2025-07-30 09:33:39.614189,0 days 00:00:49.607261,16,11,34,COMPLETE
198,38189.8667407763,2025-07-30 09:32:50.067839,2025-07-30 09:35:36.489211,0 days 00:02:46.421372,17,11,32,COMPLETE
199,78518.29148284014,2025-07-30 09:32:50.109676,2025-07-30 09:35:31.484042,0 days 00:02:41.374366,18,11,34,COMPLETE
200,43217.73180811193,2025-07-30 09:32:50.448737,2025-07-30 09:34:20.808413,0 days 00:01:30.359676,17,11,34,COMPLETE
201,47671.798029739555,2025-07-30 09:32:50.772421,2025-07-30 09:39:03.254734,0 days 00:06:12.482313,18,11,33,COMPLETE
202,64868.251250884794,2025-07-30 09:32:51.010026,2025-07-30 09:34:23.102848,0 days 00:01:32.092822,18,12,33,COMPLETE
203,78518.29148284014,2025-07-30 09:32:51.107742,2025-07-30 09:34:23.456861,0 days 00:01:32.349119,18,11,34,COMPLETE
204,78518.29148284014,2025-07-30 09:32:51.252730,2025-07-30 09:34:22.595033,0 days 00:01:31.342303,18,11,34,COMPLETE
205,78518.29148284014,2025-07-30 09:32:51.736344,2025-07-30 09:37:40.829396,0 days 00:04:49.093052,18,11,34,COMPLETE
206,47671.798029739555,2025-07-30 09:32:52.069537,2025-07-30 09:34:24.769660,0 days 00:01:32.700123,18,11,33,COMPLETE
207,47671.798029739555,2025-07-30 09:32:52.195131,2025-07-30 09:34:25.053794,0 days 00:01:32.858663,18,11,33,COMPLETE
208,78518.29148284014,2025-07-30 09:32:52.360382,2025-07-30 09:34:29.286211,0 days 00:01:36.925829,18,11,34,COMPLETE
209,42579.31909841173,2025-07-30 09:32:52.585791,2025-07-30 09:34:29.735580,0 days 00:01:37.149789,18,11,30,COMPLETE
210,78518.29148284014,2025-07-30 09:32:52.692169,2025-07-30 09:33:42.927385,0 days 00:00:50.235216,18,11,34,COMPLETE
211,47671.798029739555,2025-07-30 09:32:52.730465,2025-07-30 09:35:49.090774,0 days 00:02:56.360309,18,11,33,COMPLETE
212,47422.82871376254,2025-07-30 09:32:52.757765,2025-07-30 09:33:42.016852,0 days 00:00:49.259087,18,12,32,COMPLETE
213,47671.798029739555,2025-07-30 09:32:52.974541,2025-07-30 09:35:50.384735,0 days 00:02:57.410194,18,11,33,COMPLETE
214,78518.29148284014,2025-07-30 09:32:53.128542,2025-07-30 09:33:42.843550,0 days 00:00:49.715008,18,11,34,COMPLETE
215,78518.29148284014,2025-07-30 09:32:53.543453,2025-07-30 09:34:28.901530,0 days 00:01:35.358077,18,11,34,COMPLETE
216,85091.65211562674,2025-07-30 09:32:53.689163,2025-07-30 09:34:30.304811,0 days 00:01:36.615648,19,11,34,COMPLETE
217,78518.29148284014,2025-07-30 09:32:53.707781,2025-07-30 09:34:30.093794,0 days 00:01:36.386013,18,11,34,COMPLETE
218,78518.29148284014,2025-07-30 09:32:53.805039,2025-07-30 09:34:29.742043,0 days 00:01:35.937004,18,11,34,COMPLETE
219,78518.29148284014,2025-07-30 09:32:53.964485,2025-07-30 09:34:32.090771,0 days 00:01:38.126286,18,11,34,COMPLETE
220,78518.29148284014,2025-07-30 09:32:54.029706,2025-07-30 09:34:29.231547,0 days 00:01:35.201841,18,11,34,COMPLETE
221,78518.29148284014,2025-07-30 09:32:54.179309,2025-07-30 09:35:57.993132,0 days 00:03:03.813823,18,11,34,COMPLETE
222,78518.29148284014,2025-07-30 09:32:54.205198,2025-07-30 09:34:32.934167,0 days 00:01:38.728969,18,11,34,COMPLETE
223,78518.29148284014,2025-07-30 09:32:54.432780,2025-07-30 09:34:34.256827,0 days 00:01:39.824047,18,11,34,COMPLETE
224,78518.29148284014,2025-07-30 09:32:54.492606,2025-07-30 09:34:34.555809,0 days 00:01:40.063203,18,11,34,COMPLETE
225,78518.29148284014,2025-07-30 09:32:54.563024,2025-07-30 09:33:43.540727,0 days 00:00:48.977703,18,11,34,COMPLETE
226,84954.80135155946,2025-07-30 09:32:54.756197,2025-07-30 09:34:33.546745,0 days 00:01:38.790548,18,12,34,COMPLETE
227,78518.29148284014,2025-07-30 09:32:54.878582,2025-07-30 09:34:35.338102,0 days 00:01:40.459520,18,11,34,COMPLETE
228,78518.29148284014,2025-07-30 09:32:55.071635,2025-07-30 09:34:34.508313,0 days 00:01:39.436678,18,11,34,COMPLETE
229,47671.798029739555,2025-07-30 09:32:55.114003,2025-07-30 09:33:45.907217,0 days 00:00:50.793214,18,11,33,COMPLETE
230,39052.370792706075,2025-07-30 09:32:55.265812,2025-07-30 09:33:45.405510,0 days 00:00:50.139698,18,11,32,COMPLETE
231,39052.370792706075,2025-07-30 09:32:55.348863,2025-07-30 09:33:45.919506,0 days 00:00:50.570643,18,11,32,COMPLETE
232,47422.82871376254,2025-07-30 09:32:55.360349,2025-07-30 09:36:03.118181,0 days 00:03:07.757832,18,12,32,COMPLETE
233,39052.370792706075,2025-07-30 09:32:55.444425,2025-07-30 09:34:37.642615,0 days 00:01:42.198190,18,11,32,COMPLETE
234,39052.370792706075,2025-07-30 09:32:55.460528,2025-07-30 09:33:46.299156,0 days 00:00:50.838628,18,11,32,COMPLETE
235,33710.79494322997,2025-07-30 09:32:55.461576,2025-07-30 09:36:07.253106,0 days 00:03:11.791530,18,11,31,COMPLETE
236,105999.47975045549,2025-07-30 09:32:55.567136,2025-07-30 09:34:36.741592,0 days 00:01:41.174456,18,11,35,COMPLETE
237,85091.65211562674,2025-07-30 09:32:55.574789,2025-07-30 09:34:37.015810,0 days 00:01:41.441021,19,11,34,COMPLETE
238,78518.29148284014,2025-07-30 09:32:55.602211,2025-07-30 09:36:07.904762,0 days 00:03:12.302551,18,11,34,COMPLETE
239,39491.32856270885,2025-07-30 09:32:55.705086,2025-07-30 09:34:39.481800,0 days 00:01:43.776714,18,7,35,COMPLETE
240,49558.68993888398,2025-07-30 09:32:55.827084,2025-07-30 09:34:38.835095,0 days 00:01:43.008011,18,9,35,COMPLETE
241,49287.437975120156,2025-07-30 09:32:55.873413,2025-07-30 09:33:47.003215,0 days 00:00:51.129802,18,7,34,COMPLETE
242,49558.68993888398,2025-07-30 09:32:55.899894,2025-07-30 09:34:40.185995,0 days 00:01:44.286101,18,9,35,COMPLETE
243,49558.68993888398,2025-07-30 09:32:55.902167,2025-07-30 09:36:16.957696,0 days 00:03:21.055529,18,9,35,COMPLETE
244,49558.68993888398,2025-07-30 09:32:56.001403,2025-07-30 09:33:47.468844,0 days 00:00:51.467441,18,9,35,COMPLETE
245,49558.68993888398,2025-07-30 09:32:56.016656,2025-07-30 09:36:15.616713,0 days 00:03:19.600057,18,9,35,COMPLETE
246,39491.32856270885,2025-07-30 09:32:56.036940,2025-07-30 09:34:45.063221,0 days 00:01:49.026281,18,7,35,COMPLETE
247,49558.68993888398,2025-07-30 09:32:56.050975,2025-07-30 09:33:48.567986,0 days 00:00:52.517011,18,9,35,COMPLETE
248,49558.68993888398,2025-07-30 09:32:56.089907,2025-07-30 09:36:21.640872,0 days 00:03:25.550965,18,9,35,COMPLETE
249,56230.599669335046,2025-07-30 09:32:56.094788,2025-07-30 09:36:21.234005,0 days 00:03:25.139217,18,9,34,COMPLETE
250,56230.599669335046,2025-07-30 09:32:56.096802,2025-07-30 09:34:49.862101,0 days 00:01:53.765299,18,9,34,COMPLETE
251,49558.68993888398,2025-07-30 09:32:56.098475,2025-07-30 09:34:48.573550,0 days 00:01:52.475075,18,9,35,COMPLETE
252,49558.68993888398,2025-07-30 09:32:56.099195,2025-07-30 09:34:48.673904,0 days 00:01:52.574709,18,9,35,COMPLETE
253,49558.68993888398,2025-07-30 09:32:56.104478,2025-07-30 09:34:46.652081,0 days 00:01:50.547603,18,9,35,COMPLETE
254,49558.68993888398,2025-07-30 09:32:56.107796,2025-07-30 09:34:49.553719,0 days 00:01:53.445923,18,9,35,COMPLETE
255,49558.68993888398,2025-07-30 09:32:56.115447,2025-07-30 09:33:51.975033,0 days 00:00:55.859586,18,9,35,COMPLETE
256,49558.68993888398,2025-07-30 09:32:56.122711,2025-07-30 09:33:51.375381,0 days 00:00:55.252670,18,9,35,COMPLETE
257,49558.68993888398,2025-07-30 09:32:56.130254,2025-07-30 09:33:52.040390,0 days 00:00:55.910136,18,9,35,COMPLETE
258,49558.68993888398,2025-07-30 09:32:56.133080,2025-07-30 09:34:54.891537,0 days 00:01:58.758457,18,9,35,COMPLETE
259,49558.68993888398,2025-07-30 09:32:56.133987,2025-07-30 09:33:52.073551,0 days 00:00:55.939564,18,9,35,COMPLETE
260,49558.68993888398,2025-07-30 09:32:56.136895,2025-07-30 09:38:38.995157,0 days 00:05:42.858262,18,9,35,COMPLETE
261,49558.68993888398,2025-07-30 09:32:56.142034,2025-07-30 09:34:53.242180,0 days 00:01:57.100146,18,9,35,COMPLETE
262,56230.599669335046,2025-07-30 09:32:56.144726,2025-07-30 09:36:51.157610,0 days 00:03:55.012884,18,9,34,COMPLETE
263,49558.68993888398,2025-07-30 09:32:56.146496,2025-07-30 09:34:59.740077,0 days 00:02:03.593581,18,9,35,COMPLETE
264,49558.68993888398,2025-07-30 09:32:56.148830,2025-07-30 09:34:57.820219,0 days 00:02:01.671389,18,9,35,COMPLETE
265,49558.68993888398,2025-07-30 09:32:56.150394,2025-07-30 09:36:39.194129,0 days 00:03:43.043735,18,9,35,COMPLETE
266,34873.76291860396,2025-07-30 09:32:56.152910,2025-07-30 09:34:59.199268,0 days 00:02:03.046358,18,9,33,COMPLETE
267,34873.76291860396,2025-07-30 09:32:56.154747,2025-07-30 09:33:54.883153,0 days 00:00:58.728406,18,9,33,COMPLETE
268,49558.68993888398,2025-07-30 09:32:56.156172,2025-07-30 09:34:59.892853,0 days 00:02:03.736681,18,9,35,COMPLETE
269,37671.605173296106,2025-07-30 09:32:56.159516,2025-07-30 09:34:58.751441,0 days 00:02:02.591925,17,9,35,COMPLETE
270,49558.68993888398,2025-07-30 09:32:56.160913,2025-07-30 09:34:59.638121,0 days 00:02:03.477208,18,9,35,COMPLETE
271,49558.68993888398,2025-07-30 09:32:56.162336,2025-07-30 09:36:45.611798,0 days 00:03:49.449462,18,9,35,COMPLETE
272,56230.599669335046,2025-07-30 09:32:56.171892,2025-07-30 09:35:01.442701,0 days 00:02:05.270809,18,9,34,COMPLETE
273,49558.68993888398,2025-07-30 09:32:56.178105,2025-07-30 09:35:06.567917,0 days 00:02:10.389812,18,9,35,COMPLETE
274,49558.68993888398,2025-07-30 09:32:56.180408,2025-07-30 09:33:56.314002,0 days 00:01:00.133594,18,9,35,COMPLETE
275,49558.68993888398,2025-07-30 09:32:56.182075,2025-07-30 09:37:00.079705,0 days 00:04:03.897630,18,9,35,COMPLETE
276,56230.599669335046,2025-07-30 09:32:56.190356,2025-07-30 09:35:01.058882,0 days 00:02:04.868526,18,9,34,COMPLETE
277,37671.605173296106,2025-07-30 09:32:56.192752,2025-07-30 09:35:02.577886,0 days 00:02:06.385134,17,9,35,COMPLETE
278,49558.68993888398,2025-07-30 09:32:56.194913,2025-07-30 09:35:04.290816,0 days 00:02:08.095903,18,9,35,COMPLETE
279,49558.68993888398,2025-07-30 09:32:56.200235,2025-07-30 09:35:01.919027,0 days 00:02:05.718792,18,9,35,COMPLETE
280,49558.68993888398,2025-07-30 09:32:56.200975,2025-07-30 09:35:02.906164,0 days 00:02:06.705189,18,9,35,COMPLETE
281,49558.68993888398,2025-07-30 09:32:56.203073,2025-07-30 09:35:05.921731,0 days 00:02:09.718658,18,9,35,COMPLETE
282,49558.68993888398,2025-07-30 09:32:56.207502,2025-07-30 09:35:11.743582,0 days 00:02:15.536080,18,9,35,COMPLETE
283,49558.68993888398,2025-07-30 09:32:56.213856,2025-07-30 09:35:11.096953,0 days 00:02:14.883097,18,9,35,COMPLETE
284,49558.68993888398,2025-07-30 09:32:56.218208,2025-07-30 09:35:10.692355,0 days 00:02:14.474147,18,9,35,COMPLETE
285,49558.68993888398,2025-07-30 09:32:56.222261,2025-07-30 09:35:08.364827,0 days 00:02:12.142566,18,9,35,COMPLETE
286,49558.68993888398,2025-07-30 09:32:56.230468,2025-07-30 09:35:07.093339,0 days 00:02:10.862871,18,9,35,COMPLETE
287,49558.68993888398,2025-07-30 09:32:56.236879,2025-07-30 09:35:06.888578,0 days 00:02:10.651699,18,9,35,COMPLETE
288,49558.68993888398,2025-07-30 09:32:56.238667,2025-07-30 09:33:59.443592,0 days 00:01:03.204925,18,9,35,COMPLETE
289,37671.605173296106,2025-07-30 09:32:56.241471,2025-07-30 09:35:07.195041,0 days 00:02:10.953570,17,9,35,COMPLETE
290,49558.68993888398,2025-07-30 09:32:56.256071,2025-07-30 09:34:00.656035,0 days 00:01:04.399964,18,9,35,COMPLETE
291,49558.68993888398,2025-07-30 09:32:56.256892,2025-07-30 09:35:13.887525,0 days 00:02:17.630633,18,9,35,COMPLETE
292,49558.68993888398,2025-07-30 09:32:56.261045,2025-07-30 09:37:06.616598,0 days 00:04:10.355553,18,9,35,COMPLETE
293,56230.599669335046,2025-07-30 09:32:56.266719,2025-07-30 09:37:05.913722,0 days 00:04:09.647003,18,9,34,COMPLETE
294,49558.68993888398,2025-07-30 09:32:56.268180,2025-07-30 09:35:15.915812,0 days 00:02:19.647632,18,9,35,COMPLETE
295,49558.68993888398,2025-07-30 09:32:56.271066,2025-07-30 09:34:00.393075,0 days 00:01:04.122009,18,9,35,COMPLETE
296,49558.68993888398,2025-07-30 09:32:56.272794,2025-07-30 09:35:17.670789,0 days 00:02:21.397995,18,9,35,COMPLETE
297,49558.68993888398,2025-07-30 09:32:56.273917,2025-07-30 09:38:56.579802,0 days 00:06:00.305885,18,9,35,COMPLETE
298,34873.76291860396,2025-07-30 09:32:56.274980,2025-07-30 09:35:14.311719,0 days 00:02:18.036739,18,9,33,COMPLETE
299,49558.68993888398,2025-07-30 09:32:56.277114,2025-07-30 09:35:16.952306,0 days 00:02:20.675192,18,9,35,COMPLETE
300,39491.32856270885,2025-07-30 09:32:56.285148,2025-07-30 09:34:05.431504,0 days 00:01:09.146356,18,7,35,COMPLETE
301,39491.32856270885,2025-07-30 09:32:56.286780,2025-07-30 09:34:05.553075,0 days 00:01:09.266295,18,7,35,COMPLETE
302,49558.68993888398,2025-07-30 09:32:56.289834,2025-07-30 09:35:18.878925,0 days 00:02:22.589091,18,9,35,COMPLETE
303,56230.599669335046,2025-07-30 09:32:56.290733,2025-07-30 09:33:33.739740,0 days 00:00:37.449007,18,9,34,COMPLETE
304,49558.68993888398,2025-07-30 09:32:56.294230,2025-07-30 09:34:05.277537,0 days 00:01:08.983307,18,9,35,COMPLETE
305,49558.68993888398,2025-07-30 09:32:56.301650,2025-07-30 09:34:04.943972,0 days 00:01:08.642322,18,9,35,COMPLETE
306,49558.68993888398,2025-07-30 09:32:56.302277,2025-07-30 09:35:15.756498,0 days 00:02:19.454221,18,9,35,COMPLETE
307,49558.68993888398,2025-07-30 09:32:56.308491,2025-07-30 09:35:21.150875,0 days 00:02:24.842384,18,9,35,COMPLETE
308,49558.68993888398,2025-07-30 09:32:56.315700,2025-07-30 09:37:14.633178,0 days 00:04:18.317478,18,9,35,COMPLETE
309,49558.68993888398,2025-07-30 09:32:56.316996,2025-07-30 09:35:23.141231,0 days 00:02:26.824235,18,9,35,COMPLETE
310,49558.68993888398,2025-07-30 09:32:56.322975,2025-07-30 09:35:22.181782,0 days 00:02:25.858807,18,9,35,COMPLETE
311,34873.76291860396,2025-07-30 09:32:56.325435,2025-07-30 09:35:18.272265,0 days 00:02:21.946830,18,9,33,COMPLETE
312,49558.68993888398,2025-07-30 09:32:56.328840,2025-07-30 09:34:10.463349,0 days 00:01:14.134509,18,9,35,COMPLETE
313,49558.68993888398,2025-07-30 09:32:56.333824,2025-07-30 09:35:24.831540,0 days 00:02:28.497716,18,9,35,COMPLETE
314,49558.68993888398,2025-07-30 09:32:56.340308,2025-07-30 09:34:10.705737,0 days 00:01:14.365429,18,9,35,COMPLETE
315,49558.68993888398,2025-07-30 09:32:56.341314,2025-07-30 09:35:20.201448,0 days 00:02:23.860134,18,9,35,COMPLETE
316,56230.599669335046,2025-07-30 09:32:56.346337,2025-07-30 09:35:24.578166,0 days 00:02:28.231829,18,9,34,COMPLETE
317,39491.32856270885,2025-07-30 09:32:56.350108,2025-07-30 09:35:24.179819,0 days 00:02:27.829711,18,7,35,COMPLETE
318,49558.68993888398,2025-07-30 09:32:56.354289,2025-07-30 09:34:12.328917,0 days 00:01:15.974628,18,9,35,COMPLETE
319,49558.68993888398,2025-07-30 09:32:56.355781,2025-07-30 09:35:24.091457,0 days 00:02:27.735676,18,9,35,COMPLETE
320,37671.605173296106,2025-07-30 09:32:56.357992,2025-07-30 09:35:24.750466,0 days 00:02:28.392474,17,9,35,COMPLETE
321,39491.32856270885,2025-07-30 09:32:56.363317,2025-07-30 09:37:20.558405,0 days 00:04:24.195088,18,7,35,COMPLETE
322,56230.599669335046,2025-07-30 09:32:56.364857,2025-07-30 09:34:11.963782,0 days 00:01:15.598925,18,9,34,COMPLETE
323,49558.68993888398,2025-07-30 09:32:56.366282,2025-07-30 09:35:24.217162,0 days 00:02:27.850880,18,9,35,COMPLETE
324,49558.68993888398,2025-07-30 09:32:56.369307,2025-07-30 09:37:23.100861,0 days 00:04:26.731554,18,9,35,COMPLETE
325,56230.599669335046,2025-07-30 09:32:56.380090,2025-07-30 09:35:25.286655,0 days 00:02:28.906565,18,9,34,COMPLETE
326,49558.68993888398,2025-07-30 09:32:56.381877,2025-07-30 09:34:14.333509,0 days 00:01:17.951632,18,9,35,COMPLETE
327,49558.68993888398,2025-07-30 09:32:56.386833,2025-07-30 09:35:27.953691,0 days 00:02:31.566858,18,9,35,COMPLETE
328,49558.68993888398,2025-07-30 09:32:56.389020,2025-07-30 09:35:28.155243,0 days 00:02:31.766223,18,9,35,COMPLETE
329,34873.76291860396,2025-07-30 09:32:56.391145,2025-07-30 09:35:27.495970,0 days 00:02:31.104825,18,9,33,COMPLETE
330,34873.76291860396,2025-07-30 09:32:56.395210,2025-07-30 09:35:30.028582,0 days 00:02:33.633372,18,9,33,COMPLETE
331,49558.68993888398,2025-07-30 09:32:56.396526,2025-07-30 09:35:29.324415,0 days 00:02:32.927889,18,9,35,COMPLETE
332,49558.68993888398,2025-07-30 09:32:56.399337,2025-07-30 09:37:26.975956,0 days 00:04:30.576619,18,9,35,COMPLETE
333,49558.68993888398,2025-07-30 09:32:56.401175,2025-07-30 09:34:18.020918,0 days 00:01:21.619743,18,9,35,COMPLETE
334,56230.599669335046,2025-07-30 09:32:56.406124,2025-07-30 09:35:29.585870,0 days 00:02:33.179746,18,9,34,COMPLETE
335,49558.68993888398,2025-07-30 09:32:56.413199,2025-07-30 09:34:20.007792,0 days 00:01:23.594593,18,9,35,COMPLETE
336,39491.32856270885,2025-07-30 09:32:56.416541,2025-07-30 09:35:30.533620,0 days 00:02:34.117079,18,7,35,COMPLETE
337,49558.68993888398,2025-07-30 09:32:56.419268,2025-07-30 09:35:34.991950,0 days 00:02:38.572682,18,9,35,COMPLETE
338,49558.68993888398,2025-07-30 09:32:56.424104,2025-07-30 09:35:31.599110,0 days 00:02:35.175006,18,9,35,COMPLETE
339,56230.599669335046,2025-07-30 09:32:56.427677,2025-07-30 09:37:33.550115,0 days 00:04:37.122438,18,9,34,COMPLETE
340,49558.68993888398,2025-07-30 09:32:56.430313,2025-07-30 09:33:39.307573,0 days 00:00:42.877260,18,9,35,COMPLETE
341,49558.68993888398,2025-07-30 09:32:56.451786,2025-07-30 09:37:36.958072,0 days 00:04:40.506286,18,9,35,COMPLETE
342,56230.599669335046,2025-07-30 09:32:56.456627,2025-07-30 09:37:37.050443,0 days 00:04:40.593816,18,9,34,COMPLETE
343,49558.68993888398,2025-07-30 09:32:56.467156,2025-07-30 09:34:22.853518,0 days 00:01:26.386362,18,9,35,COMPLETE
344,49558.68993888398,2025-07-30 09:32:56.472628,2025-07-30 09:35:40.806871,0 days 00:02:44.334243,18,9,35,COMPLETE
345,49558.68993888398,2025-07-30 09:32:56.477080,2025-07-30 09:34:23.529175,0 days 00:01:27.052095,18,9,35,COMPLETE
346,49558.68993888398,2025-07-30 09:32:56.478302,2025-07-30 09:35:36.482657,0 days 00:02:40.004355,18,9,35,COMPLETE
347,49558.68993888398,2025-07-30 09:32:56.479609,2025-07-30 09:34:22.904818,0 days 00:01:26.425209,18,9,35,COMPLETE
348,49558.68993888398,2025-07-30 09:32:56.484723,2025-07-30 09:37:44.041457,0 days 00:04:47.556734,18,9,35,COMPLETE
349,49558.68993888398,2025-07-30 09:32:56.487039,2025-07-30 09:34:23.523997,0 days 00:01:27.036958,18,9,35,COMPLETE
350,39491.32856270885,2025-07-30 09:32:56.490111,2025-07-30 09:35:43.344821,0 days 00:02:46.854710,18,7,35,COMPLETE
351,56230.599669335046,2025-07-30 09:32:56.491116,2025-07-30 09:39:00.911592,0 days 00:06:04.420476,18,9,34,COMPLETE
352,49558.68993888398,2025-07-30 09:32:56.494410,2025-07-30 09:35:38.966543,0 days 00:02:42.472133,18,9,35,COMPLETE
353,37671.605173296106,2025-07-30 09:32:56.497189,2025-07-30 09:35:41.612116,0 days 00:02:45.114927,17,9,35,COMPLETE
354,56230.599669335046,2025-07-30 09:32:56.504040,2025-07-30 09:35:40.817598,0 days 00:02:44.313558,18,9,34,COMPLETE
355,49558.68993888398,2025-07-30 09:32:56.511358,2025-07-30 09:35:45.052579,0 days 00:02:48.541221,18,9,35,COMPLETE
356,49558.68993888398,2025-07-30 09:32:56.512558,2025-07-30 09:35:44.334991,0 days 00:02:47.822433,18,9,35,COMPLETE
357,49558.68993888398,2025-07-30 09:32:56.521075,2025-07-30 09:35:40.497151,0 days 00:02:43.976076,18,9,35,COMPLETE
358,49558.68993888398,2025-07-30 09:32:56.524498,2025-07-30 09:34:25.788914,0 days 00:01:29.264416,18,9,35,COMPLETE
359,49558.68993888398,2025-07-30 09:32:56.529169,2025-07-30 09:35:44.273619,0 days 00:02:47.744450,18,9,35,COMPLETE
360,71592.27573957406,2025-07-30 09:32:56.533209,2025-07-30 09:35:46.522052,0 days 00:02:49.988843,18,9,36,COMPLETE
361,49558.68993888398,2025-07-30 09:32:56.538251,2025-07-30 09:37:46.265855,0 days 00:04:49.727604,18,9,35,COMPLETE
362,49558.68993888398,2025-07-30 09:32:56.541085,2025-07-30 09:35:47.293776,0 days 00:02:50.752691,18,9,35,COMPLETE
363,56230.599669335046,2025-07-30 09:32:56.543007,2025-07-30 09:34:27.199327,0 days 00:01:30.656320,18,9,34,COMPLETE
364,49558.68993888398,2025-07-30 09:32:56.545069,2025-07-30 09:35:49.562622,0 days 00:02:53.017553,18,9,35,COMPLETE
365,56230.599669335046,2025-07-30 09:32:56.554880,2025-07-30 09:35:49.723205,0 days 00:02:53.168325,18,9,34,COMPLETE
366,49558.68993888398,2025-07-30 09:32:56.558585,2025-07-30 09:35:50.248514,0 days 00:02:53.689929,18,9,35,COMPLETE
367,56230.599669335046,2025-07-30 09:32:56.560071,2025-07-30 09:37:47.032124,0 days 00:04:50.472053,18,9,34,COMPLETE
368,37671.605173296106,2025-07-30 09:32:56.562292,2025-07-30 09:35:50.078974,0 days 00:02:53.516682,17,9,35,COMPLETE
369,49558.68993888398,2025-07-30 09:32:56.566795,2025-07-30 09:35:50.865084,0 days 00:02:54.298289,18,9,35,COMPLETE
370,49558.68993888398,2025-07-30 09:32:56.570982,2025-07-30 09:37:46.062274,0 days 00:04:49.491292,18,9,35,COMPLETE
371,49558.68993888398,2025-07-30 09:32:56.578491,2025-07-30 09:37:55.330860,0 days 00:04:58.752369,18,9,35,COMPLETE
372,56230.599669335046,2025-07-30 09:32:56.600126,2025-07-30 09:37:55.027440,0 days 00:04:58.427314,18,9,34,COMPLETE
373,56230.599669335046,2025-07-30 09:32:56.607293,2025-07-30 09:35:56.326385,0 days 00:02:59.719092,18,9,34,COMPLETE
374,49558.68993888398,2025-07-30 09:32:56.638629,2025-07-30 09:35:53.448757,0 days 00:02:56.810128,18,9,35,COMPLETE
375,49558.68993888398,2025-07-30 09:32:56.689785,2025-07-30 09:35:54.451207,0 days 00:02:57.761422,18,9,35,COMPLETE
376,49558.68993888398,2025-07-30 09:32:56.706573,2025-07-30 09:35:59.496999,0 days 00:03:02.790426,18,9,35,COMPLETE
377,56230.599669335046,2025-07-30 09:32:56.775784,2025-07-30 09:35:54.756934,0 days 00:02:57.981150,18,9,34,COMPLETE
378,49558.68993888398,2025-07-30 09:32:56.933680,2025-07-30 09:36:04.440835,0 days 00:03:07.507155,18,9,35,COMPLETE
379,49558.68993888398,2025-07-30 09:32:56.995045,2025-07-30 09:34:33.927431,0 days 00:01:36.932386,18,9,35,COMPLETE
380,49558.68993888398,2025-07-30 09:32:57.073675,2025-07-30 09:34:32.910033,0 days 00:01:35.836358,18,9,35,COMPLETE
381,49558.68993888398,2025-07-30 09:32:57.098228,2025-07-30 09:35:57.425892,0 days 00:03:00.327664,18,9,35,COMPLETE
382,49558.68993888398,2025-07-30 09:32:57.126993,2025-07-30 09:35:58.659911,0 days 00:03:01.532918,18,9,35,COMPLETE
383,49558.68993888398,2025-07-30 09:32:57.138511,2025-07-30 09:36:03.582082,0 days 00:03:06.443571,18,9,35,COMPLETE
384,56230.599669335046,2025-07-30 09:32:57.151339,2025-07-30 09:36:01.606878,0 days 00:03:04.455539,18,9,34,COMPLETE
385,56230.599669335046,2025-07-30 09:32:57.186015,2025-07-30 09:37:56.888768,0 days 00:04:59.702753,18,9,34,COMPLETE
386,49558.68993888398,2025-07-30 09:32:57.211076,2025-07-30 09:36:01.961113,0 days 00:03:04.750037,18,9,35,COMPLETE
387,49558.68993888398,2025-07-30 09:32:57.221267,2025-07-30 09:36:02.803486,0 days 00:03:05.582219,18,9,35,COMPLETE
388,49558.68993888398,2025-07-30 09:32:57.256730,2025-07-30 09:36:04.717103,0 days 00:03:07.460373,18,9,35,COMPLETE
389,49558.68993888398,2025-07-30 09:32:57.285857,2025-07-30 09:36:02.933870,0 days 00:03:05.648013,18,9,35,COMPLETE
390,34873.76291860396,2025-07-30 09:32:57.288069,2025-07-30 09:38:04.433335,0 days 00:05:07.145266,18,9,33,COMPLETE
391,34873.76291860396,2025-07-30 09:32:57.289925,2025-07-30 09:36:06.072715,0 days 00:03:08.782790,18,9,33,COMPLETE
392,56230.599669335046,2025-07-30 09:32:57.308258,2025-07-30 09:36:06.863205,0 days 00:03:09.554947,18,9,34,COMPLETE
393,49558.68993888398,2025-07-30 09:32:57.349411,2025-07-30 09:34:35.992980,0 days 00:01:38.643569,18,9,35,COMPLETE
394,49558.68993888398,2025-07-30 09:32:57.427093,2025-07-30 09:36:06.864869,0 days 00:03:09.437776,18,9,35,COMPLETE
395,49558.68993888398,2025-07-30 09:32:57.439542,2025-07-30 09:36:05.770913,0 days 00:03:08.331371,18,9,35,COMPLETE
396,49558.68993888398,2025-07-30 09:32:57.455627,2025-07-30 09:34:38.263220,0 days 00:01:40.807593,18,9,35,COMPLETE
397,49558.68993888398,2025-07-30 09:32:57.478876,2025-07-30 09:39:19.526745,0 days 00:06:22.047869,18,9,35,COMPLETE
398,49558.68993888398,2025-07-30 09:32:57.482644,2025-07-30 09:34:38.936063,0 days 00:01:41.453419,18,9,35,COMPLETE
399,56230.599669335046,2025-07-30 09:32:57.486714,2025-07-30 09:36:07.843166,0 days 00:03:10.356452,18,9,34,COMPLETE
400,49558.68993888398,2025-07-30 09:32:57.489359,2025-07-30 09:34:37.985234,0 days 00:01:40.495875,18,9,35,COMPLETE
401,39491.32856270885,2025-07-30 09:32:57.493727,2025-07-30 09:36:05.925018,0 days 00:03:08.431291,18,7,35,COMPLETE
402,49558.68993888398,2025-07-30 09:32:57.499405,2025-07-30 09:36:09.744570,0 days 00:03:12.245165,18,9,35,COMPLETE
403,39491.32856270885,2025-07-30 09:32:57.501075,2025-07-30 09:38:10.890623,0 days 00:05:13.389548,18,7,35,COMPLETE
404,71592.27573957406,2025-07-30 09:32:57.503424,2025-07-30 09:36:11.730590,0 days 00:03:14.227166,18,9,36,COMPLETE
405,49558.68993888398,2025-07-30 09:32:57.508983,2025-07-30 09:36:11.537542,0 days 00:03:14.028559,18,9,35,COMPLETE
406,49558.68993888398,2025-07-30 09:32:57.511186,2025-07-30 09:34:40.278434,0 days 00:01:42.767248,18,9,35,COMPLETE
407,49558.68993888398,2025-07-30 09:32:57.515696,2025-07-30 09:39:21.599223,0 days 00:06:24.083527,18,9,35,COMPLETE
408,49558.68993888398,2025-07-30 09:32:57.519914,2025-07-30 09:39:18.463427,0 days 00:06:20.943513,18,9,35,COMPLETE
409,49558.68993888398,2025-07-30 09:32:57.525481,2025-07-30 09:36:10.437986,0 days 00:03:12.912505,18,9,35,COMPLETE
410,39491.32856270885,2025-07-30 09:32:57.526871,2025-07-30 09:34:40.413821,0 days 00:01:42.886950,18,7,35,COMPLETE
411,49558.68993888398,2025-07-30 09:32:57.532260,2025-07-30 09:34:41.194098,0 days 00:01:43.661838,18,9,35,COMPLETE
412,56230.599669335046,2025-07-30 09:32:57.536971,2025-07-30 09:36:18.976083,0 days 00:03:21.439112,18,9,34,COMPLETE
413,49558.68993888398,2025-07-30 09:32:57.543843,2025-07-30 09:36:13.021622,0 days 00:03:15.477779,18,9,35,COMPLETE
414,49558.68993888398,2025-07-30 09:32:57.545019,2025-07-30 09:36:15.094428,0 days 00:03:17.549409,18,9,35,COMPLETE
415,39491.32856270885,2025-07-30 09:32:57.546311,2025-07-30 09:34:41.398321,0 days 00:01:43.852010,18,7,35,COMPLETE
416,37671.605173296106,2025-07-30 09:32:57.547284,2025-07-30 09:36:16.297270,0 days 00:03:18.749986,17,9,35,COMPLETE
417,49558.68993888398,2025-07-30 09:32:57.552407,2025-07-30 09:36:17.039431,0 days 00:03:19.487024,18,9,35,COMPLETE
418,49558.68993888398,2025-07-30 09:32:57.553621,2025-07-30 09:34:42.487910,0 days 00:01:44.934289,18,9,35,COMPLETE
419,56230.599669335046,2025-07-30 09:32:57.554586,2025-07-30 09:36:21.969958,0 days 00:03:24.415372,18,9,34,COMPLETE
420,49558.68993888398,2025-07-30 09:32:57.557445,2025-07-30 09:34:44.368689,0 days 00:01:46.811244,18,9,35,COMPLETE
421,49558.68993888398,2025-07-30 09:32:57.559129,2025-07-30 09:36:20.271648,0 days 00:03:22.712519,18,9,35,COMPLETE
422,49558.68993888398,2025-07-30 09:32:57.560441,2025-07-30 09:34:44.421478,0 days 00:01:46.861037,18,9,35,COMPLETE
423,56230.599669335046,2025-07-30 09:32:57.568176,2025-07-30 09:36:16.776765,0 days 00:03:19.208589,18,9,34,COMPLETE
424,49558.68993888398,2025-07-30 09:32:57.570511,2025-07-30 09:38:24.210119,0 days 00:05:26.639608,18,9,35,COMPLETE
425,49558.68993888398,2025-07-30 09:32:57.573282,2025-07-30 09:34:47.046845,0 days 00:01:49.473563,18,9,35,COMPLETE
426,49558.68993888398,2025-07-30 09:32:57.575193,2025-07-30 09:36:20.309840,0 days 00:03:22.734647,18,9,35,COMPLETE
427,49558.68993888398,2025-07-30 09:32:57.580174,2025-07-30 09:34:44.690134,0 days 00:01:47.109960,18,9,35,COMPLETE
428,49558.68993888398,2025-07-30 09:32:57.585123,2025-07-30 09:38:20.839594,0 days 00:05:23.254471,18,9,35,COMPLETE
429,49558.68993888398,2025-07-30 09:32:57.589494,2025-07-30 09:36:23.239185,0 days 00:03:25.649691,18,9,35,COMPLETE
430,49558.68993888398,2025-07-30 09:32:57.595366,2025-07-30 09:39:22.081590,0 days 00:06:24.486224,18,9,35,COMPLETE
431,49558.68993888398,2025-07-30 09:32:57.599629,2025-07-30 09:36:20.386384,0 days 00:03:22.786755,18,9,35,COMPLETE
432,49558.68993888398,2025-07-30 09:32:57.601080,2025-07-30 09:38:25.802678,0 days 00:05:28.201598,18,9,35,COMPLETE
433,49558.68993888398,2025-07-30 09:32:57.603978,2025-07-30 09:36:25.645691,0 days 00:03:28.041713,18,9,35,COMPLETE
434,49558.68993888398,2025-07-30 09:32:57.606966,2025-07-30 09:34:45.565687,0 days 00:01:47.958721,18,9,35,COMPLETE
435,49558.68993888398,2025-07-30 09:32:57.608467,2025-07-30 09:38:24.306533,0 days 00:05:26.698066,18,9,35,COMPLETE
436,49558.68993888398,2025-07-30 09:32:57.610292,2025-07-30 09:36:24.474658,0 days 00:03:26.864366,18,9,35,COMPLETE
437,49558.68993888398,2025-07-30 09:32:57.612234,2025-07-30 09:36:23.491928,0 days 00:03:25.879694,18,9,35,COMPLETE
438,49558.68993888398,2025-07-30 09:32:57.618909,2025-07-30 09:36:24.529904,0 days 00:03:26.910995,18,9,35,COMPLETE
439,56230.599669335046,2025-07-30 09:32:57.622956,2025-07-30 09:36:26.071338,0 days 00:03:28.448382,18,9,34,COMPLETE
440,49558.68993888398,2025-07-30 09:32:57.625403,2025-07-30 09:36:23.576912,0 days 00:03:25.951509,18,9,35,COMPLETE
441,49558.68993888398,2025-07-30 09:32:57.630514,2025-07-30 09:36:28.219604,0 days 00:03:30.589090,18,9,35,COMPLETE
442,49558.68993888398,2025-07-30 09:32:57.638077,2025-07-30 09:34:50.521875,0 days 00:01:52.883798,18,9,35,COMPLETE
443,49558.68993888398,2025-07-30 09:32:57.639302,2025-07-30 09:34:49.637059,0 days 00:01:51.997757,18,9,35,COMPLETE
444,49558.68993888398,2025-07-30 09:32:57.644343,2025-07-30 09:38:29.457403,0 days 00:05:31.813060,18,9,35,COMPLETE
445,49558.68993888398,2025-07-30 09:32:57.646566,2025-07-30 09:36:31.238444,0 days 00:03:33.591878,18,9,35,COMPLETE
446,39491.32856270885,2025-07-30 09:32:57.649352,2025-07-30 09:33:50.741779,0 days 00:00:53.092427,18,7,35,COMPLETE
447,49558.68993888398,2025-07-30 09:32:57.651455,2025-07-30 09:38:29.678938,0 days 00:05:32.027483,18,9,35,COMPLETE
448,34873.76291860396,2025-07-30 09:32:57.656982,2025-07-30 09:34:50.948696,0 days 00:01:53.291714,18,9,33,COMPLETE
449,49558.68993888398,2025-07-30 09:32:57.659334,2025-07-30 09:38:32.448268,0 days 00:05:34.788934,18,9,35,COMPLETE
450,49558.68993888398,2025-07-30 09:32:57.661689,2025-07-30 09:36:30.438634,0 days 00:03:32.776945,18,9,35,COMPLETE
451,49558.68993888398,2025-07-30 09:32:57.665320,2025-07-30 09:36:30.873018,0 days 00:03:33.207698,18,9,35,COMPLETE
452,49558.68993888398,2025-07-30 09:32:57.667962,2025-07-30 09:36:30.640561,0 days 00:03:32.972599,18,9,35,COMPLETE
453,49558.68993888398,2025-07-30 09:32:57.669069,2025-07-30 09:34:51.154014,0 days 00:01:53.484945,18,9,35,COMPLETE
454,39491.32856270885,2025-07-30 09:32:57.670535,2025-07-30 09:36:35.891593,0 days 00:03:38.221058,18,7,35,COMPLETE
455,49558.68993888398,2025-07-30 09:32:57.672217,2025-07-30 09:36:32.983091,0 days 00:03:35.310874,18,9,35,COMPLETE
456,34873.76291860396,2025-07-30 09:32:57.673515,2025-07-30 09:34:50.477462,0 days 00:01:52.803947,18,9,33,COMPLETE
457,49558.68993888398,2025-07-30 09:32:57.681147,2025-07-30 09:36:35.219670,0 days 00:03:37.538523,18,9,35,COMPLETE
458,49558.68993888398,2025-07-30 09:32:57.682631,2025-07-30 09:36:32.657708,0 days 00:03:34.975077,18,9,35,COMPLETE
459,49558.68993888398,2025-07-30 09:32:57.687428,2025-07-30 09:38:36.090446,0 days 00:05:38.403018,18,9,35,COMPLETE
460,49558.68993888398,2025-07-30 09:32:57.694153,2025-07-30 09:36:34.805985,0 days 00:03:37.111832,18,9,35,COMPLETE
461,49558.68993888398,2025-07-30 09:32:57.697536,2025-07-30 09:36:35.036155,0 days 00:03:37.338619,18,9,35,COMPLETE
462,49558.68993888398,2025-07-30 09:32:57.700625,2025-07-30 09:36:37.018217,0 days 00:03:39.317592,18,9,35,COMPLETE
463,56230.599669335046,2025-07-30 09:32:57.709246,2025-07-30 09:34:53.517091,0 days 00:01:55.807845,18,9,34,COMPLETE
464,49558.68993888398,2025-07-30 09:32:57.711972,2025-07-30 09:34:55.025812,0 days 00:01:57.313840,18,9,35,COMPLETE
465,49558.68993888398,2025-07-30 09:32:57.715860,2025-07-30 09:34:58.893540,0 days 00:02:01.177680,18,9,35,COMPLETE
466,49558.68993888398,2025-07-30 09:32:57.721104,2025-07-30 09:36:38.817648,0 days 00:03:41.096544,18,9,35,COMPLETE
467,49558.68993888398,2025-07-30 09:32:57.725114,2025-07-30 09:38:44.787650,0 days 00:05:47.062536,18,9,35,COMPLETE
468,49558.68993888398,2025-07-30 09:32:57.730208,2025-07-30 09:38:48.120231,0 days 00:05:50.390023,18,9,35,COMPLETE
469,49558.68993888398,2025-07-30 09:32:57.731521,2025-07-30 09:36:39.540628,0 days 00:03:41.809107,18,9,35,COMPLETE
470,37671.605173296106,2025-07-30 09:32:57.733594,2025-07-30 09:34:55.859122,0 days 00:01:58.125528,17,9,35,COMPLETE
471,49558.68993888398,2025-07-30 09:32:57.735648,2025-07-30 09:38:50.182954,0 days 00:05:52.447306,18,9,35,COMPLETE
472,34873.76291860396,2025-07-30 09:32:57.736881,2025-07-30 09:38:46.371787,0 days 00:05:48.634906,18,9,33,COMPLETE
473,34873.76291860396,2025-07-30 09:32:57.740440,2025-07-30 09:39:28.418522,0 days 00:06:30.678082,18,9,33,COMPLETE
474,49558.68993888398,2025-07-30 09:32:57.742255,2025-07-30 09:36:42.271168,0 days 00:03:44.528913,18,9,35,COMPLETE
475,49558.68993888398,2025-07-30 09:32:57.746874,2025-07-30 09:34:58.496783,0 days 00:02:00.749909,18,9,35,COMPLETE
476,49558.68993888398,2025-07-30 09:32:57.750439,2025-07-30 09:36:49.319133,0 days 00:03:51.568694,18,9,35,COMPLETE
477,49558.68993888398,2025-07-30 09:32:57.752679,2025-07-30 09:34:59.890762,0 days 00:02:02.138083,18,9,35,COMPLETE
478,49558.68993888398,2025-07-30 09:32:57.759614,2025-07-30 09:36:40.655519,0 days 00:03:42.895905,18,9,35,COMPLETE
479,49558.68993888398,2025-07-30 09:32:57.763986,2025-07-30 09:36:43.824712,0 days 00:03:46.060726,18,9,35,COMPLETE
480,49558.68993888398,2025-07-30 09:32:57.767269,2025-07-30 09:34:56.974027,0 days 00:01:59.206758,18,9,35,COMPLETE
481,49558.68993888398,2025-07-30 09:32:57.768492,2025-07-30 09:36:47.105089,0 days 00:03:49.336597,18,9,35,COMPLETE
482,56230.599669335046,2025-07-30 09:32:57.771083,2025-07-30 09:36:41.756790,0 days 00:03:43.985707,18,9,34,COMPLETE
483,49558.68993888398,2025-07-30 09:32:57.771848,2025-07-30 09:38:48.887437,0 days 00:05:51.115589,18,9,35,COMPLETE
484,56230.599669335046,2025-07-30 09:32:57.772850,2025-07-30 09:36:44.020452,0 days 00:03:46.247602,18,9,34,COMPLETE
485,37671.605173296106,2025-07-30 09:32:57.774159,2025-07-30 09:36:53.281643,0 days 00:03:55.507484,17,9,35,COMPLETE
486,49558.68993888398,2025-07-30 09:32:57.776089,2025-07-30 09:36:49.383262,0 days 00:03:51.607173,18,9,35,COMPLETE
487,56230.599669335046,2025-07-30 09:32:57.780919,2025-07-30 09:36:51.164324,0 days 00:03:53.383405,18,9,34,COMPLETE
488,49558.68993888398,2025-07-30 09:32:57.783176,2025-07-30 09:36:49.926110,0 days 00:03:52.142934,18,9,35,COMPLETE
489,49558.68993888398,2025-07-30 09:32:57.788553,2025-07-30 09:34:58.075997,0 days 00:02:00.287444,18,9,35,COMPLETE
490,56230.599669335046,2025-07-30 09:32:57.789685,2025-07-30 09:36:53.166804,0 days 00:03:55.377119,18,9,34,COMPLETE
491,105999.47975045549,2025-07-30 09:32:57.791526,2025-07-30 09:38:49.259675,0 days 00:05:51.468149,18,11,35,COMPLETE
492,49558.68993888398,2025-07-30 09:32:57.792992,2025-07-30 09:36:50.092640,0 days 00:03:52.299648,18,9,35,COMPLETE
493,49558.68993888398,2025-07-30 09:32:57.796061,2025-07-30 09:36:47.643811,0 days 00:03:49.847750,18,9,35,COMPLETE
494,49558.68993888398,2025-07-30 09:32:57.801365,2025-07-30 09:38:47.743162,0 days 00:05:49.941797,18,9,35,COMPLETE
495,49558.68993888398,2025-07-30 09:32:57.803946,2025-07-30 09:36:57.754174,0 days 00:03:59.950228,18,9,35,COMPLETE
496,49558.68993888398,2025-07-30 09:32:57.805484,2025-07-30 09:35:02.964391,0 days 00:02:05.158907,18,9,35,COMPLETE
497,49558.68993888398,2025-07-30 09:32:57.806948,2025-07-30 09:37:01.915480,0 days 00:04:04.108532,18,9,35,COMPLETE
498,49558.68993888398,2025-07-30 09:32:57.808043,2025-07-30 09:36:53.141672,0 days 00:03:55.333629,18,9,35,COMPLETE
499,49558.68993888398,2025-07-30 09:32:57.814545,2025-07-30 09:35:00.426202,0 days 00:02:02.611657,18,9,35,COMPLETE
500,56230.599669335046,2025-07-30 09:32:57.817274,2025-07-30 09:35:01.025083,0 days 00:02:03.207809,18,9,34,COMPLETE
501,49558.68993888398,2025-07-30 09:32:57.818514,2025-07-30 09:38:47.175844,0 days 00:05:49.357330,18,9,35,COMPLETE
502,49558.68993888398,2025-07-30 09:32:57.819645,2025-07-30 09:36:54.900972,0 days 00:03:57.081327,18,9,35,COMPLETE
503,49558.68993888398,2025-07-30 09:32:57.820588,2025-07-30 09:35:04.096933,0 days 00:02:06.276345,18,9,35,COMPLETE
504,49558.68993888398,2025-07-30 09:32:57.821625,2025-07-30 09:35:03.209777,0 days 00:02:05.388152,18,9,35,COMPLETE
505,49558.68993888398,2025-07-30 09:32:57.827960,2025-07-30 09:38:51.497263,0 days 00:05:53.669303,18,9,35,COMPLETE
506,56230.599669335046,2025-07-30 09:32:57.829459,2025-07-30 09:37:00.094994,0 days 00:04:02.265535,18,9,34,COMPLETE
507,56230.599669335046,2025-07-30 09:32:57.833057,2025-07-30 09:36:56.000133,0 days 00:03:58.167076,18,9,34,COMPLETE
508,49558.68993888398,2025-07-30 09:32:57.834622,2025-07-30 09:36:56.498807,0 days 00:03:58.664185,18,9,35,COMPLETE
509,49558.68993888398,2025-07-30 09:32:57.839582,2025-07-30 09:37:05.393371,0 days 00:04:07.553789,18,9,35,COMPLETE
510,34873.76291860396,2025-07-30 09:32:57.840559,2025-07-30 09:36:59.271360,0 days 00:04:01.430801,18,9,33,COMPLETE
511,49558.68993888398,2025-07-30 09:32:57.841721,2025-07-30 09:39:32.885296,0 days 00:06:35.043575,18,9,35,COMPLETE
512,49558.68993888398,2025-07-30 09:32:57.843239,2025-07-30 09:36:59.419209,0 days 00:04:01.575970,18,9,35,COMPLETE
513,49558.68993888398,2025-07-30 09:32:57.845281,2025-07-30 09:35:01.198633,0 days 00:02:03.353352,18,9,35,COMPLETE
514,49558.68993888398,2025-07-30 09:32:57.850113,2025-07-30 09:37:01.304724,0 days 00:04:03.454611,18,9,35,COMPLETE
515,49558.68993888398,2025-07-30 09:32:57.851332,2025-07-30 09:38:46.458483,0 days 00:05:48.607151,18,9,35,COMPLETE
516,56230.599669335046,2025-07-30 09:32:57.853252,2025-07-30 09:36:59.204024,0 days 00:04:01.350772,18,9,34,COMPLETE
517,49558.68993888398,2025-07-30 09:32:57.856749,2025-07-30 09:38:52.458163,0 days 00:05:54.601414,18,9,35,COMPLETE
518,49558.68993888398,2025-07-30 09:32:57.858363,2025-07-30 09:36:58.788501,0 days 00:04:00.930138,18,9,35,COMPLETE
519,49558.68993888398,2025-07-30 09:32:57.861695,2025-07-30 09:37:00.975012,0 days 00:04:03.113317,18,9,35,COMPLETE
520,56230.599669335046,2025-07-30 09:32:57.863148,2025-07-30 09:37:02.827095,0 days 00:04:04.963947,18,9,34,COMPLETE
521,49558.68993888398,2025-07-30 09:32:57.864207,2025-07-30 09:37:00.034171,0 days 00:04:02.169964,18,9,35,COMPLETE
522,39491.32856270885,2025-07-30 09:32:57.866744,2025-07-30 09:35:07.082928,0 days 00:02:09.216184,18,7,35,COMPLETE
523,49558.68993888398,2025-07-30 09:32:57.868326,2025-07-30 09:37:04.097070,0 days 00:04:06.228744,18,9,35,COMPLETE
524,49558.68993888398,2025-07-30 09:32:57.873991,2025-07-30 09:37:00.497680,0 days 00:04:02.623689,18,9,35,COMPLETE
525,49558.68993888398,2025-07-30 09:32:57.875235,2025-07-30 09:37:05.147104,0 days 00:04:07.271869,18,9,35,COMPLETE
526,49558.68993888398,2025-07-30 09:32:57.878658,2025-07-30 09:35:11.403641,0 days 00:02:13.524983,18,9,35,COMPLETE
527,34873.76291860396,2025-07-30 09:32:57.882468,2025-07-30 09:37:02.599818,0 days 00:04:04.717350,18,9,33,COMPLETE
528,39491.32856270885,2025-07-30 09:32:57.887102,2025-07-30 09:36:58.854319,0 days 00:04:00.967217,18,7,35,COMPLETE
529,49558.68993888398,2025-07-30 09:32:57.889773,2025-07-30 09:36:59.588984,0 days 00:04:01.699211,18,9,35,COMPLETE
530,49558.68993888398,2025-07-30 09:32:57.894979,2025-07-30 09:37:00.468707,0 days 00:04:02.573728,18,9,35,COMPLETE
531,78518.29148284014,2025-07-30 09:32:57.897756,2025-07-30 09:36:59.600658,0 days 00:04:01.702902,18,11,34,COMPLETE
532,49558.68993888398,2025-07-30 09:32:57.902840,2025-07-30 09:38:54.469192,0 days 00:05:56.566352,18,9,35,COMPLETE
533,56230.599669335046,2025-07-30 09:32:57.905898,2025-07-30 09:37:00.090311,0 days 00:04:02.184413,18,9,34,COMPLETE
534,49558.68993888398,2025-07-30 09:32:57.908538,2025-07-30 09:37:03.125733,0 days 00:04:05.217195,18,9,35,COMPLETE
535,71592.27573957406,2025-07-30 09:32:57.913006,2025-07-30 09:38:57.014293,0 days 00:05:59.101287,18,9,36,COMPLETE
536,49558.68993888398,2025-07-30 09:32:57.917727,2025-07-30 09:35:08.086016,0 days 00:02:10.168289,18,9,35,COMPLETE
537,49558.68993888398,2025-07-30 09:32:57.922492,2025-07-30 09:36:59.773415,0 days 00:04:01.850923,18,9,35,COMPLETE
538,39491.32856270885,2025-07-30 09:32:57.928368,2025-07-30 09:37:02.910697,0 days 00:04:04.982329,18,7,35,COMPLETE
539,49558.68993888398,2025-07-30 09:32:57.933188,2025-07-30 09:38:52.317725,0 days 00:05:54.384537,18,9,35,COMPLETE
540,39650.168463452166,2025-07-30 09:32:57.940831,2025-07-30 09:37:09.106044,0 days 00:04:11.165213,18,7,33,COMPLETE
541,39491.32856270885,2025-07-30 09:32:57.944620,2025-07-30 09:35:12.779126,0 days 00:02:14.834506,18,7,35,COMPLETE
542,49558.68993888398,2025-07-30 09:32:57.948833,2025-07-30 09:35:08.392327,0 days 00:02:10.443494,18,9,35,COMPLETE
543,56230.599669335046,2025-07-30 09:32:57.950141,2025-07-30 09:36:58.760188,0 days 00:04:00.810047,18,9,34,COMPLETE
544,39491.32856270885,2025-07-30 09:32:57.952619,2025-07-30 09:35:09.895233,0 days 00:02:11.942614,18,7,35,COMPLETE
545,49558.68993888398,2025-07-30 09:32:57.954390,2025-07-30 09:37:02.909379,0 days 00:04:04.954989,18,9,35,COMPLETE
546,49558.68993888398,2025-07-30 09:32:57.960347,2025-07-30 09:35:13.076316,0 days 00:02:15.115969,18,9,35,COMPLETE
547,49558.68993888398,2025-07-30 09:32:57.962371,2025-07-30 09:35:06.316173,0 days 00:02:08.353802,18,9,35,COMPLETE
548,37671.605173296106,2025-07-30 09:32:57.970145,2025-07-30 09:38:51.646604,0 days 00:05:53.676459,17,9,35,COMPLETE
549,49558.68993888398,2025-07-30 09:32:57.973267,2025-07-30 09:35:12.146710,0 days 00:02:14.173443,18,9,35,COMPLETE
550,39491.32856270885,2025-07-30 09:32:57.975420,2025-07-30 09:37:03.805677,0 days 00:04:05.830257,18,7,35,COMPLETE
551,49558.68993888398,2025-07-30 09:32:57.977721,2025-07-30 09:38:48.550514,0 days 00:05:50.572793,18,9,35,COMPLETE
552,49558.68993888398,2025-07-30 09:32:57.983458,2025-07-30 09:37:05.647890,0 days 00:04:07.664432,18,9,35,COMPLETE
553,49558.68993888398,2025-07-30 09:32:57.988004,2025-07-30 09:37:08.537856,0 days 00:04:10.549852,18,9,35,COMPLETE
554,49558.68993888398,2025-07-30 09:32:57.991205,2025-07-30 09:37:02.987593,0 days 00:04:04.996388,18,9,35,COMPLETE
555,49558.68993888398,2025-07-30 09:32:57.993066,2025-07-30 09:37:04.379965,0 days 00:04:06.386899,18,9,35,COMPLETE
556,49558.68993888398,2025-07-30 09:32:57.995741,2025-07-30 09:37:06.129773,0 days 00:04:08.134032,18,9,35,COMPLETE
557,49558.68993888398,2025-07-30 09:32:57.998108,2025-07-30 09:37:04.173839,0 days 00:04:06.175731,18,9,35,COMPLETE
558,49558.68993888398,2025-07-30 09:32:57.999557,2025-07-30 09:37:04.078668,0 days 00:04:06.079111,18,9,35,COMPLETE
559,49558.68993888398,2025-07-30 09:32:58.000578,2025-07-30 09:39:32.424204,0 days 00:06:34.423626,18,9,35,COMPLETE
560,49558.68993888398,2025-07-30 09:32:58.003912,2025-07-30 09:38:54.274411,0 days 00:05:56.270499,18,9,35,COMPLETE
561,49558.68993888398,2025-07-30 09:32:58.008232,2025-07-30 09:37:05.146135,0 days 00:04:07.137903,18,9,35,COMPLETE
562,56230.599669335046,2025-07-30 09:32:58.009091,2025-07-30 09:38:52.837269,0 days 00:05:54.828178,18,9,34,COMPLETE
563,49558.68993888398,2025-07-30 09:32:58.010151,2025-07-30 09:37:03.069583,0 days 00:04:05.059432,18,9,35,COMPLETE
564,49558.68993888398,2025-07-30 09:32:58.012110,2025-07-30 09:37:10.711865,0 days 00:04:12.699755,18,9,35,COMPLETE
565,56230.599669335046,2025-07-30 09:32:58.014690,2025-07-30 09:35:17.216699,0 days 00:02:19.202009,18,9,34,COMPLETE
566,49558.68993888398,2025-07-30 09:32:58.017522,2025-07-30 09:35:17.583101,0 days 00:02:19.565579,18,9,35,COMPLETE
567,34873.76291860396,2025-07-30 09:32:58.019727,2025-07-30 09:37:07.416293,0 days 00:04:09.396566,18,9,33,COMPLETE
568,49558.68993888398,2025-07-30 09:32:58.022039,2025-07-30 09:35:15.585859,0 days 00:02:17.563820,18,9,35,COMPLETE
569,56230.599669335046,2025-07-30 09:32:58.023495,2025-07-30 09:35:17.024396,0 days 00:02:19.000901,18,9,34,COMPLETE
570,56230.599669335046,2025-07-30 09:32:58.025005,2025-07-30 09:37:08.113785,0 days 00:04:10.088780,18,9,34,COMPLETE
571,37671.605173296106,2025-07-30 09:32:58.030007,2025-07-30 09:38:57.623840,0 days 00:05:59.593833,17,9,35,COMPLETE
572,49558.68993888398,2025-07-30 09:32:58.031705,2025-07-30 09:35:15.526672,0 days 00:02:17.494967,18,9,35,COMPLETE
573,49558.68993888398,2025-07-30 09:32:58.033112,2025-07-30 09:35:16.686929,0 days 00:02:18.653817,18,9,35,COMPLETE
574,49558.68993888398,2025-07-30 09:32:58.035312,2025-07-30 09:37:10.966054,0 days 00:04:12.930742,18,9,35,COMPLETE
575,49558.68993888398,2025-07-30 09:32:58.037045,2025-07-30 09:39:34.224166,0 days 00:06:36.187121,18,9,35,COMPLETE
576,49558.68993888398,2025-07-30 09:32:58.040009,2025-07-30 09:37:14.115805,0 days 00:04:16.075796,18,9,35,COMPLETE
577,49558.68993888398,2025-07-30 09:32:58.040921,2025-07-30 09:37:07.866544,0 days 00:04:09.825623,18,9,35,COMPLETE
578,34873.76291860396,2025-07-30 09:32:58.042477,2025-07-30 09:37:13.981499,0 days 00:04:15.939022,18,9,33,COMPLETE
579,49558.68993888398,2025-07-30 09:32:58.045343,2025-07-30 09:38:52.740931,0 days 00:05:54.695588,18,9,35,COMPLETE
580,37671.605173296106,2025-07-30 09:32:58.046866,2025-07-30 09:38:54.610376,0 days 00:05:56.563510,17,9,35,COMPLETE
581,49558.68993888398,2025-07-30 09:32:58.050286,2025-07-30 09:35:18.350044,0 days 00:02:20.299758,18,9,35,COMPLETE
582,49558.68993888398,2025-07-30 09:32:58.052943,2025-07-30 09:37:08.566872,0 days 00:04:10.513929,18,9,35,COMPLETE
583,49558.68993888398,2025-07-30 09:32:58.054124,2025-07-30 09:38:56.553571,0 days 00:05:58.499447,18,9,35,COMPLETE
584,49558.68993888398,2025-07-30 09:32:58.055368,2025-07-30 09:37:10.006267,0 days 00:04:11.950899,18,9,35,COMPLETE
585,49558.68993888398,2025-07-30 09:32:58.059271,2025-07-30 09:37:13.529804,0 days 00:04:15.470533,18,9,35,COMPLETE
586,49558.68993888398,2025-07-30 09:32:58.065018,2025-07-30 09:37:14.117199,0 days 00:04:16.052181,18,9,35,COMPLETE
587,49558.68993888398,2025-07-30 09:32:58.065922,2025-07-30 09:38:44.476886,0 days 00:05:46.410964,18,9,35,COMPLETE
588,49558.68993888398,2025-07-30 09:32:58.068179,2025-07-30 09:37:12.901924,0 days 00:04:14.833745,18,9,35,COMPLETE
589,49558.68993888398,2025-07-30 09:32:58.071135,2025-07-30 09:37:18.477370,0 days 00:04:20.406235,18,9,35,COMPLETE
590,49558.68993888398,2025-07-30 09:32:58.074920,2025-07-30 09:35:20.012830,0 days 00:02:21.937910,18,9,35,COMPLETE
591,56230.599669335046,2025-07-30 09:32:58.076442,2025-07-30 09:38:54.387342,0 days 00:05:56.310900,18,9,34,COMPLETE
592,49558.68993888398,2025-07-30 09:32:58.082016,2025-07-30 09:35:17.690340,0 days 00:02:19.608324,18,9,35,COMPLETE
593,49558.68993888398,2025-07-30 09:32:58.087244,2025-07-30 09:38:53.610223,0 days 00:05:55.522979,18,9,35,COMPLETE
594,56230.599669335046,2025-07-30 09:32:58.088757,2025-07-30 09:38:50.889131,0 days 00:05:52.800374,18,9,34,COMPLETE
595,49558.68993888398,2025-07-30 09:32:58.090930,2025-07-30 09:39:31.004336,0 days 00:06:32.913406,18,9,35,COMPLETE
596,49558.68993888398,2025-07-30 09:32:58.093859,2025-07-30 09:35:21.238177,0 days 00:02:23.144318,18,9,35,COMPLETE
597,49558.68993888398,2025-07-30 09:32:58.094855,2025-07-30 09:38:58.195447,0 days 00:06:00.100592,18,9,35,COMPLETE
598,49558.68993888398,2025-07-30 09:32:58.099106,2025-07-30 09:39:30.649823,0 days 00:06:32.550717,18,9,35,COMPLETE
599,49558.68993888398,2025-07-30 09:32:58.102632,2025-07-30 09:37:11.283904,0 days 00:04:13.181272,18,9,35,COMPLETE
600,49558.68993888398,2025-07-30 09:32:58.103415,2025-07-30 09:38:58.058259,0 days 00:05:59.954844,18,9,35,COMPLETE
601,49558.68993888398,2025-07-30 09:32:58.106063,2025-07-30 09:37:16.657145,0 days 00:04:18.551082,18,9,35,COMPLETE
602,49558.68993888398,2025-07-30 09:32:58.118125,2025-07-30 09:37:14.753041,0 days 00:04:16.634916,18,9,35,COMPLETE
603,49558.68993888398,2025-07-30 09:32:58.122010,2025-07-30 09:37:15.114440,0 days 00:04:16.992430,18,9,35,COMPLETE
604,49558.68993888398,2025-07-30 09:32:58.168447,2025-07-30 09:35:24.041279,0 days 00:02:25.872832,18,9,35,COMPLETE
605,49558.68993888398,2025-07-30 09:32:58.221042,2025-07-30 09:37:15.068805,0 days 00:04:16.847763,18,9,35,COMPLETE
606,49558.68993888398,2025-07-30 09:32:58.236375,2025-07-30 09:37:18.172693,0 days 00:04:19.936318,18,9,35,COMPLETE
607,49558.68993888398,2025-07-30 09:32:58.255422,2025-07-30 09:38:56.503485,0 days 00:05:58.248063,18,9,35,COMPLETE
608,49558.68993888398,2025-07-30 09:32:58.274004,2025-07-30 09:35:24.843715,0 days 00:02:26.569711,18,9,35,COMPLETE
609,49558.68993888398,2025-07-30 09:32:58.303662,2025-07-30 09:35:21.611909,0 days 00:02:23.308247,18,9,35,COMPLETE
610,49558.68993888398,2025-07-30 09:32:58.340355,2025-07-30 09:37:14.653497,0 days 00:04:16.313142,18,9,35,COMPLETE
611,26741.41185088846,2025-07-30 09:32:58.341690,2025-07-30 09:35:24.293408,0 days 00:02:25.951718,18,9,32,COMPLETE
612,49558.68993888398,2025-07-30 09:32:58.403329,2025-07-30 09:38:58.991160,0 days 00:06:00.587831,18,9,35,COMPLETE
613,49558.68993888398,2025-07-30 09:32:58.418279,2025-07-30 09:39:04.973535,0 days 00:06:06.555256,18,9,35,COMPLETE
614,49558.68993888398,2025-07-30 09:32:58.419252,2025-07-30 09:37:17.951139,0 days 00:04:19.531887,18,9,35,COMPLETE
615,49558.68993888398,2025-07-30 09:32:58.425264,2025-07-30 09:37:18.858469,0 days 00:04:20.433205,18,9,35,COMPLETE
616,49558.68993888398,2025-07-30 09:32:58.443067,2025-07-30 09:37:17.876220,0 days 00:04:19.433153,18,9,35,COMPLETE
617,49558.68993888398,2025-07-30 09:32:58.520590,2025-07-30 09:37:17.815646,0 days 00:04:19.295056,18,9,35,COMPLETE
618,39491.32856270885,2025-07-30 09:32:58.526903,2025-07-30 09:37:17.899329,0 days 00:04:19.372426,18,7,35,COMPLETE
619,49558.68993888398,2025-07-30 09:32:58.539834,2025-07-30 09:35:24.545579,0 days 00:02:26.005745,18,9,35,COMPLETE
620,39491.32856270885,2025-07-30 09:32:58.577825,2025-07-30 09:39:02.551672,0 days 00:06:03.973847,18,7,35,COMPLETE
621,49558.68993888398,2025-07-30 09:32:58.584195,2025-07-30 09:35:26.596312,0 days 00:02:28.012117,18,9,35,COMPLETE
622,49287.437975120156,2025-07-30 09:32:58.603951,2025-07-30 09:37:19.158887,0 days 00:04:20.554936,18,7,34,COMPLETE
623,39491.32856270885,2025-07-30 09:32:58.606843,2025-07-30 09:37:18.851413,0 days 00:04:20.244570,18,7,35,COMPLETE
624,39491.32856270885,2025-07-30 09:32:58.609947,2025-07-30 09:38:56.786713,0 days 00:05:58.176766,18,7,35,COMPLETE
625,39491.32856270885,2025-07-30 09:32:58.619036,2025-07-30 09:39:34.016903,0 days 00:06:35.397867,18,7,35,COMPLETE
626,39491.32856270885,2025-07-30 09:32:58.624126,2025-07-30 09:37:16.796864,0 days 00:04:18.172738,18,7,35,COMPLETE
627,39491.32856270885,2025-07-30 09:32:58.629590,2025-07-30 09:37:20.044811,0 days 00:04:21.415221,18,7,35,COMPLETE
628,39491.32856270885,2025-07-30 09:32:58.635537,2025-07-30 09:38:54.723501,0 days 00:05:56.087964,18,7,35,COMPLETE
629,39491.32856270885,2025-07-30 09:32:58.639030,2025-07-30 09:38:54.779448,0 days 00:05:56.140418,18,7,35,COMPLETE
630,39491.32856270885,2025-07-30 09:32:58.644359,2025-07-30 09:37:20.920409,0 days 00:04:22.276050,18,7,35,COMPLETE
631,39491.32856270885,2025-07-30 09:32:58.645970,2025-07-30 09:37:24.057442,0 days 00:04:25.411472,18,7,35,COMPLETE
632,39491.32856270885,2025-07-30 09:32:58.648081,2025-07-30 09:34:15.405029,0 days 00:01:16.756948,18,7,35,COMPLETE
633,42735.69450968235,2025-07-30 09:32:58.657078,2025-07-30 09:37:19.407394,0 days 00:04:20.750316,17,9,36,COMPLETE
634,39491.32856270885,2025-07-30 09:32:58.658832,2025-07-30 09:35:27.935504,0 days 00:02:29.276672,18,7,35,COMPLETE
635,41514.20289685609,2025-07-30 09:32:58.660648,2025-07-30 09:37:18.745451,0 days 00:04:20.084803,18,7,36,COMPLETE
636,49558.68993888398,2025-07-30 09:32:58.665673,2025-07-30 09:39:02.896711,0 days 00:06:04.231038,18,9,35,COMPLETE
637,30751.139756760433,2025-07-30 09:32:58.667680,2025-07-30 09:37:25.149210,0 days 00:04:26.481530,17,7,34,COMPLETE
638,41780.30930602553,2025-07-30 09:32:58.670364,2025-07-30 09:35:28.095670,0 days 00:02:29.425306,17,7,35,COMPLETE
639,49558.68993888398,2025-07-30 09:32:58.671616,2025-07-30 09:39:02.378071,0 days 00:06:03.706455,18,9,35,COMPLETE
640,39491.32856270885,2025-07-30 09:32:58.672996,2025-07-30 09:38:59.145257,0 days 00:06:00.472261,18,7,35,COMPLETE
641,39491.32856270885,2025-07-30 09:32:58.677341,2025-07-30 09:37:24.045605,0 days 00:04:25.368264,18,7,35,COMPLETE
642,41780.30930602553,2025-07-30 09:32:58.681403,2025-07-30 09:35:29.734926,0 days 00:02:31.053523,17,7,35,COMPLETE
643,39491.32856270885,2025-07-30 09:32:58.683618,2025-07-30 09:37:25.742386,0 days 00:04:27.058768,18,7,35,COMPLETE
644,39491.32856270885,2025-07-30 09:32:58.684783,2025-07-30 09:39:01.533895,0 days 00:06:02.849112,18,7,35,COMPLETE
645,39491.32856270885,2025-07-30 09:32:58.686524,2025-07-30 09:39:00.453708,0 days 00:06:01.767184,18,7,35,COMPLETE
646,49558.68993888398,2025-07-30 09:32:58.687895,2025-07-30 09:37:19.600391,0 days 00:04:20.912496,18,9,35,COMPLETE
647,39491.32856270885,2025-07-30 09:32:58.689459,2025-07-30 09:37:20.921983,0 days 00:04:22.232524,18,7,35,COMPLETE
648,39491.32856270885,2025-07-30 09:32:58.694407,2025-07-30 09:34:18.479093,0 days 00:01:19.784686,18,7,35,COMPLETE
649,49287.437975120156,2025-07-30 09:32:58.695538,2025-07-30 09:37:23.039165,0 days 00:04:24.343627,18,7,34,COMPLETE
650,39491.32856270885,2025-07-30 09:32:58.696740,2025-07-30 09:37:28.493367,0 days 00:04:29.796627,18,7,35,COMPLETE
651,60642.59590538877,2025-07-30 09:32:58.698918,2025-07-30 09:37:30.006000,0 days 00:04:31.307082,18,6,36,COMPLETE
652,39491.32856270885,2025-07-30 09:32:58.705351,2025-07-30 09:35:28.103332,0 days 00:02:29.397981,18,7,35,COMPLETE
653,39491.32856270885,2025-07-30 09:32:58.710010,2025-07-30 09:37:24.986413,0 days 00:04:26.276403,18,7,35,COMPLETE
654,39491.32856270885,2025-07-30 09:32:58.715795,2025-07-30 09:37:25.408168,0 days 00:04:26.692373,18,7,35,COMPLETE
655,39491.32856270885,2025-07-30 09:32:58.723380,2025-07-30 09:34:18.859597,0 days 00:01:20.136217,18,7,35,COMPLETE
656,39491.32856270885,2025-07-30 09:32:58.725546,2025-07-30 09:39:32.488615,0 days 00:06:33.763069,18,7,35,COMPLETE
657,41514.20289685609,2025-07-30 09:32:58.732921,2025-07-30 09:39:01.349047,0 days 00:06:02.616126,18,7,36,COMPLETE
658,52485.9338826163,2025-07-30 09:32:58.734115,2025-07-30 09:37:34.860852,0 days 00:04:36.126737,18,6,35,COMPLETE
659,49558.68993888398,2025-07-30 09:32:58.741843,2025-07-30 09:34:17.142442,0 days 00:01:18.400599,18,9,35,COMPLETE
660,49287.437975120156,2025-07-30 09:32:58.745600,2025-07-30 09:35:30.733739,0 days 00:02:31.988139,18,7,34,COMPLETE
661,39491.32856270885,2025-07-30 09:32:58.750745,2025-07-30 09:39:02.186995,0 days 00:06:03.436250,18,7,35,COMPLETE
662,39491.32856270885,2025-07-30 09:32:58.754990,2025-07-30 09:38:59.138048,0 days 00:06:00.383058,18,7,35,COMPLETE
663,39491.32856270885,2025-07-30 09:32:58.758415,2025-07-30 09:39:01.186800,0 days 00:06:02.428385,18,7,35,COMPLETE
664,39491.32856270885,2025-07-30 09:32:58.763451,2025-07-30 09:37:37.652990,0 days 00:04:38.889539,18,7,35,COMPLETE
665,39491.32856270885,2025-07-30 09:32:58.765390,2025-07-30 09:35:32.675014,0 days 00:02:33.909624,18,7,35,COMPLETE
666,56230.599669335046,2025-07-30 09:32:58.768062,2025-07-30 09:37:27.152720,0 days 00:04:28.384658,18,9,34,COMPLETE
667,41514.20289685609,2025-07-30 09:32:58.769778,2025-07-30 09:37:30.364427,0 days 00:04:31.594649,18,7,36,COMPLETE
668,41780.30930602553,2025-07-30 09:32:58.775095,2025-07-30 09:39:02.151647,0 days 00:06:03.376552,17,7,35,COMPLETE
669,39491.32856270885,2025-07-30 09:32:58.781144,2025-07-30 09:34:19.347028,0 days 00:01:20.565884,18,7,35,COMPLETE
670,41780.30930602553,2025-07-30 09:32:58.782511,2025-07-30 09:37:26.471951,0 days 00:04:27.689440,17,7,35,COMPLETE
671,39491.32856270885,2025-07-30 09:32:58.789628,2025-07-30 09:39:00.782587,0 days 00:06:01.992959,18,7,35,COMPLETE
672,39491.32856270885,2025-07-30 09:32:58.791083,2025-07-30 09:37:26.952143,0 days 00:04:28.161060,18,7,35,COMPLETE
673,49558.68993888398,2025-07-30 09:32:58.795437,2025-07-30 09:35:30.943809,0 days 00:02:32.148372,18,9,35,COMPLETE
674,39491.32856270885,2025-07-30 09:32:58.797983,2025-07-30 09:37:39.145329,0 days 00:04:40.347346,18,7,35,COMPLETE
675,52485.9338826163,2025-07-30 09:32:58.802689,2025-07-30 09:37:31.462413,0 days 00:04:32.659724,18,6,35,COMPLETE
676,39491.32856270885,2025-07-30 09:32:58.809654,2025-07-30 09:37:42.004409,0 days 00:04:43.194755,18,7,35,COMPLETE
677,39491.32856270885,2025-07-30 09:32:58.812166,2025-07-30 09:37:29.255537,0 days 00:04:30.443371,18,7,35,COMPLETE
678,49558.68993888398,2025-07-30 09:32:58.813428,2025-07-30 09:37:40.047351,0 days 00:04:41.233923,18,9,35,COMPLETE
679,39491.32856270885,2025-07-30 09:32:58.816967,2025-07-30 09:37:29.818008,0 days 00:04:31.001041,18,7,35,COMPLETE
680,39491.32856270885,2025-07-30 09:32:58.820375,2025-07-30 09:39:34.804312,0 days 00:06:35.983937,18,7,35,COMPLETE
681,39491.32856270885,2025-07-30 09:32:58.823124,2025-07-30 09:37:40.480998,0 days 00:04:41.657874,18,7,35,COMPLETE
682,39491.32856270885,2025-07-30 09:32:58.825247,2025-07-30 09:35:36.535401,0 days 00:02:37.710154,18,7,35,COMPLETE
683,39491.32856270885,2025-07-30 09:32:58.828933,2025-07-30 09:37:33.329472,0 days 00:04:34.500539,18,7,35,COMPLETE
684,39491.32856270885,2025-07-30 09:32:58.829984,2025-07-30 09:39:03.579668,0 days 00:06:04.749684,18,7,35,COMPLETE
685,49287.437975120156,2025-07-30 09:32:58.834830,2025-07-30 09:35:36.396318,0 days 00:02:37.561488,18,7,34,COMPLETE
686,41514.20289685609,2025-07-30 09:32:58.841073,2025-07-30 09:35:35.171908,0 days 00:02:36.330835,18,7,36,COMPLETE
687,39491.32856270885,2025-07-30 09:32:58.843026,2025-07-30 09:37:30.451791,0 days 00:04:31.608765,18,7,35,COMPLETE
688,39491.32856270885,2025-07-30 09:32:58.848854,2025-07-30 09:35:34.158559,0 days 00:02:35.309705,18,7,35,COMPLETE
689,39491.32856270885,2025-07-30 09:32:58.850257,2025-07-30 09:34:22.811593,0 days 00:01:23.961336,18,7,35,COMPLETE
690,39491.32856270885,2025-07-30 09:32:58.855125,2025-07-30 09:37:38.629455,0 days 00:04:39.774330,18,7,35,COMPLETE
691,39491.32856270885,2025-07-30 09:32:58.862357,2025-07-30 09:37:39.759300,0 days 00:04:40.896943,18,7,35,COMPLETE
692,39491.32856270885,2025-07-30 09:32:58.865212,2025-07-30 09:37:33.444664,0 days 00:04:34.579452,18,7,35,COMPLETE
693,39491.32856270885,2025-07-30 09:32:58.867846,2025-07-30 09:37:38.129594,0 days 00:04:39.261748,18,7,35,COMPLETE
694,39491.32856270885,2025-07-30 09:32:58.874593,2025-07-30 09:35:37.698564,0 days 00:02:38.823971,18,7,35,COMPLETE
695,39491.32856270885,2025-07-30 09:32:58.877145,2025-07-30 09:35:38.584013,0 days 00:02:39.706868,18,7,35,COMPLETE
696,41780.30930602553,2025-07-30 09:32:58.880434,2025-07-30 09:35:36.946693,0 days 00:02:38.066259,17,7,35,COMPLETE
697,39491.32856270885,2025-07-30 09:32:58.881481,2025-07-30 09:37:39.226285,0 days 00:04:40.344804,18,7,35,COMPLETE
698,39491.32856270885,2025-07-30 09:32:58.896028,2025-07-30 09:35:40.720621,0 days 00:02:41.824593,18,7,35,COMPLETE
699,39491.32856270885,2025-07-30 09:32:58.928506,2025-07-30 09:39:00.919405,0 days 00:06:01.990899,18,7,35,COMPLETE
700,39491.32856270885,2025-07-30 09:32:58.950520,2025-07-30 09:35:39.369156,0 days 00:02:40.418636,18,7,35,COMPLETE
701,39491.32856270885,2025-07-30 09:32:58.963230,2025-07-30 09:37:40.879261,0 days 00:04:41.916031,18,7,35,COMPLETE
702,41780.30930602553,2025-07-30 09:32:58.970096,2025-07-30 09:34:23.328597,0 days 00:01:24.358501,17,7,35,COMPLETE
703,39491.32856270885,2025-07-30 09:32:59.027575,2025-07-30 09:35:37.182655,0 days 00:02:38.155080,18,7,35,COMPLETE
704,39491.32856270885,2025-07-30 09:32:59.029940,2025-07-30 09:35:44.606566,0 days 00:02:45.576626,18,7,35,COMPLETE
705,49287.437975120156,2025-07-30 09:32:59.063474,2025-07-30 09:39:03.959547,0 days 00:06:04.896073,18,7,34,COMPLETE
706,39491.32856270885,2025-07-30 09:32:59.064638,2025-07-30 09:37:41.897863,0 days 00:04:42.833225,18,7,35,COMPLETE
707,39491.32856270885,2025-07-30 09:32:59.095999,2025-07-30 09:35:44.747164,0 days 00:02:45.651165,18,7,35,COMPLETE
708,39491.32856270885,2025-07-30 09:32:59.098028,2025-07-30 09:39:34.649530,0 days 00:06:35.551502,18,7,35,COMPLETE
709,39491.32856270885,2025-07-30 09:32:59.111478,2025-07-30 09:37:31.851730,0 days 00:04:32.740252,18,7,35,COMPLETE
710,49558.68993888398,2025-07-30 09:32:59.135121,2025-07-30 09:35:45.160670,0 days 00:02:46.025549,18,9,35,COMPLETE
711,41514.20289685609,2025-07-30 09:32:59.152536,2025-07-30 09:39:32.140621,0 days 00:06:32.988085,18,7,36,COMPLETE
712,39491.32856270885,2025-07-30 09:32:59.190189,2025-07-30 09:35:42.153506,0 days 00:02:42.963317,18,7,35,COMPLETE
713,49287.437975120156,2025-07-30 09:32:59.202291,2025-07-30 09:37:41.023615,0 days 00:04:41.821324,18,7,34,COMPLETE
714,39491.32856270885,2025-07-30 09:32:59.247648,2025-07-30 09:37:44.220747,0 days 00:04:44.973099,18,7,35,COMPLETE
715,49558.68993888398,2025-07-30 09:32:59.249025,2025-07-30 09:37:37.948637,0 days 00:04:38.699612,18,9,35,COMPLETE
716,39491.32856270885,2025-07-30 09:32:59.278805,2025-07-30 09:35:43.132870,0 days 00:02:43.854065,18,7,35,COMPLETE
717,39491.32856270885,2025-07-30 09:32:59.292905,2025-07-30 09:39:08.064354,0 days 00:06:08.771449,18,7,35,COMPLETE
718,39491.32856270885,2025-07-30 09:32:59.344510,2025-07-30 09:37:40.707289,0 days 00:04:41.362779,18,7,35,COMPLETE
719,47829.72684952416,2025-07-30 09:32:59.354861,2025-07-30 09:39:04.729734,0 days 00:06:05.374873,18,6,34,COMPLETE
720,49287.437975120156,2025-07-30 09:32:59.356213,2025-07-30 09:35:46.440908,0 days 00:02:47.084695,18,7,34,COMPLETE
721,49287.437975120156,2025-07-30 09:32:59.357338,2025-07-30 09:35:44.473629,0 days 00:02:45.116291,18,7,34,COMPLETE
722,56230.599669335046,2025-07-30 09:32:59.359712,2025-07-30 09:35:47.573681,0 days 00:02:48.213969,18,9,34,COMPLETE
723,49287.437975120156,2025-07-30 09:32:59.362329,2025-07-30 09:37:43.919964,0 days 00:04:44.557635,18,7,34,COMPLETE
724,49287.437975120156,2025-07-30 09:32:59.363778,2025-07-30 09:37:44.202674,0 days 00:04:44.838896,18,7,34,COMPLETE
725,41780.30930602553,2025-07-30 09:32:59.365571,2025-07-30 09:39:33.347572,0 days 00:06:33.982001,17,7,35,COMPLETE
726,49287.437975120156,2025-07-30 09:32:59.367490,2025-07-30 09:37:45.249847,0 days 00:04:45.882357,18,7,34,COMPLETE
727,30751.139756760433,2025-07-30 09:32:59.370634,2025-07-30 09:37:40.274857,0 days 00:04:40.904223,17,7,34,COMPLETE
728,39491.32856270885,2025-07-30 09:32:59.371871,2025-07-30 09:37:43.250759,0 days 00:04:43.878888,18,7,35,COMPLETE
729,49287.437975120156,2025-07-30 09:32:59.373558,2025-07-30 09:37:44.761431,0 days 00:04:45.387873,18,7,34,COMPLETE
730,39491.32856270885,2025-07-30 09:32:59.375635,2025-07-30 09:37:42.068862,0 days 00:04:42.693227,18,7,35,COMPLETE
731,39491.32856270885,2025-07-30 09:32:59.380436,2025-07-30 09:37:43.751132,0 days 00:04:44.370696,18,7,35,COMPLETE
732,49287.437975120156,2025-07-30 09:32:59.382229,2025-07-30 09:35:47.112218,0 days 00:02:47.729989,18,7,34,COMPLETE
733,49287.437975120156,2025-07-30 09:32:59.384023,2025-07-30 09:39:30.533573,0 days 00:06:31.149550,18,7,34,COMPLETE
734,39650.168463452166,2025-07-30 09:32:59.385907,2025-07-30 09:37:46.800174,0 days 00:04:47.414267,18,7,33,COMPLETE
735,49287.437975120156,2025-07-30 09:32:59.387317,2025-07-30 09:37:50.522540,0 days 00:04:51.135223,18,7,34,COMPLETE
736,49287.437975120156,2025-07-30 09:32:59.388457,2025-07-30 09:37:43.350791,0 days 00:04:43.962334,18,7,34,COMPLETE
737,39491.32856270885,2025-07-30 09:32:59.390400,2025-07-30 09:35:50.537850,0 days 00:02:51.147450,18,7,35,COMPLETE
738,49287.437975120156,2025-07-30 09:32:59.392425,2025-07-30 09:39:34.628424,0 days 00:06:35.235999,18,7,34,COMPLETE
739,49287.437975120156,2025-07-30 09:32:59.394493,2025-07-30 09:35:50.174846,0 days 00:02:50.780353,18,7,34,COMPLETE
740,49287.437975120156,2025-07-30 09:32:59.397875,2025-07-30 09:39:04.829107,0 days 00:06:05.431232,18,7,34,COMPLETE
741,49287.437975120156,2025-07-30 09:32:59.399610,2025-07-30 09:37:43.620815,0 days 00:04:44.221205,18,7,34,COMPLETE
742,49287.437975120156,2025-07-30 09:32:59.400759,2025-07-30 09:37:45.480502,0 days 00:04:46.079743,18,7,34,COMPLETE
743,56230.599669335046,2025-07-30 09:32:59.402369,2025-07-30 09:37:48.350714,0 days 00:04:48.948345,18,9,34,COMPLETE
744,49287.437975120156,2025-07-30 09:32:59.404487,2025-07-30 09:35:50.256781,0 days 00:02:50.852294,18,7,34,COMPLETE
745,49287.437975120156,2025-07-30 09:32:59.406706,2025-07-30 09:37:45.177137,0 days 00:04:45.770431,18,7,34,COMPLETE
746,56230.599669335046,2025-07-30 09:32:59.409048,2025-07-30 09:37:47.985181,0 days 00:04:48.576133,18,9,34,COMPLETE
747,49287.437975120156,2025-07-30 09:32:59.415239,2025-07-30 09:37:46.439372,0 days 00:04:47.024133,18,7,34,COMPLETE
748,56230.599669335046,2025-07-30 09:32:59.416351,2025-07-30 09:37:46.955417,0 days 00:04:47.539066,18,9,34,COMPLETE
749,49287.437975120156,2025-07-30 09:32:59.417597,2025-07-30 09:39:04.906236,0 days 00:06:05.488639,18,7,34,COMPLETE
750,41780.30930602553,2025-07-30 09:32:59.419813,2025-07-30 09:34:27.723814,0 days 00:01:28.304001,17,7,35,COMPLETE
751,49287.437975120156,2025-07-30 09:32:59.421417,2025-07-30 09:35:51.821282,0 days 00:02:52.399865,18,7,34,COMPLETE
752,39491.32856270885,2025-07-30 09:32:59.422458,2025-07-30 09:37:49.208088,0 days 00:04:49.785630,18,7,35,COMPLETE
753,49287.437975120156,2025-07-30 09:32:59.424329,2025-07-30 09:37:50.983692,0 days 00:04:51.559363,18,7,34,COMPLETE
754,49287.437975120156,2025-07-30 09:32:59.425214,2025-07-30 09:37:52.434807,0 days 00:04:53.009593,18,7,34,COMPLETE
755,39491.32856270885,2025-07-30 09:32:59.429691,2025-07-30 09:34:27.329852,0 days 00:01:27.900161,18,7,35,COMPLETE
756,49287.437975120156,2025-07-30 09:32:59.435638,2025-07-30 09:39:03.015825,0 days 00:06:03.580187,18,7,34,COMPLETE
757,49287.437975120156,2025-07-30 09:32:59.437837,2025-07-30 09:35:54.001080,0 days 00:02:54.563243,18,7,34,COMPLETE
758,39491.32856270885,2025-07-30 09:32:59.439709,2025-07-30 09:39:11.359298,0 days 00:06:11.919589,18,7,35,COMPLETE
759,56230.599669335046,2025-07-30 09:32:59.440964,2025-07-30 09:37:50.300870,0 days 00:04:50.859906,18,9,34,COMPLETE
760,47829.72684952416,2025-07-30 09:32:59.457444,2025-07-30 09:35:51.133647,0 days 00:02:51.676203,18,6,34,COMPLETE
761,39650.168463452166,2025-07-30 09:32:59.460664,2025-07-30 09:39:07.440352,0 days 00:06:07.979688,18,7,33,COMPLETE
762,56230.599669335046,2025-07-30 09:32:59.466897,2025-07-30 09:39:10.612759,0 days 00:06:11.145862,18,9,34,COMPLETE
763,56230.599669335046,2025-07-30 09:32:59.470411,2025-07-30 09:35:54.727830,0 days 00:02:55.257419,18,9,34,COMPLETE
764,49287.437975120156,2025-07-30 09:32:59.473252,2025-07-30 09:37:46.252396,0 days 00:04:46.779144,18,7,34,COMPLETE
765,49287.437975120156,2025-07-30 09:32:59.484302,2025-07-30 09:37:50.706932,0 days 00:04:51.222630,18,7,34,COMPLETE
766,49287.437975120156,2025-07-30 09:32:59.492064,2025-07-30 09:39:10.395423,0 days 00:06:10.903359,18,7,34,COMPLETE
767,39491.32856270885,2025-07-30 09:32:59.497077,2025-07-30 09:35:53.880788,0 days 00:02:54.383711,18,7,35,COMPLETE
768,41780.30930602553,2025-07-30 09:32:59.499467,2025-07-30 09:35:55.540154,0 days 00:02:56.040687,17,7,35,COMPLETE
769,49287.437975120156,2025-07-30 09:32:59.504573,2025-07-30 09:39:12.576614,0 days 00:06:13.072041,18,7,34,COMPLETE
770,49287.437975120156,2025-07-30 09:32:59.507776,2025-07-30 09:37:53.090571,0 days 00:04:53.582795,18,7,34,COMPLETE
771,49287.437975120156,2025-07-30 09:32:59.511921,2025-07-30 09:39:05.471957,0 days 00:06:05.960036,18,7,34,COMPLETE
772,49287.437975120156,2025-07-30 09:32:59.514570,2025-07-30 09:37:53.310082,0 days 00:04:53.795512,18,7,34,COMPLETE
773,49287.437975120156,2025-07-30 09:32:59.515924,2025-07-30 09:37:50.393771,0 days 00:04:50.877847,18,7,34,COMPLETE
774,49287.437975120156,2025-07-30 09:32:59.517539,2025-07-30 09:37:55.090479,0 days 00:04:55.572940,18,7,34,COMPLETE
775,56230.599669335046,2025-07-30 09:32:59.519736,2025-07-30 09:37:53.239213,0 days 00:04:53.719477,18,9,34,COMPLETE
776,39491.32856270885,2025-07-30 09:32:59.523503,2025-07-30 09:37:50.277496,0 days 00:04:50.753993,18,7,35,COMPLETE
777,49287.437975120156,2025-07-30 09:32:59.524593,2025-07-30 09:35:54.206390,0 days 00:02:54.681797,18,7,34,COMPLETE
778,49287.437975120156,2025-07-30 09:32:59.528114,2025-07-30 09:38:01.308996,0 days 00:05:01.780882,18,7,34,COMPLETE
779,56230.599669335046,2025-07-30 09:32:59.535057,2025-07-30 09:37:53.618658,0 days 00:04:54.083601,18,9,34,COMPLETE
780,49287.437975120156,2025-07-30 09:32:59.536015,2025-07-30 09:39:17.414628,0 days 00:06:17.878613,18,7,34,COMPLETE
781,49287.437975120156,2025-07-30 09:32:59.540786,2025-07-30 09:37:53.900931,0 days 00:04:54.360145,18,7,34,COMPLETE
782,49287.437975120156,2025-07-30 09:32:59.550460,2025-07-30 09:35:53.365480,0 days 00:02:53.815020,18,7,34,COMPLETE
783,39491.32856270885,2025-07-30 09:32:59.552056,2025-07-30 09:37:59.387372,0 days 00:04:59.835316,18,7,35,COMPLETE
784,47829.72684952416,2025-07-30 09:32:59.553273,2025-07-30 09:35:56.185668,0 days 00:02:56.632395,18,6,34,COMPLETE
785,30751.139756760433,2025-07-30 09:32:59.554476,2025-07-30 09:38:00.365688,0 days 00:05:00.811212,17,7,34,COMPLETE
786,49287.437975120156,2025-07-30 09:32:59.557279,2025-07-30 09:37:56.786288,0 days 00:04:57.229009,18,7,34,COMPLETE
787,56230.599669335046,2025-07-30 09:32:59.559165,2025-07-30 09:37:58.374898,0 days 00:04:58.815733,18,9,34,COMPLETE
788,49287.437975120156,2025-07-30 09:32:59.560952,2025-07-30 09:37:56.870581,0 days 00:04:57.309629,18,7,34,COMPLETE
789,49287.437975120156,2025-07-30 09:32:59.563012,2025-07-30 09:39:13.463268,0 days 00:06:13.900256,18,7,34,COMPLETE
790,49287.437975120156,2025-07-30 09:32:59.563807,2025-07-30 09:39:11.358250,0 days 00:06:11.794443,18,7,34,COMPLETE
791,49287.437975120156,2025-07-30 09:32:59.567871,2025-07-30 09:35:59.100281,0 days 00:02:59.532410,18,7,34,COMPLETE
792,49287.437975120156,2025-07-30 09:32:59.570913,2025-07-30 09:37:57.582456,0 days 00:04:58.011543,18,7,34,COMPLETE
793,39491.32856270885,2025-07-30 09:32:59.578154,2025-07-30 09:37:57.532431,0 days 00:04:57.954277,18,7,35,COMPLETE
794,49287.437975120156,2025-07-30 09:32:59.584393,2025-07-30 09:39:10.138825,0 days 00:06:10.554432,18,7,34,COMPLETE
795,49287.437975120156,2025-07-30 09:32:59.591490,2025-07-30 09:38:00.776193,0 days 00:05:01.184703,18,7,34,COMPLETE
796,56230.599669335046,2025-07-30 09:32:59.596200,2025-07-30 09:39:34.395642,0 days 00:06:34.799442,18,9,34,COMPLETE
797,49287.437975120156,2025-07-30 09:32:59.598530,2025-07-30 09:37:54.294644,0 days 00:04:54.696114,18,7,34,COMPLETE
798,56230.599669335046,2025-07-30 09:32:59.600721,2025-07-30 09:36:00.102259,0 days 00:03:00.501538,18,9,34,COMPLETE
799,49287.437975120156,2025-07-30 09:32:59.601534,2025-07-30 09:35:57.794295,0 days 00:02:58.192761,18,7,34,COMPLETE
800,49287.437975120156,2025-07-30 09:32:59.608895,2025-07-30 09:36:01.884160,0 days 00:03:02.275265,18,7,34,COMPLETE
801,49287.437975120156,2025-07-30 09:32:59.613933,2025-07-30 09:37:59.813943,0 days 00:05:00.200010,18,7,34,COMPLETE
802,49287.437975120156,2025-07-30 09:32:59.618186,2025-07-30 09:39:11.793611,0 days 00:06:12.175425,18,7,34,COMPLETE
803,49287.437975120156,2025-07-30 09:32:59.619376,2025-07-30 09:34:33.756949,0 days 00:01:34.137573,18,7,34,COMPLETE
804,49287.437975120156,2025-07-30 09:32:59.621358,2025-07-30 09:39:14.634158,0 days 00:06:15.012800,18,7,34,COMPLETE
805,49287.437975120156,2025-07-30 09:32:59.623699,2025-07-30 09:36:02.592755,0 days 00:03:02.969056,18,7,34,COMPLETE
806,47829.72684952416,2025-07-30 09:32:59.624731,2025-07-30 09:38:02.393860,0 days 00:05:02.769129,18,6,34,COMPLETE
807,49287.437975120156,2025-07-30 09:32:59.626106,2025-07-30 09:36:03.937598,0 days 00:03:04.311492,18,7,34,COMPLETE
808,49287.437975120156,2025-07-30 09:32:59.629059,2025-07-30 09:39:15.634035,0 days 00:06:16.004976,18,7,34,COMPLETE
809,39491.32856270885,2025-07-30 09:32:59.633256,2025-07-30 09:39:07.422721,0 days 00:06:07.789465,18,7,35,COMPLETE
810,49287.437975120156,2025-07-30 09:32:59.635032,2025-07-30 09:36:04.342296,0 days 00:03:04.707264,18,7,34,COMPLETE
811,49287.437975120156,2025-07-30 09:32:59.636368,2025-07-30 09:38:05.029065,0 days 00:05:05.392697,18,7,34,COMPLETE
812,39650.168463452166,2025-07-30 09:32:59.639105,2025-07-30 09:39:17.733755,0 days 00:06:18.094650,18,7,33,COMPLETE
813,39491.32856270885,2025-07-30 09:32:59.641969,2025-07-30 09:36:04.151495,0 days 00:03:04.509526,18,7,35,COMPLETE
814,49287.437975120156,2025-07-30 09:32:59.646523,2025-07-30 09:38:04.390551,0 days 00:05:04.744028,18,7,34,COMPLETE
815,49558.68993888398,2025-07-30 09:32:59.650834,2025-07-30 09:38:02.972554,0 days 00:05:03.321720,18,9,35,COMPLETE
816,49287.437975120156,2025-07-30 09:32:59.653750,2025-07-30 09:36:05.944418,0 days 00:03:06.290668,18,7,34,COMPLETE
817,49287.437975120156,2025-07-30 09:32:59.658365,2025-07-30 09:39:16.227740,0 days 00:06:16.569375,18,7,34,COMPLETE
818,39491.32856270885,2025-07-30 09:32:59.660901,2025-07-30 09:36:07.635808,0 days 00:03:07.974907,18,7,35,COMPLETE
819,39491.32856270885,2025-07-30 09:32:59.662734,2025-07-30 09:38:03.606265,0 days 00:05:03.943531,18,7,35,COMPLETE
820,39491.32856270885,2025-07-30 09:32:59.663695,2025-07-30 09:38:03.949080,0 days 00:05:04.285385,18,7,35,COMPLETE
821,56230.599669335046,2025-07-30 09:32:59.665911,2025-07-30 09:38:07.398788,0 days 00:05:07.732877,18,9,34,COMPLETE
822,49287.437975120156,2025-07-30 09:32:59.667570,2025-07-30 09:38:09.871069,0 days 00:05:10.203499,18,7,34,COMPLETE
823,49287.437975120156,2025-07-30 09:32:59.669543,2025-07-30 09:39:18.636612,0 days 00:06:18.967069,18,7,34,COMPLETE
824,41514.20289685609,2025-07-30 09:32:59.670907,2025-07-30 09:36:06.675662,0 days 00:03:07.004755,18,7,36,COMPLETE
825,49287.437975120156,2025-07-30 09:32:59.675918,2025-07-30 09:39:32.054289,0 days 00:06:32.378371,18,7,34,COMPLETE
826,49287.437975120156,2025-07-30 09:32:59.677112,2025-07-30 09:38:05.247498,0 days 00:05:05.570386,18,7,34,COMPLETE
827,56230.599669335046,2025-07-30 09:32:59.678237,2025-07-30 09:38:06.341319,0 days 00:05:06.663082,18,9,34,COMPLETE
828,49287.437975120156,2025-07-30 09:32:59.682795,2025-07-30 09:39:34.793169,0 days 00:06:35.110374,18,7,34,COMPLETE
829,49287.437975120156,2025-07-30 09:32:59.684811,2025-07-30 09:36:11.431362,0 days 00:03:11.746551,18,7,34,COMPLETE
830,49558.68993888398,2025-07-30 09:32:59.687136,2025-07-30 09:38:07.462417,0 days 00:05:07.775281,18,9,35,COMPLETE
831,49287.437975120156,2025-07-30 09:32:59.689584,2025-07-30 09:38:04.789689,0 days 00:05:05.100105,18,7,34,COMPLETE
832,49287.437975120156,2025-07-30 09:32:59.691117,2025-07-30 09:38:08.348684,0 days 00:05:08.657567,18,7,34,COMPLETE
833,39491.32856270885,2025-07-30 09:32:59.698938,2025-07-30 09:38:07.648645,0 days 00:05:07.949707,18,7,35,COMPLETE
834,49287.437975120156,2025-07-30 09:32:59.706697,2025-07-30 09:38:09.050315,0 days 00:05:09.343618,18,7,34,COMPLETE
835,49558.68993888398,2025-07-30 09:32:59.709836,2025-07-30 09:38:07.307127,0 days 00:05:07.597291,18,9,35,COMPLETE
836,49287.437975120156,2025-07-30 09:32:59.717354,2025-07-30 09:38:08.092262,0 days 00:05:08.374908,18,7,34,COMPLETE
837,49287.437975120156,2025-07-30 09:32:59.718859,2025-07-30 09:38:10.089765,0 days 00:05:10.370906,18,7,34,COMPLETE
838,49287.437975120156,2025-07-30 09:32:59.725350,2025-07-30 09:38:08.155538,0 days 00:05:08.430188,18,7,34,COMPLETE
839,49287.437975120156,2025-07-30 09:32:59.730122,2025-07-30 09:39:20.524263,0 days 00:06:20.794141,18,7,34,COMPLETE
840,49287.437975120156,2025-07-30 09:32:59.732996,2025-07-30 09:38:10.145082,0 days 00:05:10.412086,18,7,34,COMPLETE
841,56230.599669335046,2025-07-30 09:32:59.735783,2025-07-30 09:38:09.350767,0 days 00:05:09.614984,18,9,34,COMPLETE
842,30751.139756760433,2025-07-30 09:32:59.739160,2025-07-30 09:36:11.578427,0 days 00:03:11.839267,17,7,34,COMPLETE
843,49287.437975120156,2025-07-30 09:32:59.740758,2025-07-30 09:38:07.948413,0 days 00:05:08.207655,18,7,34,COMPLETE
844,49287.437975120156,2025-07-30 09:32:59.745809,2025-07-30 09:38:10.712142,0 days 00:05:10.966333,18,7,34,COMPLETE
845,39650.168463452166,2025-07-30 09:32:59.750669,2025-07-30 09:38:08.182022,0 days 00:05:08.431353,18,7,33,COMPLETE
846,39491.32856270885,2025-07-30 09:32:59.752657,2025-07-30 09:38:10.278415,0 days 00:05:10.525758,18,7,35,COMPLETE
847,49287.437975120156,2025-07-30 09:32:59.754479,2025-07-30 09:38:10.597120,0 days 00:05:10.842641,18,7,34,COMPLETE
848,49287.437975120156,2025-07-30 09:32:59.757563,2025-07-30 09:38:16.796504,0 days 00:05:17.038941,18,7,34,COMPLETE
849,49287.437975120156,2025-07-30 09:32:59.759848,2025-07-30 09:38:05.518039,0 days 00:05:05.758191,18,7,34,COMPLETE
850,49558.68993888398,2025-07-30 09:32:59.761242,2025-07-30 09:36:13.168475,0 days 00:03:13.407233,18,9,35,COMPLETE
851,49287.437975120156,2025-07-30 09:32:59.766826,2025-07-30 09:36:10.929517,0 days 00:03:11.162691,18,7,34,COMPLETE
852,49287.437975120156,2025-07-30 09:32:59.767837,2025-07-30 09:39:19.025630,0 days 00:06:19.257793,18,7,34,COMPLETE
853,49287.437975120156,2025-07-30 09:32:59.769076,2025-07-30 09:38:08.245808,0 days 00:05:08.476732,18,7,34,COMPLETE
854,49287.437975120156,2025-07-30 09:32:59.771703,2025-07-30 09:39:18.883480,0 days 00:06:19.111777,18,7,34,COMPLETE
855,39491.32856270885,2025-07-30 09:32:59.776447,2025-07-30 09:36:14.234982,0 days 00:03:14.458535,18,7,35,COMPLETE
856,39491.32856270885,2025-07-30 09:32:59.778811,2025-07-30 09:39:14.083594,0 days 00:06:14.304783,18,7,35,COMPLETE
857,39491.32856270885,2025-07-30 09:32:59.782459,2025-07-30 09:36:14.465448,0 days 00:03:14.682989,18,7,35,COMPLETE
858,28983.759781254066,2025-07-30 09:32:59.785541,2025-07-30 09:34:41.631490,0 days 00:01:41.845949,18,7,32,COMPLETE
859,56230.599669335046,2025-07-30 09:32:59.786174,2025-07-30 09:38:17.047249,0 days 00:05:17.261075,18,9,34,COMPLETE
860,49287.437975120156,2025-07-30 09:32:59.790321,2025-07-30 09:39:20.475203,0 days 00:06:20.684882,18,7,34,COMPLETE
861,30751.139756760433,2025-07-30 09:32:59.791642,2025-07-30 09:38:08.637394,0 days 00:05:08.845752,17,7,34,COMPLETE
862,49287.437975120156,2025-07-30 09:32:59.794099,2025-07-30 09:38:18.174844,0 days 00:05:18.380745,18,7,34,COMPLETE
863,49287.437975120156,2025-07-30 09:32:59.796309,2025-07-30 09:38:12.460990,0 days 00:05:12.664681,18,7,34,COMPLETE
864,49287.437975120156,2025-07-30 09:32:59.799873,2025-07-30 09:36:16.322593,0 days 00:03:16.522720,18,7,34,COMPLETE
865,39650.168463452166,2025-07-30 09:32:59.805123,2025-07-30 09:38:21.566687,0 days 00:05:21.761564,18,7,33,COMPLETE
866,49287.437975120156,2025-07-30 09:32:59.807720,2025-07-30 09:38:15.962430,0 days 00:05:16.154710,18,7,34,COMPLETE
867,49287.437975120156,2025-07-30 09:32:59.809052,2025-07-30 09:39:32.528094,0 days 00:06:32.719042,18,7,34,COMPLETE
868,56230.599669335046,2025-07-30 09:32:59.810535,2025-07-30 09:39:18.028535,0 days 00:06:18.218000,18,9,34,COMPLETE
869,56230.599669335046,2025-07-30 09:32:59.813944,2025-07-30 09:38:15.033570,0 days 00:05:15.219626,18,9,34,COMPLETE
870,49287.437975120156,2025-07-30 09:32:59.816192,2025-07-30 09:38:10.519955,0 days 00:05:10.703763,18,7,34,COMPLETE
871,39491.32856270885,2025-07-30 09:32:59.817233,2025-07-30 09:36:15.623678,0 days 00:03:15.806445,18,7,35,COMPLETE
872,39491.32856270885,2025-07-30 09:32:59.822452,2025-07-30 09:38:17.333921,0 days 00:05:17.511469,18,7,35,COMPLETE
873,49287.437975120156,2025-07-30 09:32:59.824540,2025-07-30 09:38:21.542655,0 days 00:05:21.718115,18,7,34,COMPLETE
874,56230.599669335046,2025-07-30 09:32:59.829337,2025-07-30 09:34:43.796239,0 days 00:01:43.966902,18,9,34,COMPLETE
875,49287.437975120156,2025-07-30 09:32:59.832262,2025-07-30 09:39:18.792143,0 days 00:06:18.959881,18,7,34,COMPLETE
876,49287.437975120156,2025-07-30 09:32:59.833118,2025-07-30 09:36:15.602196,0 days 00:03:15.769078,18,7,34,COMPLETE
877,49287.437975120156,2025-07-30 09:32:59.834805,2025-07-30 09:38:14.745362,0 days 00:05:14.910557,18,7,34,COMPLETE
878,47829.72684952416,2025-07-30 09:32:59.837773,2025-07-30 09:38:19.374682,0 days 00:05:19.536909,18,6,34,COMPLETE
879,49558.68993888398,2025-07-30 09:32:59.846132,2025-07-30 09:39:19.243373,0 days 00:06:19.397241,18,9,35,COMPLETE
880,49287.437975120156,2025-07-30 09:32:59.849336,2025-07-30 09:38:22.028308,0 days 00:05:22.178972,18,7,34,COMPLETE
881,49287.437975120156,2025-07-30 09:32:59.852025,2025-07-30 09:39:22.107026,0 days 00:06:22.255001,18,7,34,COMPLETE
882,49287.437975120156,2025-07-30 09:32:59.855237,2025-07-30 09:39:34.818993,0 days 00:06:34.963756,18,7,34,COMPLETE
883,49287.437975120156,2025-07-30 09:32:59.858780,2025-07-30 09:34:44.127267,0 days 00:01:44.268487,18,7,34,COMPLETE
884,49287.437975120156,2025-07-30 09:32:59.860894,2025-07-30 09:38:20.182128,0 days 00:05:20.321234,18,7,34,COMPLETE
885,56230.599669335046,2025-07-30 09:32:59.863327,2025-07-30 09:38:20.318328,0 days 00:05:20.455001,18,9,34,COMPLETE
886,56230.599669335046,2025-07-30 09:32:59.864833,2025-07-30 09:36:20.806379,0 days 00:03:20.941546,18,9,34,COMPLETE
887,49287.437975120156,2025-07-30 09:32:59.866186,2025-07-30 09:39:18.551716,0 days 00:06:18.685530,18,7,34,COMPLETE
888,49287.437975120156,2025-07-30 09:32:59.870737,2025-07-30 09:36:24.984032,0 days 00:03:25.113295,18,7,34,COMPLETE
889,39491.32856270885,2025-07-30 09:32:59.872741,2025-07-30 09:39:34.616835,0 days 00:06:34.744094,18,7,35,COMPLETE
890,49287.437975120156,2025-07-30 09:32:59.874642,2025-07-30 09:38:23.848734,0 days 00:05:23.974092,18,7,34,COMPLETE
891,49287.437975120156,2025-07-30 09:32:59.878163,2025-07-30 09:38:20.554710,0 days 00:05:20.676547,18,7,34,COMPLETE
892,56230.599669335046,2025-07-30 09:32:59.879735,2025-07-30 09:38:23.984852,0 days 00:05:24.105117,18,9,34,COMPLETE
893,39491.32856270885,2025-07-30 09:32:59.885841,2025-07-30 09:39:19.779191,0 days 00:06:19.893350,18,7,35,COMPLETE
894,49287.437975120156,2025-07-30 09:32:59.889837,2025-07-30 09:36:21.939609,0 days 00:03:22.049772,18,7,34,COMPLETE
895,30751.139756760433,2025-07-30 09:32:59.893148,2025-07-30 09:36:21.204949,0 days 00:03:21.311801,17,7,34,COMPLETE
896,49287.437975120156,2025-07-30 09:32:59.896188,2025-07-30 09:38:22.128457,0 days 00:05:22.232269,18,7,34,COMPLETE
897,49287.437975120156,2025-07-30 09:32:59.897943,2025-07-30 09:34:46.777052,0 days 00:01:46.879109,18,7,34,COMPLETE
898,49287.437975120156,2025-07-30 09:32:59.899195,2025-07-30 09:38:20.513545,0 days 00:05:20.614350,18,7,34,COMPLETE
899,49287.437975120156,2025-07-30 09:32:59.900566,2025-07-30 09:38:21.480611,0 days 00:05:21.580045,18,7,34,COMPLETE
900,30751.139756760433,2025-07-30 09:32:59.901513,2025-07-30 09:39:34.571238,0 days 00:06:34.669725,17,7,34,COMPLETE
901,49287.437975120156,2025-07-30 09:32:59.905837,2025-07-30 09:38:23.508440,0 days 00:05:23.602603,18,7,34,COMPLETE
902,49287.437975120156,2025-07-30 09:32:59.907317,2025-07-30 09:38:24.909694,0 days 00:05:25.002377,18,7,34,COMPLETE
903,49287.437975120156,2025-07-30 09:32:59.909315,2025-07-30 09:34:45.752422,0 days 00:01:45.843107,18,7,34,COMPLETE
904,39491.32856270885,2025-07-30 09:32:59.910712,2025-07-30 09:39:34.638316,0 days 00:06:34.727604,18,7,35,COMPLETE
905,49287.437975120156,2025-07-30 09:32:59.912240,2025-07-30 09:39:21.704022,0 days 00:06:21.791782,18,7,34,COMPLETE
906,78518.29148284014,2025-07-30 09:32:59.915141,2025-07-30 09:38:21.141032,0 days 00:05:21.225891,18,11,34,COMPLETE
907,49287.437975120156,2025-07-30 09:32:59.916219,2025-07-30 09:39:21.047687,0 days 00:06:21.131468,18,7,34,COMPLETE
908,49287.437975120156,2025-07-30 09:32:59.917322,2025-07-30 09:36:27.662680,0 days 00:03:27.745358,18,7,34,COMPLETE
909,49287.437975120156,2025-07-30 09:32:59.921864,2025-07-30 09:36:26.241664,0 days 00:03:26.319800,18,7,34,COMPLETE
910,49287.437975120156,2025-07-30 09:32:59.924708,2025-07-30 09:39:27.531924,0 days 00:06:27.607216,18,7,34,COMPLETE
911,34873.76291860396,2025-07-30 09:32:59.929864,2025-07-30 09:39:27.275995,0 days 00:06:27.346131,18,9,33,COMPLETE
912,49287.437975120156,2025-07-30 09:32:59.932574,2025-07-30 09:38:22.446234,0 days 00:05:22.513660,18,7,34,COMPLETE
913,49287.437975120156,2025-07-30 09:32:59.935038,2025-07-30 09:38:25.065048,0 days 00:05:25.130010,18,7,34,COMPLETE
914,49287.437975120156,2025-07-30 09:32:59.937379,2025-07-30 09:38:25.415261,0 days 00:05:25.477882,18,7,34,COMPLETE
915,49287.437975120156,2025-07-30 09:32:59.940205,2025-07-30 09:38:31.452495,0 days 00:05:31.512290,18,7,34,COMPLETE
916,49287.437975120156,2025-07-30 09:32:59.942407,2025-07-30 09:36:23.997663,0 days 00:03:24.055256,18,7,34,COMPLETE
917,49287.437975120156,2025-07-30 09:32:59.943049,2025-07-30 09:36:28.099672,0 days 00:03:28.156623,18,7,34,COMPLETE
918,49287.437975120156,2025-07-30 09:32:59.950659,2025-07-30 09:39:19.134676,0 days 00:06:19.184017,18,7,34,COMPLETE
919,49558.68993888398,2025-07-30 09:32:59.958082,2025-07-30 09:38:24.252057,0 days 00:05:24.293975,18,9,35,COMPLETE
920,49287.437975120156,2025-07-30 09:32:59.961586,2025-07-30 09:36:27.475510,0 days 00:03:27.513924,18,7,34,COMPLETE
921,49287.437975120156,2025-07-30 09:32:59.964328,2025-07-30 09:39:20.992029,0 days 00:06:21.027701,18,7,34,COMPLETE
922,49287.437975120156,2025-07-30 09:32:59.965760,2025-07-30 09:36:30.354848,0 days 00:03:30.389088,18,7,34,COMPLETE
923,49287.437975120156,2025-07-30 09:32:59.972954,2025-07-30 09:39:25.726852,0 days 00:06:25.753898,18,7,34,COMPLETE
924,49287.437975120156,2025-07-30 09:32:59.974218,2025-07-30 09:38:28.618857,0 days 00:05:28.644639,18,7,34,COMPLETE
925,49287.437975120156,2025-07-30 09:32:59.976130,2025-07-30 09:38:28.300437,0 days 00:05:28.324307,18,7,34,COMPLETE
926,49287.437975120156,2025-07-30 09:32:59.977805,2025-07-30 09:38:25.293136,0 days 00:05:25.315331,18,7,34,COMPLETE
927,49287.437975120156,2025-07-30 09:32:59.980213,2025-07-30 09:34:49.623820,0 days 00:01:49.643607,18,7,34,COMPLETE
928,49287.437975120156,2025-07-30 09:32:59.986150,2025-07-30 09:38:28.817525,0 days 00:05:28.831375,18,7,34,COMPLETE
929,49287.437975120156,2025-07-30 09:32:59.988666,2025-07-30 09:38:27.743743,0 days 00:05:27.755077,18,7,34,COMPLETE
930,49287.437975120156,2025-07-30 09:32:59.991296,2025-07-30 09:39:21.429942,0 days 00:06:21.438646,18,7,34,COMPLETE
931,49287.437975120156,2025-07-30 09:32:59.994055,2025-07-30 09:38:32.690202,0 days 00:05:32.696147,18,7,34,COMPLETE
932,49287.437975120156,2025-07-30 09:32:59.996200,2025-07-30 09:38:28.716840,0 days 00:05:28.720640,18,7,34,COMPLETE
933,56230.599669335046,2025-07-30 09:32:59.997900,2025-07-30 09:38:33.644394,0 days 00:05:33.646494,18,9,34,COMPLETE
934,39491.32856270885,2025-07-30 09:33:00.001458,2025-07-30 09:39:28.417461,0 days 00:06:28.416003,18,7,35,COMPLETE
935,56230.599669335046,2025-07-30 09:33:00.002921,2025-07-30 09:38:32.860577,0 days 00:05:32.857656,18,9,34,COMPLETE
936,39491.32856270885,2025-07-30 09:33:00.003818,2025-07-30 09:38:30.650159,0 days 00:05:30.646341,18,7,35,COMPLETE
937,56230.599669335046,2025-07-30 09:33:00.007110,2025-07-30 09:36:30.246696,0 days 00:03:30.239586,18,9,34,COMPLETE
938,49287.437975120156,2025-07-30 09:33:00.007907,2025-07-30 09:36:36.628950,0 days 00:03:36.621043,18,7,34,COMPLETE
939,49287.437975120156,2025-07-30 09:33:00.008882,2025-07-30 09:39:25.948405,0 days 00:06:25.939523,18,7,34,COMPLETE
940,30751.139756760433,2025-07-30 09:33:00.011546,2025-07-30 09:36:33.987564,0 days 00:03:33.976018,17,7,34,COMPLETE
941,49287.437975120156,2025-07-30 09:33:00.012427,2025-07-30 09:38:38.555874,0 days 00:05:38.543447,18,7,34,COMPLETE
942,39491.32856270885,2025-07-30 09:33:00.014533,2025-07-30 09:38:29.427842,0 days 00:05:29.413309,18,7,35,COMPLETE
943,49287.437975120156,2025-07-30 09:33:00.016076,2025-07-30 09:39:30.080736,0 days 00:06:30.064660,18,7,34,COMPLETE
944,39650.168463452166,2025-07-30 09:33:00.017650,2025-07-30 09:39:27.514375,0 days 00:06:27.496725,18,7,33,COMPLETE
945,49287.437975120156,2025-07-30 09:33:00.022675,2025-07-30 09:38:33.806414,0 days 00:05:33.783739,18,7,34,COMPLETE
946,39491.32856270885,2025-07-30 09:33:00.027062,2025-07-30 09:39:34.582810,0 days 00:06:34.555748,18,7,35,COMPLETE
947,49287.437975120156,2025-07-30 09:33:00.028455,2025-07-30 09:36:36.043118,0 days 00:03:36.014663,18,7,34,COMPLETE
948,49287.437975120156,2025-07-30 09:33:00.030503,2025-07-30 09:36:36.276857,0 days 00:03:36.246354,18,7,34,COMPLETE
949,49287.437975120156,2025-07-30 09:33:00.035104,2025-07-30 09:38:36.617571,0 days 00:05:36.582467,18,7,34,COMPLETE
950,49287.437975120156,2025-07-30 09:33:00.036677,2025-07-30 09:39:28.767807,0 days 00:06:28.731130,18,7,34,COMPLETE
951,49287.437975120156,2025-07-30 09:33:00.038128,2025-07-30 09:38:35.296047,0 days 00:05:35.257919,18,7,34,COMPLETE
952,49287.437975120156,2025-07-30 09:33:00.041404,2025-07-30 09:39:26.811434,0 days 00:06:26.770030,18,7,34,COMPLETE
953,49287.437975120156,2025-07-30 09:33:00.042862,2025-07-30 09:39:30.642902,0 days 00:06:30.600040,18,7,34,COMPLETE
954,49287.437975120156,2025-07-30 09:33:00.045495,2025-07-30 09:36:40.239935,0 days 00:03:40.194440,18,7,34,COMPLETE
955,49287.437975120156,2025-07-30 09:33:00.047149,2025-07-30 09:38:36.173889,0 days 00:05:36.126740,18,7,34,COMPLETE
956,47829.72684952416,2025-07-30 09:33:00.049317,2025-07-30 09:36:35.522104,0 days 00:03:35.472787,18,6,34,COMPLETE
957,49287.437975120156,2025-07-30 09:33:00.050643,2025-07-30 09:38:36.674663,0 days 00:05:36.624020,18,7,34,COMPLETE
958,49287.437975120156,2025-07-30 09:33:00.051805,2025-07-30 09:38:42.713453,0 days 00:05:42.661648,18,7,34,COMPLETE
959,49287.437975120156,2025-07-30 09:33:00.056108,2025-07-30 09:39:33.718850,0 days 00:06:33.662742,18,7,34,COMPLETE
960,49287.437975120156,2025-07-30 09:33:00.063514,2025-07-30 09:36:34.015663,0 days 00:03:33.952149,18,7,34,COMPLETE
961,56230.599669335046,2025-07-30 09:33:00.067002,2025-07-30 09:38:32.265499,0 days 00:05:32.198497,18,9,34,COMPLETE
962,49287.437975120156,2025-07-30 09:33:00.067938,2025-07-30 09:39:24.474488,0 days 00:06:24.406550,18,7,34,COMPLETE
963,49287.437975120156,2025-07-30 09:33:00.071789,2025-07-30 09:38:36.950359,0 days 00:05:36.878570,18,7,34,COMPLETE
964,49287.437975120156,2025-07-30 09:33:00.073166,2025-07-30 09:38:39.914688,0 days 00:05:39.841522,18,7,34,COMPLETE
965,30751.139756760433,2025-07-30 09:33:00.078829,2025-07-30 09:38:37.463196,0 days 00:05:37.384367,17,7,34,COMPLETE
966,49287.437975120156,2025-07-30 09:33:00.080652,2025-07-30 09:39:31.608093,0 days 00:06:31.527441,18,7,34,COMPLETE
967,49287.437975120156,2025-07-30 09:33:00.082034,2025-07-30 09:36:42.032749,0 days 00:03:41.950715,18,7,34,COMPLETE
968,49287.437975120156,2025-07-30 09:33:00.084958,2025-07-30 09:38:39.131442,0 days 00:05:39.046484,18,7,34,COMPLETE
969,56230.599669335046,2025-07-30 09:33:00.087715,2025-07-30 09:39:32.208030,0 days 00:06:32.120315,18,9,34,COMPLETE
970,39491.32856270885,2025-07-30 09:33:00.090791,2025-07-30 09:38:32.432370,0 days 00:05:32.341579,18,7,35,COMPLETE
971,49287.437975120156,2025-07-30 09:33:00.094609,2025-07-30 09:38:42.201834,0 days 00:05:42.107225,18,7,34,COMPLETE
972,39491.32856270885,2025-07-30 09:33:00.096542,2025-07-30 09:34:54.681861,0 days 00:01:54.585319,18,7,35,COMPLETE
973,49287.437975120156,2025-07-30 09:33:00.098926,2025-07-30 09:36:41.872099,0 days 00:03:41.773173,18,7,34,COMPLETE
974,49287.437975120156,2025-07-30 09:33:00.099999,2025-07-30 09:39:31.854634,0 days 00:06:31.754635,18,7,34,COMPLETE
975,49287.437975120156,2025-07-30 09:33:00.104570,2025-07-30 09:36:41.092397,0 days 00:03:40.987827,18,7,34,COMPLETE
976,39491.32856270885,2025-07-30 09:33:00.107140,2025-07-30 09:38:35.293241,0 days 00:05:35.186101,18,7,35,COMPLETE
977,49287.437975120156,2025-07-30 09:33:00.110452,2025-07-30 09:39:30.009379,0 days 00:06:29.898927,18,7,34,COMPLETE
978,49287.437975120156,2025-07-30 09:33:00.113730,2025-07-30 09:39:30.344973,0 days 00:06:30.231243,18,7,34,COMPLETE
979,49287.437975120156,2025-07-30 09:33:00.116373,2025-07-30 09:38:40.288017,0 days 00:05:40.171644,18,7,34,COMPLETE
980,39491.32856270885,2025-07-30 09:33:00.118849,2025-07-30 09:38:41.106384,0 days 00:05:40.987535,18,7,35,COMPLETE
981,71592.27573957406,2025-07-30 09:33:00.124364,2025-07-30 09:38:48.503926,0 days 00:05:48.379562,18,9,36,COMPLETE
982,49287.437975120156,2025-07-30 09:33:00.126674,2025-07-30 09:39:32.983203,0 days 00:06:32.856529,18,7,34,COMPLETE
983,34873.76291860396,2025-07-30 09:33:00.128317,2025-07-30 09:39:30.742257,0 days 00:06:30.613940,18,9,33,COMPLETE
984,49287.437975120156,2025-07-30 09:33:00.129899,2025-07-30 09:38:55.138464,0 days 00:05:55.008565,18,7,34,COMPLETE
985,49287.437975120156,2025-07-30 09:33:00.132749,2025-07-30 09:38:48.760960,0 days 00:05:48.628211,18,7,34,COMPLETE
986,49287.437975120156,2025-07-30 09:33:00.138565,2025-07-30 09:38:49.164637,0 days 00:05:49.026072,18,7,34,COMPLETE
987,49287.437975120156,2025-07-30 09:33:00.139780,2025-07-30 09:39:34.684283,0 days 00:06:34.544503,18,7,34,COMPLETE
988,49287.437975120156,2025-07-30 09:33:00.147201,2025-07-30 09:36:44.817674,0 days 00:03:44.670473,18,7,34,COMPLETE
989,49287.437975120156,2025-07-30 09:33:00.150880,2025-07-30 09:38:44.869089,0 days 00:05:44.718209,18,7,34,COMPLETE
990,39491.32856270885,2025-07-30 09:33:00.152203,2025-07-30 09:38:37.002211,0 days 00:05:36.850008,18,7,35,COMPLETE
991,49287.437975120156,2025-07-30 09:33:00.158027,2025-07-30 09:36:45.513249,0 days 00:03:45.355222,18,7,34,COMPLETE
992,49287.437975120156,2025-07-30 09:33:00.160263,2025-07-30 09:38:51.407314,0 days 00:05:51.247051,18,7,34,COMPLETE
993,39491.32856270885,2025-07-30 09:33:00.162773,2025-07-30 09:38:44.216259,0 days 00:05:44.053486,18,7,35,COMPLETE
994,49287.437975120156,2025-07-30 09:33:00.166950,2025-07-30 09:36:42.454263,0 days 00:03:42.287313,18,7,34,COMPLETE
995,49287.437975120156,2025-07-30 09:33:00.173469,2025-07-30 09:38:51.320950,0 days 00:05:51.147481,18,7,34,COMPLETE
996,49287.437975120156,2025-07-30 09:33:00.176278,2025-07-30 09:36:43.203730,0 days 00:03:43.027452,18,7,34,COMPLETE
997,78518.29148284014,2025-07-30 09:33:02.530704,2025-07-30 09:37:39.265530,0 days 00:04:36.734826,18,11,34,COMPLETE
998,78518.29148284014,2025-07-30 09:33:05.132738,2025-07-30 09:38:19.113022,0 days 00:05:13.980284,18,11,34,COMPLETE
999,78518.29148284014,2025-07-30 09:33:08.514297,2025-07-30 09:39:30.189193,0 days 00:06:21.674896,18,11,34,COMPLETE
