number,value,datetime_start,datetime_complete,duration,params_macd_fast,params_macd_signal,params_macd_slow,state
0,-inf,2025-08-07 13:27:47.839174,2025-08-07 13:27:47.840106,0 days 00:00:00.000932,15,17,15,COMPLETE
1,4807.492413861281,2025-08-07 13:27:47.842420,2025-08-07 13:27:48.893975,0 days 00:00:01.051555,11,7,22,COMPLETE
2,4403.410067953016,2025-08-07 13:27:47.844383,2025-08-07 13:27:48.863891,0 days 00:00:01.019508,16,8,43,COMPLETE
3,1223.294982931662,2025-08-07 13:27:47.846396,2025-08-07 13:27:49.801240,0 days 00:00:01.954844,15,17,39,COMPLETE
4,1121.1450813810013,2025-08-07 13:27:47.848736,2025-08-07 13:27:50.411058,0 days 00:00:02.562322,6,13,22,COMPLETE
5,7207.2146819967065,2025-08-07 13:27:47.850599,2025-08-07 13:27:50.891669,0 days 00:00:03.041070,18,14,46,COMPLETE
6,2847.761664797586,2025-08-07 13:27:47.853884,2025-08-07 13:27:51.430988,0 days 00:00:03.577104,13,11,31,COMPLETE
7,-inf,2025-08-07 13:27:47.855133,2025-08-07 13:27:48.100872,0 days 00:00:00.245739,17,15,17,COMPLETE
8,4244.4395357677595,2025-08-07 13:27:47.862657,2025-08-07 13:27:53.300133,0 days 00:00:05.437476,14,18,49,COMPLETE
9,4418.428088179114,2025-08-07 13:27:47.865391,2025-08-07 13:27:53.875427,0 days 00:00:06.010036,9,13,34,COMPLETE
10,21811.58683618627,2025-08-07 13:27:47.867053,2025-08-07 13:27:52.948936,0 days 00:00:05.081883,7,11,15,COMPLETE
11,893.932422935719,2025-08-07 13:27:47.869206,2025-08-07 13:27:51.722261,0 days 00:00:03.853055,7,17,31,COMPLETE
12,1422.6187312689008,2025-08-07 13:27:47.870657,2025-08-07 13:27:51.773981,0 days 00:00:03.903324,15,9,30,COMPLETE
13,11664.17940391435,2025-08-07 13:27:47.872124,2025-08-07 13:27:53.549122,0 days 00:00:05.676998,12,5,29,COMPLETE
14,3057.955825869417,2025-08-07 13:27:47.876037,2025-08-07 13:27:55.183460,0 days 00:00:07.307423,5,12,50,COMPLETE
15,2994.4178545462605,2025-08-07 13:27:47.880907,2025-08-07 13:27:54.516223,0 days 00:00:06.635316,16,6,40,COMPLETE
16,4608.058419051112,2025-08-07 13:27:47.882703,2025-08-07 13:27:53.811152,0 days 00:00:05.928449,17,18,37,COMPLETE
17,5522.352134023307,2025-08-07 13:27:47.884233,2025-08-07 13:27:54.949380,0 days 00:00:07.065147,11,11,33,COMPLETE
18,4477.006020980066,2025-08-07 13:27:47.887287,2025-08-07 13:27:55.167544,0 days 00:00:07.280257,9,18,24,COMPLETE
19,1940.202446803632,2025-08-07 13:27:47.891486,2025-08-07 13:27:55.444004,0 days 00:00:07.552518,11,10,16,COMPLETE
20,1511.2791903141233,2025-08-07 13:27:47.906039,2025-08-07 13:27:55.718905,0 days 00:00:07.812866,9,12,37,COMPLETE
21,835.4075445139283,2025-08-07 13:27:48.550565,2025-08-07 13:27:56.343528,0 days 00:00:07.792963,10,20,45,COMPLETE
22,2630.170192141942,2025-08-07 13:27:49.500487,2025-08-07 13:27:55.618281,0 days 00:00:06.117794,9,19,37,COMPLETE
23,2082.341020048908,2025-08-07 13:27:49.512589,2025-08-07 13:27:56.241118,0 days 00:00:06.728529,5,13,47,COMPLETE
24,11205.241479360733,2025-08-07 13:27:49.802313,2025-08-07 13:27:56.470078,0 days 00:00:06.667765,8,5,35,COMPLETE
25,4213.666446687727,2025-08-07 13:27:50.826135,2025-08-07 13:27:56.228747,0 days 00:00:05.402612,14,13,33,COMPLETE
26,25502.774979989088,2025-08-07 13:27:51.253118,2025-08-07 13:27:55.729955,0 days 00:00:04.476837,5,11,16,COMPLETE
27,4598.225171575605,2025-08-07 13:27:51.532686,2025-08-07 13:27:56.578754,0 days 00:00:05.046068,10,12,30,COMPLETE
28,792.8591062652758,2025-08-07 13:27:51.785012,2025-08-07 13:27:56.872633,0 days 00:00:05.087621,19,19,50,COMPLETE
29,11278.411264527635,2025-08-07 13:27:51.960067,2025-08-07 13:27:56.779048,0 days 00:00:04.818981,20,5,50,COMPLETE
30,5432.774382071372,2025-08-07 13:27:53.416259,2025-08-07 13:27:57.686128,0 days 00:00:04.269869,20,5,40,COMPLETE
31,4155.005641126433,2025-08-07 13:27:53.515030,2025-08-07 13:27:57.525044,0 days 00:00:04.010014,19,12,49,COMPLETE
32,12384.805241652897,2025-08-07 13:27:53.953972,2025-08-07 13:28:02.167945,0 days 00:00:08.213973,10,5,25,COMPLETE
33,12384.805241652897,2025-08-07 13:27:54.506412,2025-08-07 13:27:59.644024,0 days 00:00:05.137612,10,5,25,COMPLETE
34,1134.791525156893,2025-08-07 13:27:55.368188,2025-08-07 13:28:00.104330,0 days 00:00:04.736142,20,5,27,COMPLETE
35,5028.009947193663,2025-08-07 13:27:55.467793,2025-08-07 13:27:59.314298,0 days 00:00:03.846505,20,5,26,COMPLETE
36,3737.0048119873436,2025-08-07 13:27:55.666772,2025-08-07 13:28:00.861997,0 days 00:00:05.195225,20,15,26,COMPLETE
37,17746.37209215301,2025-08-07 13:27:55.741286,2025-08-07 13:28:02.276085,0 days 00:00:06.534799,7,5,26,COMPLETE
38,9519.077756657374,2025-08-07 13:27:55.921427,2025-08-07 13:28:01.529322,0 days 00:00:05.607895,7,5,27,COMPLETE
39,-inf,2025-08-07 13:27:56.098536,2025-08-07 13:27:57.690100,0 days 00:00:01.591564,20,5,19,COMPLETE
40,5028.009947193663,2025-08-07 13:27:56.160451,2025-08-07 13:28:02.286046,0 days 00:00:06.125595,20,5,26,COMPLETE
41,17746.37209215301,2025-08-07 13:27:56.325238,2025-08-07 13:28:03.508702,0 days 00:00:07.183464,7,5,26,COMPLETE
42,23004.649629553453,2025-08-07 13:27:56.412571,2025-08-07 13:28:02.409117,0 days 00:00:05.996546,6,6,19,COMPLETE
43,-inf,2025-08-07 13:27:56.684015,2025-08-07 13:27:57.689472,0 days 00:00:01.005457,20,9,19,COMPLETE
44,8382.794703258296,2025-08-07 13:27:56.711924,2025-08-07 13:28:02.826833,0 days 00:00:06.114909,7,9,26,COMPLETE
45,25509.88932515791,2025-08-07 13:27:56.771750,2025-08-07 13:28:04.129274,0 days 00:00:07.357524,7,9,19,COMPLETE
46,13300.491985999988,2025-08-07 13:27:56.802248,2025-08-07 13:28:04.116222,0 days 00:00:07.313974,7,9,18,COMPLETE
47,13165.022801590745,2025-08-07 13:27:56.814254,2025-08-07 13:28:01.545344,0 days 00:00:04.731090,7,8,19,COMPLETE
48,10357.83953244801,2025-08-07 13:27:56.878431,2025-08-07 13:28:02.287637,0 days 00:00:05.409206,6,9,19,COMPLETE
49,25509.88932515791,2025-08-07 13:27:56.907048,2025-08-07 13:28:03.169610,0 days 00:00:06.262562,7,9,19,COMPLETE
50,13994.257015450488,2025-08-07 13:27:57.663213,2025-08-07 13:28:03.442623,0 days 00:00:05.779410,6,5,19,COMPLETE
51,6501.841098823121,2025-08-07 13:27:57.694538,2025-08-07 13:28:04.068336,0 days 00:00:06.373798,7,7,27,COMPLETE
52,10284.254362205196,2025-08-07 13:27:57.706303,2025-08-07 13:28:04.185046,0 days 00:00:06.478743,7,7,26,COMPLETE
53,9728.991477292517,2025-08-07 13:27:57.707314,2025-08-07 13:28:04.058860,0 days 00:00:06.351546,7,7,28,COMPLETE
54,6501.841098823121,2025-08-07 13:27:59.642753,2025-08-07 13:28:05.127394,0 days 00:00:05.484641,7,7,27,COMPLETE
55,6501.841098823121,2025-08-07 13:27:59.874349,2025-08-07 13:28:05.925567,0 days 00:00:06.051218,7,7,27,COMPLETE
56,24041.194003420936,2025-08-07 13:28:00.658639,2025-08-07 13:28:05.817033,0 days 00:00:05.158394,7,7,15,COMPLETE
57,12302.71687168438,2025-08-07 13:28:01.064777,2025-08-07 13:28:06.073792,0 days 00:00:05.009015,7,7,21,COMPLETE
58,18770.96521618342,2025-08-07 13:28:01.841209,2025-08-07 13:28:06.964475,0 days 00:00:05.123266,6,7,20,COMPLETE
59,24492.646614377598,2025-08-07 13:28:02.029346,2025-08-07 13:28:06.074633,0 days 00:00:04.045287,6,7,15,COMPLETE
60,24041.194003420936,2025-08-07 13:28:02.308378,2025-08-07 13:28:09.876908,0 days 00:00:07.568530,7,7,15,COMPLETE
61,24041.194003420936,2025-08-07 13:28:02.361890,2025-08-07 13:28:07.456469,0 days 00:00:05.094579,7,7,15,COMPLETE
62,24492.646614377598,2025-08-07 13:28:02.553363,2025-08-07 13:28:07.979683,0 days 00:00:05.426320,6,7,15,COMPLETE
63,24492.646614377598,2025-08-07 13:28:02.576338,2025-08-07 13:28:07.400487,0 days 00:00:04.824149,6,7,15,COMPLETE
64,24492.646614377598,2025-08-07 13:28:02.671762,2025-08-07 13:28:09.143972,0 days 00:00:06.472210,6,7,15,COMPLETE
65,24492.646614377598,2025-08-07 13:28:02.965287,2025-08-07 13:28:08.556249,0 days 00:00:05.590962,6,7,15,COMPLETE
66,25159.970529389455,2025-08-07 13:28:03.175913,2025-08-07 13:28:08.438148,0 days 00:00:05.262235,6,8,15,COMPLETE
67,25969.07469817813,2025-08-07 13:28:03.589200,2025-08-07 13:28:09.874653,0 days 00:00:06.285453,5,7,15,COMPLETE
68,25969.07469817813,2025-08-07 13:28:03.659438,2025-08-07 13:28:10.794442,0 days 00:00:07.135004,5,7,15,COMPLETE
69,14226.563643514222,2025-08-07 13:28:04.283350,2025-08-07 13:28:10.715549,0 days 00:00:06.432199,8,7,22,COMPLETE
70,36003.50349735412,2025-08-07 13:28:04.018993,2025-08-07 13:28:10.373140,0 days 00:00:06.354147,5,10,15,COMPLETE
71,36003.50349735412,2025-08-07 13:28:04.070233,2025-08-07 13:28:10.936456,0 days 00:00:06.866223,5,10,15,COMPLETE
72,36003.50349735412,2025-08-07 13:28:04.209294,2025-08-07 13:28:09.769098,0 days 00:00:05.559804,5,10,15,COMPLETE
73,36003.50349735412,2025-08-07 13:28:04.322198,2025-08-07 13:28:12.158499,0 days 00:00:07.836301,5,10,15,COMPLETE
74,38879.516313536886,2025-08-07 13:28:05.375769,2025-08-07 13:28:11.685705,0 days 00:00:06.309936,5,11,15,COMPLETE
75,36003.50349735412,2025-08-07 13:28:05.918593,2025-08-07 13:28:12.611326,0 days 00:00:06.692733,5,10,15,COMPLETE
76,13332.446867112954,2025-08-07 13:28:05.963444,2025-08-07 13:28:12.893235,0 days 00:00:06.929791,5,10,22,COMPLETE
77,33627.49338664723,2025-08-07 13:28:06.263701,2025-08-07 13:28:12.514081,0 days 00:00:06.250380,5,8,15,COMPLETE
78,33627.49338664723,2025-08-07 13:28:06.405120,2025-08-07 13:28:12.965618,0 days 00:00:06.560498,5,8,15,COMPLETE
79,36003.50349735412,2025-08-07 13:28:07.186205,2025-08-07 13:28:13.966341,0 days 00:00:06.780136,5,10,15,COMPLETE
80,33627.49338664723,2025-08-07 13:28:07.531210,2025-08-07 13:28:14.449443,0 days 00:00:06.918233,5,8,15,COMPLETE
81,33627.49338664723,2025-08-07 13:28:07.660832,2025-08-07 13:28:13.009163,0 days 00:00:05.348331,5,8,15,COMPLETE
82,28404.709786856954,2025-08-07 13:28:08.078141,2025-08-07 13:28:14.452257,0 days 00:00:06.374116,5,10,17,COMPLETE
83,28404.709786856954,2025-08-07 13:28:08.556809,2025-08-07 13:28:14.821925,0 days 00:00:06.265116,5,10,17,COMPLETE
84,28404.709786856954,2025-08-07 13:28:08.720104,2025-08-07 13:28:15.225707,0 days 00:00:06.505603,5,10,17,COMPLETE
85,28404.709786856954,2025-08-07 13:28:09.250444,2025-08-07 13:28:16.070520,0 days 00:00:06.820076,5,10,17,COMPLETE
86,28404.709786856954,2025-08-07 13:28:09.877324,2025-08-07 13:28:16.078451,0 days 00:00:06.201127,5,10,17,COMPLETE
87,28404.709786856954,2025-08-07 13:28:10.167996,2025-08-07 13:28:16.848056,0 days 00:00:06.680060,5,10,17,COMPLETE
88,28404.709786856954,2025-08-07 13:28:10.227900,2025-08-07 13:28:16.712506,0 days 00:00:06.484606,5,10,17,COMPLETE
89,28404.709786856954,2025-08-07 13:28:10.858333,2025-08-07 13:28:16.620762,0 days 00:00:05.762429,5,10,17,COMPLETE
90,28404.709786856954,2025-08-07 13:28:11.204418,2025-08-07 13:28:18.283459,0 days 00:00:07.079041,5,10,17,COMPLETE
91,28404.709786856954,2025-08-07 13:28:11.353373,2025-08-07 13:28:17.943963,0 days 00:00:06.590590,5,10,17,COMPLETE
92,28404.709786856954,2025-08-07 13:28:11.559780,2025-08-07 13:28:18.148838,0 days 00:00:06.589058,5,10,17,COMPLETE
93,28404.709786856954,2025-08-07 13:28:12.088868,2025-08-07 13:28:18.734506,0 days 00:00:06.645638,5,10,17,COMPLETE
94,28404.709786856954,2025-08-07 13:28:12.381188,2025-08-07 13:28:18.641400,0 days 00:00:06.260212,5,10,17,COMPLETE
95,28404.709786856954,2025-08-07 13:28:12.651393,2025-08-07 13:28:19.015888,0 days 00:00:06.364495,5,10,17,COMPLETE
96,28404.709786856954,2025-08-07 13:28:12.657667,2025-08-07 13:28:18.941012,0 days 00:00:06.283345,5,10,17,COMPLETE
97,28404.709786856954,2025-08-07 13:28:13.258181,2025-08-07 13:28:20.339674,0 days 00:00:07.081493,5,10,17,COMPLETE
98,28404.709786856954,2025-08-07 13:28:13.298399,2025-08-07 13:28:20.632688,0 days 00:00:07.334289,5,10,17,COMPLETE
99,28404.709786856954,2025-08-07 13:28:13.396754,2025-08-07 13:28:20.560208,0 days 00:00:07.163454,5,10,17,COMPLETE
100,28404.709786856954,2025-08-07 13:28:14.403281,2025-08-07 13:28:21.369219,0 days 00:00:06.965938,5,10,17,COMPLETE
101,21527.601448824724,2025-08-07 13:28:14.750690,2025-08-07 13:28:22.085729,0 days 00:00:07.335039,5,11,17,COMPLETE
102,8874.651874261303,2025-08-07 13:28:15.145609,2025-08-07 13:28:21.333075,0 days 00:00:06.187466,8,11,17,COMPLETE
103,8874.651874261303,2025-08-07 13:28:15.192434,2025-08-07 13:28:23.561177,0 days 00:00:08.368743,8,11,17,COMPLETE
104,8874.651874261303,2025-08-07 13:28:15.694640,2025-08-07 13:28:20.998633,0 days 00:00:05.303993,8,11,17,COMPLETE
105,27051.995868587193,2025-08-07 13:28:16.227382,2025-08-07 13:28:22.103396,0 days 00:00:05.876014,8,11,16,COMPLETE
106,27051.995868587193,2025-08-07 13:28:16.881202,2025-08-07 13:28:23.670195,0 days 00:00:06.788993,8,11,16,COMPLETE
107,27051.995868587193,2025-08-07 13:28:17.007399,2025-08-07 13:28:24.330197,0 days 00:00:07.322798,8,11,16,COMPLETE
108,27051.995868587193,2025-08-07 13:28:17.049262,2025-08-07 13:28:23.402672,0 days 00:00:06.353410,8,11,16,COMPLETE
109,5114.308334852627,2025-08-07 13:28:17.083419,2025-08-07 13:28:23.281510,0 days 00:00:06.198091,12,11,16,COMPLETE
110,27051.995868587193,2025-08-07 13:28:18.081756,2025-08-07 13:28:24.834975,0 days 00:00:06.753219,8,11,16,COMPLETE
111,27051.995868587193,2025-08-07 13:28:18.284288,2025-08-07 13:28:25.892091,0 days 00:00:07.607803,8,11,16,COMPLETE
112,27051.995868587193,2025-08-07 13:28:18.433457,2025-08-07 13:28:25.322392,0 days 00:00:06.888935,8,11,16,COMPLETE
113,27051.995868587193,2025-08-07 13:28:18.832876,2025-08-07 13:28:26.489738,0 days 00:00:07.656862,8,11,16,COMPLETE
114,27051.995868587193,2025-08-07 13:28:18.911403,2025-08-07 13:28:24.847672,0 days 00:00:05.936269,8,11,16,COMPLETE
115,15726.314170188336,2025-08-07 13:28:19.091156,2025-08-07 13:28:26.933081,0 days 00:00:07.841925,6,11,16,COMPLETE
116,27051.995868587193,2025-08-07 13:28:19.307172,2025-08-07 13:28:25.882330,0 days 00:00:06.575158,8,11,16,COMPLETE
117,15726.314170188336,2025-08-07 13:28:20.442267,2025-08-07 13:28:26.645684,0 days 00:00:06.203417,6,11,16,COMPLETE
118,27051.995868587193,2025-08-07 13:28:20.719822,2025-08-07 13:28:27.419417,0 days 00:00:06.699595,8,11,16,COMPLETE
119,27051.995868587193,2025-08-07 13:28:20.728241,2025-08-07 13:28:28.095821,0 days 00:00:07.367580,8,11,16,COMPLETE
120,15726.314170188336,2025-08-07 13:28:21.098851,2025-08-07 13:28:27.057991,0 days 00:00:05.959140,6,11,16,COMPLETE
121,22764.06818910493,2025-08-07 13:28:21.375875,2025-08-07 13:28:27.608743,0 days 00:00:06.232868,6,8,16,COMPLETE
122,22764.06818910493,2025-08-07 13:28:21.507942,2025-08-07 13:28:27.708097,0 days 00:00:06.200155,6,8,16,COMPLETE
123,22764.06818910493,2025-08-07 13:28:22.273711,2025-08-07 13:28:28.818916,0 days 00:00:06.545205,6,8,16,COMPLETE
124,22764.06818910493,2025-08-07 13:28:22.658027,2025-08-07 13:28:29.490123,0 days 00:00:06.832096,6,8,16,COMPLETE
125,14187.466097352964,2025-08-07 13:28:23.561676,2025-08-07 13:28:30.553297,0 days 00:00:06.991621,6,8,20,COMPLETE
126,14187.466097352964,2025-08-07 13:28:23.569461,2025-08-07 13:28:30.124360,0 days 00:00:06.554899,6,8,20,COMPLETE
127,20581.728833395387,2025-08-07 13:28:23.797675,2025-08-07 13:28:29.060792,0 days 00:00:05.263117,6,8,18,COMPLETE
128,14187.466097352964,2025-08-07 13:28:24.038627,2025-08-07 13:28:30.678463,0 days 00:00:06.639836,6,8,20,COMPLETE
129,20581.728833395387,2025-08-07 13:28:24.625413,2025-08-07 13:28:31.704488,0 days 00:00:07.079075,6,8,18,COMPLETE
130,20581.728833395387,2025-08-07 13:28:24.981830,2025-08-07 13:28:31.884763,0 days 00:00:06.902933,6,8,18,COMPLETE
131,20581.728833395387,2025-08-07 13:28:25.020120,2025-08-07 13:28:30.233445,0 days 00:00:05.213325,6,8,18,COMPLETE
132,20581.728833395387,2025-08-07 13:28:25.428870,2025-08-07 13:28:31.075340,0 days 00:00:05.646470,6,8,18,COMPLETE
133,20581.728833395387,2025-08-07 13:28:25.960186,2025-08-07 13:28:32.998841,0 days 00:00:07.038655,6,8,18,COMPLETE
134,20581.728833395387,2025-08-07 13:28:26.145246,2025-08-07 13:28:32.419960,0 days 00:00:06.274714,6,8,18,COMPLETE
135,20581.728833395387,2025-08-07 13:28:26.788476,2025-08-07 13:28:32.662955,0 days 00:00:05.874479,6,8,18,COMPLETE
136,20581.728833395387,2025-08-07 13:28:26.933684,2025-08-07 13:28:33.426055,0 days 00:00:06.492371,6,8,18,COMPLETE
137,20581.728833395387,2025-08-07 13:28:27.103832,2025-08-07 13:28:32.479006,0 days 00:00:05.375174,6,8,18,COMPLETE
138,20581.728833395387,2025-08-07 13:28:27.455125,2025-08-07 13:28:33.417142,0 days 00:00:05.962017,6,8,18,COMPLETE
139,16226.258817226946,2025-08-07 13:28:27.769417,2025-08-07 13:28:34.185971,0 days 00:00:06.416554,6,9,18,COMPLETE
140,16226.258817226946,2025-08-07 13:28:27.915432,2025-08-07 13:28:34.696675,0 days 00:00:06.781243,6,9,18,COMPLETE
141,16226.258817226946,2025-08-07 13:28:27.922549,2025-08-07 13:28:34.672620,0 days 00:00:06.750071,6,9,18,COMPLETE
142,16226.258817226946,2025-08-07 13:28:28.193576,2025-08-07 13:28:34.614417,0 days 00:00:06.420841,6,9,18,COMPLETE
143,28298.349699254628,2025-08-07 13:28:29.105249,2025-08-07 13:28:34.907939,0 days 00:00:05.802690,5,9,18,COMPLETE
144,28298.349699254628,2025-08-07 13:28:29.368229,2025-08-07 13:28:35.119099,0 days 00:00:05.750870,5,9,18,COMPLETE
145,28298.349699254628,2025-08-07 13:28:29.657935,2025-08-07 13:28:37.024632,0 days 00:00:07.366697,5,9,18,COMPLETE
146,28298.349699254628,2025-08-07 13:28:30.219499,2025-08-07 13:28:35.678648,0 days 00:00:05.459149,5,9,18,COMPLETE
147,28298.349699254628,2025-08-07 13:28:30.245543,2025-08-07 13:28:37.670801,0 days 00:00:07.425258,5,9,18,COMPLETE
148,28298.349699254628,2025-08-07 13:28:31.001770,2025-08-07 13:28:38.157579,0 days 00:00:07.155809,5,9,18,COMPLETE
149,42203.00046304342,2025-08-07 13:28:31.106543,2025-08-07 13:28:37.788567,0 days 00:00:06.682024,5,9,15,COMPLETE
150,42203.00046304342,2025-08-07 13:28:31.433911,2025-08-07 13:28:37.357063,0 days 00:00:05.923152,5,9,15,COMPLETE
151,42203.00046304342,2025-08-07 13:28:31.994077,2025-08-07 13:28:39.418294,0 days 00:00:07.424217,5,9,15,COMPLETE
152,42203.00046304342,2025-08-07 13:28:32.063621,2025-08-07 13:28:38.172874,0 days 00:00:06.109253,5,9,15,COMPLETE
153,42203.00046304342,2025-08-07 13:28:32.479592,2025-08-07 13:28:38.472586,0 days 00:00:05.992994,5,9,15,COMPLETE
154,42203.00046304342,2025-08-07 13:28:32.526096,2025-08-07 13:28:37.974821,0 days 00:00:05.448725,5,9,15,COMPLETE
155,42203.00046304342,2025-08-07 13:28:32.703742,2025-08-07 13:28:38.317864,0 days 00:00:05.614122,5,9,15,COMPLETE
156,42203.00046304342,2025-08-07 13:28:33.560855,2025-08-07 13:28:40.683640,0 days 00:00:07.122785,5,9,15,COMPLETE
157,42203.00046304342,2025-08-07 13:28:33.681917,2025-08-07 13:28:41.054899,0 days 00:00:07.372982,5,9,15,COMPLETE
158,4672.2171024782065,2025-08-07 13:28:33.689415,2025-08-07 13:28:40.241433,0 days 00:00:06.552018,5,9,42,COMPLETE
159,42203.00046304342,2025-08-07 13:28:34.285374,2025-08-07 13:28:40.097661,0 days 00:00:05.812287,5,9,15,COMPLETE
160,31953.93163442484,2025-08-07 13:28:34.704491,2025-08-07 13:28:41.199219,0 days 00:00:06.494728,5,12,15,COMPLETE
161,31953.93163442484,2025-08-07 13:28:34.718420,2025-08-07 13:28:40.842990,0 days 00:00:06.124570,5,12,15,COMPLETE
162,31953.93163442484,2025-08-07 13:28:34.757931,2025-08-07 13:28:40.133769,0 days 00:00:05.375838,5,12,15,COMPLETE
163,4209.524860132154,2025-08-07 13:28:34.968463,2025-08-07 13:28:42.043849,0 days 00:00:07.075386,5,12,43,COMPLETE
164,31953.93163442484,2025-08-07 13:28:35.181805,2025-08-07 13:28:42.536675,0 days 00:00:07.354870,5,12,15,COMPLETE
165,31953.93163442484,2025-08-07 13:28:35.747655,2025-08-07 13:28:42.883270,0 days 00:00:07.135615,5,12,15,COMPLETE
166,31953.93163442484,2025-08-07 13:28:37.156275,2025-08-07 13:28:43.466832,0 days 00:00:06.310557,5,12,15,COMPLETE
167,31953.93163442484,2025-08-07 13:28:37.416448,2025-08-07 13:28:43.269951,0 days 00:00:05.853503,5,12,15,COMPLETE
168,36003.50349735412,2025-08-07 13:28:37.706978,2025-08-07 13:28:44.007069,0 days 00:00:06.300091,5,10,15,COMPLETE
169,-inf,2025-08-07 13:28:37.892658,2025-08-07 13:28:41.440353,0 days 00:00:03.547695,16,9,15,COMPLETE
170,26603.527069391537,2025-08-07 13:28:38.084334,2025-08-07 13:28:43.920181,0 days 00:00:05.835847,5,6,15,COMPLETE
171,31953.93163442484,2025-08-07 13:28:38.337074,2025-08-07 13:28:45.703223,0 days 00:00:07.366149,5,12,15,COMPLETE
172,4341.214704806583,2025-08-07 13:28:38.396703,2025-08-07 13:28:44.168629,0 days 00:00:05.771926,14,12,15,COMPLETE
173,42203.00046304342,2025-08-07 13:28:38.588148,2025-08-07 13:28:46.703493,0 days 00:00:08.115345,5,9,15,COMPLETE
174,42203.00046304342,2025-08-07 13:28:38.864585,2025-08-07 13:28:45.212364,0 days 00:00:06.347779,5,9,15,COMPLETE
175,31953.93163442484,2025-08-07 13:28:39.469712,2025-08-07 13:28:46.215318,0 days 00:00:06.745606,5,12,15,COMPLETE
176,42203.00046304342,2025-08-07 13:28:40.194527,2025-08-07 13:28:47.029760,0 days 00:00:06.835233,5,9,15,COMPLETE
177,42203.00046304342,2025-08-07 13:28:40.228052,2025-08-07 13:28:46.080173,0 days 00:00:05.852121,5,9,15,COMPLETE
178,-inf,2025-08-07 13:28:40.300011,2025-08-07 13:28:43.357405,0 days 00:00:03.057394,17,14,15,COMPLETE
179,42203.00046304342,2025-08-07 13:28:40.819119,2025-08-07 13:28:46.997863,0 days 00:00:06.178744,5,9,15,COMPLETE
180,-inf,2025-08-07 13:28:40.866475,2025-08-07 13:28:44.393179,0 days 00:00:03.526704,15,9,15,COMPLETE
181,42203.00046304342,2025-08-07 13:28:41.095593,2025-08-07 13:28:46.834290,0 days 00:00:05.738697,5,9,15,COMPLETE
182,-inf,2025-08-07 13:28:41.208127,2025-08-07 13:28:44.484048,0 days 00:00:03.275921,16,9,15,COMPLETE
183,42203.00046304342,2025-08-07 13:28:41.517839,2025-08-07 13:28:49.706378,0 days 00:00:08.188539,5,9,15,COMPLETE
184,5953.440325271927,2025-08-07 13:28:42.128440,2025-08-07 13:28:49.371703,0 days 00:00:07.243263,13,9,15,COMPLETE
185,42203.00046304342,2025-08-07 13:28:42.670003,2025-08-07 13:28:48.135676,0 days 00:00:05.465673,5,9,15,COMPLETE
186,3663.2813920794447,2025-08-07 13:28:42.919124,2025-08-07 13:28:49.423838,0 days 00:00:06.504714,14,9,15,COMPLETE
187,3663.2813920794447,2025-08-07 13:28:43.357927,2025-08-07 13:28:49.619292,0 days 00:00:06.261365,14,9,15,COMPLETE
188,42203.00046304342,2025-08-07 13:28:43.388351,2025-08-07 13:28:50.177413,0 days 00:00:06.789062,5,9,15,COMPLETE
189,7240.025236916316,2025-08-07 13:28:43.575884,2025-08-07 13:28:49.200858,0 days 00:00:05.624974,5,9,35,COMPLETE
190,42203.00046304342,2025-08-07 13:28:43.936081,2025-08-07 13:28:50.608922,0 days 00:00:06.672841,5,9,15,COMPLETE
191,42203.00046304342,2025-08-07 13:28:44.020669,2025-08-07 13:28:51.337796,0 days 00:00:07.317127,5,9,15,COMPLETE
192,42203.00046304342,2025-08-07 13:28:44.214885,2025-08-07 13:28:51.240782,0 days 00:00:07.025897,5,9,15,COMPLETE
193,12333.48362757157,2025-08-07 13:28:44.511733,2025-08-07 13:28:52.988338,0 days 00:00:08.476605,5,10,31,COMPLETE
194,28649.20382432239,2025-08-07 13:28:44.587269,2025-08-07 13:28:51.587781,0 days 00:00:07.000512,5,10,16,COMPLETE
195,28816.61197534258,2025-08-07 13:28:45.263633,2025-08-07 13:28:53.149555,0 days 00:00:07.885922,5,9,16,COMPLETE
196,28816.61197534258,2025-08-07 13:28:45.878820,2025-08-07 13:28:52.708278,0 days 00:00:06.829458,5,9,16,COMPLETE
197,28816.61197534258,2025-08-07 13:28:46.102211,2025-08-07 13:28:52.829164,0 days 00:00:06.726953,5,9,16,COMPLETE
198,9056.954826370791,2025-08-07 13:28:46.298250,2025-08-07 13:28:53.827586,0 days 00:00:07.529336,5,9,36,COMPLETE
199,7240.025236916316,2025-08-07 13:28:46.785276,2025-08-07 13:28:53.720874,0 days 00:00:06.935598,5,9,35,COMPLETE
200,28816.61197534258,2025-08-07 13:28:46.861731,2025-08-07 13:28:54.391360,0 days 00:00:07.529629,5,9,16,COMPLETE
201,28816.61197534258,2025-08-07 13:28:47.093354,2025-08-07 13:28:54.042038,0 days 00:00:06.948684,5,9,16,COMPLETE
202,28816.61197534258,2025-08-07 13:28:47.112715,2025-08-07 13:28:55.142847,0 days 00:00:08.030132,5,9,16,COMPLETE
203,28816.61197534258,2025-08-07 13:28:48.169369,2025-08-07 13:28:55.029546,0 days 00:00:06.860177,5,9,16,COMPLETE
204,28816.61197534258,2025-08-07 13:28:49.302948,2025-08-07 13:28:57.052549,0 days 00:00:07.749601,5,9,16,COMPLETE
205,28816.61197534258,2025-08-07 13:28:49.527673,2025-08-07 13:28:55.840209,0 days 00:00:06.312536,5,9,16,COMPLETE
206,4287.958933049394,2025-08-07 13:28:49.605437,2025-08-07 13:28:56.691106,0 days 00:00:07.085669,11,9,16,COMPLETE
207,28816.61197534258,2025-08-07 13:28:49.684089,2025-08-07 13:28:56.793002,0 days 00:00:07.108913,5,9,16,COMPLETE
208,28816.61197534258,2025-08-07 13:28:49.757138,2025-08-07 13:28:57.548290,0 days 00:00:07.791152,5,9,16,COMPLETE
209,28816.61197534258,2025-08-07 13:28:50.178429,2025-08-07 13:28:57.219086,0 days 00:00:07.040657,5,9,16,COMPLETE
210,28816.61197534258,2025-08-07 13:28:50.653095,2025-08-07 13:28:58.593722,0 days 00:00:07.940627,5,9,16,COMPLETE
211,28816.61197534258,2025-08-07 13:28:51.277097,2025-08-07 13:28:58.723482,0 days 00:00:07.446385,5,9,16,COMPLETE
212,28816.61197534258,2025-08-07 13:28:51.366928,2025-08-07 13:28:58.350205,0 days 00:00:06.983277,5,9,16,COMPLETE
213,28816.61197534258,2025-08-07 13:28:51.636131,2025-08-07 13:28:59.573706,0 days 00:00:07.937575,5,9,16,COMPLETE
214,28816.61197534258,2025-08-07 13:28:52.753747,2025-08-07 13:29:01.093627,0 days 00:00:08.339880,5,9,16,COMPLETE
215,28816.61197534258,2025-08-07 13:28:52.839694,2025-08-07 13:29:00.862331,0 days 00:00:08.022637,5,9,16,COMPLETE
216,28816.61197534258,2025-08-07 13:28:53.105270,2025-08-07 13:29:00.987479,0 days 00:00:07.882209,5,9,16,COMPLETE
217,28816.61197534258,2025-08-07 13:28:53.323607,2025-08-07 13:29:00.822887,0 days 00:00:07.499280,5,9,16,COMPLETE
218,28816.61197534258,2025-08-07 13:28:53.735911,2025-08-07 13:29:00.966353,0 days 00:00:07.230442,5,9,16,COMPLETE
219,28816.61197534258,2025-08-07 13:28:53.864564,2025-08-07 13:29:01.217050,0 days 00:00:07.352486,5,9,16,COMPLETE
220,28816.61197534258,2025-08-07 13:28:54.080434,2025-08-07 13:29:02.262781,0 days 00:00:08.182347,5,9,16,COMPLETE
221,28816.61197534258,2025-08-07 13:28:54.415583,2025-08-07 13:29:01.925396,0 days 00:00:07.509813,5,9,16,COMPLETE
222,28816.61197534258,2025-08-07 13:28:55.045081,2025-08-07 13:29:02.716505,0 days 00:00:07.671424,5,9,16,COMPLETE
223,4287.958933049394,2025-08-07 13:28:55.162633,2025-08-07 13:29:02.412517,0 days 00:00:07.249884,11,9,16,COMPLETE
224,28816.61197534258,2025-08-07 13:28:55.940635,2025-08-07 13:29:03.484135,0 days 00:00:07.543500,5,9,16,COMPLETE
225,42203.00046304342,2025-08-07 13:28:56.709906,2025-08-07 13:29:03.799946,0 days 00:00:07.090040,5,9,15,COMPLETE
226,42203.00046304342,2025-08-07 13:28:56.796624,2025-08-07 13:29:03.661994,0 days 00:00:06.865370,5,9,15,COMPLETE
227,42203.00046304342,2025-08-07 13:28:57.083819,2025-08-07 13:29:03.704695,0 days 00:00:06.620876,5,9,15,COMPLETE
228,42203.00046304342,2025-08-07 13:28:57.249084,2025-08-07 13:29:04.498937,0 days 00:00:07.249853,5,9,15,COMPLETE
229,42203.00046304342,2025-08-07 13:28:57.563185,2025-08-07 13:29:04.504793,0 days 00:00:06.941608,5,9,15,COMPLETE
230,42203.00046304342,2025-08-07 13:28:58.437781,2025-08-07 13:29:05.745642,0 days 00:00:07.307861,5,9,15,COMPLETE
231,42203.00046304342,2025-08-07 13:28:58.669192,2025-08-07 13:29:05.571255,0 days 00:00:06.902063,5,9,15,COMPLETE
232,42203.00046304342,2025-08-07 13:28:58.785555,2025-08-07 13:29:05.522783,0 days 00:00:06.737228,5,9,15,COMPLETE
233,24520.26572296522,2025-08-07 13:28:59.607800,2025-08-07 13:29:06.143557,0 days 00:00:06.535757,5,16,15,COMPLETE
234,26815.766915930042,2025-08-07 13:29:00.858096,2025-08-07 13:29:08.291256,0 days 00:00:07.433160,6,9,15,COMPLETE
235,26815.766915930042,2025-08-07 13:29:00.920912,2025-08-07 13:29:06.670855,0 days 00:00:05.749943,6,9,15,COMPLETE
236,14290.58450099616,2025-08-07 13:29:01.013358,2025-08-07 13:29:08.682034,0 days 00:00:07.668676,6,10,23,COMPLETE
237,21584.593074044988,2025-08-07 13:29:01.067299,2025-08-07 13:29:08.208691,0 days 00:00:07.141392,6,10,15,COMPLETE
238,21584.593074044988,2025-08-07 13:29:01.122545,2025-08-07 13:29:06.538492,0 days 00:00:05.415947,6,10,15,COMPLETE
239,21584.593074044988,2025-08-07 13:29:01.240710,2025-08-07 13:29:08.444286,0 days 00:00:07.203576,6,10,15,COMPLETE
240,21584.593074044988,2025-08-07 13:29:01.945027,2025-08-07 13:29:08.855650,0 days 00:00:06.910623,6,10,15,COMPLETE
241,21584.593074044988,2025-08-07 13:29:02.302983,2025-08-07 13:29:08.878419,0 days 00:00:06.575436,6,10,15,COMPLETE
242,21584.593074044988,2025-08-07 13:29:02.492505,2025-08-07 13:29:09.067966,0 days 00:00:06.575461,6,10,15,COMPLETE
243,21584.593074044988,2025-08-07 13:29:02.742403,2025-08-07 13:29:10.015998,0 days 00:00:07.273595,6,10,15,COMPLETE
244,21584.593074044988,2025-08-07 13:29:03.555702,2025-08-07 13:29:10.228357,0 days 00:00:06.672655,6,10,15,COMPLETE
245,21584.593074044988,2025-08-07 13:29:03.697238,2025-08-07 13:29:10.038240,0 days 00:00:06.341002,6,10,15,COMPLETE
246,21584.593074044988,2025-08-07 13:29:03.710319,2025-08-07 13:29:10.807539,0 days 00:00:07.097220,6,10,15,COMPLETE
247,21584.593074044988,2025-08-07 13:29:03.803230,2025-08-07 13:29:10.725143,0 days 00:00:06.921913,6,10,15,COMPLETE
248,21584.593074044988,2025-08-07 13:29:04.502960,2025-08-07 13:29:11.448355,0 days 00:00:06.945395,6,10,15,COMPLETE
249,21584.593074044988,2025-08-07 13:29:04.514306,2025-08-07 13:29:11.489657,0 days 00:00:06.975351,6,10,15,COMPLETE
250,21584.593074044988,2025-08-07 13:29:05.599708,2025-08-07 13:29:12.925228,0 days 00:00:07.325520,6,10,15,COMPLETE
251,21584.593074044988,2025-08-07 13:29:05.726812,2025-08-07 13:29:12.110319,0 days 00:00:06.383507,6,10,15,COMPLETE
252,4320.952950022544,2025-08-07 13:29:05.759108,2025-08-07 13:29:12.721049,0 days 00:00:06.961941,6,10,47,COMPLETE
253,21584.593074044988,2025-08-07 13:29:06.260296,2025-08-07 13:29:13.066308,0 days 00:00:06.806012,6,10,15,COMPLETE
254,12295.119975522723,2025-08-07 13:29:06.568312,2025-08-07 13:29:13.781593,0 days 00:00:07.213281,6,8,23,COMPLETE
255,12295.119975522723,2025-08-07 13:29:06.724709,2025-08-07 13:29:13.716643,0 days 00:00:06.991934,6,8,23,COMPLETE
256,33627.49338664723,2025-08-07 13:29:08.332982,2025-08-07 13:29:15.578608,0 days 00:00:07.245626,5,8,15,COMPLETE
257,14573.757138328705,2025-08-07 13:29:08.397509,2025-08-07 13:29:15.054558,0 days 00:00:06.657049,5,8,23,COMPLETE
258,33627.49338664723,2025-08-07 13:29:08.688892,2025-08-07 13:29:14.665840,0 days 00:00:05.976948,5,8,15,COMPLETE
259,33627.49338664723,2025-08-07 13:29:08.690868,2025-08-07 13:29:15.320901,0 days 00:00:06.630033,5,8,15,COMPLETE
260,33627.49338664723,2025-08-07 13:29:08.876796,2025-08-07 13:29:15.566467,0 days 00:00:06.689671,5,8,15,COMPLETE
261,33627.49338664723,2025-08-07 13:29:08.905696,2025-08-07 13:29:16.364975,0 days 00:00:07.459279,5,8,15,COMPLETE
262,8211.23113187142,2025-08-07 13:29:09.079815,2025-08-07 13:29:17.279422,0 days 00:00:08.199607,5,8,47,COMPLETE
263,33627.49338664723,2025-08-07 13:29:10.071554,2025-08-07 13:29:17.646771,0 days 00:00:07.575217,5,8,15,COMPLETE
264,33627.49338664723,2025-08-07 13:29:10.143533,2025-08-07 13:29:17.713456,0 days 00:00:07.569923,5,8,15,COMPLETE
265,28672.2435095688,2025-08-07 13:29:10.418352,2025-08-07 13:29:17.085957,0 days 00:00:06.667605,5,8,17,COMPLETE
266,28672.2435095688,2025-08-07 13:29:10.756354,2025-08-07 13:29:18.428899,0 days 00:00:07.672545,5,8,17,COMPLETE
267,28672.2435095688,2025-08-07 13:29:10.858893,2025-08-07 13:29:18.429959,0 days 00:00:07.571066,5,8,17,COMPLETE
268,28672.2435095688,2025-08-07 13:29:11.471937,2025-08-07 13:29:18.885416,0 days 00:00:07.413479,5,8,17,COMPLETE
269,28672.2435095688,2025-08-07 13:29:11.495685,2025-08-07 13:29:18.881198,0 days 00:00:07.385513,5,8,17,COMPLETE
270,28672.2435095688,2025-08-07 13:29:12.146500,2025-08-07 13:29:19.585965,0 days 00:00:07.439465,5,8,17,COMPLETE
271,28672.2435095688,2025-08-07 13:29:12.755074,2025-08-07 13:29:20.403093,0 days 00:00:07.648019,5,8,17,COMPLETE
272,28672.2435095688,2025-08-07 13:29:12.933356,2025-08-07 13:29:19.877500,0 days 00:00:06.944144,5,8,17,COMPLETE
273,28672.2435095688,2025-08-07 13:29:13.170727,2025-08-07 13:29:20.160022,0 days 00:00:06.989295,5,8,17,COMPLETE
274,28672.2435095688,2025-08-07 13:29:13.773177,2025-08-07 13:29:21.285548,0 days 00:00:07.512371,5,8,17,COMPLETE
275,28672.2435095688,2025-08-07 13:29:13.822278,2025-08-07 13:29:21.119740,0 days 00:00:07.297462,5,8,17,COMPLETE
276,28672.2435095688,2025-08-07 13:29:14.788083,2025-08-07 13:29:22.252262,0 days 00:00:07.464179,5,8,17,COMPLETE
277,36466.877521743045,2025-08-07 13:29:15.141985,2025-08-07 13:29:22.798101,0 days 00:00:07.656116,5,9,17,COMPLETE
278,2539.898139024122,2025-08-07 13:29:15.365597,2025-08-07 13:29:21.881058,0 days 00:00:06.515461,5,20,17,COMPLETE
279,36466.877521743045,2025-08-07 13:29:15.579192,2025-08-07 13:29:22.401672,0 days 00:00:06.822480,5,9,17,COMPLETE
280,36466.877521743045,2025-08-07 13:29:15.592188,2025-08-07 13:29:22.751057,0 days 00:00:07.158869,5,9,17,COMPLETE
281,36466.877521743045,2025-08-07 13:29:16.576566,2025-08-07 13:29:24.235422,0 days 00:00:07.658856,5,9,17,COMPLETE
282,36466.877521743045,2025-08-07 13:29:17.186056,2025-08-07 13:29:24.262999,0 days 00:00:07.076943,5,9,17,COMPLETE
283,36466.877521743045,2025-08-07 13:29:17.395437,2025-08-07 13:29:24.611236,0 days 00:00:07.215799,5,9,17,COMPLETE
284,36466.877521743045,2025-08-07 13:29:17.660747,2025-08-07 13:29:24.546417,0 days 00:00:06.885670,5,9,17,COMPLETE
285,36466.877521743045,2025-08-07 13:29:17.733341,2025-08-07 13:29:24.501271,0 days 00:00:06.767930,5,9,17,COMPLETE
286,12570.523037292245,2025-08-07 13:29:18.454900,2025-08-07 13:29:26.307404,0 days 00:00:07.852504,5,9,29,COMPLETE
287,8254.883985490293,2025-08-07 13:29:18.461241,2025-08-07 13:29:25.964347,0 days 00:00:07.503106,19,9,29,COMPLETE
288,28816.61197534258,2025-08-07 13:29:18.887641,2025-08-07 13:29:26.253418,0 days 00:00:07.365777,5,9,16,COMPLETE
289,28816.61197534258,2025-08-07 13:29:18.890224,2025-08-07 13:29:25.927044,0 days 00:00:07.036820,5,9,16,COMPLETE
290,4873.371680079416,2025-08-07 13:29:19.685412,2025-08-07 13:29:26.798014,0 days 00:00:07.112602,5,9,39,COMPLETE
291,28816.61197534258,2025-08-07 13:29:19.938380,2025-08-07 13:29:26.696098,0 days 00:00:06.757718,5,9,16,COMPLETE
292,28816.61197534258,2025-08-07 13:29:20.213938,2025-08-07 13:29:27.573958,0 days 00:00:07.360020,5,9,16,COMPLETE
293,28816.61197534258,2025-08-07 13:29:20.460328,2025-08-07 13:29:27.827268,0 days 00:00:07.366940,5,9,16,COMPLETE
294,28816.61197534258,2025-08-07 13:29:21.152809,2025-08-07 13:29:29.130006,0 days 00:00:07.977197,5,9,16,COMPLETE
295,28816.61197534258,2025-08-07 13:29:21.377695,2025-08-07 13:29:28.339012,0 days 00:00:06.961317,5,9,16,COMPLETE
296,4873.371680079416,2025-08-07 13:29:21.936697,2025-08-07 13:29:29.311613,0 days 00:00:07.374916,5,9,39,COMPLETE
297,6736.132136925271,2025-08-07 13:29:22.322875,2025-08-07 13:29:29.212918,0 days 00:00:06.890043,5,9,30,COMPLETE
298,28816.61197534258,2025-08-07 13:29:22.450260,2025-08-07 13:29:29.298319,0 days 00:00:06.848059,5,9,16,COMPLETE
299,17888.22968060876,2025-08-07 13:29:22.773642,2025-08-07 13:29:30.065704,0 days 00:00:07.292062,9,9,16,COMPLETE
300,28816.61197534258,2025-08-07 13:29:22.806863,2025-08-07 13:29:30.015326,0 days 00:00:07.208463,5,9,16,COMPLETE
301,28816.61197534258,2025-08-07 13:29:24.241571,2025-08-07 13:29:31.015763,0 days 00:00:06.774192,5,9,16,COMPLETE
302,4892.555058448735,2025-08-07 13:29:24.293309,2025-08-07 13:29:31.849005,0 days 00:00:07.555696,5,9,38,COMPLETE
303,17888.22968060876,2025-08-07 13:29:24.552545,2025-08-07 13:29:31.760559,0 days 00:00:07.208014,9,9,16,COMPLETE
304,28816.61197534258,2025-08-07 13:29:24.565744,2025-08-07 13:29:31.737753,0 days 00:00:07.172009,5,9,16,COMPLETE
305,28816.61197534258,2025-08-07 13:29:24.631747,2025-08-07 13:29:31.717048,0 days 00:00:07.085301,5,9,16,COMPLETE
306,17888.22968060876,2025-08-07 13:29:25.970660,2025-08-07 13:29:33.650275,0 days 00:00:07.679615,9,9,16,COMPLETE
307,28816.61197534258,2025-08-07 13:29:26.045850,2025-08-07 13:29:32.296619,0 days 00:00:06.250769,5,9,16,COMPLETE
308,42203.00046304342,2025-08-07 13:29:26.294322,2025-08-07 13:29:33.590919,0 days 00:00:07.296597,5,9,15,COMPLETE
309,3417.698666654097,2025-08-07 13:29:26.354071,2025-08-07 13:29:33.695341,0 days 00:00:07.341270,5,19,33,COMPLETE
310,11677.088224358316,2025-08-07 13:29:26.745301,2025-08-07 13:29:33.860924,0 days 00:00:07.115623,5,19,15,COMPLETE
311,42203.00046304342,2025-08-07 13:29:26.808849,2025-08-07 13:29:33.068661,0 days 00:00:06.259812,5,9,15,COMPLETE
312,11677.088224358316,2025-08-07 13:29:27.603556,2025-08-07 13:29:34.747375,0 days 00:00:07.143819,5,19,15,COMPLETE
313,42203.00046304342,2025-08-07 13:29:27.847778,2025-08-07 13:29:34.062987,0 days 00:00:06.215209,5,9,15,COMPLETE
314,42203.00046304342,2025-08-07 13:29:28.363372,2025-08-07 13:29:34.740635,0 days 00:00:06.377263,5,9,15,COMPLETE
315,42203.00046304342,2025-08-07 13:29:29.163625,2025-08-07 13:29:36.871699,0 days 00:00:07.708074,5,9,15,COMPLETE
316,42203.00046304342,2025-08-07 13:29:29.287054,2025-08-07 13:29:35.397868,0 days 00:00:06.110814,5,9,15,COMPLETE
317,6102.613627234923,2025-08-07 13:29:29.302748,2025-08-07 13:29:36.034776,0 days 00:00:06.732028,5,9,33,COMPLETE
318,42203.00046304342,2025-08-07 13:29:29.318633,2025-08-07 13:29:36.315089,0 days 00:00:06.996456,5,9,15,COMPLETE
319,17485.093781410636,2025-08-07 13:29:30.023388,2025-08-07 13:29:36.809606,0 days 00:00:06.786218,9,9,15,COMPLETE
320,42203.00046304342,2025-08-07 13:29:30.076382,2025-08-07 13:29:36.489833,0 days 00:00:06.413451,5,9,15,COMPLETE
321,42203.00046304342,2025-08-07 13:29:31.062760,2025-08-07 13:29:37.952447,0 days 00:00:06.889687,5,9,15,COMPLETE
322,42203.00046304342,2025-08-07 13:29:31.761820,2025-08-07 13:29:37.924819,0 days 00:00:06.162999,5,9,15,COMPLETE
323,42203.00046304342,2025-08-07 13:29:31.792514,2025-08-07 13:29:39.159990,0 days 00:00:07.367476,5,9,15,COMPLETE
324,42203.00046304342,2025-08-07 13:29:31.805498,2025-08-07 13:29:38.026918,0 days 00:00:06.221420,5,9,15,COMPLETE
325,42203.00046304342,2025-08-07 13:29:31.863192,2025-08-07 13:29:38.324762,0 days 00:00:06.461570,5,9,15,COMPLETE
326,42203.00046304342,2025-08-07 13:29:32.339940,2025-08-07 13:29:39.821500,0 days 00:00:07.481560,5,9,15,COMPLETE
327,28373.366605962838,2025-08-07 13:29:33.131458,2025-08-07 13:29:40.062125,0 days 00:00:06.930667,5,14,15,COMPLETE
328,42203.00046304342,2025-08-07 13:29:33.641539,2025-08-07 13:29:39.916223,0 days 00:00:06.274684,5,9,15,COMPLETE
329,2180.4656264577843,2025-08-07 13:29:33.681750,2025-08-07 13:29:40.322970,0 days 00:00:06.641220,5,17,32,COMPLETE
330,42203.00046304342,2025-08-07 13:29:33.784987,2025-08-07 13:29:41.061468,0 days 00:00:07.276481,5,9,15,COMPLETE
331,42203.00046304342,2025-08-07 13:29:33.892248,2025-08-07 13:29:41.114962,0 days 00:00:07.222714,5,9,15,COMPLETE
332,28373.366605962838,2025-08-07 13:29:34.072029,2025-08-07 13:29:41.062467,0 days 00:00:06.990438,5,14,15,COMPLETE
333,26815.766915930042,2025-08-07 13:29:34.755315,2025-08-07 13:29:42.012645,0 days 00:00:07.257330,6,9,15,COMPLETE
334,13740.204977395497,2025-08-07 13:29:34.759793,2025-08-07 13:29:42.169035,0 days 00:00:07.409242,6,14,15,COMPLETE
335,26815.766915930042,2025-08-07 13:29:35.536037,2025-08-07 13:29:42.184573,0 days 00:00:06.648536,6,9,15,COMPLETE
336,18916.651278895926,2025-08-07 13:29:36.149483,2025-08-07 13:29:43.487904,0 days 00:00:07.338421,10,9,15,COMPLETE
337,26815.766915930042,2025-08-07 13:29:36.333147,2025-08-07 13:29:43.479324,0 days 00:00:07.146177,6,9,15,COMPLETE
338,26815.766915930042,2025-08-07 13:29:36.529761,2025-08-07 13:29:43.549058,0 days 00:00:07.019297,6,9,15,COMPLETE
339,21584.593074044988,2025-08-07 13:29:36.817736,2025-08-07 13:29:43.673370,0 days 00:00:06.855634,6,10,15,COMPLETE
340,21584.593074044988,2025-08-07 13:29:36.883547,2025-08-07 13:29:43.987186,0 days 00:00:07.103639,6,10,15,COMPLETE
341,21584.593074044988,2025-08-07 13:29:37.958101,2025-08-07 13:29:44.764939,0 days 00:00:06.806838,6,10,15,COMPLETE
342,21584.593074044988,2025-08-07 13:29:38.006482,2025-08-07 13:29:45.086474,0 days 00:00:07.079992,6,10,15,COMPLETE
343,24175.11015112023,2025-08-07 13:29:38.046668,2025-08-07 13:29:44.881230,0 days 00:00:06.834562,6,6,15,COMPLETE
344,24032.05773088688,2025-08-07 13:29:38.332298,2025-08-07 13:29:45.544886,0 days 00:00:07.212588,6,13,15,COMPLETE
345,1989.3767494200713,2025-08-07 13:29:39.211777,2025-08-07 13:29:45.935726,0 days 00:00:06.723949,12,10,15,COMPLETE
346,4624.11004735156,2025-08-07 13:29:39.891839,2025-08-07 13:29:46.343568,0 days 00:00:06.451729,10,10,15,COMPLETE
347,-inf,2025-08-07 13:29:39.949196,2025-08-07 13:29:45.579984,0 days 00:00:05.630788,17,14,16,COMPLETE
348,18372.303198074544,2025-08-07 13:29:40.080137,2025-08-07 13:29:47.569302,0 days 00:00:07.489165,6,13,16,COMPLETE
349,17406.634338324053,2025-08-07 13:29:40.377201,2025-08-07 13:29:47.336762,0 days 00:00:06.959561,6,10,16,COMPLETE
350,17406.634338324053,2025-08-07 13:29:41.113443,2025-08-07 13:29:47.650597,0 days 00:00:06.537154,6,10,16,COMPLETE
351,17406.634338324053,2025-08-07 13:29:41.137629,2025-08-07 13:29:48.429942,0 days 00:00:07.292313,6,10,16,COMPLETE
352,17406.634338324053,2025-08-07 13:29:41.190528,2025-08-07 13:29:47.588270,0 days 00:00:06.397742,6,10,16,COMPLETE
353,17406.634338324053,2025-08-07 13:29:42.050435,2025-08-07 13:29:48.986919,0 days 00:00:06.936484,6,10,16,COMPLETE
354,17406.634338324053,2025-08-07 13:29:42.186006,2025-08-07 13:29:49.062167,0 days 00:00:06.876161,6,10,16,COMPLETE
355,3823.157330651666,2025-08-07 13:29:42.191784,2025-08-07 13:29:48.763685,0 days 00:00:06.571901,10,10,16,COMPLETE
356,3904.121614772885,2025-08-07 13:29:43.495259,2025-08-07 13:29:49.965373,0 days 00:00:06.470114,15,10,16,COMPLETE
357,17406.634338324053,2025-08-07 13:29:43.531788,2025-08-07 13:29:49.595778,0 days 00:00:06.063990,6,10,16,COMPLETE
358,-inf,2025-08-07 13:29:43.567820,2025-08-07 13:29:48.603893,0 days 00:00:05.036073,17,10,16,COMPLETE
359,17406.634338324053,2025-08-07 13:29:43.687375,2025-08-07 13:29:50.478645,0 days 00:00:06.791270,6,10,16,COMPLETE
360,28649.20382432239,2025-08-07 13:29:43.994348,2025-08-07 13:29:50.459969,0 days 00:00:06.465621,5,10,16,COMPLETE
361,28649.20382432239,2025-08-07 13:29:44.790122,2025-08-07 13:29:51.065459,0 days 00:00:06.275337,5,10,16,COMPLETE
362,-inf,2025-08-07 13:29:44.948532,2025-08-07 13:29:50.566952,0 days 00:00:05.618420,18,10,16,COMPLETE
363,4679.065453268014,2025-08-07 13:29:45.162042,2025-08-07 13:29:51.283383,0 days 00:00:06.121341,12,10,16,COMPLETE
364,28649.20382432239,2025-08-07 13:29:45.568791,2025-08-07 13:29:52.037701,0 days 00:00:06.468910,5,10,16,COMPLETE
365,28649.20382432239,2025-08-07 13:29:45.616093,2025-08-07 13:29:52.012861,0 days 00:00:06.396768,5,10,16,COMPLETE
366,27813.912680932866,2025-08-07 13:29:45.958146,2025-08-07 13:29:52.428748,0 days 00:00:06.470602,5,8,16,COMPLETE
367,27813.912680932866,2025-08-07 13:29:46.373661,2025-08-07 13:29:53.164050,0 days 00:00:06.790389,5,8,16,COMPLETE
368,27813.912680932866,2025-08-07 13:29:47.344817,2025-08-07 13:29:53.538426,0 days 00:00:06.193609,5,8,16,COMPLETE
369,27813.912680932866,2025-08-07 13:29:47.620054,2025-08-07 13:29:54.262765,0 days 00:00:06.642711,5,8,16,COMPLETE
370,27813.912680932866,2025-08-07 13:29:47.631895,2025-08-07 13:29:53.668893,0 days 00:00:06.036998,5,8,16,COMPLETE
371,28816.61197534258,2025-08-07 13:29:47.654508,2025-08-07 13:29:54.150112,0 days 00:00:06.495604,5,9,16,COMPLETE
372,27813.912680932866,2025-08-07 13:29:48.462910,2025-08-07 13:29:55.406902,0 days 00:00:06.943992,5,8,16,COMPLETE
373,4885.516905697266,2025-08-07 13:29:48.645400,2025-08-07 13:29:54.831482,0 days 00:00:06.186082,13,9,16,COMPLETE
374,27813.912680932866,2025-08-07 13:29:48.858935,2025-08-07 13:29:55.210516,0 days 00:00:06.351581,5,8,16,COMPLETE
375,27813.912680932866,2025-08-07 13:29:49.020986,2025-08-07 13:29:56.859542,0 days 00:00:07.838556,5,8,16,COMPLETE
376,27813.912680932866,2025-08-07 13:29:49.068672,2025-08-07 13:29:55.550968,0 days 00:00:06.482296,5,8,16,COMPLETE
377,27813.912680932866,2025-08-07 13:29:49.618176,2025-08-07 13:29:56.723565,0 days 00:00:07.105389,5,8,16,COMPLETE
378,13670.728198983792,2025-08-07 13:29:49.991456,2025-08-07 13:29:57.359900,0 days 00:00:07.368444,5,8,25,COMPLETE
379,4885.516905697266,2025-08-07 13:29:50.481868,2025-08-07 13:29:56.858258,0 days 00:00:06.376390,13,9,16,COMPLETE
380,28816.61197534258,2025-08-07 13:29:50.487678,2025-08-07 13:29:57.298886,0 days 00:00:06.811208,5,9,16,COMPLETE
381,27813.912680932866,2025-08-07 13:29:50.596635,2025-08-07 13:29:58.062188,0 days 00:00:07.465553,5,8,16,COMPLETE
382,33627.49338664723,2025-08-07 13:29:51.104214,2025-08-07 13:29:57.904266,0 days 00:00:06.800052,5,8,15,COMPLETE
383,33627.49338664723,2025-08-07 13:29:51.292932,2025-08-07 13:29:58.386256,0 days 00:00:07.093324,5,8,15,COMPLETE
384,42203.00046304342,2025-08-07 13:29:52.034661,2025-08-07 13:29:59.222060,0 days 00:00:07.187399,5,9,15,COMPLETE
385,42203.00046304342,2025-08-07 13:29:52.062205,2025-08-07 13:29:59.005976,0 days 00:00:06.943771,5,9,15,COMPLETE
386,5953.440325271927,2025-08-07 13:29:52.457105,2025-08-07 13:29:59.751153,0 days 00:00:07.294048,13,9,15,COMPLETE
387,42203.00046304342,2025-08-07 13:29:53.201249,2025-08-07 13:30:00.368999,0 days 00:00:07.167750,5,9,15,COMPLETE
388,42203.00046304342,2025-08-07 13:29:53.552556,2025-08-07 13:30:00.378256,0 days 00:00:06.825700,5,9,15,COMPLETE
389,24520.26572296522,2025-08-07 13:29:53.721780,2025-08-07 13:30:01.396731,0 days 00:00:07.674951,5,16,15,COMPLETE
390,42203.00046304342,2025-08-07 13:29:54.201354,2025-08-07 13:30:01.410170,0 days 00:00:07.208816,5,9,15,COMPLETE
391,42203.00046304342,2025-08-07 13:29:54.292922,2025-08-07 13:30:01.829204,0 days 00:00:07.536282,5,9,15,COMPLETE
392,42203.00046304342,2025-08-07 13:29:54.906224,2025-08-07 13:30:01.590679,0 days 00:00:06.684455,5,9,15,COMPLETE
393,24520.26572296522,2025-08-07 13:29:55.251818,2025-08-07 13:30:01.965942,0 days 00:00:06.714124,5,16,15,COMPLETE
394,42203.00046304342,2025-08-07 13:29:55.429193,2025-08-07 13:30:02.842916,0 days 00:00:07.413723,5,9,15,COMPLETE
395,42203.00046304342,2025-08-07 13:29:55.566491,2025-08-07 13:30:03.015790,0 days 00:00:07.449299,5,9,15,COMPLETE
396,42203.00046304342,2025-08-07 13:29:56.803299,2025-08-07 13:30:03.716843,0 days 00:00:06.913544,5,9,15,COMPLETE
397,42203.00046304342,2025-08-07 13:29:56.862509,2025-08-07 13:30:03.380834,0 days 00:00:06.518325,5,9,15,COMPLETE
398,42203.00046304342,2025-08-07 13:29:56.888679,2025-08-07 13:30:03.362231,0 days 00:00:06.473552,5,9,15,COMPLETE
399,42203.00046304342,2025-08-07 13:29:57.334616,2025-08-07 13:30:04.042567,0 days 00:00:06.707951,5,9,15,COMPLETE
400,42203.00046304342,2025-08-07 13:29:57.366919,2025-08-07 13:30:04.255641,0 days 00:00:06.888722,5,9,15,COMPLETE
401,42203.00046304342,2025-08-07 13:29:57.984007,2025-08-07 13:30:04.612449,0 days 00:00:06.628442,5,9,15,COMPLETE
402,42203.00046304342,2025-08-07 13:29:58.135981,2025-08-07 13:30:05.283898,0 days 00:00:07.147917,5,9,15,COMPLETE
403,42203.00046304342,2025-08-07 13:29:58.392790,2025-08-07 13:30:05.178618,0 days 00:00:06.785828,5,9,15,COMPLETE
404,5656.134148447818,2025-08-07 13:29:59.050220,2025-08-07 13:30:05.953129,0 days 00:00:06.902909,5,9,49,COMPLETE
405,3450.2486260441697,2025-08-07 13:29:59.238917,2025-08-07 13:30:05.701727,0 days 00:00:06.462810,5,9,41,COMPLETE
406,42203.00046304342,2025-08-07 13:29:59.789694,2025-08-07 13:30:06.683446,0 days 00:00:06.893752,5,9,15,COMPLETE
407,36466.877521743045,2025-08-07 13:30:00.384811,2025-08-07 13:30:08.299776,0 days 00:00:07.914965,5,9,17,COMPLETE
408,36466.877521743045,2025-08-07 13:30:00.518199,2025-08-07 13:30:06.687499,0 days 00:00:06.169300,5,9,17,COMPLETE
409,36466.877521743045,2025-08-07 13:30:01.469300,2025-08-07 13:30:08.466909,0 days 00:00:06.997609,5,9,17,COMPLETE
410,36466.877521743045,2025-08-07 13:30:01.510848,2025-08-07 13:30:08.261834,0 days 00:00:06.750986,5,9,17,COMPLETE
411,36466.877521743045,2025-08-07 13:30:01.667089,2025-08-07 13:30:07.439456,0 days 00:00:05.772367,5,9,17,COMPLETE
412,36466.877521743045,2025-08-07 13:30:01.879267,2025-08-07 13:30:08.445825,0 days 00:00:06.566558,5,9,17,COMPLETE
413,36466.877521743045,2025-08-07 13:30:01.972844,2025-08-07 13:30:09.267967,0 days 00:00:07.295123,5,9,17,COMPLETE
414,36466.877521743045,2025-08-07 13:30:02.881249,2025-08-07 13:30:09.510994,0 days 00:00:06.629745,5,9,17,COMPLETE
415,36466.877521743045,2025-08-07 13:30:03.085153,2025-08-07 13:30:09.632092,0 days 00:00:06.546939,5,9,17,COMPLETE
416,36466.877521743045,2025-08-07 13:30:03.399543,2025-08-07 13:30:09.852828,0 days 00:00:06.453285,5,9,17,COMPLETE
417,4672.2171024782065,2025-08-07 13:30:03.506073,2025-08-07 13:30:11.034647,0 days 00:00:07.528574,5,9,42,COMPLETE
418,25910.92649500083,2025-08-07 13:30:03.724799,2025-08-07 13:30:11.009996,0 days 00:00:07.285197,5,9,21,COMPLETE
419,36466.877521743045,2025-08-07 13:30:04.052669,2025-08-07 13:30:10.886473,0 days 00:00:06.833804,5,9,17,COMPLETE
420,36466.877521743045,2025-08-07 13:30:04.275326,2025-08-07 13:30:11.483194,0 days 00:00:07.207868,5,9,17,COMPLETE
421,25910.92649500083,2025-08-07 13:30:04.637153,2025-08-07 13:30:12.119717,0 days 00:00:07.482564,5,9,21,COMPLETE
422,36466.877521743045,2025-08-07 13:30:05.280339,2025-08-07 13:30:11.947654,0 days 00:00:06.667315,5,9,17,COMPLETE
423,17830.485967882814,2025-08-07 13:30:05.322705,2025-08-07 13:30:12.332517,0 days 00:00:07.009812,6,9,17,COMPLETE
424,17830.485967882814,2025-08-07 13:30:05.736109,2025-08-07 13:30:12.921428,0 days 00:00:07.185319,6,9,17,COMPLETE
425,18825.999214107276,2025-08-07 13:30:05.985387,2025-08-07 13:30:12.983284,0 days 00:00:06.997897,6,9,21,COMPLETE
426,17830.485967882814,2025-08-07 13:30:06.688708,2025-08-07 13:30:13.678677,0 days 00:00:06.989969,6,9,17,COMPLETE
427,3938.881192822184,2025-08-07 13:30:06.691865,2025-08-07 13:30:13.739488,0 days 00:00:07.047623,6,9,44,COMPLETE
428,17830.485967882814,2025-08-07 13:30:07.512530,2025-08-07 13:30:14.149323,0 days 00:00:06.636793,6,9,17,COMPLETE
429,17830.485967882814,2025-08-07 13:30:08.355857,2025-08-07 13:30:15.799240,0 days 00:00:07.443383,6,9,17,COMPLETE
430,17830.485967882814,2025-08-07 13:30:08.399429,2025-08-07 13:30:15.301343,0 days 00:00:06.901914,6,9,17,COMPLETE
431,17830.485967882814,2025-08-07 13:30:08.458639,2025-08-07 13:30:15.218914,0 days 00:00:06.760275,6,9,17,COMPLETE
432,17830.485967882814,2025-08-07 13:30:08.515618,2025-08-07 13:30:15.797768,0 days 00:00:07.282150,6,9,17,COMPLETE
433,3798.2772590361556,2025-08-07 13:30:09.469225,2025-08-07 13:30:16.767500,0 days 00:00:07.298275,6,9,45,COMPLETE
434,26815.766915930042,2025-08-07 13:30:09.571402,2025-08-07 13:30:16.285071,0 days 00:00:06.713669,6,9,15,COMPLETE
435,26815.766915930042,2025-08-07 13:30:09.647667,2025-08-07 13:30:16.694682,0 days 00:00:07.047015,6,9,15,COMPLETE
436,26815.766915930042,2025-08-07 13:30:09.862370,2025-08-07 13:30:17.031746,0 days 00:00:07.169376,6,9,15,COMPLETE
437,26815.766915930042,2025-08-07 13:30:10.958829,2025-08-07 13:30:17.727056,0 days 00:00:06.768227,6,9,15,COMPLETE
438,26815.766915930042,2025-08-07 13:30:11.097104,2025-08-07 13:30:19.319123,0 days 00:00:08.222019,6,9,15,COMPLETE
439,26815.766915930042,2025-08-07 13:30:11.120498,2025-08-07 13:30:18.147004,0 days 00:00:07.026506,6,9,15,COMPLETE
440,25159.970529389455,2025-08-07 13:30:11.507076,2025-08-07 13:30:18.489912,0 days 00:00:06.982836,6,8,15,COMPLETE
441,25159.970529389455,2025-08-07 13:30:11.972657,2025-08-07 13:30:18.643379,0 days 00:00:06.670722,6,8,15,COMPLETE
442,25159.970529389455,2025-08-07 13:30:12.165152,2025-08-07 13:30:20.039509,0 days 00:00:07.874357,6,8,15,COMPLETE
443,25159.970529389455,2025-08-07 13:30:12.416744,2025-08-07 13:30:19.308977,0 days 00:00:06.892233,6,8,15,COMPLETE
444,25159.970529389455,2025-08-07 13:30:12.956358,2025-08-07 13:30:20.173468,0 days 00:00:07.217110,6,8,15,COMPLETE
445,25159.970529389455,2025-08-07 13:30:12.985254,2025-08-07 13:30:19.791572,0 days 00:00:06.806318,6,8,15,COMPLETE
446,24175.11015112023,2025-08-07 13:30:13.712891,2025-08-07 13:30:20.955660,0 days 00:00:07.242769,6,6,15,COMPLETE
447,25159.970529389455,2025-08-07 13:30:13.745921,2025-08-07 13:30:21.273812,0 days 00:00:07.527891,6,8,15,COMPLETE
448,25159.970529389455,2025-08-07 13:30:14.153606,2025-08-07 13:30:20.761456,0 days 00:00:06.607850,6,8,15,COMPLETE
449,33627.49338664723,2025-08-07 13:30:15.287350,2025-08-07 13:30:22.762389,0 days 00:00:07.475039,5,8,15,COMPLETE
450,30068.73470399987,2025-08-07 13:30:15.329706,2025-08-07 13:30:23.025199,0 days 00:00:07.695493,5,15,15,COMPLETE
451,33627.49338664723,2025-08-07 13:30:15.905139,2025-08-07 13:30:22.972617,0 days 00:00:07.067478,5,8,15,COMPLETE
452,33627.49338664723,2025-08-07 13:30:15.906479,2025-08-07 13:30:22.019266,0 days 00:00:06.112787,5,8,15,COMPLETE
453,14765.902298157345,2025-08-07 13:30:16.292247,2025-08-07 13:30:23.570609,0 days 00:00:07.278362,5,8,28,COMPLETE
454,26603.527069391537,2025-08-07 13:30:16.765676,2025-08-07 13:30:23.431187,0 days 00:00:06.665511,5,6,15,COMPLETE
455,33627.49338664723,2025-08-07 13:30:16.770660,2025-08-07 13:30:23.821166,0 days 00:00:07.050506,5,8,15,COMPLETE
456,33627.49338664723,2025-08-07 13:30:17.058854,2025-08-07 13:30:24.434048,0 days 00:00:07.375194,5,8,15,COMPLETE
457,27813.912680932866,2025-08-07 13:30:17.740042,2025-08-07 13:30:24.295223,0 days 00:00:06.555181,5,8,16,COMPLETE
458,27813.912680932866,2025-08-07 13:30:18.233962,2025-08-07 13:30:25.109029,0 days 00:00:06.875067,5,8,16,COMPLETE
459,27813.912680932866,2025-08-07 13:30:18.525141,2025-08-07 13:30:25.172903,0 days 00:00:06.647762,5,8,16,COMPLETE
460,27813.912680932866,2025-08-07 13:30:18.652817,2025-08-07 13:30:26.803519,0 days 00:00:08.150702,5,8,16,COMPLETE
461,28649.20382432239,2025-08-07 13:30:19.343575,2025-08-07 13:30:26.024540,0 days 00:00:06.680965,5,10,16,COMPLETE
462,28649.20382432239,2025-08-07 13:30:19.344879,2025-08-07 13:30:26.195460,0 days 00:00:06.850581,5,10,16,COMPLETE
463,28649.20382432239,2025-08-07 13:30:19.862863,2025-08-07 13:30:27.673666,0 days 00:00:07.810803,5,10,16,COMPLETE
464,28649.20382432239,2025-08-07 13:30:20.072248,2025-08-07 13:30:26.668107,0 days 00:00:06.595859,5,10,16,COMPLETE
465,15781.555196330333,2025-08-07 13:30:20.189833,2025-08-07 13:30:27.605858,0 days 00:00:07.416025,5,10,28,COMPLETE
466,28649.20382432239,2025-08-07 13:30:20.822012,2025-08-07 13:30:28.063650,0 days 00:00:07.241638,5,10,16,COMPLETE
467,24677.763779820212,2025-08-07 13:30:20.994471,2025-08-07 13:30:28.030470,0 days 00:00:07.035999,7,10,16,COMPLETE
468,28649.20382432239,2025-08-07 13:30:21.281564,2025-08-07 13:30:28.516392,0 days 00:00:07.234828,5,10,16,COMPLETE
469,28649.20382432239,2025-08-07 13:30:22.126804,2025-08-07 13:30:29.487279,0 days 00:00:07.360475,5,10,16,COMPLETE
470,28649.20382432239,2025-08-07 13:30:22.865999,2025-08-07 13:30:29.479650,0 days 00:00:06.613651,5,10,16,COMPLETE
471,28649.20382432239,2025-08-07 13:30:23.035468,2025-08-07 13:30:30.022346,0 days 00:00:06.986878,5,10,16,COMPLETE
472,28649.20382432239,2025-08-07 13:30:23.063859,2025-08-07 13:30:30.823056,0 days 00:00:07.759197,5,10,16,COMPLETE
473,15781.555196330333,2025-08-07 13:30:23.501879,2025-08-07 13:30:30.841108,0 days 00:00:07.339229,5,10,28,COMPLETE
474,28649.20382432239,2025-08-07 13:30:23.665544,2025-08-07 13:30:30.987932,0 days 00:00:07.322388,5,10,16,COMPLETE
475,28649.20382432239,2025-08-07 13:30:23.840679,2025-08-07 13:30:30.870489,0 days 00:00:07.029810,5,10,16,COMPLETE
476,28649.20382432239,2025-08-07 13:30:24.313016,2025-08-07 13:30:31.712817,0 days 00:00:07.399801,5,10,16,COMPLETE
477,28649.20382432239,2025-08-07 13:30:24.461930,2025-08-07 13:30:31.353935,0 days 00:00:06.892005,5,10,16,COMPLETE
478,28649.20382432239,2025-08-07 13:30:25.125133,2025-08-07 13:30:32.174780,0 days 00:00:07.049647,5,10,16,COMPLETE
479,28649.20382432239,2025-08-07 13:30:25.179247,2025-08-07 13:30:32.378774,0 days 00:00:07.199527,5,10,16,COMPLETE
480,24677.763779820212,2025-08-07 13:30:26.090670,2025-08-07 13:30:33.255516,0 days 00:00:07.164846,7,10,16,COMPLETE
481,28649.20382432239,2025-08-07 13:30:26.202714,2025-08-07 13:30:33.145391,0 days 00:00:06.942677,5,10,16,COMPLETE
482,28649.20382432239,2025-08-07 13:30:26.714487,2025-08-07 13:30:33.498285,0 days 00:00:06.783798,5,10,16,COMPLETE
483,28649.20382432239,2025-08-07 13:30:26.823256,2025-08-07 13:30:33.314425,0 days 00:00:06.491169,5,10,16,COMPLETE
484,14863.041665889546,2025-08-07 13:30:27.660309,2025-08-07 13:30:34.535496,0 days 00:00:06.875187,7,9,16,COMPLETE
485,28816.61197534258,2025-08-07 13:30:27.811406,2025-08-07 13:30:34.456345,0 days 00:00:06.644939,5,9,16,COMPLETE
486,10927.010236519824,2025-08-07 13:30:28.054867,2025-08-07 13:30:34.829478,0 days 00:00:06.774611,5,9,24,COMPLETE
487,28816.61197534258,2025-08-07 13:30:28.071904,2025-08-07 13:30:34.351362,0 days 00:00:06.279458,5,9,16,COMPLETE
488,28816.61197534258,2025-08-07 13:30:28.543462,2025-08-07 13:30:35.218573,0 days 00:00:06.675111,5,9,16,COMPLETE
489,4725.869027008079,2025-08-07 13:30:29.493993,2025-08-07 13:30:36.077249,0 days 00:00:06.583256,5,18,16,COMPLETE
490,28816.61197534258,2025-08-07 13:30:29.507641,2025-08-07 13:30:36.062741,0 days 00:00:06.555100,5,9,16,COMPLETE
491,9056.954826370791,2025-08-07 13:30:30.108263,2025-08-07 13:30:36.996847,0 days 00:00:06.888584,5,9,36,COMPLETE
492,28816.61197534258,2025-08-07 13:30:30.863488,2025-08-07 13:30:37.674871,0 days 00:00:06.811383,5,9,16,COMPLETE
493,42203.00046304342,2025-08-07 13:30:30.896948,2025-08-07 13:30:37.629423,0 days 00:00:06.732475,5,9,15,COMPLETE
494,19273.07809252793,2025-08-07 13:30:30.947137,2025-08-07 13:30:37.631206,0 days 00:00:06.684069,5,9,19,COMPLETE
495,9056.954826370791,2025-08-07 13:30:31.003642,2025-08-07 13:30:37.964320,0 days 00:00:06.960678,5,9,36,COMPLETE
496,42203.00046304342,2025-08-07 13:30:31.385247,2025-08-07 13:30:38.012205,0 days 00:00:06.626958,5,9,15,COMPLETE
497,42203.00046304342,2025-08-07 13:30:31.728860,2025-08-07 13:30:38.712935,0 days 00:00:06.984075,5,9,15,COMPLETE
498,42203.00046304342,2025-08-07 13:30:32.204640,2025-08-07 13:30:38.834034,0 days 00:00:06.629394,5,9,15,COMPLETE
499,42203.00046304342,2025-08-07 13:30:32.384347,2025-08-07 13:30:39.374473,0 days 00:00:06.990126,5,9,15,COMPLETE
500,42203.00046304342,2025-08-07 13:30:33.163696,2025-08-07 13:30:40.130566,0 days 00:00:06.966870,5,9,15,COMPLETE
501,19273.07809252793,2025-08-07 13:30:33.311896,2025-08-07 13:30:40.633328,0 days 00:00:07.321432,5,9,19,COMPLETE
502,9056.954826370791,2025-08-07 13:30:33.322573,2025-08-07 13:30:40.481418,0 days 00:00:07.158845,5,9,36,COMPLETE
503,42203.00046304342,2025-08-07 13:30:33.504961,2025-08-07 13:30:40.397135,0 days 00:00:06.892174,5,9,15,COMPLETE
504,42203.00046304342,2025-08-07 13:30:34.415598,2025-08-07 13:30:41.285360,0 days 00:00:06.869762,5,9,15,COMPLETE
505,3203.9831334683636,2025-08-07 13:30:34.503225,2025-08-07 13:30:41.503280,0 days 00:00:07.000055,19,9,24,COMPLETE
506,19273.07809252793,2025-08-07 13:30:34.605389,2025-08-07 13:30:42.346482,0 days 00:00:07.741093,5,9,19,COMPLETE
507,42203.00046304342,2025-08-07 13:30:34.834587,2025-08-07 13:30:42.438736,0 days 00:00:07.604149,5,9,15,COMPLETE
508,19273.07809252793,2025-08-07 13:30:35.228345,2025-08-07 13:30:42.258011,0 days 00:00:07.029666,5,9,19,COMPLETE
509,42203.00046304342,2025-08-07 13:30:36.077921,2025-08-07 13:30:42.830169,0 days 00:00:06.752248,5,9,15,COMPLETE
510,-inf,2025-08-07 13:30:36.121533,2025-08-07 13:30:42.385290,0 days 00:00:06.263757,19,9,19,COMPLETE
511,42203.00046304342,2025-08-07 13:30:37.008718,2025-08-07 13:30:43.278354,0 days 00:00:06.269636,5,9,15,COMPLETE
512,42203.00046304342,2025-08-07 13:30:37.707483,2025-08-07 13:30:44.329336,0 days 00:00:06.621853,5,9,15,COMPLETE
513,42203.00046304342,2025-08-07 13:30:37.748081,2025-08-07 13:30:44.391092,0 days 00:00:06.643011,5,9,15,COMPLETE
514,-inf,2025-08-07 13:30:37.777327,2025-08-07 13:30:43.099444,0 days 00:00:05.322117,19,9,15,COMPLETE
515,-inf,2025-08-07 13:30:37.975552,2025-08-07 13:30:43.032697,0 days 00:00:05.057145,18,9,15,COMPLETE
516,42203.00046304342,2025-08-07 13:30:38.014191,2025-08-07 13:30:44.388317,0 days 00:00:06.374126,5,9,15,COMPLETE
517,28298.349699254628,2025-08-07 13:30:38.766643,2025-08-07 13:30:45.541505,0 days 00:00:06.774862,5,9,18,COMPLETE
518,28298.349699254628,2025-08-07 13:30:38.852025,2025-08-07 13:30:45.096379,0 days 00:00:06.244354,5,9,18,COMPLETE
519,6891.037117704022,2025-08-07 13:30:39.489178,2025-08-07 13:30:45.592451,0 days 00:00:06.103273,5,9,34,COMPLETE
520,28298.349699254628,2025-08-07 13:30:40.165233,2025-08-07 13:30:45.896234,0 days 00:00:05.731001,5,9,18,COMPLETE
521,28298.349699254628,2025-08-07 13:30:40.482468,2025-08-07 13:30:46.885682,0 days 00:00:06.403214,5,9,18,COMPLETE
522,42203.00046304342,2025-08-07 13:30:40.503702,2025-08-07 13:30:47.344144,0 days 00:00:06.840442,5,9,15,COMPLETE
523,42203.00046304342,2025-08-07 13:30:40.636438,2025-08-07 13:30:46.564285,0 days 00:00:05.927847,5,9,15,COMPLETE
524,-inf,2025-08-07 13:30:41.303681,2025-08-07 13:30:45.837332,0 days 00:00:04.533651,19,9,18,COMPLETE
525,28298.349699254628,2025-08-07 13:30:41.629642,2025-08-07 13:30:47.798296,0 days 00:00:06.168654,5,9,18,COMPLETE
526,28298.349699254628,2025-08-07 13:30:42.270526,2025-08-07 13:30:48.077323,0 days 00:00:05.806797,5,9,18,COMPLETE
527,28298.349699254628,2025-08-07 13:30:42.375224,2025-08-07 13:30:49.167427,0 days 00:00:06.792203,5,9,18,COMPLETE
528,28298.349699254628,2025-08-07 13:30:42.416166,2025-08-07 13:30:48.792819,0 days 00:00:06.376653,5,9,18,COMPLETE
529,26815.766915930042,2025-08-07 13:30:42.446124,2025-08-07 13:30:48.466650,0 days 00:00:06.020526,6,9,15,COMPLETE
530,26815.766915930042,2025-08-07 13:30:42.835323,2025-08-07 13:30:49.264224,0 days 00:00:06.428901,6,9,15,COMPLETE
531,16226.258817226946,2025-08-07 13:30:43.063064,2025-08-07 13:30:49.638251,0 days 00:00:06.575187,6,9,18,COMPLETE
532,7010.877769610868,2025-08-07 13:30:43.120633,2025-08-07 13:30:50.545917,0 days 00:00:07.425284,11,9,18,COMPLETE
533,16226.258817226946,2025-08-07 13:30:43.295653,2025-08-07 13:30:50.289991,0 days 00:00:06.994338,6,9,18,COMPLETE
534,16226.258817226946,2025-08-07 13:30:44.349654,2025-08-07 13:30:51.483360,0 days 00:00:07.133706,6,9,18,COMPLETE
535,25595.43612896619,2025-08-07 13:30:44.394485,2025-08-07 13:30:50.640344,0 days 00:00:06.245859,6,7,18,COMPLETE
536,26815.766915930042,2025-08-07 13:30:44.404352,2025-08-07 13:30:51.339658,0 days 00:00:06.935306,6,9,15,COMPLETE
537,26815.766915930042,2025-08-07 13:30:45.151879,2025-08-07 13:30:52.139394,0 days 00:00:06.987515,6,9,15,COMPLETE
538,26815.766915930042,2025-08-07 13:30:45.603489,2025-08-07 13:30:52.885794,0 days 00:00:07.282305,6,9,15,COMPLETE
539,26815.766915930042,2025-08-07 13:30:45.616847,2025-08-07 13:30:52.821274,0 days 00:00:07.204427,6,9,15,COMPLETE
540,24492.646614377598,2025-08-07 13:30:45.861945,2025-08-07 13:30:53.257298,0 days 00:00:07.395353,6,7,15,COMPLETE
541,24492.646614377598,2025-08-07 13:30:45.903474,2025-08-07 13:30:53.259455,0 days 00:00:07.355981,6,7,15,COMPLETE
542,25159.970529389455,2025-08-07 13:30:46.657177,2025-08-07 13:30:53.458065,0 days 00:00:06.800888,6,8,15,COMPLETE
543,25159.970529389455,2025-08-07 13:30:47.058323,2025-08-07 13:30:53.826675,0 days 00:00:06.768352,6,8,15,COMPLETE
544,24492.646614377598,2025-08-07 13:30:47.369291,2025-08-07 13:30:55.118679,0 days 00:00:07.749388,6,7,15,COMPLETE
545,25159.970529389455,2025-08-07 13:30:47.842977,2025-08-07 13:30:54.611843,0 days 00:00:06.768866,6,8,15,COMPLETE
546,25159.970529389455,2025-08-07 13:30:48.129102,2025-08-07 13:30:55.514945,0 days 00:00:07.385843,6,8,15,COMPLETE
547,25159.970529389455,2025-08-07 13:30:48.530197,2025-08-07 13:30:55.509347,0 days 00:00:06.979150,6,8,15,COMPLETE
548,25159.970529389455,2025-08-07 13:30:48.829977,2025-08-07 13:30:56.243040,0 days 00:00:07.413063,6,8,15,COMPLETE
549,24375.343243426534,2025-08-07 13:30:49.286504,2025-08-07 13:30:56.265843,0 days 00:00:06.979339,6,8,17,COMPLETE
550,24375.343243426534,2025-08-07 13:30:49.315578,2025-08-07 13:30:56.635685,0 days 00:00:07.320107,6,8,17,COMPLETE
551,-inf,2025-08-07 13:30:49.667066,2025-08-07 13:30:55.475534,0 days 00:00:05.808468,15,8,15,COMPLETE
552,26815.766915930042,2025-08-07 13:30:50.346495,2025-08-07 13:30:57.734186,0 days 00:00:07.387691,6,9,15,COMPLETE
553,11241.177666980735,2025-08-07 13:30:50.554832,2025-08-07 13:30:57.236555,0 days 00:00:06.681723,6,15,15,COMPLETE
554,25159.970529389455,2025-08-07 13:30:50.649064,2025-08-07 13:30:57.497396,0 days 00:00:06.848332,6,8,15,COMPLETE
555,33627.49338664723,2025-08-07 13:30:51.358179,2025-08-07 13:30:58.937718,0 days 00:00:07.579539,5,8,15,COMPLETE
556,33627.49338664723,2025-08-07 13:30:51.502021,2025-08-07 13:30:58.858482,0 days 00:00:07.356461,5,8,15,COMPLETE
557,28672.2435095688,2025-08-07 13:30:52.317678,2025-08-07 13:30:59.171859,0 days 00:00:06.854181,5,8,17,COMPLETE
558,28672.2435095688,2025-08-07 13:30:52.858837,2025-08-07 13:30:59.657024,0 days 00:00:06.798187,5,8,17,COMPLETE
559,2655.9890875961555,2025-08-07 13:30:52.898573,2025-08-07 13:30:59.029050,0 days 00:00:06.130477,15,8,16,COMPLETE
560,27813.912680932866,2025-08-07 13:30:53.278039,2025-08-07 13:31:00.819696,0 days 00:00:07.541657,5,8,16,COMPLETE
561,27813.912680932866,2025-08-07 13:30:53.286533,2025-08-07 13:31:00.895541,0 days 00:00:07.609008,5,8,16,COMPLETE
562,3465.6875146411876,2025-08-07 13:30:53.466962,2025-08-07 13:31:00.527659,0 days 00:00:07.060697,16,8,17,COMPLETE
563,28672.2435095688,2025-08-07 13:30:53.828839,2025-08-07 13:31:00.056682,0 days 00:00:06.227843,5,8,17,COMPLETE
564,28672.2435095688,2025-08-07 13:30:54.636961,2025-08-07 13:31:01.881722,0 days 00:00:07.244761,5,8,17,COMPLETE
565,28672.2435095688,2025-08-07 13:30:55.173169,2025-08-07 13:31:02.232181,0 days 00:00:07.059012,5,8,17,COMPLETE
566,36466.877521743045,2025-08-07 13:30:55.515410,2025-08-07 13:31:02.394736,0 days 00:00:06.879326,5,9,17,COMPLETE
567,36466.877521743045,2025-08-07 13:30:55.521775,2025-08-07 13:31:02.509348,0 days 00:00:06.987573,5,9,17,COMPLETE
568,4193.090992072751,2025-08-07 13:30:55.535335,2025-08-07 13:31:02.578676,0 days 00:00:07.043341,16,15,17,COMPLETE
569,28816.61197534258,2025-08-07 13:30:56.245968,2025-08-07 13:31:03.452587,0 days 00:00:07.206619,5,9,16,COMPLETE
570,28816.61197534258,2025-08-07 13:30:56.337863,2025-08-07 13:31:03.594725,0 days 00:00:07.256862,5,9,16,COMPLETE
571,28816.61197534258,2025-08-07 13:30:56.656497,2025-08-07 13:31:03.727445,0 days 00:00:07.070948,5,9,16,COMPLETE
572,28816.61197534258,2025-08-07 13:30:57.257055,2025-08-07 13:31:04.033651,0 days 00:00:06.776596,5,9,16,COMPLETE
573,28816.61197534258,2025-08-07 13:30:57.512692,2025-08-07 13:31:04.340362,0 days 00:00:06.827670,5,9,16,COMPLETE
574,28649.20382432239,2025-08-07 13:30:57.744338,2025-08-07 13:31:06.201952,0 days 00:00:08.457614,5,10,16,COMPLETE
575,28649.20382432239,2025-08-07 13:30:58.870623,2025-08-07 13:31:06.237358,0 days 00:00:07.366735,5,10,16,COMPLETE
576,28649.20382432239,2025-08-07 13:30:58.985955,2025-08-07 13:31:05.904107,0 days 00:00:06.918152,5,10,16,COMPLETE
577,5497.787421574515,2025-08-07 13:30:59.035683,2025-08-07 13:31:06.161648,0 days 00:00:07.125965,14,10,16,COMPLETE
578,28649.20382432239,2025-08-07 13:30:59.217236,2025-08-07 13:31:06.393622,0 days 00:00:07.176386,5,10,16,COMPLETE
579,28649.20382432239,2025-08-07 13:30:59.707072,2025-08-07 13:31:06.650318,0 days 00:00:06.943246,5,10,16,COMPLETE
580,28649.20382432239,2025-08-07 13:31:00.085727,2025-08-07 13:31:07.040262,0 days 00:00:06.954535,5,10,16,COMPLETE
581,28649.20382432239,2025-08-07 13:31:00.610327,2025-08-07 13:31:07.489867,0 days 00:00:06.879540,5,10,16,COMPLETE
582,28649.20382432239,2025-08-07 13:31:00.839978,2025-08-07 13:31:08.069437,0 days 00:00:07.229459,5,10,16,COMPLETE
583,28649.20382432239,2025-08-07 13:31:00.899871,2025-08-07 13:31:07.723795,0 days 00:00:06.823924,5,10,16,COMPLETE
584,28649.20382432239,2025-08-07 13:31:01.899281,2025-08-07 13:31:08.768078,0 days 00:00:06.868797,5,10,16,COMPLETE
585,28649.20382432239,2025-08-07 13:31:02.283513,2025-08-07 13:31:09.134549,0 days 00:00:06.851036,5,10,16,COMPLETE
586,28649.20382432239,2025-08-07 13:31:02.503846,2025-08-07 13:31:09.504299,0 days 00:00:07.000453,5,10,16,COMPLETE
587,12333.48362757157,2025-08-07 13:31:02.536697,2025-08-07 13:31:09.930139,0 days 00:00:07.393442,5,10,31,COMPLETE
588,17792.717314785823,2025-08-07 13:31:02.583605,2025-08-07 13:31:10.298609,0 days 00:00:07.715004,5,5,16,COMPLETE
589,28649.20382432239,2025-08-07 13:31:03.482527,2025-08-07 13:31:10.700281,0 days 00:00:07.217754,5,10,16,COMPLETE
590,28649.20382432239,2025-08-07 13:31:03.640621,2025-08-07 13:31:10.941930,0 days 00:00:07.301309,5,10,16,COMPLETE
591,4679.065453268014,2025-08-07 13:31:03.787296,2025-08-07 13:31:11.578808,0 days 00:00:07.791512,12,10,16,COMPLETE
592,28649.20382432239,2025-08-07 13:31:04.047350,2025-08-07 13:31:11.650940,0 days 00:00:07.603590,5,10,16,COMPLETE
593,28649.20382432239,2025-08-07 13:31:04.345715,2025-08-07 13:31:11.782405,0 days 00:00:07.436690,5,10,16,COMPLETE
594,28649.20382432239,2025-08-07 13:31:05.996053,2025-08-07 13:31:12.201175,0 days 00:00:06.205122,5,10,16,COMPLETE
595,28816.61197534258,2025-08-07 13:31:06.234819,2025-08-07 13:31:13.363460,0 days 00:00:07.128641,5,9,16,COMPLETE
596,-inf,2025-08-07 13:31:06.290999,2025-08-07 13:31:11.866804,0 days 00:00:05.575805,20,9,16,COMPLETE
597,28816.61197534258,2025-08-07 13:31:06.303339,2025-08-07 13:31:12.596458,0 days 00:00:06.293119,5,9,16,COMPLETE
598,42203.00046304342,2025-08-07 13:31:06.446858,2025-08-07 13:31:13.786799,0 days 00:00:07.339941,5,9,15,COMPLETE
599,5359.076536920514,2025-08-07 13:31:06.686120,2025-08-07 13:31:14.296687,0 days 00:00:07.610567,5,9,50,COMPLETE
600,42203.00046304342,2025-08-07 13:31:07.059677,2025-08-07 13:31:14.289355,0 days 00:00:07.229678,5,9,15,COMPLETE
601,42203.00046304342,2025-08-07 13:31:07.508402,2025-08-07 13:31:14.024493,0 days 00:00:06.516091,5,9,15,COMPLETE
602,42203.00046304342,2025-08-07 13:31:07.735946,2025-08-07 13:31:14.775878,0 days 00:00:07.039932,5,9,15,COMPLETE
603,42203.00046304342,2025-08-07 13:31:08.073280,2025-08-07 13:31:15.204731,0 days 00:00:07.131451,5,9,15,COMPLETE
604,42203.00046304342,2025-08-07 13:31:08.779113,2025-08-07 13:31:15.785438,0 days 00:00:07.006325,5,9,15,COMPLETE
605,42203.00046304342,2025-08-07 13:31:09.167340,2025-08-07 13:31:16.612921,0 days 00:00:07.445581,5,9,15,COMPLETE
606,4242.503150707742,2025-08-07 13:31:09.519341,2025-08-07 13:31:16.571206,0 days 00:00:07.051865,12,9,15,COMPLETE
607,42203.00046304342,2025-08-07 13:31:10.039529,2025-08-07 13:31:16.930844,0 days 00:00:06.891315,5,9,15,COMPLETE
608,42203.00046304342,2025-08-07 13:31:10.343828,2025-08-07 13:31:18.110232,0 days 00:00:07.766404,5,9,15,COMPLETE
609,42203.00046304342,2025-08-07 13:31:10.768251,2025-08-07 13:31:18.102105,0 days 00:00:07.333854,5,9,15,COMPLETE
610,42203.00046304342,2025-08-07 13:31:10.971685,2025-08-07 13:31:18.278897,0 days 00:00:07.307212,5,9,15,COMPLETE
611,42203.00046304342,2025-08-07 13:31:11.610111,2025-08-07 13:31:19.426433,0 days 00:00:07.816322,5,9,15,COMPLETE
612,42203.00046304342,2025-08-07 13:31:11.669817,2025-08-07 13:31:18.358233,0 days 00:00:06.688416,5,9,15,COMPLETE
613,42203.00046304342,2025-08-07 13:31:11.784514,2025-08-07 13:31:19.295654,0 days 00:00:07.511140,5,9,15,COMPLETE
614,42203.00046304342,2025-08-07 13:31:11.885891,2025-08-07 13:31:19.414010,0 days 00:00:07.528119,5,9,15,COMPLETE
615,42203.00046304342,2025-08-07 13:31:12.215253,2025-08-07 13:31:19.917162,0 days 00:00:07.701909,5,9,15,COMPLETE
616,6827.260332580519,2025-08-07 13:31:12.644105,2025-08-07 13:31:20.283134,0 days 00:00:07.639029,11,9,15,COMPLETE
617,42203.00046304342,2025-08-07 13:31:13.412434,2025-08-07 13:31:20.952688,0 days 00:00:07.540254,5,9,15,COMPLETE
618,42203.00046304342,2025-08-07 13:31:13.820638,2025-08-07 13:31:22.000968,0 days 00:00:08.180330,5,9,15,COMPLETE
619,42203.00046304342,2025-08-07 13:31:14.043813,2025-08-07 13:31:21.568924,0 days 00:00:07.525111,5,9,15,COMPLETE
620,42203.00046304342,2025-08-07 13:31:14.294822,2025-08-07 13:31:21.939461,0 days 00:00:07.644639,5,9,15,COMPLETE
621,42203.00046304342,2025-08-07 13:31:14.302001,2025-08-07 13:31:22.232033,0 days 00:00:07.930032,5,9,15,COMPLETE
622,42203.00046304342,2025-08-07 13:31:14.790451,2025-08-07 13:31:22.555165,0 days 00:00:07.764714,5,9,15,COMPLETE
623,42203.00046304342,2025-08-07 13:31:15.208119,2025-08-07 13:31:22.944374,0 days 00:00:07.736255,5,9,15,COMPLETE
624,42203.00046304342,2025-08-07 13:31:15.795325,2025-08-07 13:31:23.977707,0 days 00:00:08.182382,5,9,15,COMPLETE
625,42203.00046304342,2025-08-07 13:31:16.627196,2025-08-07 13:31:23.878869,0 days 00:00:07.251673,5,9,15,COMPLETE
626,42203.00046304342,2025-08-07 13:31:16.657736,2025-08-07 13:31:24.161378,0 days 00:00:07.503642,5,9,15,COMPLETE
627,42203.00046304342,2025-08-07 13:31:16.934453,2025-08-07 13:31:24.559595,0 days 00:00:07.625142,5,9,15,COMPLETE
628,42203.00046304342,2025-08-07 13:31:18.133353,2025-08-07 13:31:25.764786,0 days 00:00:07.631433,5,9,15,COMPLETE
629,6827.260332580519,2025-08-07 13:31:18.175866,2025-08-07 13:31:25.957780,0 days 00:00:07.781914,11,9,15,COMPLETE
630,5343.180818831867,2025-08-07 13:31:18.297901,2025-08-07 13:31:26.042769,0 days 00:00:07.744868,5,9,40,COMPLETE
631,42203.00046304342,2025-08-07 13:31:18.366393,2025-08-07 13:31:25.849253,0 days 00:00:07.482860,5,9,15,COMPLETE
632,42203.00046304342,2025-08-07 13:31:19.317961,2025-08-07 13:31:26.876350,0 days 00:00:07.558389,5,9,15,COMPLETE
633,42203.00046304342,2025-08-07 13:31:19.421007,2025-08-07 13:31:27.148254,0 days 00:00:07.727247,5,9,15,COMPLETE
634,26815.766915930042,2025-08-07 13:31:19.433428,2025-08-07 13:31:27.372895,0 days 00:00:07.939467,6,9,15,COMPLETE
635,17830.485967882814,2025-08-07 13:31:19.943716,2025-08-07 13:31:27.518435,0 days 00:00:07.574719,6,9,17,COMPLETE
636,17830.485967882814,2025-08-07 13:31:20.295411,2025-08-07 13:31:28.733259,0 days 00:00:08.437848,6,9,17,COMPLETE
637,12508.500404919932,2025-08-07 13:31:21.031830,2025-08-07 13:31:28.424191,0 days 00:00:07.392361,6,9,32,COMPLETE
638,17830.485967882814,2025-08-07 13:31:21.631867,2025-08-07 13:31:29.577248,0 days 00:00:07.945381,6,9,17,COMPLETE
639,17830.485967882814,2025-08-07 13:31:21.961937,2025-08-07 13:31:28.936823,0 days 00:00:06.974886,6,9,17,COMPLETE
640,3266.080776097857,2025-08-07 13:31:22.076475,2025-08-07 13:31:29.500202,0 days 00:00:07.423727,6,9,40,COMPLETE
641,17830.485967882814,2025-08-07 13:31:22.261941,2025-08-07 13:31:29.868752,0 days 00:00:07.606811,6,9,17,COMPLETE
642,17830.485967882814,2025-08-07 13:31:22.560255,2025-08-07 13:31:30.229148,0 days 00:00:07.668893,6,9,17,COMPLETE
643,17830.485967882814,2025-08-07 13:31:22.950165,2025-08-07 13:31:30.547851,0 days 00:00:07.597686,6,9,17,COMPLETE
644,17830.485967882814,2025-08-07 13:31:23.969868,2025-08-07 13:31:31.918079,0 days 00:00:07.948211,6,9,17,COMPLETE
645,17830.485967882814,2025-08-07 13:31:24.014030,2025-08-07 13:31:32.027426,0 days 00:00:08.013396,6,9,17,COMPLETE
646,17830.485967882814,2025-08-07 13:31:24.164636,2025-08-07 13:31:32.018906,0 days 00:00:07.854270,6,9,17,COMPLETE
647,24375.343243426534,2025-08-07 13:31:24.564275,2025-08-07 13:31:31.764076,0 days 00:00:07.199801,6,8,17,COMPLETE
648,24375.343243426534,2025-08-07 13:31:25.770977,2025-08-07 13:31:32.714465,0 days 00:00:06.943488,6,8,17,COMPLETE
649,7359.3384594196905,2025-08-07 13:31:25.909398,2025-08-07 13:31:32.506792,0 days 00:00:06.597394,6,8,40,COMPLETE
650,24375.343243426534,2025-08-07 13:31:25.984638,2025-08-07 13:31:33.203733,0 days 00:00:07.219095,6,8,17,COMPLETE
651,24375.343243426534,2025-08-07 13:31:26.048409,2025-08-07 13:31:33.317894,0 days 00:00:07.269485,6,8,17,COMPLETE
652,24375.343243426534,2025-08-07 13:31:26.915731,2025-08-07 13:31:35.004046,0 days 00:00:08.088315,6,8,17,COMPLETE
653,24375.343243426534,2025-08-07 13:31:27.224736,2025-08-07 13:31:33.911978,0 days 00:00:06.687242,6,8,17,COMPLETE
654,6757.167753264035,2025-08-07 13:31:27.382751,2025-08-07 13:31:34.265671,0 days 00:00:06.882920,6,8,48,COMPLETE
655,24375.343243426534,2025-08-07 13:31:27.525691,2025-08-07 13:31:34.976234,0 days 00:00:07.450543,6,8,17,COMPLETE
656,24375.343243426534,2025-08-07 13:31:28.488773,2025-08-07 13:31:35.380501,0 days 00:00:06.891728,6,8,17,COMPLETE
657,24375.343243426534,2025-08-07 13:31:28.791100,2025-08-07 13:31:35.508523,0 days 00:00:06.717423,6,8,17,COMPLETE
658,24375.343243426534,2025-08-07 13:31:28.998957,2025-08-07 13:31:36.409050,0 days 00:00:07.410093,6,8,17,COMPLETE
659,22764.06818910493,2025-08-07 13:31:29.533918,2025-08-07 13:31:36.049754,0 days 00:00:06.515836,6,8,16,COMPLETE
660,15158.978473298113,2025-08-07 13:31:29.661631,2025-08-07 13:31:36.535080,0 days 00:00:06.873449,5,8,26,COMPLETE
661,-inf,2025-08-07 13:31:29.900754,2025-08-07 13:31:35.300990,0 days 00:00:05.400236,18,17,16,COMPLETE
662,23161.933919162653,2025-08-07 13:31:30.246385,2025-08-07 13:31:37.001179,0 days 00:00:06.754794,7,8,25,COMPLETE
663,17986.33766900873,2025-08-07 13:31:30.550401,2025-08-07 13:31:37.186661,0 days 00:00:06.636260,7,8,16,COMPLETE
664,27813.912680932866,2025-08-07 13:31:32.041214,2025-08-07 13:31:37.711096,0 days 00:00:05.669882,5,8,16,COMPLETE
665,27813.912680932866,2025-08-07 13:31:31.745288,2025-08-07 13:31:38.491216,0 days 00:00:06.745928,5,8,16,COMPLETE
666,27813.912680932866,2025-08-07 13:31:31.820260,2025-08-07 13:31:38.443912,0 days 00:00:06.623652,5,8,16,COMPLETE
667,16690.519404232244,2025-08-07 13:31:31.924463,2025-08-07 13:31:39.332124,0 days 00:00:07.407661,5,17,16,COMPLETE
668,1650.7799194892161,2025-08-07 13:31:32.539781,2025-08-07 13:31:39.766032,0 days 00:00:07.226251,5,20,16,COMPLETE
669,16690.519404232244,2025-08-07 13:31:32.729493,2025-08-07 13:31:39.711568,0 days 00:00:06.982075,5,17,16,COMPLETE
670,27813.912680932866,2025-08-07 13:31:33.217535,2025-08-07 13:31:39.829745,0 days 00:00:06.612210,5,8,16,COMPLETE
671,27813.912680932866,2025-08-07 13:31:33.325502,2025-08-07 13:31:40.257445,0 days 00:00:06.931943,5,8,16,COMPLETE
672,27813.912680932866,2025-08-07 13:31:33.926960,2025-08-07 13:31:40.650412,0 days 00:00:06.723452,5,8,16,COMPLETE
673,16690.519404232244,2025-08-07 13:31:34.275228,2025-08-07 13:31:41.640630,0 days 00:00:07.365402,5,17,16,COMPLETE
674,28649.20382432239,2025-08-07 13:31:35.025572,2025-08-07 13:31:41.601401,0 days 00:00:06.575829,5,10,16,COMPLETE
675,3823.157330651666,2025-08-07 13:31:35.111753,2025-08-07 13:31:43.254647,0 days 00:00:08.142894,10,10,16,COMPLETE
676,28649.20382432239,2025-08-07 13:31:35.353935,2025-08-07 13:31:41.722866,0 days 00:00:06.368931,5,10,16,COMPLETE
677,28649.20382432239,2025-08-07 13:31:35.398467,2025-08-07 13:31:42.496947,0 days 00:00:07.098480,5,10,16,COMPLETE
678,28649.20382432239,2025-08-07 13:31:35.542278,2025-08-07 13:31:42.592111,0 days 00:00:07.049833,5,10,16,COMPLETE
679,28649.20382432239,2025-08-07 13:31:36.078033,2025-08-07 13:31:43.835102,0 days 00:00:07.757069,5,10,16,COMPLETE
680,28649.20382432239,2025-08-07 13:31:36.446853,2025-08-07 13:31:43.550018,0 days 00:00:07.103165,5,10,16,COMPLETE
681,22774.105290686653,2025-08-07 13:31:36.564490,2025-08-07 13:31:44.515948,0 days 00:00:07.951458,5,13,16,COMPLETE
682,22774.105290686653,2025-08-07 13:31:37.030168,2025-08-07 13:31:44.191265,0 days 00:00:07.161097,5,13,16,COMPLETE
683,28649.20382432239,2025-08-07 13:31:37.192195,2025-08-07 13:31:44.602992,0 days 00:00:07.410797,5,10,16,COMPLETE
684,28649.20382432239,2025-08-07 13:31:37.719368,2025-08-07 13:31:45.134951,0 days 00:00:07.415583,5,10,16,COMPLETE
685,28649.20382432239,2025-08-07 13:31:38.459873,2025-08-07 13:31:45.772966,0 days 00:00:07.313093,5,10,16,COMPLETE
686,28649.20382432239,2025-08-07 13:31:38.504963,2025-08-07 13:31:45.931906,0 days 00:00:07.426943,5,10,16,COMPLETE
687,28649.20382432239,2025-08-07 13:31:39.392915,2025-08-07 13:31:47.303931,0 days 00:00:07.911016,5,10,16,COMPLETE
688,36003.50349735412,2025-08-07 13:31:39.739682,2025-08-07 13:31:47.318408,0 days 00:00:07.578726,5,10,15,COMPLETE
689,19712.288431983685,2025-08-07 13:31:39.797626,2025-08-07 13:31:47.389107,0 days 00:00:07.591481,5,13,15,COMPLETE
690,36003.50349735412,2025-08-07 13:31:39.834264,2025-08-07 13:31:47.039892,0 days 00:00:07.205628,5,10,15,COMPLETE
691,36003.50349735412,2025-08-07 13:31:40.265728,2025-08-07 13:31:47.836853,0 days 00:00:07.571125,5,10,15,COMPLETE
692,26603.527069391537,2025-08-07 13:31:40.707634,2025-08-07 13:31:48.296584,0 days 00:00:07.588950,5,6,15,COMPLETE
693,42203.00046304342,2025-08-07 13:31:41.622621,2025-08-07 13:31:49.276962,0 days 00:00:07.654341,5,9,15,COMPLETE
694,42203.00046304342,2025-08-07 13:31:41.670527,2025-08-07 13:31:49.672306,0 days 00:00:08.001779,5,9,15,COMPLETE
695,19712.288431983685,2025-08-07 13:31:41.760783,2025-08-07 13:31:49.466518,0 days 00:00:07.705735,5,13,15,COMPLETE
696,42203.00046304342,2025-08-07 13:31:42.555408,2025-08-07 13:31:49.882782,0 days 00:00:07.327374,5,9,15,COMPLETE
697,42203.00046304342,2025-08-07 13:31:42.642136,2025-08-07 13:31:51.028836,0 days 00:00:08.386700,5,9,15,COMPLETE
698,42203.00046304342,2025-08-07 13:31:43.376775,2025-08-07 13:31:50.524698,0 days 00:00:07.147923,5,9,15,COMPLETE
699,42203.00046304342,2025-08-07 13:31:43.574816,2025-08-07 13:31:50.989475,0 days 00:00:07.414659,5,9,15,COMPLETE
700,42203.00046304342,2025-08-07 13:31:43.888086,2025-08-07 13:31:51.943660,0 days 00:00:08.055574,5,9,15,COMPLETE
701,42203.00046304342,2025-08-07 13:31:44.239699,2025-08-07 13:31:50.860383,0 days 00:00:06.620684,5,9,15,COMPLETE
702,42203.00046304342,2025-08-07 13:31:44.585142,2025-08-07 13:31:52.192008,0 days 00:00:07.606866,5,9,15,COMPLETE
703,42203.00046304342,2025-08-07 13:31:44.608133,2025-08-07 13:31:52.022851,0 days 00:00:07.414718,5,9,15,COMPLETE
704,42203.00046304342,2025-08-07 13:31:45.146185,2025-08-07 13:31:52.724367,0 days 00:00:07.578182,5,9,15,COMPLETE
705,42203.00046304342,2025-08-07 13:31:45.792457,2025-08-07 13:31:53.136600,0 days 00:00:07.344143,5,9,15,COMPLETE
706,42203.00046304342,2025-08-07 13:31:45.942090,2025-08-07 13:31:54.034692,0 days 00:00:08.092602,5,9,15,COMPLETE
707,42203.00046304342,2025-08-07 13:31:47.091323,2025-08-07 13:31:54.976273,0 days 00:00:07.884950,5,9,15,COMPLETE
708,42203.00046304342,2025-08-07 13:31:47.330611,2025-08-07 13:31:54.534061,0 days 00:00:07.203450,5,9,15,COMPLETE
709,42203.00046304342,2025-08-07 13:31:47.369235,2025-08-07 13:31:54.122645,0 days 00:00:06.753410,5,9,15,COMPLETE
710,42203.00046304342,2025-08-07 13:31:47.393456,2025-08-07 13:31:54.530036,0 days 00:00:07.136580,5,9,15,COMPLETE
711,42203.00046304342,2025-08-07 13:31:47.842087,2025-08-07 13:31:55.371522,0 days 00:00:07.529435,5,9,15,COMPLETE
712,42203.00046304342,2025-08-07 13:31:48.337640,2025-08-07 13:31:56.119753,0 days 00:00:07.782113,5,9,15,COMPLETE
713,42203.00046304342,2025-08-07 13:31:49.378512,2025-08-07 13:31:56.276210,0 days 00:00:06.897698,5,9,15,COMPLETE
714,9883.637481491702,2025-08-07 13:31:49.541184,2025-08-07 13:31:57.854428,0 days 00:00:08.313244,9,9,30,COMPLETE
715,42203.00046304342,2025-08-07 13:31:49.684370,2025-08-07 13:31:56.637714,0 days 00:00:06.953344,5,9,15,COMPLETE
716,42203.00046304342,2025-08-07 13:31:50.002203,2025-08-07 13:31:58.173017,0 days 00:00:08.170814,5,9,15,COMPLETE
717,42203.00046304342,2025-08-07 13:31:50.571936,2025-08-07 13:31:57.610207,0 days 00:00:07.038271,5,9,15,COMPLETE
718,17485.093781410636,2025-08-07 13:31:50.896398,2025-08-07 13:31:58.171238,0 days 00:00:07.274840,9,9,15,COMPLETE
719,42203.00046304342,2025-08-07 13:31:50.991578,2025-08-07 13:31:58.405887,0 days 00:00:07.414309,5,9,15,COMPLETE
720,42203.00046304342,2025-08-07 13:31:51.040716,2025-08-07 13:31:58.524853,0 days 00:00:07.484137,5,9,15,COMPLETE
721,42203.00046304342,2025-08-07 13:31:51.973449,2025-08-07 13:31:59.358461,0 days 00:00:07.385012,5,9,15,COMPLETE
722,42203.00046304342,2025-08-07 13:31:52.043564,2025-08-07 13:31:59.697966,0 days 00:00:07.654402,5,9,15,COMPLETE
723,2710.3189923691557,2025-08-07 13:31:52.214405,2025-08-07 13:31:59.700738,0 days 00:00:07.486333,14,9,34,COMPLETE
724,42203.00046304342,2025-08-07 13:31:52.729756,2025-08-07 13:32:00.204801,0 days 00:00:07.475045,5,9,15,COMPLETE
725,11473.99752498115,2025-08-07 13:31:53.146370,2025-08-07 13:32:00.589665,0 days 00:00:07.443295,5,9,22,COMPLETE
726,42203.00046304342,2025-08-07 13:31:54.090122,2025-08-07 13:32:01.296596,0 days 00:00:07.206474,5,9,15,COMPLETE
727,17485.093781410636,2025-08-07 13:31:54.168067,2025-08-07 13:32:01.602153,0 days 00:00:07.434086,9,9,15,COMPLETE
728,42203.00046304342,2025-08-07 13:31:54.537843,2025-08-07 13:32:01.830933,0 days 00:00:07.293090,5,9,15,COMPLETE
729,42203.00046304342,2025-08-07 13:31:54.542310,2025-08-07 13:32:01.559510,0 days 00:00:07.017200,5,9,15,COMPLETE
730,42203.00046304342,2025-08-07 13:31:54.982661,2025-08-07 13:32:02.549094,0 days 00:00:07.566433,5,9,15,COMPLETE
731,42203.00046304342,2025-08-07 13:31:55.381415,2025-08-07 13:32:02.305917,0 days 00:00:06.924502,5,9,15,COMPLETE
732,11473.99752498115,2025-08-07 13:31:56.155235,2025-08-07 13:32:03.602391,0 days 00:00:07.447156,5,9,22,COMPLETE
733,6891.037117704022,2025-08-07 13:31:56.303002,2025-08-07 13:32:03.704502,0 days 00:00:07.401500,5,9,34,COMPLETE
734,28816.61197534258,2025-08-07 13:31:56.761987,2025-08-07 13:32:03.855450,0 days 00:00:07.093463,5,9,16,COMPLETE
735,28816.61197534258,2025-08-07 13:31:57.661467,2025-08-07 13:32:04.031129,0 days 00:00:06.369662,5,9,16,COMPLETE
736,4725.869027008079,2025-08-07 13:31:57.934065,2025-08-07 13:32:04.574866,0 days 00:00:06.640801,5,18,16,COMPLETE
737,4353.409486101828,2025-08-07 13:31:58.196698,2025-08-07 13:32:05.392690,0 days 00:00:07.195992,14,9,46,COMPLETE
738,4832.6254839631565,2025-08-07 13:31:58.231211,2025-08-07 13:32:04.956195,0 days 00:00:06.724984,14,18,16,COMPLETE
739,28816.61197534258,2025-08-07 13:31:58.422752,2025-08-07 13:32:04.926694,0 days 00:00:06.503942,5,9,16,COMPLETE
740,28816.61197534258,2025-08-07 13:31:58.551829,2025-08-07 13:32:05.772155,0 days 00:00:07.220326,5,9,16,COMPLETE
741,6634.173072130856,2025-08-07 13:31:59.403651,2025-08-07 13:32:06.472713,0 days 00:00:07.069062,5,9,45,COMPLETE
742,25502.774979989088,2025-08-07 13:31:59.708681,2025-08-07 13:32:06.307485,0 days 00:00:06.598804,5,11,16,COMPLETE
743,28816.61197534258,2025-08-07 13:31:59.711710,2025-08-07 13:32:06.721719,0 days 00:00:07.010009,5,9,16,COMPLETE
744,11473.99752498115,2025-08-07 13:32:00.210472,2025-08-07 13:32:07.559784,0 days 00:00:07.349312,5,9,22,COMPLETE
745,26800.547698212566,2025-08-07 13:32:00.597397,2025-08-07 13:32:07.232694,0 days 00:00:06.635297,6,9,16,COMPLETE
746,26800.547698212566,2025-08-07 13:32:01.338947,2025-08-07 13:32:07.957920,0 days 00:00:06.618973,6,9,16,COMPLETE
747,26800.547698212566,2025-08-07 13:32:01.629343,2025-08-07 13:32:08.950373,0 days 00:00:07.321030,6,9,16,COMPLETE
748,15726.314170188336,2025-08-07 13:32:01.598720,2025-08-07 13:32:08.792618,0 days 00:00:07.193898,6,11,16,COMPLETE
749,26800.547698212566,2025-08-07 13:32:01.835219,2025-08-07 13:32:09.013988,0 days 00:00:07.178769,6,9,16,COMPLETE
750,26800.547698212566,2025-08-07 13:32:02.330793,2025-08-07 13:32:09.772045,0 days 00:00:07.441252,6,9,16,COMPLETE
751,26800.547698212566,2025-08-07 13:32:02.555923,2025-08-07 13:32:09.770555,0 days 00:00:07.214632,6,9,16,COMPLETE
752,3714.3753564998683,2025-08-07 13:32:03.634714,2025-08-07 13:32:10.786902,0 days 00:00:07.152188,6,9,46,COMPLETE
753,26800.547698212566,2025-08-07 13:32:03.746779,2025-08-07 13:32:10.203852,0 days 00:00:06.457073,6,9,16,COMPLETE
754,15726.314170188336,2025-08-07 13:32:03.906169,2025-08-07 13:32:11.490465,0 days 00:00:07.584296,6,11,16,COMPLETE
755,15726.314170188336,2025-08-07 13:32:04.083481,2025-08-07 13:32:11.325657,0 days 00:00:07.242176,6,11,16,COMPLETE
756,17406.634338324053,2025-08-07 13:32:04.669970,2025-08-07 13:32:13.009947,0 days 00:00:08.339977,6,10,16,COMPLETE
757,15726.314170188336,2025-08-07 13:32:04.941637,2025-08-07 13:32:12.021407,0 days 00:00:07.079770,6,11,16,COMPLETE
758,26800.547698212566,2025-08-07 13:32:04.975414,2025-08-07 13:32:11.983908,0 days 00:00:07.008494,6,9,16,COMPLETE
759,17406.634338324053,2025-08-07 13:32:05.417417,2025-08-07 13:32:12.896765,0 days 00:00:07.479348,6,10,16,COMPLETE
760,3496.5425756331624,2025-08-07 13:32:05.847366,2025-08-07 13:32:13.207307,0 days 00:00:07.359941,6,10,38,COMPLETE
761,17406.634338324053,2025-08-07 13:32:06.347302,2025-08-07 13:32:13.785238,0 days 00:00:07.437936,6,10,16,COMPLETE
762,17406.634338324053,2025-08-07 13:32:06.493759,2025-08-07 13:32:13.781613,0 days 00:00:07.287854,6,10,16,COMPLETE
763,17406.634338324053,2025-08-07 13:32:06.724129,2025-08-07 13:32:14.165041,0 days 00:00:07.440912,6,10,16,COMPLETE
764,17406.634338324053,2025-08-07 13:32:07.246610,2025-08-07 13:32:14.616002,0 days 00:00:07.369392,6,10,16,COMPLETE
765,17406.634338324053,2025-08-07 13:32:07.563324,2025-08-07 13:32:15.028227,0 days 00:00:07.464903,6,10,16,COMPLETE
766,13922.101056876165,2025-08-07 13:32:07.965475,2025-08-07 13:32:15.622570,0 days 00:00:07.657095,6,10,17,COMPLETE
767,13922.101056876165,2025-08-07 13:32:08.857192,2025-08-07 13:32:16.123862,0 days 00:00:07.266670,6,10,17,COMPLETE
768,13922.101056876165,2025-08-07 13:32:08.977177,2025-08-07 13:32:16.158434,0 days 00:00:07.181257,6,10,17,COMPLETE
769,23780.691614624324,2025-08-07 13:32:09.019463,2025-08-07 13:32:16.835540,0 days 00:00:07.816077,6,10,20,COMPLETE
770,22045.892168113325,2025-08-07 13:32:09.775744,2025-08-07 13:32:17.399776,0 days 00:00:07.624032,7,10,17,COMPLETE
771,28404.709786856954,2025-08-07 13:32:09.782298,2025-08-07 13:32:16.912046,0 days 00:00:07.129748,5,10,17,COMPLETE
772,28404.709786856954,2025-08-07 13:32:10.218339,2025-08-07 13:32:17.634520,0 days 00:00:07.416181,5,10,17,COMPLETE
773,28404.709786856954,2025-08-07 13:32:10.816482,2025-08-07 13:32:18.547591,0 days 00:00:07.731109,5,10,17,COMPLETE
774,28404.709786856954,2025-08-07 13:32:11.368449,2025-08-07 13:32:20.598606,0 days 00:00:09.230157,5,10,17,COMPLETE
775,28404.709786856954,2025-08-07 13:32:11.502794,2025-08-07 13:32:18.788336,0 days 00:00:07.285542,5,10,17,COMPLETE
776,8464.137224091697,2025-08-07 13:32:12.029466,2025-08-07 13:32:18.493492,0 days 00:00:06.464026,5,10,37,COMPLETE
777,28404.709786856954,2025-08-07 13:32:12.139661,2025-08-07 13:32:20.498686,0 days 00:00:08.359025,5,10,17,COMPLETE
778,15705.569283523537,2025-08-07 13:32:12.938613,2025-08-07 13:32:20.202495,0 days 00:00:07.263882,5,8,27,COMPLETE
779,28672.2435095688,2025-08-07 13:32:13.051612,2025-08-07 13:32:20.525461,0 days 00:00:07.473849,5,8,17,COMPLETE
780,28672.2435095688,2025-08-07 13:32:13.313902,2025-08-07 13:32:20.690499,0 days 00:00:07.376597,5,8,17,COMPLETE
781,33627.49338664723,2025-08-07 13:32:13.787620,2025-08-07 13:32:21.421899,0 days 00:00:07.634279,5,8,15,COMPLETE
782,33627.49338664723,2025-08-07 13:32:13.789155,2025-08-07 13:32:21.256661,0 days 00:00:07.467506,5,8,15,COMPLETE
783,33627.49338664723,2025-08-07 13:32:14.170766,2025-08-07 13:32:21.706073,0 days 00:00:07.535307,5,8,15,COMPLETE
784,28672.2435095688,2025-08-07 13:32:14.624551,2025-08-07 13:32:22.229111,0 days 00:00:07.604560,5,8,17,COMPLETE
785,28672.2435095688,2025-08-07 13:32:15.037397,2025-08-07 13:32:22.664064,0 days 00:00:07.626667,5,8,17,COMPLETE
786,33627.49338664723,2025-08-07 13:32:15.717764,2025-08-07 13:32:23.715677,0 days 00:00:07.997913,5,8,15,COMPLETE
787,33627.49338664723,2025-08-07 13:32:16.155156,2025-08-07 13:32:23.674729,0 days 00:00:07.519573,5,8,15,COMPLETE
788,33627.49338664723,2025-08-07 13:32:16.167882,2025-08-07 13:32:23.791480,0 days 00:00:07.623598,5,8,15,COMPLETE
789,33627.49338664723,2025-08-07 13:32:16.857239,2025-08-07 13:32:24.628911,0 days 00:00:07.771672,5,8,15,COMPLETE
790,33627.49338664723,2025-08-07 13:32:16.931968,2025-08-07 13:32:24.583115,0 days 00:00:07.651147,5,8,15,COMPLETE
791,33627.49338664723,2025-08-07 13:32:17.418985,2025-08-07 13:32:25.013886,0 days 00:00:07.594901,5,8,15,COMPLETE
792,21027.210907619883,2025-08-07 13:32:17.640455,2025-08-07 13:32:25.412874,0 days 00:00:07.772419,10,8,15,COMPLETE
793,33627.49338664723,2025-08-07 13:32:18.579403,2025-08-07 13:32:26.866017,0 days 00:00:08.286614,5,8,15,COMPLETE
794,33627.49338664723,2025-08-07 13:32:18.611602,2025-08-07 13:32:26.158199,0 days 00:00:07.546597,5,8,15,COMPLETE
795,33627.49338664723,2025-08-07 13:32:18.791953,2025-08-07 13:32:26.051933,0 days 00:00:07.259980,5,8,15,COMPLETE
796,33627.49338664723,2025-08-07 13:32:20.338912,2025-08-07 13:32:27.657180,0 days 00:00:07.318268,5,8,15,COMPLETE
797,33627.49338664723,2025-08-07 13:32:20.505640,2025-08-07 13:32:28.129865,0 days 00:00:07.624225,5,8,15,COMPLETE
798,33627.49338664723,2025-08-07 13:32:20.578824,2025-08-07 13:32:27.946559,0 days 00:00:07.367735,5,8,15,COMPLETE
799,33627.49338664723,2025-08-07 13:32:20.658164,2025-08-07 13:32:28.315323,0 days 00:00:07.657159,5,8,15,COMPLETE
800,33627.49338664723,2025-08-07 13:32:20.704051,2025-08-07 13:32:28.260555,0 days 00:00:07.556504,5,8,15,COMPLETE
801,42203.00046304342,2025-08-07 13:32:21.269667,2025-08-07 13:32:29.428150,0 days 00:00:08.158483,5,9,15,COMPLETE
802,5953.440325271927,2025-08-07 13:32:21.468341,2025-08-07 13:32:29.036069,0 days 00:00:07.567728,13,9,15,COMPLETE
803,42203.00046304342,2025-08-07 13:32:21.710738,2025-08-07 13:32:29.417012,0 days 00:00:07.706274,5,9,15,COMPLETE
804,42203.00046304342,2025-08-07 13:32:22.238931,2025-08-07 13:32:30.168936,0 days 00:00:07.930005,5,9,15,COMPLETE
805,42203.00046304342,2025-08-07 13:32:22.670391,2025-08-07 13:32:30.171117,0 days 00:00:07.500726,5,9,15,COMPLETE
806,42203.00046304342,2025-08-07 13:32:23.696177,2025-08-07 13:32:31.195388,0 days 00:00:07.499211,5,9,15,COMPLETE
807,42203.00046304342,2025-08-07 13:32:23.741735,2025-08-07 13:32:31.273585,0 days 00:00:07.531850,5,9,15,COMPLETE
808,42203.00046304342,2025-08-07 13:32:23.794915,2025-08-07 13:32:31.219022,0 days 00:00:07.424107,5,9,15,COMPLETE
809,-inf,2025-08-07 13:32:24.649490,2025-08-07 13:32:30.468330,0 days 00:00:05.818840,17,9,15,COMPLETE
810,42203.00046304342,2025-08-07 13:32:24.664768,2025-08-07 13:32:32.047908,0 days 00:00:07.383140,5,9,15,COMPLETE
811,42203.00046304342,2025-08-07 13:32:25.023023,2025-08-07 13:32:32.082149,0 days 00:00:07.059126,5,9,15,COMPLETE
812,19293.99364618227,2025-08-07 13:32:25.416402,2025-08-07 13:32:32.633440,0 days 00:00:07.217038,5,5,15,COMPLETE
813,19293.99364618227,2025-08-07 13:32:26.079638,2025-08-07 13:32:33.535069,0 days 00:00:07.455431,5,5,15,COMPLETE
814,42203.00046304342,2025-08-07 13:32:26.166042,2025-08-07 13:32:32.977919,0 days 00:00:06.811877,5,9,15,COMPLETE
815,42203.00046304342,2025-08-07 13:32:26.906328,2025-08-07 13:32:33.863090,0 days 00:00:06.956762,5,9,15,COMPLETE
816,42203.00046304342,2025-08-07 13:32:27.663517,2025-08-07 13:32:34.813225,0 days 00:00:07.149708,5,9,15,COMPLETE
817,42203.00046304342,2025-08-07 13:32:28.083474,2025-08-07 13:32:34.926090,0 days 00:00:06.842616,5,9,15,COMPLETE
818,42203.00046304342,2025-08-07 13:32:28.139202,2025-08-07 13:32:34.127879,0 days 00:00:05.988677,5,9,15,COMPLETE
819,5556.855572856685,2025-08-07 13:32:28.291998,2025-08-07 13:32:35.608204,0 days 00:00:07.316206,5,9,43,COMPLETE
820,42203.00046304342,2025-08-07 13:32:28.321107,2025-08-07 13:32:35.097174,0 days 00:00:06.776067,5,9,15,COMPLETE
821,42203.00046304342,2025-08-07 13:32:29.063496,2025-08-07 13:32:35.713107,0 days 00:00:06.649611,5,9,15,COMPLETE
822,28816.61197534258,2025-08-07 13:32:29.423315,2025-08-07 13:32:36.523338,0 days 00:00:07.100023,5,9,16,COMPLETE
823,-inf,2025-08-07 13:32:29.433064,2025-08-07 13:32:35.094615,0 days 00:00:05.661551,17,9,16,COMPLETE
824,28816.61197534258,2025-08-07 13:32:30.179726,2025-08-07 13:32:36.547841,0 days 00:00:06.368115,5,9,16,COMPLETE
825,4672.2171024782065,2025-08-07 13:32:30.189297,2025-08-07 13:32:37.466678,0 days 00:00:07.277381,5,9,42,COMPLETE
826,28816.61197534258,2025-08-07 13:32:30.490619,2025-08-07 13:32:37.494584,0 days 00:00:07.003965,5,9,16,COMPLETE
827,28816.61197534258,2025-08-07 13:32:31.286034,2025-08-07 13:32:38.604990,0 days 00:00:07.318956,5,9,16,COMPLETE
828,28816.61197534258,2025-08-07 13:32:31.257735,2025-08-07 13:32:38.267453,0 days 00:00:07.009718,5,9,16,COMPLETE
829,28816.61197534258,2025-08-07 13:32:31.288487,2025-08-07 13:32:38.640091,0 days 00:00:07.351604,5,9,16,COMPLETE
830,28816.61197534258,2025-08-07 13:32:32.070749,2025-08-07 13:32:39.507182,0 days 00:00:07.436433,5,9,16,COMPLETE
831,28816.61197534258,2025-08-07 13:32:32.085730,2025-08-07 13:32:39.297285,0 days 00:00:07.211555,5,9,16,COMPLETE
832,28816.61197534258,2025-08-07 13:32:32.681198,2025-08-07 13:32:39.982217,0 days 00:00:07.301019,5,9,16,COMPLETE
833,28816.61197534258,2025-08-07 13:32:33.016741,2025-08-07 13:32:40.217483,0 days 00:00:07.200742,5,9,16,COMPLETE
834,28816.61197534258,2025-08-07 13:32:33.630646,2025-08-07 13:32:40.935064,0 days 00:00:07.304418,5,9,16,COMPLETE
835,28816.61197534258,2025-08-07 13:32:33.893447,2025-08-07 13:32:41.109665,0 days 00:00:07.216218,5,9,16,COMPLETE
836,28816.61197534258,2025-08-07 13:32:34.143558,2025-08-07 13:32:42.366765,0 days 00:00:08.223207,5,9,16,COMPLETE
837,28816.61197534258,2025-08-07 13:32:34.858956,2025-08-07 13:32:42.642999,0 days 00:00:07.784043,5,9,16,COMPLETE
838,33549.25700422966,2025-08-07 13:32:34.928126,2025-08-07 13:32:42.546205,0 days 00:00:07.618079,5,7,16,COMPLETE
839,28816.61197534258,2025-08-07 13:32:35.112844,2025-08-07 13:32:42.645456,0 days 00:00:07.532612,5,9,16,COMPLETE
840,28816.61197534258,2025-08-07 13:32:35.134660,2025-08-07 13:32:42.410556,0 days 00:00:07.275896,5,9,16,COMPLETE
841,28816.61197534258,2025-08-07 13:32:35.634494,2025-08-07 13:32:43.106348,0 days 00:00:07.471854,5,9,16,COMPLETE
842,28816.61197534258,2025-08-07 13:32:35.716624,2025-08-07 13:32:43.431570,0 days 00:00:07.714946,5,9,16,COMPLETE
843,28816.61197534258,2025-08-07 13:32:36.552069,2025-08-07 13:32:44.508336,0 days 00:00:07.956267,5,9,16,COMPLETE
844,28816.61197534258,2025-08-07 13:32:36.559944,2025-08-07 13:32:44.038022,0 days 00:00:07.478078,5,9,16,COMPLETE
845,33549.25700422966,2025-08-07 13:32:37.486822,2025-08-07 13:32:45.051343,0 days 00:00:07.564521,5,7,16,COMPLETE
846,33549.25700422966,2025-08-07 13:32:37.500306,2025-08-07 13:32:44.520861,0 days 00:00:07.020555,5,7,16,COMPLETE
847,28816.61197534258,2025-08-07 13:32:38.297472,2025-08-07 13:32:46.503695,0 days 00:00:08.206223,5,9,16,COMPLETE
848,28816.61197534258,2025-08-07 13:32:38.615120,2025-08-07 13:32:45.978098,0 days 00:00:07.362978,5,9,16,COMPLETE
849,28816.61197534258,2025-08-07 13:32:38.646628,2025-08-07 13:32:46.465696,0 days 00:00:07.819068,5,9,16,COMPLETE
850,26800.547698212566,2025-08-07 13:32:39.312140,2025-08-07 13:32:46.561711,0 days 00:00:07.249571,6,9,16,COMPLETE
851,16226.258817226946,2025-08-07 13:32:39.526371,2025-08-07 13:32:46.919840,0 days 00:00:07.393469,6,9,18,COMPLETE
852,16226.258817226946,2025-08-07 13:32:40.022106,2025-08-07 13:32:47.617706,0 days 00:00:07.595600,6,9,18,COMPLETE
853,16226.258817226946,2025-08-07 13:32:40.226196,2025-08-07 13:32:47.622163,0 days 00:00:07.395967,6,9,18,COMPLETE
854,25595.43612896619,2025-08-07 13:32:41.014326,2025-08-07 13:32:49.416378,0 days 00:00:08.402052,6,7,18,COMPLETE
855,16226.258817226946,2025-08-07 13:32:41.137507,2025-08-07 13:32:48.090755,0 days 00:00:06.953248,6,9,18,COMPLETE
856,16226.258817226946,2025-08-07 13:32:42.417453,2025-08-07 13:32:49.560827,0 days 00:00:07.143374,6,9,18,COMPLETE
857,26815.766915930042,2025-08-07 13:32:42.446360,2025-08-07 13:32:49.546882,0 days 00:00:07.100522,6,9,15,COMPLETE
858,16226.258817226946,2025-08-07 13:32:42.577094,2025-08-07 13:32:49.778121,0 days 00:00:07.201027,6,9,18,COMPLETE
859,16226.258817226946,2025-08-07 13:32:42.654288,2025-08-07 13:32:49.914548,0 days 00:00:07.260260,6,9,18,COMPLETE
860,16226.258817226946,2025-08-07 13:32:42.657298,2025-08-07 13:32:51.016551,0 days 00:00:08.359253,6,9,18,COMPLETE
861,16226.258817226946,2025-08-07 13:32:43.125241,2025-08-07 13:32:50.326734,0 days 00:00:07.201493,6,9,18,COMPLETE
862,21565.103669900385,2025-08-07 13:32:43.434731,2025-08-07 13:32:50.883818,0 days 00:00:07.449087,7,7,18,COMPLETE
863,16226.258817226946,2025-08-07 13:32:44.109913,2025-08-07 13:32:51.385699,0 days 00:00:07.275786,6,9,18,COMPLETE
864,16226.258817226946,2025-08-07 13:32:44.515656,2025-08-07 13:32:52.109368,0 days 00:00:07.593712,6,9,18,COMPLETE
865,16226.258817226946,2025-08-07 13:32:44.524233,2025-08-07 13:32:52.016161,0 days 00:00:07.491928,6,9,18,COMPLETE
866,16226.258817226946,2025-08-07 13:32:45.055622,2025-08-07 13:32:53.066489,0 days 00:00:08.010867,6,9,18,COMPLETE
867,21584.593074044988,2025-08-07 13:32:46.007404,2025-08-07 13:32:52.955465,0 days 00:00:06.948061,6,10,15,COMPLETE
868,12574.77615071446,2025-08-07 13:32:46.504311,2025-08-07 13:32:54.552043,0 days 00:00:08.047732,6,10,18,COMPLETE
869,21584.593074044988,2025-08-07 13:32:46.539101,2025-08-07 13:32:53.467558,0 days 00:00:06.928457,6,10,15,COMPLETE
870,12574.77615071446,2025-08-07 13:32:46.586704,2025-08-07 13:32:54.626093,0 days 00:00:08.039389,6,10,18,COMPLETE
871,12574.77615071446,2025-08-07 13:32:46.925059,2025-08-07 13:32:54.549012,0 days 00:00:07.623953,6,10,18,COMPLETE
872,21584.593074044988,2025-08-07 13:32:47.624547,2025-08-07 13:32:55.026074,0 days 00:00:07.401527,6,10,15,COMPLETE
873,21584.593074044988,2025-08-07 13:32:47.627989,2025-08-07 13:32:55.192280,0 days 00:00:07.564291,6,10,15,COMPLETE
874,6092.821962795617,2025-08-07 13:32:48.127997,2025-08-07 13:32:55.699037,0 days 00:00:07.571040,6,10,29,COMPLETE
875,21584.593074044988,2025-08-07 13:32:49.495981,2025-08-07 13:32:57.307682,0 days 00:00:07.811701,6,10,15,COMPLETE
876,36003.50349735412,2025-08-07 13:32:49.588221,2025-08-07 13:32:57.828319,0 days 00:00:08.240098,5,10,15,COMPLETE
877,36003.50349735412,2025-08-07 13:32:49.609004,2025-08-07 13:32:57.343559,0 days 00:00:07.734555,5,10,15,COMPLETE
878,36003.50349735412,2025-08-07 13:32:49.814690,2025-08-07 13:32:57.621959,0 days 00:00:07.807269,5,10,15,COMPLETE
879,36003.50349735412,2025-08-07 13:32:49.942999,2025-08-07 13:32:57.284754,0 days 00:00:07.341755,5,10,15,COMPLETE
880,14249.443062595456,2025-08-07 13:32:50.340548,2025-08-07 13:32:57.978335,0 days 00:00:07.637787,7,10,15,COMPLETE
881,12029.317013097405,2025-08-07 13:32:50.896598,2025-08-07 13:32:58.443909,0 days 00:00:07.547311,5,10,29,COMPLETE
882,36003.50349735412,2025-08-07 13:32:51.020707,2025-08-07 13:32:58.569038,0 days 00:00:07.548331,5,10,15,COMPLETE
883,36003.50349735412,2025-08-07 13:32:51.392467,2025-08-07 13:32:59.149967,0 days 00:00:07.757500,5,10,15,COMPLETE
884,36003.50349735412,2025-08-07 13:32:52.054212,2025-08-07 13:32:59.285528,0 days 00:00:07.231316,5,10,15,COMPLETE
885,36003.50349735412,2025-08-07 13:32:52.116657,2025-08-07 13:32:59.655056,0 days 00:00:07.538399,5,10,15,COMPLETE
886,36003.50349735412,2025-08-07 13:32:52.977435,2025-08-07 13:33:00.691469,0 days 00:00:07.714034,5,10,15,COMPLETE
887,36003.50349735412,2025-08-07 13:32:53.080247,2025-08-07 13:33:00.619676,0 days 00:00:07.539429,5,10,15,COMPLETE
888,36003.50349735412,2025-08-07 13:32:53.562307,2025-08-07 13:33:00.929163,0 days 00:00:07.366856,5,10,15,COMPLETE
889,36003.50349735412,2025-08-07 13:32:54.622965,2025-08-07 13:33:01.679680,0 days 00:00:07.056715,5,10,15,COMPLETE
890,33627.49338664723,2025-08-07 13:32:54.626555,2025-08-07 13:33:01.712851,0 days 00:00:07.086296,5,8,15,COMPLETE
891,33627.49338664723,2025-08-07 13:32:54.647086,2025-08-07 13:33:01.571105,0 days 00:00:06.924019,5,8,15,COMPLETE
892,33627.49338664723,2025-08-07 13:32:55.050538,2025-08-07 13:33:02.001764,0 days 00:00:06.951226,5,8,15,COMPLETE
893,33627.49338664723,2025-08-07 13:32:55.198322,2025-08-07 13:33:02.386432,0 days 00:00:07.188110,5,8,15,COMPLETE
894,33627.49338664723,2025-08-07 13:32:55.707134,2025-08-07 13:33:02.762711,0 days 00:00:07.055577,5,8,15,COMPLETE
895,7784.09774702765,2025-08-07 13:32:57.505954,2025-08-07 13:33:03.538256,0 days 00:00:06.032302,8,8,31,COMPLETE
896,33627.49338664723,2025-08-07 13:32:57.516781,2025-08-07 13:33:04.682118,0 days 00:00:07.165337,5,8,15,COMPLETE
897,11157.076806191371,2025-08-07 13:32:57.641778,2025-08-07 13:33:04.683423,0 days 00:00:07.041645,5,8,32,COMPLETE
898,15451.17530993714,2025-08-07 13:32:57.736151,2025-08-07 13:33:04.928184,0 days 00:00:07.192033,8,8,17,COMPLETE
899,28672.2435095688,2025-08-07 13:32:57.885862,2025-08-07 13:33:03.737089,0 days 00:00:05.851227,5,8,17,COMPLETE
900,28672.2435095688,2025-08-07 13:32:58.081507,2025-08-07 13:33:05.058825,0 days 00:00:06.977318,5,8,17,COMPLETE
901,28672.2435095688,2025-08-07 13:32:58.458585,2025-08-07 13:33:05.631097,0 days 00:00:07.172512,5,8,17,COMPLETE
902,28672.2435095688,2025-08-07 13:32:58.572221,2025-08-07 13:33:06.068358,0 days 00:00:07.496137,5,8,17,COMPLETE
903,28672.2435095688,2025-08-07 13:32:59.193846,2025-08-07 13:33:06.122772,0 days 00:00:06.928926,5,8,17,COMPLETE
904,28672.2435095688,2025-08-07 13:32:59.288182,2025-08-07 13:33:06.309129,0 days 00:00:07.020947,5,8,17,COMPLETE
905,28672.2435095688,2025-08-07 13:32:59.658103,2025-08-07 13:33:06.697450,0 days 00:00:07.039347,5,8,17,COMPLETE
906,28672.2435095688,2025-08-07 13:33:00.648542,2025-08-07 13:33:08.369946,0 days 00:00:07.721404,5,8,17,COMPLETE
907,28672.2435095688,2025-08-07 13:33:00.736505,2025-08-07 13:33:07.605462,0 days 00:00:06.868957,5,8,17,COMPLETE
908,28672.2435095688,2025-08-07 13:33:00.938601,2025-08-07 13:33:07.577962,0 days 00:00:06.639361,5,8,17,COMPLETE
909,28672.2435095688,2025-08-07 13:33:01.639591,2025-08-07 13:33:08.971016,0 days 00:00:07.331425,5,8,17,COMPLETE
910,36466.877521743045,2025-08-07 13:33:01.723723,2025-08-07 13:33:09.096719,0 days 00:00:07.372996,5,9,17,COMPLETE
911,36466.877521743045,2025-08-07 13:33:01.747753,2025-08-07 13:33:09.520389,0 days 00:00:07.772636,5,9,17,COMPLETE
912,26278.317080327302,2025-08-07 13:33:02.030302,2025-08-07 13:33:09.203125,0 days 00:00:07.172823,8,9,17,COMPLETE
913,36466.877521743045,2025-08-07 13:33:02.389253,2025-08-07 13:33:09.733640,0 days 00:00:07.344387,5,9,17,COMPLETE
914,12262.557109108733,2025-08-07 13:33:02.766008,2025-08-07 13:33:10.142517,0 days 00:00:07.376509,5,6,17,COMPLETE
915,36466.877521743045,2025-08-07 13:33:03.601382,2025-08-07 13:33:11.165884,0 days 00:00:07.564502,5,9,17,COMPLETE
916,36466.877521743045,2025-08-07 13:33:03.767957,2025-08-07 13:33:11.491988,0 days 00:00:07.724031,5,9,17,COMPLETE
917,36466.877521743045,2025-08-07 13:33:04.708296,2025-08-07 13:33:11.999245,0 days 00:00:07.290949,5,9,17,COMPLETE
918,36466.877521743045,2025-08-07 13:33:04.737670,2025-08-07 13:33:13.462847,0 days 00:00:08.725177,5,9,17,COMPLETE
919,36466.877521743045,2025-08-07 13:33:04.950866,2025-08-07 13:33:11.909656,0 days 00:00:06.958790,5,9,17,COMPLETE
920,36466.877521743045,2025-08-07 13:33:05.112736,2025-08-07 13:33:11.482137,0 days 00:00:06.369401,5,9,17,COMPLETE
921,10927.010236519824,2025-08-07 13:33:05.670165,2025-08-07 13:33:13.334042,0 days 00:00:07.663877,5,9,24,COMPLETE
922,28816.61197534258,2025-08-07 13:33:06.113253,2025-08-07 13:33:14.038485,0 days 00:00:07.925232,5,9,16,COMPLETE
923,28816.61197534258,2025-08-07 13:33:06.157358,2025-08-07 13:33:14.046464,0 days 00:00:07.889106,5,9,16,COMPLETE
924,28816.61197534258,2025-08-07 13:33:06.314463,2025-08-07 13:33:14.170249,0 days 00:00:07.855786,5,9,16,COMPLETE
925,28816.61197534258,2025-08-07 13:33:06.701875,2025-08-07 13:33:14.318306,0 days 00:00:07.616431,5,9,16,COMPLETE
926,28816.61197534258,2025-08-07 13:33:07.601628,2025-08-07 13:33:15.216364,0 days 00:00:07.614736,5,9,16,COMPLETE
927,28816.61197534258,2025-08-07 13:33:07.650241,2025-08-07 13:33:15.773758,0 days 00:00:08.123517,5,9,16,COMPLETE
928,28816.61197534258,2025-08-07 13:33:08.390030,2025-08-07 13:33:16.229067,0 days 00:00:07.839037,5,9,16,COMPLETE
929,28816.61197534258,2025-08-07 13:33:08.994331,2025-08-07 13:33:16.430044,0 days 00:00:07.435713,5,9,16,COMPLETE
930,28816.61197534258,2025-08-07 13:33:09.143158,2025-08-07 13:33:17.068517,0 days 00:00:07.925359,5,9,16,COMPLETE
931,28816.61197534258,2025-08-07 13:33:09.224965,2025-08-07 13:33:16.693541,0 days 00:00:07.468576,5,9,16,COMPLETE
932,28816.61197534258,2025-08-07 13:33:09.558065,2025-08-07 13:33:18.146848,0 days 00:00:08.588783,5,9,16,COMPLETE
933,4287.958933049394,2025-08-07 13:33:09.738374,2025-08-07 13:33:17.347623,0 days 00:00:07.609249,11,9,16,COMPLETE
934,18313.56092647084,2025-08-07 13:33:10.148690,2025-08-07 13:33:18.188308,0 days 00:00:08.039618,5,12,16,COMPLETE
935,28816.61197534258,2025-08-07 13:33:11.196152,2025-08-07 13:33:19.399501,0 days 00:00:08.203349,5,9,16,COMPLETE
936,21899.797035218835,2025-08-07 13:33:11.502912,2025-08-07 13:33:19.357943,0 days 00:00:07.855031,5,15,16,COMPLETE
937,21899.797035218835,2025-08-07 13:33:11.637592,2025-08-07 13:33:20.101777,0 days 00:00:08.464185,5,15,16,COMPLETE
938,28816.61197534258,2025-08-07 13:33:11.924749,2025-08-07 13:33:19.372648,0 days 00:00:07.447899,5,9,16,COMPLETE
939,28816.61197534258,2025-08-07 13:33:12.003914,2025-08-07 13:33:19.984603,0 days 00:00:07.980689,5,9,16,COMPLETE
940,15001.751000015367,2025-08-07 13:33:13.345468,2025-08-07 13:33:22.017100,0 days 00:00:08.671632,5,16,16,COMPLETE
941,28816.61197534258,2025-08-07 13:33:13.499538,2025-08-07 13:33:21.689393,0 days 00:00:08.189855,5,9,16,COMPLETE
942,15001.751000015367,2025-08-07 13:33:14.043376,2025-08-07 13:33:22.119976,0 days 00:00:08.076600,5,16,16,COMPLETE
943,28816.61197534258,2025-08-07 13:33:14.153162,2025-08-07 13:33:22.176030,0 days 00:00:08.022868,5,9,16,COMPLETE
944,15001.751000015367,2025-08-07 13:33:14.235861,2025-08-07 13:33:22.189545,0 days 00:00:07.953684,5,16,16,COMPLETE
945,31953.93163442484,2025-08-07 13:33:14.326672,2025-08-07 13:33:21.423150,0 days 00:00:07.096478,5,12,15,COMPLETE
946,42203.00046304342,2025-08-07 13:33:15.253634,2025-08-07 13:33:23.260797,0 days 00:00:08.007163,5,9,15,COMPLETE
947,28373.366605962838,2025-08-07 13:33:15.824028,2025-08-07 13:33:24.293320,0 days 00:00:08.469292,5,14,15,COMPLETE
948,31953.93163442484,2025-08-07 13:33:16.265987,2025-08-07 13:33:23.864632,0 days 00:00:07.598645,5,12,15,COMPLETE
949,24520.26572296522,2025-08-07 13:33:16.497767,2025-08-07 13:33:24.313979,0 days 00:00:07.816212,5,16,15,COMPLETE
950,30068.73470399987,2025-08-07 13:33:16.704833,2025-08-07 13:33:24.670620,0 days 00:00:07.965787,5,15,15,COMPLETE
951,6827.260332580519,2025-08-07 13:33:17.088323,2025-08-07 13:33:24.301736,0 days 00:00:07.213413,11,9,15,COMPLETE
952,42203.00046304342,2025-08-07 13:33:17.350589,2025-08-07 13:33:24.962450,0 days 00:00:07.611861,5,9,15,COMPLETE
953,24520.26572296522,2025-08-07 13:33:18.185033,2025-08-07 13:33:25.833944,0 days 00:00:07.648911,5,16,15,COMPLETE
954,42203.00046304342,2025-08-07 13:33:18.201661,2025-08-07 13:33:25.812822,0 days 00:00:07.611161,5,9,15,COMPLETE
955,18916.651278895926,2025-08-07 13:33:19.375627,2025-08-07 13:33:26.406243,0 days 00:00:07.030616,10,9,15,COMPLETE
956,-inf,2025-08-07 13:33:19.405719,2025-08-07 13:33:25.837940,0 days 00:00:06.432221,20,9,15,COMPLETE
957,26815.766915930042,2025-08-07 13:33:19.417495,2025-08-07 13:33:27.076771,0 days 00:00:07.659276,6,9,15,COMPLETE
958,4139.4390203820185,2025-08-07 13:33:19.999742,2025-08-07 13:33:27.177867,0 days 00:00:07.178125,6,16,15,COMPLETE
959,26815.766915930042,2025-08-07 13:33:20.110238,2025-08-07 13:33:27.330228,0 days 00:00:07.219990,6,9,15,COMPLETE
960,26815.766915930042,2025-08-07 13:33:21.492568,2025-08-07 13:33:28.784179,0 days 00:00:07.291611,6,9,15,COMPLETE
961,26815.766915930042,2025-08-07 13:33:21.779446,2025-08-07 13:33:29.228184,0 days 00:00:07.448738,6,9,15,COMPLETE
962,857.0656823442207,2025-08-07 13:33:22.066164,2025-08-07 13:33:28.979682,0 days 00:00:06.913518,6,19,15,COMPLETE
963,18916.651278895926,2025-08-07 13:33:22.170755,2025-08-07 13:33:29.470456,0 days 00:00:07.299701,10,9,15,COMPLETE
964,26815.766915930042,2025-08-07 13:33:22.193395,2025-08-07 13:33:28.827851,0 days 00:00:06.634456,6,9,15,COMPLETE
965,26815.766915930042,2025-08-07 13:33:22.196641,2025-08-07 13:33:29.049483,0 days 00:00:06.852842,6,9,15,COMPLETE
966,26815.766915930042,2025-08-07 13:33:23.315792,2025-08-07 13:33:31.140919,0 days 00:00:07.825127,6,9,15,COMPLETE
967,26815.766915930042,2025-08-07 13:33:23.877852,2025-08-07 13:33:31.102763,0 days 00:00:07.224911,6,9,15,COMPLETE
968,26815.766915930042,2025-08-07 13:33:24.302322,2025-08-07 13:33:30.990169,0 days 00:00:06.687847,6,9,15,COMPLETE
969,26815.766915930042,2025-08-07 13:33:24.316379,2025-08-07 13:33:31.156628,0 days 00:00:06.840249,6,9,15,COMPLETE
970,26815.766915930042,2025-08-07 13:33:24.363483,2025-08-07 13:33:30.985862,0 days 00:00:06.622379,6,9,15,COMPLETE
971,26815.766915930042,2025-08-07 13:33:24.678409,2025-08-07 13:33:31.867459,0 days 00:00:07.189050,6,9,15,COMPLETE
972,26815.766915930042,2025-08-07 13:33:24.967252,2025-08-07 13:33:31.818408,0 days 00:00:06.851156,6,9,15,COMPLETE
973,4242.503150707742,2025-08-07 13:33:25.828387,2025-08-07 13:33:33.070669,0 days 00:00:07.242282,12,9,15,COMPLETE
974,26815.766915930042,2025-08-07 13:33:25.844801,2025-08-07 13:33:33.116702,0 days 00:00:07.271901,6,9,15,COMPLETE
975,26815.766915930042,2025-08-07 13:33:25.851901,2025-08-07 13:33:33.164506,0 days 00:00:07.312605,6,9,15,COMPLETE
976,4671.052113377147,2025-08-07 13:33:26.413808,2025-08-07 13:33:33.477276,0 days 00:00:07.063468,6,9,48,COMPLETE
977,26815.766915930042,2025-08-07 13:33:27.190393,2025-08-07 13:33:34.793996,0 days 00:00:07.603603,6,9,15,COMPLETE
978,26815.766915930042,2025-08-07 13:33:27.204514,2025-08-07 13:33:34.249805,0 days 00:00:07.045291,6,9,15,COMPLETE
979,26815.766915930042,2025-08-07 13:33:27.334919,2025-08-07 13:33:35.720583,0 days 00:00:08.385664,6,9,15,COMPLETE
980,26815.766915930042,2025-08-07 13:33:28.812894,2025-08-07 13:33:35.864571,0 days 00:00:07.051677,6,9,15,COMPLETE
981,2882.9150859047786,2025-08-07 13:33:28.915894,2025-08-07 13:33:36.489496,0 days 00:00:07.573602,13,9,21,COMPLETE
982,5953.440325271927,2025-08-07 13:33:29.009946,2025-08-07 13:33:36.154925,0 days 00:00:07.144979,13,9,15,COMPLETE
983,5953.440325271927,2025-08-07 13:33:29.064880,2025-08-07 13:33:34.317376,0 days 00:00:05.252496,13,9,15,COMPLETE
984,42203.00046304342,2025-08-07 13:33:29.248148,2025-08-07 13:33:36.442959,0 days 00:00:07.194811,5,9,15,COMPLETE
985,42203.00046304342,2025-08-07 13:33:29.475147,2025-08-07 13:33:36.565738,0 days 00:00:07.090591,5,9,15,COMPLETE
986,42203.00046304342,2025-08-07 13:33:31.020511,2025-08-07 13:33:38.685398,0 days 00:00:07.664887,5,9,15,COMPLETE
987,42203.00046304342,2025-08-07 13:33:31.065033,2025-08-07 13:33:37.131045,0 days 00:00:06.066012,5,9,15,COMPLETE
988,28816.61197534258,2025-08-07 13:33:31.135634,2025-08-07 13:33:39.156947,0 days 00:00:08.021313,5,9,16,COMPLETE
989,28816.61197534258,2025-08-07 13:33:31.148742,2025-08-07 13:33:38.642791,0 days 00:00:07.494049,5,9,16,COMPLETE
990,14172.521379356172,2025-08-07 13:33:31.162398,2025-08-07 13:33:38.743882,0 days 00:00:07.581484,5,9,27,COMPLETE
991,5669.106903861763,2025-08-07 13:33:31.844179,2025-08-07 13:33:39.082871,0 days 00:00:07.238692,5,9,48,COMPLETE
992,28816.61197534258,2025-08-07 13:33:31.870564,2025-08-07 13:33:39.305917,0 days 00:00:07.435353,5,9,16,COMPLETE
993,28816.61197534258,2025-08-07 13:33:33.114936,2025-08-07 13:33:40.428074,0 days 00:00:07.313138,5,9,16,COMPLETE
994,28649.20382432239,2025-08-07 13:33:33.137221,2025-08-07 13:33:39.844184,0 days 00:00:06.706963,5,10,16,COMPLETE
995,28649.20382432239,2025-08-07 13:33:33.203244,2025-08-07 13:33:41.411496,0 days 00:00:08.208252,5,10,16,COMPLETE
996,28816.61197534258,2025-08-07 13:33:33.480624,2025-08-07 13:33:41.302220,0 days 00:00:07.821596,5,9,16,COMPLETE
997,6601.56007756014,2025-08-07 13:33:34.308777,2025-08-07 13:33:41.620267,0 days 00:00:07.311490,5,10,38,COMPLETE
998,28649.20382432239,2025-08-07 13:33:34.341093,2025-08-07 13:33:41.475724,0 days 00:00:07.134631,5,10,16,COMPLETE
999,28649.20382432239,2025-08-07 13:33:34.821715,2025-08-07 13:33:41.342438,0 days 00:00:06.520723,5,10,16,COMPLETE
