number,value,datetime_start,datetime_complete,duration,params_adx_period,params_adx_treshold,params_ema_period,params_macd_fast,params_macd_signal,params_macd_slow,params_rsi_period,params_rsi_threshold_entry,params_rsi_threshold_exit,state
0,0.0,2025-06-30 13:57:15.507307,2025-06-30 13:58:09.881716,0 days 00:00:54.374409,13,7,228,12,14,25,18,24,86,COMPLETE
1,0.0,2025-06-30 13:57:15.509856,2025-06-30 13:58:09.336129,0 days 00:00:53.826273,10,18,58,12,20,35,25,1,88,COMPLETE
2,0.0,2025-06-30 13:57:15.513858,2025-06-30 13:58:11.473353,0 days 00:00:55.959495,10,16,135,7,14,30,17,13,82,COMPLETE
3,-17.069899016100635,2025-06-30 13:57:15.520213,2025-06-30 13:58:10.298019,0 days 00:00:54.777806,26,13,148,16,16,30,9,30,81,COMPLETE
4,0.0,2025-06-30 13:57:15.525273,2025-06-30 13:58:11.266660,0 days 00:00:55.741387,15,18,203,10,13,31,11,7,99,COMPLETE
5,0.0,2025-06-30 13:57:15.529358,2025-06-30 13:58:09.638332,0 days 00:00:54.108974,12,18,298,6,10,23,26,18,90,COMPLETE
6,0.0,2025-06-30 13:57:15.532968,2025-06-30 13:58:11.448638,0 days 00:00:55.915670,26,11,221,10,20,49,14,21,96,COMPLETE
7,0.0,2025-06-30 13:57:15.537035,2025-06-30 13:58:08.963549,0 days 00:00:53.426514,15,9,249,14,13,44,18,6,92,COMPLETE
8,0.0,2025-06-30 13:57:15.547926,2025-06-30 13:58:21.401371,0 days 00:01:05.853445,20,19,153,15,12,28,16,25,91,COMPLETE
9,0.0,2025-06-30 13:57:15.552637,2025-06-30 13:58:24.437188,0 days 00:01:08.884551,26,5,134,17,8,22,18,17,99,COMPLETE
10,0.0,2025-06-30 13:57:15.556748,2025-06-30 13:58:44.930982,0 days 00:01:29.374234,23,18,141,19,10,27,19,28,91,COMPLETE
11,0.0,2025-06-30 13:57:15.560279,2025-06-30 13:58:45.868737,0 days 00:01:30.308458,10,14,89,9,16,44,22,16,71,COMPLETE
12,0.0,2025-06-30 13:57:15.563269,2025-06-30 13:59:03.790186,0 days 00:01:48.226917,14,17,67,17,7,49,23,23,72,COMPLETE
13,0.0,2025-06-30 13:57:15.571232,2025-06-30 13:59:12.715629,0 days 00:01:57.144397,22,8,246,16,5,48,13,10,86,COMPLETE
14,0.0,2025-06-30 13:57:15.573841,2025-06-30 13:59:39.336166,0 days 00:02:23.762325,14,15,233,8,16,39,28,5,85,COMPLETE
15,1.1485503417229666,2025-06-30 13:57:15.577106,2025-06-30 13:59:46.516260,0 days 00:02:30.939154,10,8,87,8,19,46,16,26,76,COMPLETE
16,-12.76051048018553,2025-06-30 13:57:15.584596,2025-06-30 13:59:57.055572,0 days 00:02:41.470976,21,6,86,5,5,50,6,11,88,COMPLETE
17,0.0,2025-06-30 13:57:15.654298,2025-06-30 14:00:02.082956,0 days 00:02:46.428658,19,18,267,11,5,42,15,4,92,COMPLETE
18,0.0,2025-06-30 13:57:15.688261,2025-06-30 14:00:05.262121,0 days 00:02:49.573860,17,19,52,15,6,43,20,15,96,COMPLETE
19,0.0,2025-06-30 13:57:15.690093,2025-06-30 14:00:07.938359,0 days 00:02:52.248266,11,12,97,12,9,44,12,3,77,COMPLETE
20,0.0,2025-06-30 13:57:15.732831,2025-06-30 14:00:20.437152,0 days 00:03:04.704321,13,6,64,8,18,15,11,10,73,COMPLETE
21,0.0,2025-06-30 13:57:15.757780,2025-06-30 14:00:24.597455,0 days 00:03:08.839675,26,17,140,15,15,39,25,8,86,COMPLETE
22,0.0,2025-06-30 13:57:15.762636,2025-06-30 14:00:33.266938,0 days 00:03:17.504302,25,14,74,7,8,15,28,23,100,COMPLETE
23,0.0,2025-06-30 13:57:15.792136,2025-06-30 14:00:51.232501,0 days 00:03:35.440365,29,7,275,18,13,31,12,2,93,COMPLETE
24,-11.022558355446336,2025-06-30 13:57:15.827527,2025-06-30 14:00:59.436667,0 days 00:03:43.609140,12,15,135,8,14,23,13,30,70,COMPLETE
25,0.0,2025-06-30 13:57:15.880604,2025-06-30 14:01:06.326625,0 days 00:03:50.446021,18,5,202,17,7,50,17,21,89,COMPLETE
26,0.0,2025-06-30 13:57:15.896621,2025-06-30 14:01:11.499014,0 days 00:03:55.602393,12,19,178,7,11,23,24,8,88,COMPLETE
27,0.0,2025-06-30 13:57:15.916927,2025-06-30 14:01:13.988912,0 days 00:03:58.071985,22,15,134,9,6,41,5,7,97,COMPLETE
28,0.0,2025-06-30 13:57:15.946792,2025-06-30 14:01:26.873222,0 days 00:04:10.926430,25,18,82,7,6,50,30,30,76,COMPLETE
29,0.0,2025-06-30 13:57:15.963113,2025-06-30 14:01:36.461561,0 days 00:04:20.498448,20,20,126,16,15,45,22,22,72,COMPLETE
30,0.0,2025-06-30 13:57:15.970694,2025-06-30 14:01:55.818737,0 days 00:04:39.848043,30,9,258,11,6,43,29,2,75,COMPLETE
31,0.0,2025-06-30 13:57:15.982235,2025-06-30 14:02:36.716515,0 days 00:05:20.734280,15,8,298,9,8,50,24,15,85,COMPLETE
32,0.0,2025-06-30 13:57:15.983654,2025-06-30 14:02:32.162940,0 days 00:05:16.179286,15,8,255,11,11,28,10,14,99,COMPLETE
33,0.0,2025-06-30 13:57:15.985912,2025-06-30 14:02:42.900336,0 days 00:05:26.914424,18,14,51,19,16,34,26,22,80,COMPLETE
34,0.0,2025-06-30 13:57:15.986886,2025-06-30 14:02:35.969063,0 days 00:05:19.982177,17,5,232,19,11,32,7,9,80,COMPLETE
35,0.0,2025-06-30 13:57:15.989620,2025-06-30 14:00:58.617367,0 days 00:03:42.627747,19,10,283,20,10,19,9,9,99,COMPLETE
36,0.0,2025-06-30 13:57:15.994531,2025-06-30 14:03:21.711736,0 days 00:06:05.717205,15,18,116,11,12,21,11,12,78,COMPLETE
37,0.0,2025-06-30 13:57:15.996178,2025-06-30 14:03:24.427332,0 days 00:06:08.431154,24,11,96,6,10,45,11,18,90,COMPLETE
38,-61.58805718861119,2025-06-30 13:57:16.002157,2025-06-30 14:03:29.404275,0 days 00:06:13.402118,28,7,180,12,7,27,14,28,80,COMPLETE
39,0.0,2025-06-30 13:57:16.006946,2025-06-30 14:03:42.823725,0 days 00:06:26.816779,30,18,156,11,17,32,21,30,87,COMPLETE
40,0.0,2025-06-30 13:57:16.010059,2025-06-30 14:03:43.556341,0 days 00:06:27.546282,12,12,206,8,8,48,12,24,87,COMPLETE
41,0.0,2025-06-30 13:57:16.011362,2025-06-30 14:03:44.167084,0 days 00:06:28.155722,17,6,85,9,17,44,19,26,99,COMPLETE
42,0.0,2025-06-30 13:57:16.021215,2025-06-30 14:03:51.688098,0 days 00:06:35.666883,30,8,290,14,6,37,30,4,70,COMPLETE
43,0.0,2025-06-30 13:57:16.027016,2025-06-30 14:03:53.335069,0 days 00:06:37.308053,25,19,112,15,12,49,30,19,71,COMPLETE
44,0.0,2025-06-30 13:57:16.030427,2025-06-30 14:03:57.849384,0 days 00:06:41.818957,26,16,94,9,12,18,18,10,73,COMPLETE
45,-17.069899016100635,2025-06-30 13:57:16.038356,2025-06-30 14:08:59.709719,0 days 00:11:43.671363,15,14,176,19,17,25,9,29,82,COMPLETE
46,0.0,2025-06-30 13:57:16.048988,2025-06-30 14:04:00.671280,0 days 00:06:44.622292,17,19,212,18,16,34,11,7,82,COMPLETE
47,0.0,2025-06-30 13:57:16.052273,2025-06-30 14:04:14.628593,0 days 00:06:58.576320,30,17,87,8,13,30,8,15,95,COMPLETE
48,0.0,2025-06-30 13:57:16.062776,2025-06-30 14:04:09.067876,0 days 00:06:53.005100,15,8,282,16,17,32,15,18,87,COMPLETE
49,0.0,2025-06-30 13:57:16.078318,2025-06-30 14:04:28.370140,0 days 00:07:12.291822,25,11,130,18,16,33,15,8,90,COMPLETE
50,-12.20388702147784,2025-06-30 13:57:16.081118,2025-06-30 14:01:32.483007,0 days 00:04:16.401889,16,5,73,16,15,26,15,26,86,COMPLETE
51,0.0,2025-06-30 13:57:16.086865,2025-06-30 14:04:44.271826,0 days 00:07:28.184961,12,15,98,7,17,19,22,20,72,COMPLETE
52,0.0,2025-06-30 13:57:16.091009,2025-06-30 14:05:10.835396,0 days 00:07:54.744387,12,20,214,13,16,23,13,14,78,COMPLETE
53,-259.81185542419917,2025-06-30 13:57:16.094191,2025-06-30 14:04:41.927563,0 days 00:07:25.833372,11,20,226,9,5,34,14,30,81,COMPLETE
54,0.0,2025-06-30 13:57:16.095554,2025-06-30 14:04:54.172377,0 days 00:07:38.076823,13,18,186,12,19,32,29,10,93,COMPLETE
55,0.0,2025-06-30 13:57:16.109810,2025-06-30 14:05:05.868885,0 days 00:07:49.759075,29,17,242,15,13,22,9,1,86,COMPLETE
56,0.0,2025-06-30 13:57:16.115405,2025-06-30 14:05:25.259017,0 days 00:08:09.143612,30,12,54,20,18,24,25,7,77,COMPLETE
57,0.0,2025-06-30 13:57:16.118583,2025-06-30 14:05:15.488147,0 days 00:07:59.369564,24,13,52,5,17,46,21,25,80,COMPLETE
58,0.0,2025-06-30 13:57:16.121396,2025-06-30 14:05:04.517233,0 days 00:07:48.395837,26,6,293,11,11,21,28,4,95,COMPLETE
59,0.0,2025-06-30 13:57:16.132104,2025-06-30 14:05:35.487096,0 days 00:08:19.354992,15,8,96,19,13,44,14,13,90,COMPLETE
60,0.0,2025-06-30 13:57:16.137545,2025-06-30 14:02:14.205013,0 days 00:04:58.067468,10,17,106,16,13,45,18,15,86,COMPLETE
61,0.0,2025-06-30 13:57:16.146190,2025-06-30 14:06:22.552163,0 days 00:09:06.405973,17,20,87,11,9,19,28,4,98,COMPLETE
62,0.0,2025-06-30 13:57:16.150157,2025-06-30 14:06:34.439480,0 days 00:09:18.289323,12,5,189,16,16,36,29,20,84,COMPLETE
63,0.0,2025-06-30 13:57:16.160965,2025-06-30 14:07:14.072291,0 days 00:09:57.911326,22,14,202,15,13,50,26,29,100,COMPLETE
64,0.0,2025-06-30 13:57:16.163731,2025-06-30 14:07:13.426003,0 days 00:09:57.262272,25,14,299,20,19,21,18,5,85,COMPLETE
65,85.06755919298303,2025-06-30 13:57:16.167582,2025-06-30 14:07:17.415346,0 days 00:10:01.247764,16,11,174,15,18,50,6,14,84,COMPLETE
66,0.0,2025-06-30 13:57:16.175277,2025-06-30 14:07:45.331023,0 days 00:10:29.155746,18,13,180,13,14,20,20,22,95,COMPLETE
67,0.0,2025-06-30 13:57:16.192905,2025-06-30 14:07:28.998777,0 days 00:10:12.805872,27,7,298,17,17,44,11,11,73,COMPLETE
68,0.0,2025-06-30 13:57:16.207092,2025-06-30 14:07:31.269592,0 days 00:10:15.062500,24,12,141,7,9,46,22,11,70,COMPLETE
69,0.0,2025-06-30 13:57:16.210666,2025-06-30 14:07:46.328342,0 days 00:10:30.117676,30,18,208,10,19,20,12,4,98,COMPLETE
70,0.0,2025-06-30 13:57:16.216915,2025-06-30 14:08:07.237094,0 days 00:10:51.020179,16,12,222,9,19,41,19,13,75,COMPLETE
71,0.0,2025-06-30 13:57:16.231801,2025-06-30 14:08:00.993913,0 days 00:10:44.762112,24,13,56,5,17,18,27,25,82,COMPLETE
72,0.0,2025-06-30 13:57:16.241705,2025-06-30 14:08:03.464070,0 days 00:10:47.222365,30,7,171,6,6,39,28,30,90,COMPLETE
73,0.0,2025-06-30 13:57:16.315444,2025-06-30 14:03:58.610242,0 days 00:06:42.294798,30,16,133,19,10,16,18,29,81,COMPLETE
74,-54.67386565222863,2025-06-30 13:57:16.352858,2025-06-30 14:08:21.435951,0 days 00:11:05.083093,13,10,152,7,13,30,6,25,71,COMPLETE
75,0.0,2025-06-30 13:57:16.364616,2025-06-30 14:08:18.107327,0 days 00:11:01.742711,25,14,154,9,10,38,14,3,95,COMPLETE
76,0.0,2025-06-30 13:57:16.422895,2025-06-30 14:08:30.535260,0 days 00:11:14.112365,10,6,55,20,7,42,25,19,75,COMPLETE
77,0.0,2025-06-30 13:57:16.433828,2025-06-30 14:08:43.798462,0 days 00:11:27.364634,17,17,173,9,18,16,17,3,73,COMPLETE
78,0.0,2025-06-30 13:57:16.482654,2025-06-30 14:09:01.895631,0 days 00:11:45.412977,24,5,253,7,7,32,5,7,72,COMPLETE
79,0.0,2025-06-30 13:57:16.531110,2025-06-30 14:08:46.653720,0 days 00:11:30.122610,20,18,215,9,7,37,20,10,78,COMPLETE
80,0.0,2025-06-30 13:57:16.549193,2025-06-30 14:08:59.749576,0 days 00:11:43.200383,12,5,68,18,20,25,24,8,73,COMPLETE
81,0.0,2025-06-30 13:57:16.616387,2025-06-30 14:08:55.388677,0 days 00:11:38.772290,23,18,198,14,11,19,24,22,80,COMPLETE
82,0.0,2025-06-30 13:57:16.643016,2025-06-30 14:09:17.868967,0 days 00:12:01.225951,20,9,95,7,10,43,10,6,77,COMPLETE
83,0.0,2025-06-30 13:57:16.713383,2025-06-30 14:09:22.646705,0 days 00:12:05.933322,13,5,162,16,5,26,26,3,71,COMPLETE
84,0.0,2025-06-30 13:57:16.847467,2025-06-30 14:09:25.663490,0 days 00:12:08.816023,19,13,130,8,13,22,18,8,80,COMPLETE
85,0.0,2025-06-30 13:57:16.925264,2025-06-30 14:09:25.317897,0 days 00:12:08.392633,17,17,166,12,14,45,23,26,100,COMPLETE
86,-77.87140591228712,2025-06-30 13:57:17.019181,2025-06-30 14:09:57.065277,0 days 00:12:40.046096,25,8,65,11,15,30,5,12,85,COMPLETE
87,2221.255019754433,2025-06-30 13:57:17.105302,2025-06-30 14:09:53.480297,0 days 00:12:36.374995,14,15,59,8,5,22,9,26,75,COMPLETE
88,0.0,2025-06-30 13:57:17.205887,2025-06-30 14:09:59.502307,0 days 00:12:42.296420,22,18,245,19,12,49,11,10,100,COMPLETE
89,0.0,2025-06-30 13:57:17.448435,2025-06-30 14:10:55.836539,0 days 00:13:38.388104,22,17,67,18,19,31,28,19,93,COMPLETE
90,0.0,2025-06-30 13:57:17.754301,2025-06-30 14:10:03.552618,0 days 00:12:45.798317,20,15,244,15,16,49,30,18,87,COMPLETE
91,0.0,2025-06-30 13:57:17.840807,2025-06-30 14:10:29.987930,0 days 00:13:12.147123,25,9,281,5,6,44,30,3,72,COMPLETE
92,0.0,2025-06-30 13:57:17.862152,2025-06-30 14:10:36.015307,0 days 00:13:18.153155,13,18,249,13,12,30,18,28,91,COMPLETE
93,0.0,2025-06-30 13:57:17.979449,2025-06-30 14:10:41.247318,0 days 00:13:23.267869,10,20,88,12,11,47,18,3,87,COMPLETE
94,0.0,2025-06-30 13:57:18.292765,2025-06-30 14:05:18.492408,0 days 00:08:00.199643,22,8,78,20,13,15,7,16,95,COMPLETE
95,-258.1529677781294,2025-06-30 13:57:18.418770,2025-06-30 14:10:51.680159,0 days 00:13:33.261389,27,13,99,10,10,15,10,30,70,COMPLETE
96,0.0,2025-06-30 13:57:18.598030,2025-06-30 14:11:36.945155,0 days 00:14:18.347125,12,11,156,13,12,19,18,24,79,COMPLETE
97,-332.5618180702139,2025-06-30 13:57:18.662200,2025-06-30 14:11:04.111212,0 days 00:13:45.449012,19,8,130,14,9,28,5,23,100,COMPLETE
98,0.0,2025-06-30 13:57:18.760182,2025-06-30 14:10:57.897412,0 days 00:13:39.137230,10,13,164,13,11,15,18,17,72,COMPLETE
99,0.0,2025-06-30 13:57:18.904067,2025-06-30 14:11:23.796588,0 days 00:14:04.892521,16,16,255,6,8,46,11,5,98,COMPLETE
100,0.0,2025-06-30 13:57:19.059128,2025-06-30 14:11:38.757881,0 days 00:14:19.698753,26,5,104,9,14,47,14,7,74,COMPLETE
101,0.0,2025-06-30 13:57:19.368891,2025-06-30 14:10:59.428935,0 days 00:13:40.060044,30,18,157,16,17,17,13,19,97,COMPLETE
102,-34.41412870104938,2025-06-30 13:57:19.811537,2025-06-30 14:12:24.380269,0 days 00:15:04.568732,17,14,266,8,10,25,10,26,92,COMPLETE
103,0.0,2025-06-30 13:57:20.020593,2025-06-30 14:12:14.626361,0 days 00:14:54.605768,20,12,256,10,11,42,28,5,94,COMPLETE
104,-16.270761609600186,2025-06-30 13:57:20.143527,2025-06-30 14:12:32.118090,0 days 00:15:11.974563,19,20,282,8,20,34,5,16,79,COMPLETE
105,-16.270761609600186,2025-06-30 13:57:20.193884,2025-06-30 14:12:27.485695,0 days 00:15:07.291811,28,17,219,15,8,33,7,16,97,COMPLETE
106,0.0,2025-06-30 13:57:20.310159,2025-06-30 14:12:48.210841,0 days 00:15:27.900682,18,10,170,17,11,45,25,5,81,COMPLETE
107,0.0,2025-06-30 13:57:20.375166,2025-06-30 14:13:22.233165,0 days 00:16:01.857999,13,14,130,15,15,43,14,15,70,COMPLETE
108,0.0,2025-06-30 13:57:19.965579,2025-06-30 14:13:10.606142,0 days 00:15:50.640563,11,19,104,20,13,21,13,19,74,COMPLETE
109,-11.022558355446336,2025-06-30 13:57:20.013690,2025-06-30 14:13:35.216081,0 days 00:16:15.202391,25,14,278,10,16,20,11,25,98,COMPLETE
110,0.0,2025-06-30 13:57:20.293431,2025-06-30 14:13:20.046664,0 days 00:15:59.753233,29,15,98,11,15,21,25,4,83,COMPLETE
111,-11.022558355446336,2025-06-30 13:57:20.421198,2025-06-30 14:13:08.185504,0 days 00:15:47.764306,17,6,225,16,5,49,11,26,77,COMPLETE
112,0.0,2025-06-30 13:57:20.643811,2025-06-30 14:13:38.093218,0 days 00:16:17.449407,23,6,225,17,7,47,28,2,71,COMPLETE
113,0.0,2025-06-30 13:57:20.754050,2025-06-30 14:13:49.905740,0 days 00:16:29.151690,10,5,57,8,8,18,26,23,88,COMPLETE
114,0.0,2025-06-30 13:57:20.930587,2025-06-30 14:14:55.789049,0 days 00:17:34.858462,23,9,192,8,17,40,22,7,78,COMPLETE
115,0.0,2025-06-30 13:57:21.235893,2025-06-30 14:14:35.816898,0 days 00:17:14.581005,15,15,271,20,17,50,20,11,79,COMPLETE
116,-12.20388702147784,2025-06-30 13:57:21.298960,2025-06-30 14:14:57.748364,0 days 00:17:36.449404,22,9,77,8,19,36,13,24,73,COMPLETE
117,0.0,2025-06-30 13:57:21.453003,2025-06-30 14:14:54.032884,0 days 00:17:32.579881,16,8,137,11,16,15,15,19,99,COMPLETE
118,0.0,2025-06-30 13:57:21.856685,2025-06-30 14:15:47.902121,0 days 00:18:26.045436,14,7,270,8,12,29,28,6,85,COMPLETE
119,0.0,2025-06-30 13:57:21.914987,2025-06-30 14:14:46.809256,0 days 00:17:24.894269,24,7,67,6,13,25,28,21,72,COMPLETE
120,0.0,2025-06-30 13:57:22.138949,2025-06-30 14:15:25.092214,0 days 00:18:02.953265,26,17,254,20,6,49,11,21,74,COMPLETE
121,0.0,2025-06-30 13:57:22.252382,2025-06-30 14:16:08.627016,0 days 00:18:46.374634,25,19,252,20,9,39,24,6,72,COMPLETE
122,0.0,2025-06-30 13:57:22.299515,2025-06-30 14:15:48.515725,0 days 00:18:26.216210,23,5,170,14,13,41,17,16,90,COMPLETE
123,0.0,2025-06-30 13:57:22.563886,2025-06-30 14:16:19.944946,0 days 00:18:57.381060,12,14,139,12,9,15,21,6,91,COMPLETE
124,0.0,2025-06-30 13:57:23.009692,2025-06-30 14:16:24.147368,0 days 00:19:01.137676,16,13,203,19,7,42,19,7,91,COMPLETE
125,0.0,2025-06-30 13:57:23.185457,2025-06-30 14:17:16.140845,0 days 00:19:52.955388,18,17,299,17,19,34,17,15,70,COMPLETE
126,0.0,2025-06-30 13:57:23.425720,2025-06-30 14:16:26.022868,0 days 00:19:02.597148,12,14,112,14,14,24,14,10,88,COMPLETE
127,0.0,2025-06-30 13:57:23.446082,2025-06-30 14:17:02.503705,0 days 00:19:39.057623,28,9,56,12,20,17,30,23,84,COMPLETE
128,0.0,2025-06-30 13:57:23.595381,2025-06-30 14:16:38.907534,0 days 00:19:15.312153,21,6,118,14,17,47,16,17,74,COMPLETE
129,0.0,2025-06-30 13:57:23.713498,2025-06-30 14:16:39.633273,0 days 00:19:15.919775,11,11,190,6,14,33,17,23,86,COMPLETE
130,0.0,2025-06-30 13:57:23.909962,2025-06-30 14:17:04.588040,0 days 00:19:40.678078,20,18,223,10,16,32,11,8,83,COMPLETE
131,0.0,2025-06-30 13:57:24.106057,2025-06-30 14:18:16.757951,0 days 00:20:52.651894,13,5,115,19,7,48,29,4,74,COMPLETE
132,0.0,2025-06-30 13:57:24.382246,2025-06-30 14:17:22.483000,0 days 00:19:58.100754,29,9,63,10,8,48,13,3,98,COMPLETE
133,0.0,2025-06-30 13:57:24.480477,2025-06-30 14:18:02.278955,0 days 00:20:37.798478,21,15,297,6,16,34,27,28,82,COMPLETE
134,0.0,2025-06-30 13:57:24.622986,2025-06-30 14:17:40.376400,0 days 00:20:15.753414,16,12,264,5,17,27,14,7,71,COMPLETE
135,0.0,2025-06-30 13:57:24.681086,2025-06-30 14:17:49.945071,0 days 00:20:25.263985,29,6,234,9,14,28,28,24,90,COMPLETE
136,-69.52694716032826,2025-06-30 13:57:24.927251,2025-06-30 14:18:46.727665,0 days 00:21:21.800414,21,13,108,7,15,47,7,24,93,COMPLETE
137,0.0,2025-06-30 13:57:25.179324,2025-06-30 14:19:01.880166,0 days 00:21:36.700842,17,12,242,7,13,18,13,17,97,COMPLETE
138,0.0,2025-06-30 13:57:25.421284,2025-06-30 14:19:21.186778,0 days 00:21:55.765494,14,16,298,19,7,44,26,27,82,COMPLETE
139,0.0,2025-06-30 13:57:25.639118,2025-06-30 14:18:35.404392,0 days 00:21:09.765274,30,20,191,19,18,36,30,9,92,COMPLETE
140,0.0,2025-06-30 13:57:25.686262,2025-06-30 14:19:28.950670,0 days 00:22:03.264408,20,15,180,19,14,32,28,11,72,COMPLETE
141,0.0,2025-06-30 13:57:26.305700,2025-06-30 14:19:06.844938,0 days 00:21:40.539238,21,8,268,20,5,39,30,22,70,COMPLETE
142,0.0,2025-06-30 13:57:26.416716,2025-06-30 14:18:50.106395,0 days 00:21:23.689679,12,11,208,11,12,22,19,15,74,COMPLETE
143,-12.76051048018553,2025-06-30 13:57:26.549149,2025-06-30 14:19:51.313637,0 days 00:22:24.764488,26,20,255,6,13,22,6,21,84,COMPLETE
144,0.0,2025-06-30 13:57:26.843512,2025-06-30 14:20:14.140931,0 days 00:22:47.297419,14,16,77,20,7,24,7,4,84,COMPLETE
145,0.0,2025-06-30 13:57:27.028613,2025-06-30 14:09:43.966142,0 days 00:12:16.937529,15,20,127,18,5,17,16,4,79,COMPLETE
146,0.0,2025-06-30 13:57:27.135715,2025-06-30 14:19:22.163380,0 days 00:21:55.027665,16,17,156,16,9,42,16,21,81,COMPLETE
147,-110.13821017847397,2025-06-30 13:57:27.663952,2025-06-30 14:20:05.655913,0 days 00:22:37.991961,11,9,85,9,6,44,5,12,99,COMPLETE
148,-17.069899016100635,2025-06-30 13:57:27.701289,2025-06-30 14:20:06.093521,0 days 00:22:38.392232,21,20,217,15,11,39,7,20,95,COMPLETE
149,0.0,2025-06-30 13:57:27.952799,2025-06-30 14:19:49.458397,0 days 00:22:21.505598,25,7,178,6,19,19,6,4,100,COMPLETE
150,0.0,2025-06-30 13:57:28.038557,2025-06-30 14:21:19.925377,0 days 00:23:51.886820,28,14,197,14,16,32,15,9,88,COMPLETE
151,0.0,2025-06-30 13:57:28.205092,2025-06-30 14:20:16.955594,0 days 00:22:48.750502,14,8,81,5,15,22,11,9,86,COMPLETE
152,0.0,2025-06-30 13:57:29.084742,2025-06-30 14:21:56.908130,0 days 00:24:27.823388,16,17,249,13,8,43,30,24,87,COMPLETE
153,0.0,2025-06-30 13:57:29.707940,2025-06-30 14:24:21.807133,0 days 00:26:52.099193,28,13,297,19,11,26,27,8,88,COMPLETE
154,0.0,2025-06-30 13:57:29.762268,2025-06-30 14:23:47.076363,0 days 00:26:17.314095,20,20,57,7,11,44,14,19,96,COMPLETE
155,0.0,2025-06-30 13:57:30.093559,2025-06-30 14:23:13.458462,0 days 00:25:43.364903,18,19,98,17,11,44,12,18,84,COMPLETE
156,0.0,2025-06-30 13:57:30.796869,2025-06-30 14:23:21.064633,0 days 00:25:50.267764,16,16,134,20,9,41,28,11,80,COMPLETE
157,0.0,2025-06-30 13:57:30.812471,2025-06-30 14:25:27.611466,0 days 00:27:56.798995,28,5,209,9,7,19,22,14,89,COMPLETE
158,0.0,2025-06-30 13:57:30.892236,2025-06-30 14:24:15.087155,0 days 00:26:44.194919,30,7,246,13,9,40,7,10,96,COMPLETE
159,0.0,2025-06-30 13:57:30.952174,2025-06-30 14:23:35.283075,0 days 00:26:04.330901,19,11,185,8,10,29,30,21,83,COMPLETE
160,0.0,2025-06-30 13:57:31.016277,2025-06-30 14:24:30.021401,0 days 00:26:59.005124,22,9,277,6,8,42,9,0,78,COMPLETE
161,0.0,2025-06-30 13:57:31.086160,2025-06-30 14:25:35.972817,0 days 00:28:04.886657,12,16,245,16,18,30,17,27,71,COMPLETE
162,0.0,2025-06-30 13:57:31.412849,2025-06-30 14:25:33.347519,0 days 00:28:01.934670,22,14,71,13,14,38,22,10,100,COMPLETE
163,0.0,2025-06-30 13:57:31.530733,2025-06-30 14:24:49.262435,0 days 00:27:17.731702,17,20,169,5,13,43,14,7,95,COMPLETE
164,-11.022558355446336,2025-06-30 13:57:31.686499,2025-06-30 14:25:08.880800,0 days 00:27:37.194301,17,14,212,8,17,20,8,22,84,COMPLETE
165,0.0,2025-06-30 13:57:31.734307,2025-06-30 14:26:28.450076,0 days 00:28:56.715769,28,12,297,11,10,44,13,19,96,COMPLETE
166,-16.009725322090162,2025-06-30 13:57:31.741084,2025-06-30 14:25:37.264414,0 days 00:28:05.523330,18,8,175,16,16,38,8,18,76,COMPLETE
167,0.0,2025-06-30 13:57:31.895826,2025-06-30 14:25:21.582525,0 days 00:27:49.686699,12,17,283,16,15,20,30,15,94,COMPLETE
168,0.0,2025-06-30 13:57:32.078639,2025-06-30 14:26:36.171736,0 days 00:29:04.093097,24,19,214,9,16,39,21,19,82,COMPLETE
169,0.0,2025-06-30 13:57:32.105723,2025-06-30 14:26:49.237824,0 days 00:29:17.132101,17,16,57,9,5,19,27,1,83,COMPLETE
170,0.0,2025-06-30 13:57:32.126985,2025-06-30 14:26:33.558029,0 days 00:29:01.431044,26,13,252,8,8,17,18,11,94,COMPLETE
171,0.0,2025-06-30 13:57:32.164102,2025-06-30 14:25:32.068436,0 days 00:27:59.904334,14,8,78,7,19,32,15,18,89,COMPLETE
172,0.0,2025-06-30 13:57:32.213952,2025-06-30 14:25:50.166953,0 days 00:28:17.953001,24,17,276,10,7,20,14,26,71,COMPLETE
173,0.0,2025-06-30 13:57:32.496927,2025-06-30 14:26:51.452072,0 days 00:29:18.955145,28,5,153,14,15,30,27,13,70,COMPLETE
174,0.0,2025-06-30 13:57:32.571890,2025-06-30 14:27:09.124275,0 days 00:29:36.552385,21,8,61,14,20,32,10,18,81,COMPLETE
175,0.0,2025-06-30 13:57:32.598603,2025-06-30 14:27:20.938870,0 days 00:29:48.340267,25,5,70,12,13,40,22,7,87,COMPLETE
176,-12.76051048018553,2025-06-30 13:57:32.667998,2025-06-30 14:26:17.619096,0 days 00:28:44.951098,28,8,184,13,10,16,7,14,81,COMPLETE
177,0.0,2025-06-30 13:57:32.684123,2025-06-30 14:27:38.535271,0 days 00:30:05.851148,14,7,262,15,8,31,18,14,87,COMPLETE
178,0.0,2025-06-30 13:57:32.764394,2025-06-30 14:11:29.213712,0 days 00:13:56.449318,13,15,235,13,7,41,19,26,92,COMPLETE
179,0.0,2025-06-30 13:57:32.954767,2025-06-30 14:26:26.117631,0 days 00:28:53.162864,26,13,275,11,7,43,30,0,71,COMPLETE
180,0.0,2025-06-30 13:57:33.105039,2025-06-30 14:26:51.192457,0 days 00:29:18.087418,24,16,115,11,14,37,28,24,98,COMPLETE
181,0.0,2025-06-30 13:57:33.444188,2025-06-30 14:28:06.668269,0 days 00:30:33.224081,27,12,209,6,6,49,19,11,78,COMPLETE
182,0.0,2025-06-30 13:57:33.726456,2025-06-30 14:28:50.277282,0 days 00:31:16.550826,16,11,83,9,16,31,16,17,86,COMPLETE
183,0.0,2025-06-30 13:57:34.031125,2025-06-30 14:12:20.229764,0 days 00:14:46.198639,14,18,52,17,7,15,8,15,81,COMPLETE
184,0.0,2025-06-30 13:57:34.089191,2025-06-30 14:26:54.618979,0 days 00:29:20.529788,14,18,238,17,9,32,11,9,82,COMPLETE
185,115.06747897558535,2025-06-30 13:57:34.131569,2025-06-30 14:27:05.667000,0 days 00:29:31.535431,29,12,62,20,17,36,7,29,83,COMPLETE
186,0.0,2025-06-30 13:57:34.216980,2025-06-30 14:28:01.665010,0 days 00:30:27.448030,25,6,286,9,17,48,7,1,92,COMPLETE
187,0.0,2025-06-30 13:57:34.260455,2025-06-30 14:27:59.189114,0 days 00:30:24.928659,24,12,224,13,7,23,29,18,96,COMPLETE
188,0.0,2025-06-30 13:57:34.297137,2025-06-30 14:26:06.639781,0 days 00:28:32.342644,27,11,80,15,11,34,26,17,91,COMPLETE
189,-16.009725322090162,2025-06-30 13:57:34.479115,2025-06-30 14:29:25.782249,0 days 00:31:51.303134,19,7,256,15,17,39,8,30,76,COMPLETE
190,0.0,2025-06-30 13:57:34.751682,2025-06-30 14:27:44.704752,0 days 00:30:09.953070,14,12,62,6,15,46,26,24,70,COMPLETE
191,0.0,2025-06-30 13:57:34.886313,2025-06-30 14:27:24.428468,0 days 00:29:49.542155,25,17,188,7,8,36,11,6,93,COMPLETE
192,0.0,2025-06-30 13:57:35.177653,2025-06-30 14:30:41.048480,0 days 00:33:05.870827,11,19,71,13,7,47,29,18,82,COMPLETE
193,0.0,2025-06-30 13:57:35.236834,2025-06-30 14:28:37.836697,0 days 00:31:02.599863,28,15,250,19,18,24,16,11,87,COMPLETE
194,-56.101411669524325,2025-06-30 13:57:35.572622,2025-06-30 14:30:57.595039,0 days 00:33:22.022417,29,6,84,10,14,24,12,28,95,COMPLETE
195,0.0,2025-06-30 13:57:35.652827,2025-06-30 14:31:14.559016,0 days 00:33:38.906189,28,12,276,12,12,48,10,8,83,COMPLETE
196,0.0,2025-06-30 13:57:36.246006,2025-06-30 15:27:05.039045,0 days 01:29:28.793039,30,15,198,19,17,34,19,18,95,COMPLETE
197,0.0,2025-06-30 13:57:36.384540,2025-06-30 14:31:53.140912,0 days 00:34:16.756372,22,19,260,13,16,41,6,4,87,COMPLETE
198,0.0,2025-06-30 13:57:36.459901,2025-06-30 14:31:01.332589,0 days 00:33:24.872688,10,6,67,7,11,45,16,7,97,COMPLETE
199,0.0,2025-06-30 13:57:36.476811,2025-06-30 14:32:37.256206,0 days 00:35:00.779395,14,15,83,15,16,35,30,9,74,COMPLETE
200,0.0,2025-06-30 13:57:36.572675,2025-06-30 14:32:41.318827,0 days 00:35:04.746152,12,17,300,10,11,32,25,30,100,COMPLETE
201,0.0,2025-06-30 13:57:36.801095,2025-06-30 14:34:42.821377,0 days 00:37:06.020282,10,14,190,8,19,31,21,16,97,COMPLETE
202,0.0,2025-06-30 13:57:36.967745,2025-06-30 14:33:13.793351,0 days 00:35:36.825606,24,19,107,8,17,27,29,16,84,COMPLETE
203,0.0,2025-06-30 13:57:37.102348,2025-06-30 14:32:03.483182,0 days 00:34:26.380834,23,16,148,13,14,28,26,0,72,COMPLETE
204,0.0,2025-06-30 13:57:37.436564,2025-06-30 14:33:04.124040,0 days 00:35:26.687476,29,20,233,15,12,24,14,10,98,COMPLETE
205,-11.022558355446336,2025-06-30 13:57:37.960530,2025-06-30 14:35:21.804670,0 days 00:37:43.844140,26,19,162,6,15,41,5,11,79,COMPLETE
206,0.0,2025-06-30 13:57:38.009121,2025-06-30 14:33:13.491090,0 days 00:35:35.481969,11,5,222,17,19,48,20,24,77,COMPLETE
207,0.0,2025-06-30 13:57:38.361624,2025-06-30 14:34:42.661933,0 days 00:37:04.300309,11,19,113,10,18,44,6,6,76,COMPLETE
208,0.0,2025-06-30 13:57:38.617356,2025-06-30 14:36:43.854858,0 days 00:39:05.237502,22,20,91,6,17,43,22,17,89,COMPLETE
209,0.0,2025-06-30 13:57:38.739536,2025-06-30 14:34:11.796139,0 days 00:36:33.056603,25,15,129,5,5,26,8,4,87,COMPLETE
210,0.0,2025-06-30 13:57:39.206183,2025-06-30 14:35:12.067162,0 days 00:37:32.860979,20,9,72,8,18,48,30,10,70,COMPLETE
211,0.0,2025-06-30 13:57:39.251942,2025-06-30 14:36:17.961630,0 days 00:38:38.709688,16,11,194,5,12,47,23,0,78,COMPLETE
212,0.0,2025-06-30 13:57:39.273441,2025-06-30 14:34:46.417615,0 days 00:37:07.144174,21,6,294,5,9,15,22,29,75,COMPLETE
213,0.0,2025-06-30 13:57:39.839450,2025-06-30 14:37:00.181997,0 days 00:39:20.342547,27,20,139,10,5,30,19,2,95,COMPLETE
214,-77.08612364486684,2025-06-30 13:57:40.061785,2025-06-30 14:36:24.356205,0 days 00:38:44.294420,10,18,195,12,16,50,13,30,89,COMPLETE
215,-69.52694716032826,2025-06-30 13:57:40.216827,2025-06-30 14:37:26.763403,0 days 00:39:46.546576,25,19,172,9,14,46,10,22,72,COMPLETE
216,-11.022558355446336,2025-06-30 13:57:40.430677,2025-06-30 14:35:46.652926,0 days 00:38:06.222249,12,5,110,9,14,26,9,30,92,COMPLETE
217,0.0,2025-06-30 13:57:40.718455,2025-06-30 14:36:16.132182,0 days 00:38:35.413727,28,12,213,9,18,16,24,4,98,COMPLETE
218,0.0,2025-06-30 13:57:40.733873,2025-06-30 14:39:17.361492,0 days 00:41:36.627619,21,19,91,16,9,33,12,7,79,COMPLETE
219,0.0,2025-06-30 13:57:40.786948,2025-06-30 14:37:06.153510,0 days 00:39:25.366562,13,8,61,12,9,25,6,5,86,COMPLETE
220,0.0,2025-06-30 13:57:40.839980,2025-06-30 14:38:56.781571,0 days 00:41:15.941591,30,15,65,9,8,33,28,4,75,COMPLETE
221,0.0,2025-06-30 13:57:41.283718,2025-06-30 14:15:44.771368,0 days 00:18:03.487650,24,6,271,18,12,18,28,22,73,COMPLETE
222,8841.721557296047,2025-06-30 13:57:41.321004,2025-06-30 14:37:32.308067,0 days 00:39:50.987063,21,12,242,13,7,25,6,28,79,COMPLETE
223,-16.009725322090162,2025-06-30 13:57:41.358090,2025-06-30 14:40:29.404674,0 days 00:42:48.046584,11,12,248,15,17,37,6,14,94,COMPLETE
224,0.0,2025-06-30 13:57:41.582146,2025-06-30 14:37:52.491070,0 days 00:40:10.908924,17,8,265,6,11,44,14,17,81,COMPLETE
225,0.0,2025-06-30 13:57:41.736402,2025-06-30 14:37:15.200193,0 days 00:39:33.463791,30,6,158,7,5,31,6,0,99,COMPLETE
226,0.0,2025-06-30 13:57:42.040966,2025-06-30 14:39:16.598256,0 days 00:41:34.557290,22,18,165,18,15,38,9,15,83,COMPLETE
227,0.0,2025-06-30 13:57:42.340489,2025-06-30 14:39:16.076499,0 days 00:41:33.736010,27,18,70,17,8,45,16,16,98,COMPLETE
228,0.0,2025-06-30 13:57:42.711387,2025-06-30 14:41:42.550110,0 days 00:43:59.838723,28,19,278,8,7,32,30,7,81,COMPLETE
229,0.0,2025-06-30 13:57:42.732650,2025-06-30 14:41:15.919806,0 days 00:43:33.187156,22,18,242,16,9,31,27,17,93,COMPLETE
230,-16.009725322090162,2025-06-30 13:57:42.875731,2025-06-30 14:39:57.824135,0 days 00:42:14.948404,11,20,166,17,19,26,7,26,89,COMPLETE
231,0.0,2025-06-30 13:57:43.387767,2025-06-30 14:39:47.928844,0 days 00:42:04.541077,28,20,95,12,17,23,16,21,72,COMPLETE
232,0.0,2025-06-30 13:57:43.574878,2025-06-30 14:40:18.197549,0 days 00:42:34.622671,22,9,108,15,19,48,26,8,95,COMPLETE
233,0.0,2025-06-30 13:57:43.649998,2025-06-30 14:43:48.892666,0 days 00:46:05.242668,10,5,265,17,15,31,8,13,99,COMPLETE
234,0.0,2025-06-30 13:57:43.992721,2025-06-30 14:42:36.144351,0 days 00:44:52.151630,22,6,104,11,9,16,16,9,81,COMPLETE
235,0.0,2025-06-30 13:57:44.160528,2025-06-30 14:41:46.211245,0 days 00:44:02.050717,21,15,57,15,9,32,10,10,100,COMPLETE
236,0.0,2025-06-30 13:57:44.535250,2025-06-30 14:42:22.107322,0 days 00:44:37.572072,27,9,67,16,9,46,23,4,79,COMPLETE
237,0.0,2025-06-30 13:57:44.615393,2025-06-30 14:42:12.291302,0 days 00:44:27.675909,25,9,108,19,11,48,27,16,93,COMPLETE
238,0.0,2025-06-30 13:57:44.892098,2025-06-30 14:43:36.974066,0 days 00:45:52.081968,27,6,214,16,10,37,13,11,71,COMPLETE
239,0.0,2025-06-30 13:57:44.928835,2025-06-30 14:44:27.665609,0 days 00:46:42.736774,12,8,166,7,10,43,24,5,83,COMPLETE
240,0.0,2025-06-30 13:57:45.113427,2025-06-30 14:45:53.657091,0 days 00:48:08.543664,19,7,69,9,9,26,24,23,87,COMPLETE
241,0.0,2025-06-30 13:57:45.368623,2025-06-30 14:41:10.788486,0 days 00:43:25.419863,22,19,57,17,16,35,13,18,71,COMPLETE
242,0.0,2025-06-30 13:57:45.519658,2025-06-30 14:45:28.526558,0 days 00:47:43.006900,12,14,297,18,15,23,25,17,96,COMPLETE
243,0.0,2025-06-30 13:57:45.828093,2025-06-30 14:44:39.681049,0 days 00:46:53.852956,15,5,272,15,19,40,12,11,72,COMPLETE
244,0.0,2025-06-30 13:57:46.083265,2025-06-30 14:42:22.134429,0 days 00:44:36.051164,29,8,181,10,7,38,7,9,97,COMPLETE
245,0.0,2025-06-30 13:57:46.110371,2025-06-30 14:42:11.277344,0 days 00:44:25.166973,13,20,57,13,12,15,9,2,73,COMPLETE
246,0.0,2025-06-30 13:57:46.168856,2025-06-30 14:47:19.670024,0 days 00:49:33.501168,19,13,206,18,9,42,30,30,100,COMPLETE
247,0.0,2025-06-30 13:57:46.211223,2025-06-30 14:39:59.043803,0 days 00:42:12.832580,12,5,124,14,6,23,8,10,84,COMPLETE
248,0.0,2025-06-30 13:57:46.494575,2025-06-30 14:50:26.521770,0 days 00:52:40.027195,21,7,113,5,14,47,21,27,84,COMPLETE
249,0.0,2025-06-30 13:57:46.511963,2025-06-30 14:46:41.704062,0 days 00:48:55.192099,28,16,177,15,20,44,24,0,95,COMPLETE
250,0.0,2025-06-30 13:57:46.650563,2025-06-30 14:44:43.812338,0 days 00:46:57.161775,17,6,60,19,14,39,23,24,100,COMPLETE
251,0.0,2025-06-30 13:57:46.747353,2025-06-30 14:44:09.237304,0 days 00:46:22.489951,17,8,105,18,15,36,9,14,100,COMPLETE
252,-146.89637057264656,2025-06-30 13:57:46.795063,2025-06-30 14:45:32.489037,0 days 00:47:45.693974,16,16,73,8,12,45,9,28,80,COMPLETE
253,0.0,2025-06-30 13:57:47.164171,2025-06-30 14:46:24.540905,0 days 00:48:37.376734,25,6,95,5,5,42,14,1,92,COMPLETE
254,0.0,2025-06-30 13:57:47.387602,2025-06-30 14:46:20.316172,0 days 00:48:32.928570,18,20,74,19,6,49,22,27,100,COMPLETE
255,-11.022558355446336,2025-06-30 13:57:47.765500,2025-06-30 14:45:59.968093,0 days 00:48:12.202593,13,15,98,6,14,43,6,13,92,COMPLETE
256,0.0,2025-06-30 13:57:47.873638,2025-06-30 14:17:41.649155,0 days 00:19:53.775517,23,9,134,17,18,16,14,28,70,COMPLETE
257,0.0,2025-06-30 13:57:48.047739,2025-06-30 14:46:12.809994,0 days 00:48:24.762255,25,10,150,6,15,38,6,1,94,COMPLETE
258,0.0,2025-06-30 13:57:48.090641,2025-06-30 14:46:10.876082,0 days 00:48:22.785441,17,12,124,17,20,24,21,16,86,COMPLETE
259,0.0,2025-06-30 13:57:48.142958,2025-06-30 14:45:44.586842,0 days 00:47:56.443884,28,13,89,12,5,33,17,25,93,COMPLETE
260,0.0,2025-06-30 13:57:48.333181,2025-06-30 14:43:41.768730,0 days 00:45:53.435549,30,11,114,13,20,40,13,21,74,COMPLETE
261,0.0,2025-06-30 13:57:48.348983,2025-06-30 14:46:28.738020,0 days 00:48:40.389037,19,11,192,9,8,41,16,4,76,COMPLETE
262,0.0,2025-06-30 13:57:48.560827,2025-06-30 14:45:23.543692,0 days 00:47:34.982865,19,17,193,6,16,36,25,2,71,COMPLETE
263,0.0,2025-06-30 13:57:48.587115,2025-06-30 14:45:54.507821,0 days 00:48:05.920706,27,6,59,13,14,48,29,12,97,COMPLETE
264,0.0,2025-06-30 13:57:48.893715,2025-06-30 14:17:51.335902,0 days 00:20:02.442187,23,17,77,17,14,17,22,15,83,COMPLETE
265,0.0,2025-06-30 13:57:49.161776,2025-06-30 14:43:47.260424,0 days 00:45:58.098648,27,13,240,15,8,23,20,14,99,COMPLETE
266,0.0,2025-06-30 13:57:49.668380,2025-06-30 14:46:22.827385,0 days 00:48:33.159005,14,12,263,7,6,22,18,2,85,COMPLETE
267,-16.270761609600186,2025-06-30 13:57:49.779183,2025-06-30 14:45:37.587705,0 days 00:47:47.808522,12,14,266,14,17,21,10,21,78,COMPLETE
268,-12.76051048018553,2025-06-30 13:57:49.976796,2025-06-30 14:46:04.637528,0 days 00:48:14.660732,21,10,297,11,5,44,6,14,94,COMPLETE
269,0.0,2025-06-30 13:57:50.117212,2025-06-30 14:48:27.145505,0 days 00:50:37.028293,15,6,189,11,17,18,9,10,76,COMPLETE
270,0.0,2025-06-30 13:57:50.195253,2025-06-30 14:48:17.752558,0 days 00:50:27.557305,27,5,163,9,12,28,26,30,82,COMPLETE
271,0.0,2025-06-30 13:57:50.493421,2025-06-30 14:46:23.804681,0 days 00:48:33.311260,16,17,198,9,15,21,14,2,89,COMPLETE
272,0.0,2025-06-30 13:57:50.893188,2025-06-30 14:48:55.522835,0 days 00:51:04.629647,26,6,238,11,16,29,21,30,76,COMPLETE
273,-12.76051048018553,2025-06-30 13:57:51.270740,2025-06-30 14:48:35.547308,0 days 00:50:44.276568,19,5,222,6,17,15,10,23,74,COMPLETE
274,0.0,2025-06-30 13:57:51.595432,2025-06-30 14:46:57.088049,0 days 00:49:05.492617,29,19,179,13,15,31,30,14,95,COMPLETE
275,0.0,2025-06-30 13:57:51.828991,2025-06-30 14:48:56.229498,0 days 00:51:04.400507,25,20,252,16,6,34,15,3,77,COMPLETE
276,0.0,2025-06-30 13:57:51.902661,2025-06-30 14:49:24.692505,0 days 00:51:32.789844,20,20,165,8,12,37,18,3,70,COMPLETE
277,-231.19484283961611,2025-06-30 13:57:52.119078,2025-06-30 14:51:03.167359,0 days 00:53:11.048281,27,15,53,15,6,34,6,26,74,COMPLETE
278,0.0,2025-06-30 13:57:51.485411,2025-06-30 14:48:48.609497,0 days 00:50:57.124086,12,19,205,9,17,44,28,5,71,COMPLETE
279,0.0,2025-06-30 13:57:51.502471,2025-06-30 14:47:07.626313,0 days 00:49:16.123842,26,17,160,10,11,34,28,16,77,COMPLETE
280,0.0,2025-06-30 13:57:51.603953,2025-06-30 14:45:48.646061,0 days 00:47:57.042108,15,16,223,7,15,48,27,18,75,COMPLETE
281,3819.4021745369027,2025-06-30 13:57:51.667547,2025-06-30 14:51:11.889432,0 days 00:53:20.221885,12,15,88,5,11,29,5,22,100,COMPLETE
282,0.0,2025-06-30 13:57:51.709570,2025-06-30 14:53:09.990160,0 days 00:55:18.280590,28,9,239,8,10,41,17,0,88,COMPLETE
283,0.0,2025-06-30 13:57:51.778597,2025-06-30 14:46:25.965801,0 days 00:48:34.187204,22,11,68,15,14,49,26,24,83,COMPLETE
284,0.0,2025-06-30 13:57:52.079983,2025-06-30 14:51:44.296921,0 days 00:53:52.216938,24,9,55,7,11,15,7,2,89,COMPLETE
285,0.0,2025-06-30 13:57:52.174139,2025-06-30 14:19:49.187513,0 days 00:21:57.013374,14,14,79,10,13,38,22,4,73,COMPLETE
286,0.0,2025-06-30 13:57:52.258926,2025-06-30 14:50:47.221876,0 days 00:52:54.962950,21,8,182,8,14,37,14,21,90,COMPLETE
287,0.0,2025-06-30 13:57:52.647945,2025-06-30 14:50:49.241334,0 days 00:52:56.593389,23,18,77,10,15,43,25,12,76,COMPLETE
288,0.0,2025-06-30 13:57:52.684985,2025-06-30 14:52:02.821382,0 days 00:54:10.136397,20,6,201,15,18,32,26,3,84,COMPLETE
289,-12.266325353781667,2025-06-30 13:57:52.886931,2025-06-30 14:51:37.781578,0 days 00:53:44.894647,16,19,84,11,11,16,18,29,84,COMPLETE
290,0.0,2025-06-30 13:57:52.977315,2025-06-30 14:54:08.904006,0 days 00:56:15.926691,23,5,162,8,17,47,23,24,99,COMPLETE
291,0.0,2025-06-30 13:57:53.263933,2025-06-30 14:19:12.870355,0 days 00:21:19.606422,17,16,173,19,19,17,17,5,97,COMPLETE
292,0.0,2025-06-30 13:57:53.770785,2025-06-30 14:49:33.401028,0 days 00:51:39.630243,16,6,145,9,15,23,21,5,77,COMPLETE
293,0.0,2025-06-30 13:57:53.986961,2025-06-30 14:57:12.973194,0 days 00:59:18.986233,14,17,280,10,9,30,19,22,91,COMPLETE
294,0.0,2025-06-30 13:57:54.076313,2025-06-30 14:55:50.533092,0 days 00:57:56.456779,19,6,83,15,7,38,10,13,92,COMPLETE
295,0.0,2025-06-30 13:57:54.268375,2025-06-30 14:53:13.900362,0 days 00:55:19.631987,19,17,230,15,19,19,24,26,87,COMPLETE
296,0.0,2025-06-30 13:57:54.310865,2025-06-30 14:50:12.374743,0 days 00:52:18.063878,23,10,82,17,9,38,5,3,71,COMPLETE
297,0.0,2025-06-30 13:57:54.403363,2025-06-30 14:57:14.201000,0 days 00:59:19.797637,28,11,250,9,7,28,15,0,98,COMPLETE
298,0.0,2025-06-30 13:57:54.513481,2025-06-30 14:54:23.649071,0 days 00:56:29.135590,20,13,285,7,16,49,29,0,88,COMPLETE
299,0.0,2025-06-30 13:57:54.592511,2025-06-30 14:20:35.846446,0 days 00:22:41.253935,10,9,205,15,14,42,20,27,74,COMPLETE
300,0.0,2025-06-30 13:57:54.624300,2025-06-30 14:19:44.640956,0 days 00:21:50.016656,28,19,156,16,6,16,14,22,81,COMPLETE
301,0.0,2025-06-30 13:57:54.815246,2025-06-30 14:55:24.210831,0 days 00:57:29.395585,19,16,187,8,18,43,28,30,83,COMPLETE
302,0.0,2025-06-30 13:57:55.084681,2025-06-30 14:53:37.101388,0 days 00:55:42.016707,23,6,230,18,15,32,18,24,100,COMPLETE
303,0.0,2025-06-30 13:57:55.249306,2025-06-30 14:57:01.518806,0 days 00:59:06.269500,11,19,292,19,6,29,26,21,83,COMPLETE
304,0.0,2025-06-30 13:57:55.535507,2025-06-30 14:55:27.049924,0 days 00:57:31.514417,17,19,207,9,8,50,19,2,97,COMPLETE
305,0.0,2025-06-30 13:57:55.684717,2025-06-30 14:53:57.994775,0 days 00:56:02.310058,10,9,135,5,5,40,27,27,81,COMPLETE
306,0.0,2025-06-30 13:57:55.992373,2025-06-30 15:00:02.268704,0 days 01:02:06.276331,27,8,140,12,7,19,15,9,72,COMPLETE
307,0.0,2025-06-30 13:57:56.230083,2025-06-30 14:56:05.308489,0 days 00:58:09.078406,13,6,167,11,20,46,28,4,82,COMPLETE
308,0.0,2025-06-30 13:57:56.271953,2025-06-30 14:57:27.219035,0 days 00:59:30.947082,23,8,215,15,10,49,23,2,78,COMPLETE
309,0.0,2025-06-30 13:57:56.583433,2025-06-30 14:57:45.705941,0 days 00:59:49.122508,14,11,245,9,12,18,26,20,77,COMPLETE
310,0.0,2025-06-30 13:57:56.796082,2025-06-30 14:53:24.597821,0 days 00:55:27.801739,25,15,278,14,16,29,28,27,72,COMPLETE
311,0.0,2025-06-30 13:57:56.829063,2025-06-30 15:00:42.870474,0 days 01:02:46.041411,20,7,181,15,7,27,28,23,90,COMPLETE
312,-551.4353181735332,2025-06-30 13:57:57.188046,2025-06-30 15:00:59.274794,0 days 01:03:02.086748,18,8,120,16,12,28,6,30,86,COMPLETE
313,0.0,2025-06-30 13:57:57.600522,2025-06-30 15:05:40.244574,0 days 01:07:42.644052,13,9,76,9,14,43,26,20,86,COMPLETE
314,0.0,2025-06-30 13:57:57.885509,2025-06-30 15:02:39.685381,0 days 01:04:41.799872,22,8,257,20,17,29,12,8,78,COMPLETE
315,0.0,2025-06-30 13:57:57.905768,2025-06-30 15:02:30.952091,0 days 01:04:33.046323,20,16,141,17,9,20,11,16,88,COMPLETE
316,0.0,2025-06-30 13:57:58.226483,2025-06-30 15:03:26.024114,0 days 01:05:27.797631,27,16,50,11,7,32,9,4,84,COMPLETE
317,0.0,2025-06-30 13:57:58.367450,2025-06-30 15:03:42.249265,0 days 01:05:43.881815,11,7,51,12,14,37,22,0,75,COMPLETE
318,0.0,2025-06-30 13:57:58.426459,2025-06-30 15:03:31.847508,0 days 01:05:33.421049,11,12,84,7,6,15,21,0,72,COMPLETE
319,0.0,2025-06-30 13:57:58.448227,2025-06-30 15:03:29.924695,0 days 01:05:31.476468,22,10,66,16,20,32,28,0,82,COMPLETE
320,0.0,2025-06-30 13:57:58.672036,2025-06-30 15:09:57.992554,0 days 01:11:59.320518,17,15,59,17,18,25,22,15,71,COMPLETE
321,-10.251013242651204,2025-06-30 13:57:58.725135,2025-06-30 15:05:09.608515,0 days 01:07:10.883380,11,8,281,10,10,26,11,26,77,COMPLETE
322,0.0,2025-06-30 13:57:58.783294,2025-06-30 15:12:11.403384,0 days 01:14:12.620090,16,5,82,8,12,28,13,14,74,COMPLETE
323,0.0,2025-06-30 13:57:58.878589,2025-06-30 15:05:47.235978,0 days 01:07:48.357389,21,5,180,20,5,24,25,1,78,COMPLETE
324,0.0,2025-06-30 13:57:58.987715,2025-06-30 15:09:10.125633,0 days 01:11:11.137918,30,19,153,20,7,39,26,22,73,COMPLETE
325,0.0,2025-06-30 13:57:59.001978,2025-06-30 15:10:34.507266,0 days 01:12:35.505288,24,8,221,19,12,27,18,21,89,COMPLETE
326,0.0,2025-06-30 13:57:59.372418,2025-06-30 15:07:54.940691,0 days 01:09:55.568273,13,5,218,19,7,41,7,9,92,COMPLETE
327,0.0,2025-06-30 13:57:59.564029,2025-06-30 15:07:43.344731,0 days 01:09:43.780702,22,7,237,13,17,47,16,8,91,COMPLETE
328,0.0,2025-06-30 13:57:59.674866,2025-06-30 15:10:32.133873,0 days 01:12:32.459007,12,15,241,6,8,15,27,2,91,COMPLETE
329,0.0,2025-06-30 13:57:59.706846,2025-06-30 15:11:02.415738,0 days 01:13:02.708892,11,19,68,16,10,28,15,19,84,COMPLETE
330,0.0,2025-06-30 13:57:59.806938,2025-06-30 15:11:39.487994,0 days 01:13:39.681056,13,15,65,11,7,40,22,23,85,COMPLETE
331,0.0,2025-06-30 13:57:59.880907,2025-06-30 15:06:55.500267,0 days 01:08:55.619360,21,14,220,19,17,33,26,28,94,COMPLETE
332,0.0,2025-06-30 13:57:59.939466,2025-06-30 15:12:35.038507,0 days 01:14:35.099041,16,12,151,6,5,43,10,5,80,COMPLETE
333,-11.022558355446336,2025-06-30 13:57:59.998051,2025-06-30 15:12:48.958698,0 days 01:14:48.960647,24,14,184,7,15,27,11,29,83,COMPLETE
334,0.0,2025-06-30 13:58:00.041308,2025-06-30 15:04:59.933905,0 days 01:06:59.892597,14,5,284,18,5,22,15,19,86,COMPLETE
335,0.0,2025-06-30 13:58:00.067924,2025-06-30 15:11:13.549551,0 days 01:13:13.481627,24,17,139,19,12,22,11,6,97,COMPLETE
336,95.65657514583063,2025-06-30 13:58:00.132682,2025-06-30 15:10:19.122880,0 days 01:12:18.990198,23,12,134,20,18,44,10,29,94,COMPLETE
337,-309.84134845288725,2025-06-30 13:58:00.159205,2025-06-30 15:04:49.806838,0 days 01:06:49.647633,19,14,195,11,8,47,5,25,88,COMPLETE
338,0.0,2025-06-30 13:58:00.253371,2025-06-30 15:12:58.258600,0 days 01:14:58.005229,26,20,282,6,13,32,14,3,89,COMPLETE
339,0.0,2025-06-30 13:58:00.634821,2025-06-30 15:08:02.035064,0 days 01:10:01.400243,26,11,195,16,20,27,28,1,87,COMPLETE
340,0.0,2025-06-30 13:58:00.817952,2025-06-30 15:09:06.710990,0 days 01:11:05.893038,20,15,262,13,15,48,29,21,95,COMPLETE
341,0.0,2025-06-30 13:58:01.237645,2025-06-30 15:15:29.297699,0 days 01:17:28.060054,29,11,162,7,16,46,19,8,76,COMPLETE
342,95.32644700141827,2025-06-30 13:58:01.421317,2025-06-30 15:10:57.427433,0 days 01:12:56.006116,22,8,148,15,20,46,6,16,79,COMPLETE
343,-13.478806330550015,2025-06-30 13:58:01.776223,2025-06-30 15:03:10.091037,0 days 01:05:08.314814,29,16,98,11,19,41,16,29,77,COMPLETE
344,0.0,2025-06-30 13:58:01.877539,2025-06-30 15:09:43.258118,0 days 01:11:41.380579,28,6,159,6,20,38,18,13,74,COMPLETE
345,0.0,2025-06-30 13:58:02.010950,2025-06-30 15:10:17.130558,0 days 01:12:15.119608,17,10,172,10,6,34,25,30,94,COMPLETE
346,0.0,2025-06-30 13:58:02.110875,2025-06-30 15:10:23.339689,0 days 01:12:21.228814,10,8,182,12,13,39,11,11,75,COMPLETE
347,-287.90863234067984,2025-06-30 13:58:02.148474,2025-06-30 15:12:15.885961,0 days 01:14:13.737487,12,7,88,5,15,22,10,29,87,COMPLETE
348,0.0,2025-06-30 13:58:02.293864,2025-06-30 15:09:41.216207,0 days 01:11:38.922343,28,12,98,12,20,31,21,0,79,COMPLETE
349,0.0,2025-06-30 13:58:02.647109,2025-06-30 15:11:20.549515,0 days 01:13:17.902406,12,9,112,5,15,41,30,21,96,COMPLETE
350,0.0,2025-06-30 13:58:03.204095,2025-06-30 15:11:36.288273,0 days 01:13:33.084178,30,14,243,7,12,37,17,14,78,COMPLETE
351,0.0,2025-06-30 13:58:03.252912,2025-06-30 15:15:08.661591,0 days 01:17:05.408679,11,8,113,14,6,48,26,20,78,COMPLETE
352,0.0,2025-06-30 13:58:03.468970,2025-06-30 15:20:56.084891,0 days 01:22:52.615921,25,18,211,11,15,45,7,11,74,COMPLETE
353,0.0,2025-06-30 13:58:03.654550,2025-06-30 15:15:57.551639,0 days 01:17:53.897089,30,18,284,11,14,16,20,9,95,COMPLETE
354,0.0,2025-06-30 13:58:03.686922,2025-06-30 15:16:17.667530,0 days 01:18:13.980608,12,15,145,10,14,48,17,21,85,COMPLETE
355,0.0,2025-06-30 13:58:03.761805,2025-06-30 14:23:50.563645,0 days 00:25:46.801840,15,7,220,20,12,20,24,16,92,COMPLETE
356,0.0,2025-06-30 13:58:04.210763,2025-06-30 15:15:59.303827,0 days 01:17:55.093064,26,15,181,14,16,23,30,14,86,COMPLETE
357,2737.4571970304114,2025-06-30 13:58:04.773018,2025-06-30 15:11:11.365997,0 days 01:13:06.592979,30,19,173,7,10,15,8,27,93,COMPLETE
358,0.0,2025-06-30 13:58:04.836986,2025-06-30 15:16:57.708557,0 days 01:18:52.871571,29,5,207,15,5,46,29,5,81,COMPLETE
359,0.0,2025-06-30 13:58:05.057098,2025-06-30 15:15:25.018956,0 days 01:17:19.961858,29,11,233,13,15,21,16,22,96,COMPLETE
360,-16.270761609600186,2025-06-30 13:58:05.441676,2025-06-30 15:17:41.646830,0 days 01:19:36.205154,28,11,210,9,14,44,6,17,71,COMPLETE
361,-16.009725322090162,2025-06-30 13:58:05.693803,2025-06-30 16:01:27.828941,0 days 02:03:22.135138,11,18,204,17,15,39,7,18,82,COMPLETE
362,-13.299679753411965,2025-06-30 13:58:05.882733,2025-06-30 15:21:21.076828,0 days 01:23:15.194095,25,20,86,6,6,42,12,23,73,COMPLETE
363,0.0,2025-06-30 13:58:06.633668,2025-06-30 15:24:40.056485,0 days 01:26:33.422817,21,13,257,18,18,25,21,9,72,COMPLETE
364,0.0,2025-06-30 13:58:06.666000,2025-06-30 15:16:23.786560,0 days 01:18:17.120560,16,12,131,8,18,32,21,11,91,COMPLETE
365,0.0,2025-06-30 13:58:06.676566,2025-06-30 15:25:11.143823,0 days 01:27:04.467257,18,18,201,14,18,15,23,7,77,COMPLETE
366,0.0,2025-06-30 13:58:06.822704,2025-06-30 15:20:44.516506,0 days 01:22:37.693802,23,15,52,20,8,41,21,8,93,COMPLETE
367,0.0,2025-06-30 13:58:06.934731,2025-06-30 15:22:05.777312,0 days 01:23:58.842581,22,11,94,10,7,47,10,14,76,COMPLETE
368,0.0,2025-06-30 13:58:06.961711,2025-06-30 15:15:51.164973,0 days 01:17:44.203262,11,9,85,14,6,16,12,6,76,COMPLETE
369,0.0,2025-06-30 13:58:07.219228,2025-06-30 15:23:20.703721,0 days 01:25:13.484493,15,11,295,13,15,43,21,5,71,COMPLETE
370,0.0,2025-06-30 13:58:07.364840,2025-06-30 15:20:35.818548,0 days 01:22:28.453708,19,6,256,9,10,43,27,19,74,COMPLETE
371,0.0,2025-06-30 13:58:07.634822,2025-06-30 15:22:55.255186,0 days 01:24:47.620364,17,8,54,12,19,33,23,17,92,COMPLETE
372,0.0,2025-06-30 13:58:08.079345,2025-06-30 15:19:21.290193,0 days 01:21:13.210848,17,10,160,7,10,30,16,25,71,COMPLETE
373,0.0,2025-06-30 13:58:08.131995,2025-06-30 15:22:27.232610,0 days 01:24:19.100615,16,6,147,7,10,15,13,15,72,COMPLETE
374,0.0,2025-06-30 13:58:08.205861,2025-06-30 15:21:33.071186,0 days 01:23:24.865325,14,15,124,6,17,48,7,7,81,COMPLETE
375,0.0,2025-06-30 13:58:08.622483,2025-06-30 15:23:01.258692,0 days 01:24:52.636209,13,17,177,18,9,36,8,8,73,COMPLETE
376,0.0,2025-06-30 13:58:08.670281,2025-06-30 15:25:16.754685,0 days 01:27:08.084404,13,16,146,15,10,36,11,14,88,COMPLETE
377,0.0,2025-06-30 13:58:08.843136,2025-06-30 15:23:04.501989,0 days 01:24:55.658853,13,19,231,16,10,36,13,5,78,COMPLETE
378,0.0,2025-06-30 13:58:09.164325,2025-06-30 15:26:47.234668,0 days 01:28:38.070343,21,5,130,5,12,28,30,13,93,COMPLETE
379,5444.020159511825,2025-06-30 13:58:09.336664,2025-06-30 15:25:35.580764,0 days 01:27:26.244100,23,19,285,6,6,39,8,29,93,COMPLETE
380,0.0,2025-06-30 13:58:09.387956,2025-06-30 15:28:22.429081,0 days 01:30:13.041125,27,13,143,16,17,23,26,5,75,COMPLETE
381,0.0,2025-06-30 13:58:09.599577,2025-06-30 15:23:56.334015,0 days 01:25:46.734438,19,15,197,9,11,22,24,21,86,COMPLETE
382,0.0,2025-06-30 13:58:09.829518,2025-06-30 15:25:14.091794,0 days 01:27:04.262276,30,12,200,13,11,48,23,15,90,COMPLETE
383,0.0,2025-06-30 13:58:09.874284,2025-06-30 15:17:14.529349,0 days 01:19:04.655065,11,12,218,13,10,43,17,24,90,COMPLETE
384,0.0,2025-06-30 13:58:09.975970,2025-06-30 15:22:57.715690,0 days 01:24:47.739720,24,16,157,18,17,20,26,26,85,COMPLETE
385,-16.270761609600186,2025-06-30 13:58:10.025529,2025-06-30 15:27:06.667393,0 days 01:28:56.641864,20,13,159,14,12,26,6,23,71,COMPLETE
386,0.0,2025-06-30 13:58:10.081480,2025-06-30 15:23:10.160004,0 days 01:25:00.078524,11,8,160,15,16,24,15,8,72,COMPLETE
387,0.0,2025-06-30 13:58:10.114243,2025-06-30 15:28:20.448993,0 days 01:30:10.334750,10,19,165,6,16,23,16,5,86,COMPLETE
388,0.0,2025-06-30 13:58:10.127117,2025-06-30 14:26:46.374667,0 days 00:28:36.247550,28,12,61,20,13,20,24,15,97,COMPLETE
389,0.0,2025-06-30 13:58:10.239168,2025-06-30 15:27:48.475748,0 days 01:29:38.236580,28,12,288,18,13,20,21,11,78,COMPLETE
390,0.0,2025-06-30 13:58:10.284942,2025-06-30 15:32:09.335342,0 days 01:33:59.050400,19,17,125,16,18,29,20,23,92,COMPLETE
391,0.0,2025-06-30 13:58:10.304260,2025-06-30 15:30:00.549758,0 days 01:31:50.245498,29,19,110,5,13,39,13,12,89,COMPLETE
392,0.0,2025-06-30 13:58:10.327458,2025-06-30 15:23:44.175756,0 days 01:25:33.848298,15,20,68,12,18,44,26,15,94,COMPLETE
393,0.0,2025-06-30 13:58:10.333684,2025-06-30 15:27:38.049079,0 days 01:29:27.715395,28,18,68,9,20,23,12,5,70,COMPLETE
394,0.0,2025-06-30 13:58:10.406041,2025-06-30 15:30:23.530186,0 days 01:32:13.124145,30,19,136,17,10,24,30,6,95,COMPLETE
395,0.0,2025-06-30 13:58:10.416798,2025-06-30 14:29:27.067064,0 days 00:31:16.650266,16,17,58,13,10,41,23,16,97,COMPLETE
396,-11.022558355446336,2025-06-30 13:58:10.490953,2025-06-30 15:29:47.939125,0 days 01:31:37.448172,15,19,239,9,15,28,5,18,83,COMPLETE
397,0.0,2025-06-30 13:58:10.537137,2025-06-30 15:26:37.138442,0 days 01:28:26.601305,10,10,281,7,19,48,16,19,94,COMPLETE
398,0.0,2025-06-30 13:58:10.610968,2025-06-30 14:27:18.539399,0 days 00:29:07.928431,13,19,280,20,12,18,25,0,86,COMPLETE
399,0.0,2025-06-30 13:58:10.678964,2025-06-30 15:28:21.449735,0 days 01:30:10.770771,11,12,216,5,15,17,28,2,83,COMPLETE
400,0.0,2025-06-30 13:58:10.731081,2025-06-30 14:27:46.026758,0 days 00:29:35.295677,29,18,74,17,13,17,5,0,75,COMPLETE
401,0.0,2025-06-30 13:58:10.739054,2025-06-30 15:32:14.237948,0 days 01:34:03.498894,12,13,281,5,18,29,20,21,90,COMPLETE
402,0.0,2025-06-30 13:58:10.771423,2025-06-30 15:30:46.309649,0 days 01:32:35.538226,27,13,91,11,7,15,30,6,81,COMPLETE
403,0.0,2025-06-30 13:58:11.001493,2025-06-30 15:31:17.805363,0 days 01:33:06.803870,27,12,272,9,20,49,27,10,83,COMPLETE
404,0.0,2025-06-30 13:58:11.002679,2025-06-30 15:31:19.395094,0 days 01:33:08.392415,27,7,67,18,8,49,24,0,98,COMPLETE
405,0.0,2025-06-30 13:58:11.053747,2025-06-30 15:36:13.047523,0 days 01:38:01.993776,21,16,290,9,15,36,17,20,75,COMPLETE
406,0.0,2025-06-30 13:58:11.070792,2025-06-30 15:27:37.134539,0 days 01:29:26.063747,15,12,86,8,11,22,21,13,92,COMPLETE
407,0.0,2025-06-30 13:58:11.163292,2025-06-30 14:28:31.269705,0 days 00:30:20.106413,20,13,136,19,7,15,30,15,88,COMPLETE
408,0.0,2025-06-30 13:58:11.267488,2025-06-30 15:35:44.386154,0 days 01:37:33.118666,29,13,125,10,5,33,13,2,75,COMPLETE
409,0.0,2025-06-30 13:58:11.280438,2025-06-30 15:30:48.121516,0 days 01:32:36.841078,16,12,54,6,8,16,13,13,86,COMPLETE
410,0.0,2025-06-30 13:58:11.294225,2025-06-30 15:33:36.053180,0 days 01:35:24.758955,10,8,118,12,13,17,20,23,89,COMPLETE
411,0.0,2025-06-30 13:58:11.321703,2025-06-30 15:36:39.527620,0 days 01:38:28.205917,10,5,181,20,18,47,29,29,93,COMPLETE
412,0.0,2025-06-30 13:58:11.334826,2025-06-30 15:37:50.077146,0 days 01:39:38.742320,29,13,91,7,11,19,17,6,94,COMPLETE
413,0.0,2025-06-30 13:58:11.347378,2025-06-30 15:33:11.733835,0 days 01:35:00.386457,28,17,204,10,11,32,26,28,93,COMPLETE
414,0.0,2025-06-30 13:58:11.474566,2025-06-30 15:37:22.264576,0 days 01:39:10.790010,20,10,157,12,7,26,9,3,93,COMPLETE
415,0.0,2025-06-30 13:58:11.478313,2025-06-30 15:36:05.737784,0 days 01:37:54.259471,10,12,91,11,19,17,22,12,90,COMPLETE
416,0.0,2025-06-30 13:58:11.480399,2025-06-30 15:37:57.477780,0 days 01:39:45.997381,25,19,190,18,8,29,26,22,83,COMPLETE
417,0.0,2025-06-30 13:58:11.483484,2025-06-30 15:35:23.093142,0 days 01:37:11.609658,22,20,108,12,8,41,29,30,86,COMPLETE
418,-77.08612364486684,2025-06-30 13:58:11.484246,2025-06-30 15:33:20.451207,0 days 01:35:08.966961,23,10,140,13,17,50,10,28,82,COMPLETE
419,0.0,2025-06-30 13:58:11.487388,2025-06-30 15:35:46.622462,0 days 01:37:35.135074,21,5,105,10,11,25,23,2,77,COMPLETE
420,-12.76051048018553,2025-06-30 13:58:11.490963,2025-06-30 15:37:02.874692,0 days 01:38:51.383729,12,17,290,5,9,34,8,18,80,COMPLETE
421,0.0,2025-06-30 13:58:11.493977,2025-06-30 15:41:16.910458,0 days 01:43:05.416481,22,20,170,18,11,29,28,29,93,COMPLETE
422,-117.27695850814612,2025-06-30 13:58:11.498306,2025-06-30 15:42:22.582969,0 days 01:44:11.084663,26,19,284,5,18,33,5,24,73,COMPLETE
423,0.0,2025-06-30 13:58:11.499986,2025-06-30 15:40:04.995145,0 days 01:41:53.495159,16,8,231,10,9,22,27,8,94,COMPLETE
424,0.0,2025-06-30 13:58:11.501959,2025-06-30 15:38:51.838513,0 days 01:40:40.336554,29,5,151,10,9,19,19,9,81,COMPLETE
425,0.0,2025-06-30 13:58:11.503415,2025-06-30 15:41:47.875012,0 days 01:43:36.371597,16,7,90,5,20,27,10,6,84,COMPLETE
426,-17.069899016100635,2025-06-30 13:58:11.504623,2025-06-30 15:36:27.274425,0 days 01:38:15.769802,24,18,271,18,17,20,10,27,73,COMPLETE
427,0.0,2025-06-30 13:58:11.506144,2025-06-30 15:43:15.852787,0 days 01:45:04.346643,14,8,79,20,5,32,27,22,80,COMPLETE
428,-16.270761609600186,2025-06-30 13:58:11.507391,2025-06-30 15:40:15.711811,0 days 01:42:04.204420,19,14,207,20,8,25,8,21,78,COMPLETE
429,0.0,2025-06-30 13:58:11.515764,2025-06-30 15:39:29.419770,0 days 01:41:17.904006,19,7,248,20,8,35,16,9,97,COMPLETE
430,0.0,2025-06-30 13:58:11.517847,2025-06-30 15:39:47.124648,0 days 01:41:35.606801,19,16,243,19,14,38,9,23,75,COMPLETE
431,0.0,2025-06-30 13:58:11.522667,2025-06-30 15:40:28.513543,0 days 01:42:16.990876,25,7,199,14,15,44,27,18,85,COMPLETE
432,0.0,2025-06-30 13:58:11.529699,2025-06-30 15:46:31.690884,0 days 01:48:20.161185,14,7,165,17,8,34,17,17,80,COMPLETE
433,0.0,2025-06-30 13:58:11.530938,2025-06-30 15:45:21.544967,0 days 01:47:10.014029,20,16,131,5,11,25,29,5,90,COMPLETE
434,0.0,2025-06-30 13:58:11.545077,2025-06-30 15:39:03.472605,0 days 01:40:51.927528,30,10,193,17,18,22,19,2,100,COMPLETE
435,0.0,2025-06-30 13:58:11.558904,2025-06-30 15:40:39.916740,0 days 01:42:28.357836,17,9,200,16,12,45,27,7,93,COMPLETE
436,-12.76051048018553,2025-06-30 13:58:11.560883,2025-06-30 15:43:02.264331,0 days 01:44:50.703448,21,6,163,13,9,18,6,22,89,COMPLETE
437,0.0,2025-06-30 13:58:11.561805,2025-06-30 15:40:46.684342,0 days 01:42:35.122537,19,18,221,6,20,39,10,11,77,COMPLETE
438,0.0,2025-06-30 13:58:11.567171,2025-06-30 15:45:45.223241,0 days 01:47:33.656070,17,10,61,14,19,45,17,14,76,COMPLETE
439,0.0,2025-06-30 13:58:11.568467,2025-06-30 15:44:16.712194,0 days 01:46:05.143727,22,20,256,16,20,17,21,10,82,COMPLETE
440,-61.58805718861119,2025-06-30 13:58:11.572533,2025-06-30 15:46:12.094163,0 days 01:48:00.521630,20,15,171,5,11,48,16,30,78,COMPLETE
441,0.0,2025-06-30 13:58:11.573904,2025-06-30 15:45:22.552719,0 days 01:47:10.978815,12,20,143,11,20,44,17,20,84,COMPLETE
442,0.0,2025-06-30 13:58:11.584543,2025-06-30 15:41:59.029681,0 days 01:43:47.445138,23,7,145,13,8,49,26,20,98,COMPLETE
443,0.0,2025-06-30 13:58:11.587067,2025-06-30 15:46:37.764576,0 days 01:48:26.177509,18,7,263,7,16,44,17,25,70,COMPLETE
444,0.0,2025-06-30 13:58:11.608515,2025-06-30 15:48:23.493933,0 days 01:50:11.885418,13,12,138,13,5,28,21,16,79,COMPLETE
445,0.0,2025-06-30 13:58:11.642274,2025-06-30 15:43:25.142199,0 days 01:45:13.499925,29,8,89,16,10,41,9,11,94,COMPLETE
446,0.0,2025-06-30 13:58:11.649104,2025-06-30 15:45:58.608035,0 days 01:47:46.958931,19,18,225,7,20,30,15,10,90,COMPLETE
447,0.0,2025-06-30 13:58:11.651276,2025-06-30 15:44:07.944858,0 days 01:45:56.293582,21,9,211,8,19,27,12,1,99,COMPLETE
448,0.0,2025-06-30 13:58:11.696526,2025-06-30 15:46:14.971092,0 days 01:48:03.274566,29,17,77,6,16,49,20,27,88,COMPLETE
449,0.0,2025-06-30 13:58:11.726163,2025-06-30 15:44:43.725184,0 days 01:46:31.999021,25,7,68,13,12,16,20,15,94,COMPLETE
450,0.0,2025-06-30 13:58:11.734169,2025-06-30 15:44:09.294074,0 days 01:45:57.559905,16,17,201,18,13,36,14,25,74,COMPLETE
451,0.0,2025-06-30 13:58:11.762835,2025-06-30 15:50:49.809488,0 days 01:52:38.046653,24,18,269,17,15,48,16,30,90,COMPLETE
452,0.0,2025-06-30 13:58:11.780320,2025-06-30 15:46:39.546147,0 days 01:48:27.765827,29,11,155,19,14,22,15,4,84,COMPLETE
453,0.0,2025-06-30 13:58:11.857763,2025-06-30 15:48:52.415058,0 days 01:50:40.557295,15,7,276,20,8,29,14,4,76,COMPLETE
454,0.0,2025-06-30 13:58:11.859031,2025-06-30 15:51:34.293430,0 days 01:53:22.434399,30,15,106,7,9,22,27,29,88,COMPLETE
455,0.0,2025-06-30 13:58:11.866431,2025-06-30 15:48:12.449834,0 days 01:50:00.583403,25,16,62,7,15,22,28,23,81,COMPLETE
456,-16.270761609600186,2025-06-30 13:58:11.914509,2025-06-30 15:50:01.324622,0 days 01:51:49.410113,15,9,121,17,13,26,11,29,94,COMPLETE
457,0.0,2025-06-30 13:58:11.929265,2025-06-30 15:44:39.621778,0 days 01:46:27.692513,13,15,121,17,6,26,29,22,73,COMPLETE
458,0.0,2025-06-30 13:58:11.946977,2025-06-30 15:42:14.791078,0 days 01:44:02.844101,28,7,196,20,14,42,11,12,84,COMPLETE
459,0.0,2025-06-30 13:58:11.992883,2025-06-30 15:46:49.909042,0 days 01:48:37.916159,17,19,178,10,7,28,13,1,95,COMPLETE
460,0.0,2025-06-30 13:58:12.010402,2025-06-30 15:48:37.700094,0 days 01:50:25.689692,29,13,138,12,8,31,23,16,95,COMPLETE
461,0.0,2025-06-30 13:58:12.060926,2025-06-30 15:51:56.308440,0 days 01:53:44.247514,26,12,250,20,7,42,23,7,96,COMPLETE
462,0.0,2025-06-30 13:58:12.149043,2025-06-30 15:53:34.333764,0 days 01:55:22.184721,19,14,199,9,5,44,26,8,74,COMPLETE
463,0.0,2025-06-30 13:58:12.178444,2025-06-30 15:49:24.481604,0 days 01:51:12.303160,20,11,177,11,20,18,28,4,80,COMPLETE
464,0.0,2025-06-30 13:58:12.236257,2025-06-30 15:45:33.918705,0 days 01:47:21.682448,28,13,164,18,6,37,12,18,88,COMPLETE
465,0.0,2025-06-30 13:58:12.237141,2025-06-30 15:49:12.790577,0 days 01:51:00.553436,25,13,245,10,9,19,6,3,72,COMPLETE
466,0.0,2025-06-30 13:58:12.259125,2025-06-30 15:50:24.121139,0 days 01:52:11.862014,24,5,253,17,16,45,22,9,85,COMPLETE
467,0.0,2025-06-30 13:58:12.284047,2025-06-30 15:49:04.778514,0 days 01:50:52.494467,11,9,72,14,9,26,26,21,93,COMPLETE
468,0.0,2025-06-30 13:58:12.296207,2025-06-30 15:54:02.228915,0 days 01:55:49.932708,11,7,53,17,16,34,10,13,79,COMPLETE
469,0.0,2025-06-30 13:58:12.308176,2025-06-30 15:51:51.078615,0 days 01:53:38.770439,26,14,115,10,13,17,24,23,70,COMPLETE
470,0.0,2025-06-30 13:58:12.346051,2025-06-30 14:34:01.024725,0 days 00:35:48.678674,16,17,157,19,10,19,24,22,90,COMPLETE
471,0.0,2025-06-30 13:58:12.362398,2025-06-30 15:51:40.603457,0 days 01:53:28.241059,16,14,79,17,18,33,5,7,72,COMPLETE
472,0.0,2025-06-30 13:58:12.384477,2025-06-30 15:50:39.557752,0 days 01:52:27.173275,16,8,126,19,10,21,28,5,92,COMPLETE
473,-11.022558355446336,2025-06-30 13:58:12.396529,2025-06-30 15:51:11.875634,0 days 01:52:59.479105,12,20,244,8,20,20,5,10,88,COMPLETE
474,0.0,2025-06-30 13:58:12.407150,2025-06-30 15:45:15.975329,0 days 01:47:03.568179,26,6,78,6,17,41,28,16,83,COMPLETE
475,0.0,2025-06-30 13:58:12.423193,2025-06-30 15:48:41.676171,0 days 01:50:29.252978,13,19,296,9,5,38,7,2,98,COMPLETE
476,0.0,2025-06-30 13:58:12.457332,2025-06-30 15:51:45.882461,0 days 01:53:33.425129,21,7,140,20,13,36,23,15,73,COMPLETE
477,0.0,2025-06-30 13:58:12.480520,2025-06-30 15:51:06.002532,0 days 01:52:53.522012,22,9,263,12,8,19,28,27,83,COMPLETE
478,0.0,2025-06-30 13:58:12.513569,2025-06-30 15:49:32.045418,0 days 01:51:19.531849,26,14,71,7,19,47,20,23,75,COMPLETE
479,0.0,2025-06-30 13:58:12.526069,2025-06-30 15:50:00.158748,0 days 01:51:47.632679,25,6,232,6,17,21,21,1,95,COMPLETE
480,0.0,2025-06-30 13:58:12.533628,2025-06-30 15:46:21.067414,0 days 01:48:08.533786,28,13,120,7,6,48,13,21,93,COMPLETE
481,0.0,2025-06-30 13:58:12.549789,2025-06-30 14:34:17.598620,0 days 00:36:05.048831,14,14,114,19,13,16,7,25,94,COMPLETE
482,0.0,2025-06-30 13:58:12.561819,2025-06-30 15:52:45.086098,0 days 01:54:32.524279,10,14,203,17,19,39,26,3,81,COMPLETE
483,0.0,2025-06-30 13:58:12.579845,2025-06-30 14:34:22.065537,0 days 00:36:09.485692,29,11,84,20,12,15,26,4,85,COMPLETE
484,0.0,2025-06-30 13:58:12.675679,2025-06-30 15:49:07.390949,0 days 01:50:54.715270,25,12,228,5,18,21,15,23,92,COMPLETE
485,0.0,2025-06-30 13:58:12.702637,2025-06-30 15:46:02.226217,0 days 01:47:49.523580,25,5,52,12,9,25,25,22,79,COMPLETE
486,0.0,2025-06-30 13:58:12.713472,2025-06-30 15:53:26.711601,0 days 01:55:13.998129,24,10,259,15,7,21,29,6,97,COMPLETE
487,0.0,2025-06-30 13:58:12.735282,2025-06-30 15:51:39.385718,0 days 01:53:26.650436,30,20,227,10,14,41,14,9,85,COMPLETE
488,0.0,2025-06-30 13:58:12.746145,2025-06-30 15:50:59.514822,0 days 01:52:46.768677,18,11,205,15,11,22,20,1,79,COMPLETE
489,0.0,2025-06-30 13:58:12.773462,2025-06-30 15:47:20.043516,0 days 01:49:07.270054,26,12,59,7,12,20,14,0,74,COMPLETE
490,0.0,2025-06-30 13:58:12.800836,2025-06-30 15:51:32.660726,0 days 01:53:19.859890,16,15,77,6,17,40,11,6,93,COMPLETE
491,0.0,2025-06-30 13:58:12.822228,2025-06-30 15:49:00.937529,0 days 01:50:48.115301,23,12,192,13,7,33,16,5,83,COMPLETE
492,0.0,2025-06-30 13:58:12.849163,2025-06-30 15:48:06.112025,0 days 01:49:53.262862,10,16,248,6,12,47,15,20,86,COMPLETE
493,0.0,2025-06-30 13:58:12.870758,2025-06-30 15:52:35.553019,0 days 01:54:22.682261,28,13,146,8,6,38,18,5,87,COMPLETE
494,0.0,2025-06-30 13:58:12.924695,2025-06-30 15:53:13.011342,0 days 01:55:00.086647,30,8,278,7,18,43,27,6,87,COMPLETE
495,0.0,2025-06-30 13:58:12.935608,2025-06-30 15:49:55.304841,0 days 01:51:42.369233,22,13,261,20,8,25,30,7,95,COMPLETE
496,0.0,2025-06-30 13:58:12.983739,2025-06-30 15:50:35.803863,0 days 01:52:22.820124,11,6,232,10,10,40,29,28,74,COMPLETE
497,0.0,2025-06-30 13:58:13.005103,2025-06-30 15:53:47.592855,0 days 01:55:34.587752,24,8,114,20,14,28,15,11,99,COMPLETE
498,0.0,2025-06-30 13:58:13.026253,2025-06-30 15:55:13.774838,0 days 01:57:00.748585,29,13,292,9,15,21,21,6,91,COMPLETE
499,-11.022558355446336,2025-06-30 13:58:13.037230,2025-06-30 15:51:45.330973,0 days 01:53:32.293743,13,13,257,15,5,41,8,29,86,COMPLETE
500,-61.29063371844454,2025-06-30 13:58:13.058920,2025-06-30 15:51:22.607069,0 days 01:53:09.548149,22,7,183,6,12,21,5,16,90,COMPLETE
501,0.0,2025-06-30 13:58:13.128541,2025-06-30 15:52:39.860009,0 days 01:54:26.731468,20,16,282,18,8,39,10,12,72,COMPLETE
502,0.0,2025-06-30 13:58:13.150100,2025-06-30 15:54:16.362208,0 days 01:56:03.212108,26,11,246,16,19,45,28,12,91,COMPLETE
503,0.0,2025-06-30 13:58:13.193043,2025-06-30 15:51:23.055274,0 days 01:53:09.862231,28,9,279,6,11,30,28,6,85,COMPLETE
504,0.0,2025-06-30 13:58:13.219612,2025-06-30 15:54:31.492892,0 days 01:56:18.273280,25,11,148,19,9,49,19,4,84,COMPLETE
505,0.0,2025-06-30 13:58:13.268132,2025-06-30 15:51:46.322062,0 days 01:53:33.053930,22,8,230,13,12,50,23,9,85,COMPLETE
506,0.0,2025-06-30 13:58:13.278926,2025-06-30 15:51:15.561281,0 days 01:53:02.282355,22,15,235,16,18,31,21,27,97,COMPLETE
507,0.0,2025-06-30 13:58:13.289734,2025-06-30 14:35:10.662297,0 days 00:36:57.372563,22,17,260,20,12,18,15,16,78,COMPLETE
508,-16.270761609600186,2025-06-30 13:58:13.338734,2025-06-30 15:56:24.862311,0 days 01:58:11.523577,25,5,246,19,7,48,7,18,75,COMPLETE
509,0.0,2025-06-30 13:58:13.349666,2025-06-30 15:53:02.138795,0 days 01:54:48.789129,14,14,168,18,13,39,12,13,78,COMPLETE
510,0.0,2025-06-30 13:58:13.360705,2025-06-30 15:49:39.876804,0 days 01:51:26.516099,14,7,63,15,5,29,14,16,84,COMPLETE
511,0.0,2025-06-30 13:58:13.371878,2025-06-30 15:52:34.304858,0 days 01:54:20.932980,30,5,102,17,11,43,14,18,82,COMPLETE
512,0.0,2025-06-30 13:58:13.382983,2025-06-30 15:52:11.790236,0 days 01:53:58.407253,26,6,145,17,8,35,29,5,94,COMPLETE
513,0.0,2025-06-30 13:58:13.393868,2025-06-30 15:48:21.659580,0 days 01:50:08.265712,29,14,223,14,12,20,27,23,91,COMPLETE
514,-50.37480173757308,2025-06-30 13:58:13.404796,2025-06-30 15:54:40.097143,0 days 01:56:26.692347,19,10,295,18,17,45,8,28,92,COMPLETE
515,-16.270761609600186,2025-06-30 13:58:13.415746,2025-06-30 15:54:59.688496,0 days 01:56:46.272750,27,5,244,10,12,46,10,22,70,COMPLETE
516,0.0,2025-06-30 13:58:13.426518,2025-06-30 15:52:32.191742,0 days 01:54:18.765224,30,8,218,15,15,29,12,18,100,COMPLETE
517,0.0,2025-06-30 13:58:13.437352,2025-06-30 15:55:19.013122,0 days 01:57:05.575770,13,18,139,6,16,18,15,8,75,COMPLETE
518,-102.63654463438088,2025-06-30 13:58:13.458886,2025-06-30 15:53:44.691252,0 days 01:55:31.232366,21,12,78,8,8,49,6,18,78,COMPLETE
519,0.0,2025-06-30 13:58:13.485502,2025-06-30 15:54:31.533918,0 days 01:56:18.048416,12,16,255,18,15,50,24,24,86,COMPLETE
520,0.0,2025-06-30 13:58:13.517666,2025-06-30 15:53:08.187084,0 days 01:54:54.669418,14,9,85,8,7,25,11,7,84,COMPLETE
521,0.0,2025-06-30 13:58:13.539506,2025-06-30 15:51:30.270126,0 days 01:53:16.730620,17,14,93,9,15,44,20,26,85,COMPLETE
522,0.0,2025-06-30 13:58:13.561392,2025-06-30 15:54:14.618526,0 days 01:56:01.057134,17,6,159,15,11,23,17,12,82,COMPLETE
523,-11.022558355446336,2025-06-30 13:58:13.583032,2025-06-30 15:55:24.067447,0 days 01:57:10.484415,20,12,231,9,10,35,14,29,76,COMPLETE
524,-16.270761609600186,2025-06-30 13:58:13.620609,2025-06-30 15:53:33.591428,0 days 01:55:19.970819,18,19,69,14,18,18,5,8,98,COMPLETE
525,0.0,2025-06-30 13:58:13.658113,2025-06-30 15:50:41.353250,0 days 01:52:27.695137,28,19,260,5,5,48,30,30,95,COMPLETE
526,0.0,2025-06-30 13:58:13.711637,2025-06-30 15:50:01.211890,0 days 01:51:47.500253,18,12,276,12,20,20,28,11,78,COMPLETE
527,0.0,2025-06-30 13:58:13.722364,2025-06-30 15:51:21.582941,0 days 01:53:07.860577,25,14,84,10,15,47,21,20,77,COMPLETE
528,0.0,2025-06-30 13:58:13.771019,2025-06-30 15:54:59.892995,0 days 01:56:46.121976,16,9,176,14,18,31,25,11,78,COMPLETE
529,0.0,2025-06-30 13:58:13.792853,2025-06-30 15:51:38.162303,0 days 01:53:24.369450,21,6,222,19,16,45,12,4,100,COMPLETE
530,0.0,2025-06-30 13:58:13.823343,2025-06-30 15:51:17.514048,0 days 01:53:03.690705,23,11,236,12,11,17,19,30,71,COMPLETE
531,0.0,2025-06-30 13:58:13.830480,2025-06-30 15:54:33.136758,0 days 01:56:19.306278,12,7,175,9,17,31,11,4,91,COMPLETE
532,0.0,2025-06-30 13:58:13.831154,2025-06-30 15:56:19.951949,0 days 01:58:06.120795,19,14,51,20,6,35,25,10,70,COMPLETE
533,0.0,2025-06-30 13:58:13.869840,2025-06-30 15:50:58.614503,0 days 01:52:44.744663,27,8,289,6,12,45,21,24,81,COMPLETE
534,0.0,2025-06-30 13:58:13.891633,2025-06-30 15:52:03.750526,0 days 01:53:49.858893,29,15,293,12,18,39,8,1,80,COMPLETE
535,0.0,2025-06-30 13:58:13.902382,2025-06-30 15:53:22.595514,0 days 01:55:08.693132,29,11,88,7,10,24,22,30,88,COMPLETE
536,0.0,2025-06-30 13:58:13.921535,2025-06-30 15:53:51.611047,0 days 01:55:37.689512,10,6,248,19,13,25,8,1,83,COMPLETE
537,-16.270761609600186,2025-06-30 13:58:13.932435,2025-06-30 15:55:16.350627,0 days 01:57:02.418192,11,18,144,16,10,38,8,20,71,COMPLETE
538,0.0,2025-06-30 13:58:13.943100,2025-06-30 15:52:22.369215,0 days 01:54:08.426115,23,17,289,9,13,32,12,5,94,COMPLETE
539,0.0,2025-06-30 13:58:13.949175,2025-06-30 15:55:29.243492,0 days 01:57:15.294317,16,10,267,5,16,37,21,5,83,COMPLETE
540,0.0,2025-06-30 13:58:13.972215,2025-06-30 15:54:19.458556,0 days 01:56:05.486341,18,5,50,9,9,37,19,8,98,COMPLETE
541,0.0,2025-06-30 13:58:13.989064,2025-06-30 15:54:27.199038,0 days 01:56:13.209974,12,15,66,13,13,35,16,10,86,COMPLETE
542,0.0,2025-06-30 13:58:14.018621,2025-06-30 15:52:46.244054,0 days 01:54:32.225433,25,16,251,19,16,47,17,26,79,COMPLETE
543,0.0,2025-06-30 13:58:14.019348,2025-06-30 15:53:22.782182,0 days 01:55:08.762834,10,14,70,19,16,38,21,27,100,COMPLETE
544,-99.30483010407877,2025-06-30 13:58:14.025857,2025-06-30 15:50:07.537917,0 days 01:51:53.512060,18,20,90,12,7,19,7,25,75,COMPLETE
545,0.0,2025-06-30 13:58:14.046242,2025-06-30 15:54:19.059712,0 days 01:56:05.013470,27,7,282,16,8,31,19,2,75,COMPLETE
546,0.0,2025-06-30 13:58:14.101654,2025-06-30 15:53:33.419544,0 days 01:55:19.317890,16,17,154,17,10,25,10,16,74,COMPLETE
547,-16.270761609600186,2025-06-30 13:58:14.130890,2025-06-30 15:54:56.018419,0 days 01:56:41.887529,21,14,209,11,14,26,5,8,95,COMPLETE
548,-450.53990866191526,2025-06-30 13:58:14.141558,2025-06-30 15:56:19.967660,0 days 01:58:05.826102,25,11,166,15,11,34,5,23,96,COMPLETE
549,0.0,2025-06-30 13:58:14.152324,2025-06-30 15:56:21.239159,0 days 01:58:07.086835,24,9,69,9,10,26,20,4,93,COMPLETE
550,0.0,2025-06-30 13:58:14.153131,2025-06-30 15:56:33.983326,0 days 01:58:19.830195,12,9,59,18,18,26,13,4,90,COMPLETE
551,0.0,2025-06-30 13:58:14.165805,2025-06-30 15:55:18.949852,0 days 01:57:04.784047,28,5,167,8,19,34,25,7,96,COMPLETE
552,0.0,2025-06-30 13:58:14.168284,2025-06-30 15:52:10.468913,0 days 01:53:56.300629,11,20,127,5,19,31,14,17,97,COMPLETE
553,0.0,2025-06-30 13:58:14.205511,2025-06-30 15:57:38.526667,0 days 01:59:24.321156,16,16,79,12,11,39,9,4,97,COMPLETE
554,0.0,2025-06-30 13:58:14.222703,2025-06-30 15:52:52.421317,0 days 01:54:38.198614,29,14,226,13,10,20,21,23,70,COMPLETE
555,-13.21850992141708,2025-06-30 13:58:14.229295,2025-06-30 15:52:34.115454,0 days 01:54:19.886159,14,7,78,13,12,29,15,27,87,COMPLETE
556,0.0,2025-06-30 13:58:14.266673,2025-06-30 15:55:13.650494,0 days 01:56:59.383821,11,5,268,20,6,24,26,30,95,COMPLETE
557,0.0,2025-06-30 13:58:14.293286,2025-06-30 15:56:59.913789,0 days 01:58:45.620503,15,20,52,6,20,50,19,24,73,COMPLETE
558,-120.87287645159773,2025-06-30 13:58:14.335677,2025-06-30 15:56:28.116497,0 days 01:58:13.780820,12,20,51,13,17,25,15,30,93,COMPLETE
559,0.0,2025-06-30 13:58:14.342080,2025-06-30 15:58:07.806920,0 days 01:59:53.464840,29,5,227,9,5,36,19,6,83,COMPLETE
560,0.0,2025-06-30 13:58:14.348418,2025-06-30 14:36:50.832857,0 days 00:38:36.484439,14,19,284,19,13,18,26,4,88,COMPLETE
561,0.0,2025-06-30 13:58:14.354930,2025-06-30 15:54:14.465224,0 days 01:56:00.110294,28,18,242,9,19,38,21,8,78,COMPLETE
562,0.0,2025-06-30 13:58:14.361052,2025-06-30 15:55:42.027115,0 days 01:57:27.666063,12,13,65,8,17,38,24,21,84,COMPLETE
563,0.0,2025-06-30 13:58:14.367149,2025-06-30 15:57:31.838923,0 days 01:59:17.471774,26,9,146,9,17,31,11,10,70,COMPLETE
564,0.0,2025-06-30 13:58:14.395697,2025-06-30 15:56:30.664353,0 days 01:58:16.268656,13,11,250,5,16,29,14,6,81,COMPLETE
565,-12.76051048018553,2025-06-30 13:58:14.407978,2025-06-30 15:57:06.942246,0 days 01:58:52.534268,21,20,125,12,10,16,6,18,90,COMPLETE
566,99.867266195316,2025-06-30 13:58:14.418888,2025-06-30 15:58:07.251257,0 days 01:59:52.832369,30,8,177,16,17,49,5,19,99,COMPLETE
567,0.0,2025-06-30 13:58:14.450490,2025-06-30 15:54:14.161194,0 days 01:55:59.710704,15,12,69,12,15,24,11,13,94,COMPLETE
568,0.0,2025-06-30 13:58:14.498895,2025-06-30 15:56:18.912329,0 days 01:58:04.413434,16,17,167,5,16,22,10,0,81,COMPLETE
569,0.0,2025-06-30 13:58:14.531383,2025-06-30 15:53:04.609334,0 days 01:54:50.077951,23,17,290,18,20,32,29,8,72,COMPLETE
570,0.0,2025-06-30 13:58:14.538933,2025-06-30 15:55:23.119650,0 days 01:57:08.580717,10,18,235,12,7,49,23,28,96,COMPLETE
571,0.0,2025-06-30 13:58:14.599118,2025-06-30 15:58:13.946835,0 days 01:59:59.347717,30,9,108,12,14,33,14,18,90,COMPLETE
572,0.0,2025-06-30 13:58:14.643479,2025-06-30 15:56:27.149738,0 days 01:58:12.506259,28,18,130,13,9,20,26,24,94,COMPLETE
573,0.0,2025-06-30 13:58:14.661143,2025-06-30 15:55:56.319981,0 days 01:57:41.658838,13,17,209,6,17,37,10,11,80,COMPLETE
574,-12.76051048018553,2025-06-30 13:58:14.671787,2025-06-30 15:58:11.842847,0 days 01:59:57.171060,18,8,239,8,10,30,6,17,73,COMPLETE
575,0.0,2025-06-30 13:58:14.699259,2025-06-30 15:56:22.350080,0 days 01:58:07.650821,18,19,151,6,9,22,19,4,100,COMPLETE
576,0.0,2025-06-30 13:58:14.717187,2025-06-30 15:55:24.225801,0 days 01:57:09.508614,18,12,132,13,11,15,15,4,96,COMPLETE
577,0.0,2025-06-30 13:58:14.739894,2025-06-30 15:56:46.573938,0 days 01:58:31.834044,30,7,182,7,10,49,12,8,99,COMPLETE
578,0.0,2025-06-30 13:58:14.768351,2025-06-30 15:57:59.163430,0 days 01:59:44.395079,17,17,212,12,17,44,26,13,96,COMPLETE
579,0.0,2025-06-30 13:58:14.822198,2025-06-30 15:58:38.424657,0 days 02:00:23.602459,15,10,271,5,15,17,7,8,91,COMPLETE
580,0.0,2025-06-30 13:58:14.843772,2025-06-30 15:57:06.248729,0 days 01:58:51.404957,27,6,126,10,7,31,8,6,85,COMPLETE
581,0.0,2025-06-30 13:58:14.856298,2025-06-30 15:56:20.540735,0 days 01:58:05.684437,30,12,236,18,8,22,13,22,100,COMPLETE
582,0.0,2025-06-30 13:58:14.927077,2025-06-30 15:59:31.759675,0 days 02:01:16.832598,24,17,133,7,6,40,18,23,86,COMPLETE
583,0.0,2025-06-30 13:58:14.950158,2025-06-30 15:55:39.723181,0 days 01:57:24.773023,26,7,289,7,11,47,16,9,75,COMPLETE
584,0.0,2025-06-30 13:58:14.951345,2025-06-30 15:54:42.063520,0 days 01:56:27.112175,15,16,256,13,19,47,6,10,75,COMPLETE
585,0.0,2025-06-30 13:58:14.962871,2025-06-30 15:57:04.760078,0 days 01:58:49.797207,21,6,123,6,11,32,16,21,82,COMPLETE
586,0.0,2025-06-30 13:58:14.973791,2025-06-30 15:55:42.943018,0 days 01:57:27.969227,30,15,240,19,6,44,30,25,83,COMPLETE
587,0.0,2025-06-30 13:58:14.984506,2025-06-30 15:56:27.112603,0 days 01:58:12.128097,10,16,172,9,15,32,8,3,82,COMPLETE
588,0.0,2025-06-30 13:58:14.995280,2025-06-30 15:58:08.541240,0 days 01:59:53.545960,29,10,164,19,10,32,30,15,85,COMPLETE
589,0.0,2025-06-30 13:58:15.012573,2025-06-30 15:57:36.062990,0 days 01:59:21.050417,18,6,199,9,12,16,16,15,87,COMPLETE
590,0.0,2025-06-30 13:58:15.085775,2025-06-30 16:05:36.185010,0 days 02:07:21.099235,22,11,263,10,14,48,26,10,94,COMPLETE
591,0.0,2025-06-30 13:58:15.115386,2025-06-30 15:57:46.629303,0 days 01:59:31.513917,11,17,211,15,16,43,27,9,79,COMPLETE
592,0.0,2025-06-30 13:58:15.150314,2025-06-30 15:57:13.676011,0 days 01:58:58.525697,26,14,292,13,8,28,24,10,93,COMPLETE
593,0.0,2025-06-30 13:58:15.172659,2025-06-30 15:53:28.538604,0 days 01:55:13.365945,28,10,245,20,8,28,28,1,72,COMPLETE
594,0.0,2025-06-30 13:58:15.189518,2025-06-30 15:58:56.026744,0 days 02:00:40.837226,24,11,209,5,14,42,25,2,92,COMPLETE
595,-103.2664784673869,2025-06-30 13:58:15.201628,2025-06-30 15:58:01.923340,0 days 01:59:46.721712,24,10,67,5,13,43,8,21,96,COMPLETE
596,0.0,2025-06-30 13:58:15.229712,2025-06-30 15:57:23.058130,0 days 01:59:07.828418,28,8,192,6,10,39,25,23,92,COMPLETE
597,0.0,2025-06-30 13:58:15.259471,2025-06-30 15:58:30.613821,0 days 02:00:15.354350,19,8,122,13,7,44,11,16,94,COMPLETE
598,0.0,2025-06-30 13:58:15.279971,2025-06-30 15:59:09.046404,0 days 02:00:53.766433,14,20,108,11,11,35,23,13,85,COMPLETE
599,0.0,2025-06-30 13:58:15.323979,2025-06-30 15:57:20.633717,0 days 01:59:05.309738,11,20,64,10,13,49,16,5,73,COMPLETE
600,0.0,2025-06-30 13:58:15.324666,2025-06-30 15:58:16.274111,0 days 02:00:00.949445,24,20,271,8,19,31,27,22,74,COMPLETE
601,-16.270761609600186,2025-06-30 13:58:15.363980,2025-06-30 15:58:35.961741,0 days 02:00:20.597761,26,12,90,20,10,29,13,28,99,COMPLETE
602,0.0,2025-06-30 13:58:15.415423,2025-06-30 15:58:17.318178,0 days 02:00:01.902755,24,11,98,19,17,43,16,27,91,COMPLETE
603,0.0,2025-06-30 13:58:15.426339,2025-06-30 15:58:24.929531,0 days 02:00:09.503192,29,5,300,11,14,18,17,6,75,COMPLETE
604,0.0,2025-06-30 13:58:15.446082,2025-06-30 15:58:44.892980,0 days 02:00:29.446898,23,7,221,6,17,34,11,6,87,COMPLETE
605,0.0,2025-06-30 13:58:15.453441,2025-06-30 15:59:20.664525,0 days 02:01:05.211084,15,10,295,17,8,38,14,12,74,COMPLETE
606,0.0,2025-06-30 13:58:15.503339,2025-06-30 15:59:01.663476,0 days 02:00:46.160137,30,14,189,20,9,46,23,16,70,COMPLETE
607,0.0,2025-06-30 13:58:15.515501,2025-06-30 15:58:04.989015,0 days 01:59:49.473514,27,12,161,18,16,29,24,3,93,COMPLETE
608,0.0,2025-06-30 13:58:15.521674,2025-06-30 15:58:15.713981,0 days 02:00:00.192307,15,20,62,15,7,48,16,21,99,COMPLETE
609,0.0,2025-06-30 13:58:15.527855,2025-06-30 15:58:47.366682,0 days 02:00:31.838827,10,18,269,14,7,26,16,1,75,COMPLETE
610,0.0,2025-06-30 13:58:15.538570,2025-06-30 15:59:14.434566,0 days 02:00:58.895996,19,17,87,8,10,34,15,22,71,COMPLETE
611,0.0,2025-06-30 13:58:15.549916,2025-06-30 15:57:26.122475,0 days 01:59:10.572559,16,19,133,6,14,19,16,23,76,COMPLETE
612,0.0,2025-06-30 13:58:15.566952,2025-06-30 14:38:55.116220,0 days 00:40:39.549268,21,11,157,17,11,16,24,24,85,COMPLETE
613,0.0,2025-06-30 13:58:15.627595,2025-06-30 15:58:31.588307,0 days 02:00:15.960712,26,14,177,7,16,20,30,20,92,COMPLETE
614,0.0,2025-06-30 13:58:15.638428,2025-06-30 15:57:33.085721,0 days 01:59:17.447293,30,11,252,5,9,44,30,3,98,COMPLETE
615,0.0,2025-06-30 13:58:15.665272,2025-06-30 16:01:07.827451,0 days 02:02:52.162179,15,16,150,17,8,23,16,2,85,COMPLETE
616,0.0,2025-06-30 13:58:15.676041,2025-06-30 15:57:31.568504,0 days 01:59:15.892463,26,18,154,12,13,47,24,17,70,COMPLETE
617,-74.39034000319097,2025-06-30 13:58:15.724671,2025-06-30 16:00:06.149793,0 days 02:01:50.425122,17,8,214,7,10,27,8,25,97,COMPLETE
618,0.0,2025-06-30 13:58:15.746205,2025-06-30 15:59:19.760969,0 days 02:01:04.014764,20,5,94,9,12,35,11,17,97,COMPLETE
619,0.0,2025-06-30 13:58:15.756984,2025-06-30 15:55:51.666881,0 days 01:57:35.909897,26,8,151,20,6,40,17,18,98,COMPLETE
620,0.0,2025-06-30 13:58:15.778444,2025-06-30 15:59:11.399073,0 days 02:00:55.620629,19,16,298,17,15,31,20,18,81,COMPLETE
621,-17.069899016100635,2025-06-30 13:58:15.789195,2025-06-30 15:57:36.340081,0 days 01:59:20.550886,17,17,127,15,18,27,5,18,88,COMPLETE
622,0.0,2025-06-30 13:58:15.800090,2025-06-30 14:39:24.171292,0 days 00:41:08.371202,30,13,286,18,14,17,21,15,77,COMPLETE
623,0.0,2025-06-30 13:58:15.821783,2025-06-30 16:00:45.746553,0 days 02:02:29.924770,15,17,152,11,18,15,22,25,95,COMPLETE
624,0.0,2025-06-30 13:58:15.837774,2025-06-30 15:58:12.143204,0 days 01:59:56.305430,12,11,155,17,5,26,25,19,95,COMPLETE
625,0.0,2025-06-30 13:58:15.848342,2025-06-30 16:00:16.866927,0 days 02:02:01.018585,21,18,260,17,16,26,17,7,76,COMPLETE
626,0.0,2025-06-30 13:58:15.875190,2025-06-30 15:59:11.586700,0 days 02:00:55.711510,14,8,142,5,6,36,13,24,83,COMPLETE
627,0.0,2025-06-30 13:58:15.891433,2025-06-30 16:00:41.614141,0 days 02:02:25.722708,15,13,84,12,20,27,12,3,89,COMPLETE
628,0.0,2025-06-30 13:58:15.934588,2025-06-30 15:57:32.766589,0 days 01:59:16.832001,27,9,80,6,12,35,7,5,91,COMPLETE
629,0.0,2025-06-30 13:58:15.983349,2025-06-30 16:00:32.108138,0 days 02:02:16.124789,23,11,224,12,13,22,9,2,92,COMPLETE
630,0.0,2025-06-30 13:58:16.038026,2025-06-30 16:01:24.098480,0 days 02:03:08.060454,15,9,118,8,5,15,21,2,71,COMPLETE
631,0.0,2025-06-30 13:58:16.048784,2025-06-30 15:57:10.913579,0 days 01:58:54.864795,22,15,208,15,7,50,9,16,100,COMPLETE
632,0.0,2025-06-30 13:58:16.059492,2025-06-30 15:59:16.279994,0 days 02:01:00.220502,27,9,240,15,20,38,7,20,74,COMPLETE
633,0.0,2025-06-30 13:58:16.119680,2025-06-30 15:58:33.825683,0 days 02:00:17.706003,16,18,183,18,19,50,12,17,89,COMPLETE
634,0.0,2025-06-30 13:58:16.168169,2025-06-30 15:59:53.601355,0 days 02:01:37.433186,10,7,115,18,7,34,26,7,100,COMPLETE
635,0.0,2025-06-30 13:58:16.184172,2025-06-30 16:01:03.142860,0 days 02:02:46.958688,30,20,192,11,15,30,30,24,99,COMPLETE
636,-11.022558355446336,2025-06-30 13:58:16.194808,2025-06-30 15:59:12.175876,0 days 02:00:55.981068,20,16,188,9,19,21,5,12,77,COMPLETE
637,0.0,2025-06-30 13:58:16.242465,2025-06-30 15:58:21.648369,0 days 02:00:05.405904,16,20,109,8,19,40,23,19,70,COMPLETE
638,0.0,2025-06-30 13:58:16.268916,2025-06-30 15:56:48.211706,0 days 01:58:31.942790,11,20,181,8,17,45,14,4,92,COMPLETE
639,0.0,2025-06-30 13:58:16.295282,2025-06-30 15:57:28.221884,0 days 01:59:11.926602,24,13,293,18,7,30,20,13,94,COMPLETE
640,0.0,2025-06-30 13:58:16.327466,2025-06-30 15:58:43.569165,0 days 02:00:27.241699,23,6,254,9,15,20,30,25,81,COMPLETE
641,0.0,2025-06-30 13:58:16.354227,2025-06-30 16:00:09.794310,0 days 02:01:53.440083,23,18,300,13,19,44,15,3,100,COMPLETE
642,0.0,2025-06-30 13:58:16.429126,2025-06-30 15:59:04.930965,0 days 02:00:48.501839,20,6,283,18,20,27,22,28,72,COMPLETE
643,0.0,2025-06-30 13:58:16.445278,2025-06-30 15:58:30.090109,0 days 02:00:13.644831,15,6,284,5,16,21,13,1,93,COMPLETE
644,0.0,2025-06-30 13:58:16.455805,2025-06-30 14:40:06.299951,0 days 00:41:49.844146,29,11,93,20,18,15,19,0,82,COMPLETE
645,0.0,2025-06-30 13:58:16.482268,2025-06-30 15:59:53.133020,0 days 02:01:36.650752,18,14,221,10,20,17,29,26,73,COMPLETE
646,0.0,2025-06-30 13:58:16.498372,2025-06-30 16:00:21.467842,0 days 02:02:04.969470,18,15,238,16,18,29,26,30,73,COMPLETE
647,0.0,2025-06-30 13:58:16.580555,2025-06-30 16:00:36.311601,0 days 02:02:19.731046,20,9,140,8,16,24,22,2,73,COMPLETE
648,0.0,2025-06-30 13:58:16.596669,2025-06-30 15:59:46.892784,0 days 02:01:30.296115,15,14,280,13,11,49,18,11,97,COMPLETE
649,6350.557655910083,2025-06-30 13:58:16.623406,2025-06-30 15:59:01.071895,0 days 02:00:44.448489,10,17,89,7,6,40,5,24,71,COMPLETE
650,0.0,2025-06-30 13:58:16.645209,2025-06-30 14:40:23.289044,0 days 00:42:06.643835,18,7,129,19,5,18,21,30,83,COMPLETE
651,0.0,2025-06-30 13:58:16.710233,2025-06-30 15:59:00.228732,0 days 02:00:43.518499,21,15,109,5,18,26,25,16,80,COMPLETE
652,-61.29063371844454,2025-06-30 13:58:16.747464,2025-06-30 15:58:40.138435,0 days 02:00:23.390971,10,14,158,5,15,21,7,23,77,COMPLETE
653,0.0,2025-06-30 13:58:16.768920,2025-06-30 16:01:12.171673,0 days 02:02:55.402753,13,8,80,17,5,21,25,6,78,COMPLETE
654,0.0,2025-06-30 13:58:16.860159,2025-06-30 16:01:22.178139,0 days 02:03:05.317980,21,9,262,17,12,30,20,6,98,COMPLETE
655,0.0,2025-06-30 13:58:16.897379,2025-06-30 15:58:38.527763,0 days 02:00:21.630384,20,19,191,18,12,22,16,27,88,COMPLETE
656,0.0,2025-06-30 13:58:16.924104,2025-06-30 14:40:36.729248,0 days 00:42:19.805144,22,10,101,19,15,17,28,28,92,COMPLETE
657,0.0,2025-06-30 13:58:16.993520,2025-06-30 15:58:06.460768,0 days 01:59:49.467248,13,8,160,8,10,29,17,17,80,COMPLETE
658,0.0,2025-06-30 13:58:17.148667,2025-06-30 16:01:39.236557,0 days 02:03:22.087890,22,20,79,7,10,19,12,1,100,COMPLETE
659,0.0,2025-06-30 13:58:17.400128,2025-06-30 16:00:20.541579,0 days 02:02:03.141451,22,6,95,10,8,23,20,26,95,COMPLETE
660,0.0,2025-06-30 13:58:17.421610,2025-06-30 16:05:36.152988,0 days 02:07:18.731378,11,16,177,8,9,20,17,19,77,COMPLETE
661,0.0,2025-06-30 13:58:17.475039,2025-06-30 16:02:03.831897,0 days 02:03:46.356858,27,10,96,10,10,21,10,16,72,COMPLETE
662,0.0,2025-06-30 13:58:17.485798,2025-06-30 15:59:53.194557,0 days 02:01:35.708759,11,17,299,17,12,35,6,7,84,COMPLETE
663,0.0,2025-06-30 13:58:17.561127,2025-06-30 16:02:00.233125,0 days 02:03:42.671998,13,7,197,12,20,39,29,26,99,COMPLETE
664,0.0,2025-06-30 13:58:17.577404,2025-06-30 14:40:54.633297,0 days 00:42:37.055893,29,5,137,16,15,15,30,28,83,COMPLETE
665,0.0,2025-06-30 13:58:17.620201,2025-06-30 15:59:34.945021,0 days 02:01:17.324820,12,8,166,7,17,25,9,5,83,COMPLETE
666,0.0,2025-06-30 13:58:17.690640,2025-06-30 16:01:04.434789,0 days 02:02:46.744149,27,13,110,17,12,44,20,10,82,COMPLETE
667,0.0,2025-06-30 13:58:17.728139,2025-06-30 16:00:35.263871,0 days 02:02:17.535732,22,11,237,19,12,34,13,12,74,COMPLETE
668,0.0,2025-06-30 13:58:17.738668,2025-06-30 16:00:20.378444,0 days 02:02:02.639776,26,9,196,19,6,31,28,15,78,COMPLETE
669,0.0,2025-06-30 13:58:17.797900,2025-06-30 15:59:38.728072,0 days 02:01:20.930172,13,15,116,15,9,28,13,7,83,COMPLETE
670,-17.069899016100635,2025-06-30 13:58:17.819324,2025-06-30 16:00:42.970078,0 days 02:02:25.150754,27,12,161,13,14,43,7,30,84,COMPLETE
671,0.0,2025-06-30 13:58:17.877732,2025-06-30 16:02:54.866998,0 days 02:04:36.989266,19,19,255,18,20,42,12,27,100,COMPLETE
672,0.0,2025-06-30 13:58:17.915347,2025-06-30 16:03:14.651943,0 days 02:04:56.736596,15,20,187,17,7,46,10,4,78,COMPLETE
673,0.0,2025-06-30 13:58:17.968602,2025-06-30 16:00:42.059428,0 days 02:02:24.090826,23,18,200,8,8,32,29,13,87,COMPLETE
674,0.0,2025-06-30 13:58:18.026468,2025-06-30 16:00:35.215517,0 days 02:02:17.189049,29,13,88,13,15,29,27,2,86,COMPLETE
675,0.0,2025-06-30 13:58:18.053408,2025-06-30 15:59:34.052843,0 days 02:01:15.999435,30,12,54,14,6,49,17,5,70,COMPLETE
676,0.0,2025-06-30 13:58:18.090894,2025-06-30 16:02:32.511871,0 days 02:04:14.420977,18,17,192,19,15,49,21,22,79,COMPLETE
677,-96.36265545984254,2025-06-30 13:58:18.229382,2025-06-30 16:00:39.115200,0 days 02:02:20.885818,12,7,226,16,5,27,6,24,97,COMPLETE
678,0.0,2025-06-30 13:58:18.282670,2025-06-30 16:01:56.551326,0 days 02:03:38.268656,13,16,198,12,17,30,22,7,100,COMPLETE
679,-17.069899016100635,2025-06-30 13:58:18.309572,2025-06-30 16:02:02.624193,0 days 02:03:44.314621,17,15,268,14,13,36,10,30,84,COMPLETE
680,0.0,2025-06-30 13:58:18.320393,2025-06-30 16:03:47.518020,0 days 02:05:29.197627,19,5,294,15,15,22,27,24,72,COMPLETE
681,0.0,2025-06-30 13:58:18.336576,2025-06-30 16:01:40.281643,0 days 02:03:21.945067,20,14,50,14,16,45,11,7,84,COMPLETE
682,0.0,2025-06-30 13:58:18.379710,2025-06-30 15:59:40.198591,0 days 02:01:21.818881,19,8,212,12,10,23,18,6,72,COMPLETE
683,0.0,2025-06-30 13:58:18.406478,2025-06-30 16:01:54.222498,0 days 02:03:35.816020,17,15,187,12,11,27,19,23,81,COMPLETE
684,-17.069899016100635,2025-06-30 13:58:18.417178,2025-06-30 16:01:42.960738,0 days 02:03:24.543560,21,15,260,10,20,35,10,23,90,COMPLETE
685,0.0,2025-06-30 13:58:18.542127,2025-06-30 15:59:18.939304,0 days 02:01:00.397177,30,14,101,20,20,28,23,2,83,COMPLETE
686,0.0,2025-06-30 13:58:18.552697,2025-06-30 16:00:33.984351,0 days 02:02:15.431654,28,15,219,5,11,20,12,19,78,COMPLETE
687,0.0,2025-06-30 13:58:18.646372,2025-06-30 16:01:17.718156,0 days 02:02:59.071784,11,10,82,9,18,23,30,4,100,COMPLETE
688,0.0,2025-06-30 13:58:18.668004,2025-06-30 16:02:23.407265,0 days 02:04:04.739261,12,14,187,6,12,39,15,2,70,COMPLETE
689,-12.76051048018553,2025-06-30 13:58:18.721366,2025-06-30 16:01:39.556218,0 days 02:03:20.834852,23,7,91,5,14,24,10,21,81,COMPLETE
690,0.0,2025-06-30 13:58:18.732169,2025-06-30 15:59:56.758676,0 days 02:01:38.026507,27,16,220,9,16,36,19,11,88,COMPLETE
691,0.0,2025-06-30 13:58:18.791028,2025-06-30 16:01:29.818492,0 days 02:03:11.027464,29,14,261,8,11,33,18,14,84,COMPLETE
692,0.0,2025-06-30 13:58:18.854942,2025-06-30 16:03:57.875903,0 days 02:05:39.020961,19,11,125,10,6,27,12,6,77,COMPLETE
693,-11.022558355446336,2025-06-30 13:58:18.881376,2025-06-30 16:04:16.685207,0 days 02:05:57.803831,15,12,292,8,18,25,15,29,96,COMPLETE
694,0.0,2025-06-30 13:58:18.934250,2025-06-30 16:01:59.801119,0 days 02:03:40.866869,18,18,255,7,18,41,13,23,88,COMPLETE
695,0.0,2025-06-30 13:58:19.008990,2025-06-30 16:00:09.021226,0 days 02:01:50.012236,26,14,125,14,15,24,29,30,77,COMPLETE
696,0.0,2025-06-30 13:58:19.019995,2025-06-30 16:01:52.508711,0 days 02:03:33.488716,17,18,92,5,9,44,17,13,79,COMPLETE
697,0.0,2025-06-30 13:58:19.036303,2025-06-30 16:01:58.782872,0 days 02:03:39.746569,19,9,164,13,15,46,27,13,81,COMPLETE
698,0.0,2025-06-30 13:58:19.074493,2025-06-30 16:03:35.367210,0 days 02:05:16.292717,29,19,193,5,6,37,25,6,99,COMPLETE
699,0.0,2025-06-30 13:58:19.085458,2025-06-30 16:03:14.226188,0 days 02:04:55.140730,21,19,73,16,17,35,23,10,72,COMPLETE
700,0.0,2025-06-30 13:58:19.112290,2025-06-30 14:42:40.998987,0 days 00:44:21.886697,21,13,69,18,20,15,20,29,89,COMPLETE
701,-12.76051048018553,2025-06-30 13:58:19.122963,2025-06-30 16:02:24.350549,0 days 02:04:05.227586,18,17,152,7,10,22,8,16,72,COMPLETE
702,0.0,2025-06-30 13:58:19.144189,2025-06-30 16:03:06.049105,0 days 02:04:46.904916,30,13,207,9,11,31,9,6,84,COMPLETE
703,-16.270761609600186,2025-06-30 13:58:19.171107,2025-06-30 16:02:09.993501,0 days 02:03:50.822394,19,11,171,12,13,34,15,29,99,COMPLETE
704,0.0,2025-06-30 13:58:19.181907,2025-06-30 16:02:07.236972,0 days 02:03:48.055065,19,10,129,9,18,41,12,10,81,COMPLETE
705,0.0,2025-06-30 13:58:19.192734,2025-06-30 16:01:51.463753,0 days 02:03:32.271019,26,11,223,17,13,28,21,23,95,COMPLETE
706,0.0,2025-06-30 13:58:19.203549,2025-06-30 16:02:40.252165,0 days 02:04:21.048616,17,19,103,13,9,35,18,13,99,COMPLETE
707,0.0,2025-06-30 13:58:19.214137,2025-06-30 16:02:23.496052,0 days 02:04:04.281915,12,20,219,6,13,34,6,3,84,COMPLETE
708,0.0,2025-06-30 13:58:19.235470,2025-06-30 16:01:09.196115,0 days 02:02:49.960645,30,19,217,12,14,19,19,0,90,COMPLETE
709,0.0,2025-06-30 13:58:19.251676,2025-06-30 15:59:54.951726,0 days 02:01:35.700050,24,16,289,7,10,38,23,11,93,COMPLETE
710,0.0,2025-06-30 13:58:19.278177,2025-06-30 16:02:22.885927,0 days 02:04:03.607750,11,6,173,16,11,44,22,9,98,COMPLETE
711,0.0,2025-06-30 13:58:19.337516,2025-06-30 16:01:51.604493,0 days 02:03:32.266977,18,6,157,17,15,20,15,26,71,COMPLETE
712,0.0,2025-06-30 13:58:19.374818,2025-06-30 16:03:07.910144,0 days 02:04:48.535326,12,15,104,7,19,42,11,9,70,COMPLETE
713,-11.022558355446336,2025-06-30 13:58:19.529975,2025-06-30 16:03:19.630529,0 days 02:05:00.100554,11,13,110,13,10,25,5,16,87,COMPLETE
714,0.0,2025-06-30 13:58:19.584906,2025-06-30 16:02:23.557585,0 days 02:04:03.972679,14,19,288,7,16,50,10,18,76,COMPLETE
715,0.0,2025-06-30 13:58:19.611664,2025-06-30 16:03:16.421223,0 days 02:04:56.809559,15,12,93,11,18,43,15,23,84,COMPLETE
716,-69.52694716032826,2025-06-30 13:58:19.632947,2025-06-30 16:02:46.420118,0 days 02:04:26.787171,24,8,128,16,7,48,12,27,83,COMPLETE
717,0.0,2025-06-30 13:58:19.675116,2025-06-30 16:03:27.097192,0 days 02:05:07.422076,25,11,270,6,5,39,26,5,71,COMPLETE
718,0.0,2025-06-30 13:58:19.696676,2025-06-30 16:02:30.939680,0 days 02:04:11.243004,24,17,56,17,13,46,20,14,70,COMPLETE
719,0.0,2025-06-30 13:58:19.707608,2025-06-30 16:03:03.476211,0 days 02:04:43.768603,27,10,140,6,11,18,13,11,95,COMPLETE
720,0.0,2025-06-30 13:58:19.739056,2025-06-30 16:03:46.314874,0 days 02:05:26.575818,29,6,121,19,5,35,14,19,99,COMPLETE
721,0.0,2025-06-30 13:58:19.787149,2025-06-30 16:02:30.394446,0 days 02:04:10.607297,20,12,155,18,16,42,25,10,92,COMPLETE
722,0.0,2025-06-30 13:58:19.814005,2025-06-30 16:02:22.908210,0 days 02:04:03.094205,25,5,51,17,13,37,27,12,98,COMPLETE
723,0.0,2025-06-30 13:58:19.878272,2025-06-30 16:02:14.893577,0 days 02:03:55.015305,19,7,136,20,15,40,30,20,96,COMPLETE
724,0.0,2025-06-30 13:58:19.920839,2025-06-30 16:01:58.686951,0 days 02:03:38.766112,17,9,160,13,9,27,14,11,85,COMPLETE
725,0.0,2025-06-30 13:58:20.008252,2025-06-30 16:03:10.767680,0 days 02:04:50.759428,14,11,272,11,20,17,5,1,96,COMPLETE
726,0.0,2025-06-30 13:58:20.024230,2025-06-30 16:03:33.852239,0 days 02:05:13.828009,14,15,232,5,5,33,12,5,79,COMPLETE
727,-99.25444310244156,2025-06-30 13:58:20.040364,2025-06-30 16:01:35.602639,0 days 02:03:15.562275,14,6,63,7,13,35,10,23,80,COMPLETE
728,0.0,2025-06-30 13:58:20.067337,2025-06-30 16:02:38.671885,0 days 02:04:18.604548,14,11,232,18,9,37,26,9,92,COMPLETE
729,0.0,2025-06-30 13:58:20.120429,2025-06-30 16:02:48.975364,0 days 02:04:28.854935,11,19,280,15,8,20,22,13,82,COMPLETE
730,0.0,2025-06-30 13:58:20.206530,2025-06-30 16:02:53.746714,0 days 02:04:33.540184,13,7,92,8,16,43,18,17,97,COMPLETE
731,0.0,2025-06-30 13:58:20.239612,2025-06-30 16:03:04.881943,0 days 02:04:44.642331,27,6,228,19,8,24,15,21,100,COMPLETE
732,-50.55904553714504,2025-06-30 13:58:20.336885,2025-06-30 16:03:18.768593,0 days 02:04:58.431708,21,6,136,9,10,45,15,30,79,COMPLETE
733,0.0,2025-06-30 13:58:20.347998,2025-06-30 16:02:38.739579,0 days 02:04:18.391581,12,10,152,10,19,41,24,3,78,COMPLETE
734,0.0,2025-06-30 13:58:20.374657,2025-06-30 16:03:24.670365,0 days 02:05:04.295708,16,14,136,15,12,19,19,25,89,COMPLETE
735,0.0,2025-06-30 13:58:20.509921,2025-06-30 16:02:20.290766,0 days 02:03:59.780845,22,6,231,6,5,28,14,21,71,COMPLETE
736,0.0,2025-06-30 13:58:20.573796,2025-06-30 16:04:00.580499,0 days 02:05:40.006703,29,5,110,13,13,49,12,14,91,COMPLETE
737,0.0,2025-06-30 13:58:20.584397,2025-06-30 16:02:22.379923,0 days 02:04:01.795526,20,16,194,14,20,23,28,24,98,COMPLETE
738,0.0,2025-06-30 13:58:20.632142,2025-06-30 16:03:33.687619,0 days 02:05:13.055477,28,13,159,17,14,42,16,7,76,COMPLETE
739,0.0,2025-06-30 13:58:20.680445,2025-06-30 16:03:33.353448,0 days 02:05:12.673003,13,10,95,14,16,37,24,5,86,COMPLETE
740,0.0,2025-06-30 13:58:20.717799,2025-06-30 16:02:31.891762,0 days 02:04:11.173963,14,17,81,12,17,20,17,21,81,COMPLETE
741,4585.110710411265,2025-06-30 13:58:20.819621,2025-06-30 16:04:11.457789,0 days 02:05:50.638168,11,13,263,6,18,48,6,29,77,COMPLETE
742,0.0,2025-06-30 13:58:20.917449,2025-06-30 14:44:21.982953,0 days 00:46:01.065504,29,5,122,20,18,18,10,1,78,COMPLETE
743,0.0,2025-06-30 13:58:20.949863,2025-06-30 16:04:37.587844,0 days 02:06:16.637981,14,8,179,13,10,30,11,9,80,COMPLETE
744,0.0,2025-06-30 13:58:20.971313,2025-06-30 16:03:33.714118,0 days 02:05:12.742805,12,9,112,9,6,38,27,28,81,COMPLETE
745,-16.270761609600186,2025-06-30 13:58:21.008770,2025-06-30 16:01:44.303510,0 days 02:03:23.294740,17,15,197,13,9,40,6,17,82,COMPLETE
746,0.0,2025-06-30 13:58:21.019646,2025-06-30 16:03:31.961845,0 days 02:05:10.942199,19,8,59,13,7,34,17,6,91,COMPLETE
747,0.0,2025-06-30 13:58:21.035697,2025-06-30 16:02:06.577142,0 days 02:03:45.541445,25,6,167,20,5,31,18,29,76,COMPLETE
748,0.0,2025-06-30 13:58:21.046574,2025-06-30 16:03:34.016620,0 days 02:05:12.970046,17,13,80,11,9,42,10,17,93,COMPLETE
749,0.0,2025-06-30 13:58:21.067991,2025-06-30 16:04:07.756920,0 days 02:05:46.688929,25,13,228,5,10,22,16,5,77,COMPLETE
750,0.0,2025-06-30 13:58:21.105099,2025-06-30 16:03:09.356431,0 days 02:04:48.251332,15,12,196,13,7,40,15,16,82,COMPLETE
751,0.0,2025-06-30 13:58:21.115767,2025-06-30 16:04:18.255334,0 days 02:05:57.139567,15,13,144,17,10,50,30,18,91,COMPLETE
752,-77.87140591228712,2025-06-30 13:58:21.142820,2025-06-30 16:03:30.960562,0 days 02:05:09.817742,14,15,51,11,12,39,8,22,71,COMPLETE
753,0.0,2025-06-30 13:58:21.207476,2025-06-30 16:04:07.272483,0 days 02:05:46.065007,23,6,229,7,13,26,18,27,82,COMPLETE
754,0.0,2025-06-30 13:58:21.218487,2025-06-30 16:03:28.928455,0 days 02:05:07.709968,11,15,134,5,14,17,21,26,95,COMPLETE
755,-54.67386565222863,2025-06-30 13:58:21.229281,2025-06-30 16:03:19.652005,0 days 02:04:58.422724,10,17,99,14,5,40,8,27,87,COMPLETE
756,0.0,2025-06-30 13:58:21.272471,2025-06-30 16:04:59.921970,0 days 02:06:38.649499,27,8,279,18,8,23,28,4,92,COMPLETE
757,-11.022558355446336,2025-06-30 13:58:21.283431,2025-06-30 16:04:22.628928,0 days 02:06:01.345497,23,11,285,5,14,41,7,22,76,COMPLETE
758,-67.17025699937624,2025-06-30 13:58:21.299896,2025-06-30 16:03:24.064619,0 days 02:05:02.764723,11,12,79,13,18,32,16,30,91,COMPLETE
759,0.0,2025-06-30 13:58:21.353489,2025-06-30 14:45:45.070600,0 days 00:47:23.717111,29,7,94,17,18,15,7,14,86,COMPLETE
760,0.0,2025-06-30 13:58:21.364563,2025-06-30 16:04:47.769645,0 days 02:06:26.405082,11,15,95,12,20,40,15,1,76,COMPLETE
761,0.0,2025-06-30 13:58:21.401845,2025-06-30 16:03:33.263816,0 days 02:05:11.861971,17,15,148,9,20,31,10,12,72,COMPLETE
762,0.0,2025-06-30 13:58:21.423388,2025-06-30 16:03:54.236340,0 days 02:05:32.812952,16,13,257,7,8,42,17,24,92,COMPLETE
763,95.65657514583063,2025-06-30 13:58:21.434239,2025-06-30 16:05:02.023336,0 days 02:06:40.589097,28,10,70,20,19,43,6,14,96,COMPLETE
764,0.0,2025-06-30 13:58:21.461250,2025-06-30 16:02:40.761076,0 days 02:04:19.299826,17,18,106,17,20,40,30,5,83,COMPLETE
765,0.0,2025-06-30 13:58:21.472182,2025-06-30 16:04:27.539479,0 days 02:06:06.067297,28,10,143,9,19,26,8,8,70,COMPLETE
766,0.0,2025-06-30 13:58:21.525522,2025-06-30 16:04:29.022709,0 days 02:06:07.497187,19,13,139,17,18,28,23,15,86,COMPLETE
767,0.0,2025-06-30 13:58:21.536475,2025-06-30 16:04:07.065052,0 days 02:05:45.528577,21,5,158,15,6,36,28,1,77,COMPLETE
768,0.0,2025-06-30 13:58:21.547261,2025-06-30 14:46:21.131537,0 days 00:47:59.584276,26,16,280,18,13,17,11,3,95,COMPLETE
769,0.0,2025-06-30 13:58:21.574335,2025-06-30 16:03:31.961946,0 days 02:05:10.387611,20,12,281,19,5,22,30,29,94,COMPLETE
770,0.0,2025-06-30 13:58:21.600934,2025-06-30 16:03:45.759055,0 days 02:05:24.158121,13,17,117,6,16,31,12,20,94,COMPLETE
771,-184.1581899241212,2025-06-30 13:58:21.622165,2025-06-30 16:04:48.204523,0 days 02:06:26.582358,19,6,278,5,10,27,14,29,94,COMPLETE
772,0.0,2025-06-30 13:58:21.632936,2025-06-30 16:03:13.909068,0 days 02:04:52.276132,21,19,190,9,5,46,23,28,74,COMPLETE
773,0.0,2025-06-30 13:58:21.643699,2025-06-30 16:04:51.470707,0 days 02:06:29.827008,16,10,300,16,11,31,19,15,86,COMPLETE
774,0.0,2025-06-30 13:58:21.665094,2025-06-30 16:03:38.936071,0 days 02:05:17.270977,14,5,287,11,15,40,30,4,94,COMPLETE
775,0.0,2025-06-30 13:58:21.686572,2025-06-30 16:04:33.022683,0 days 02:06:11.336111,24,19,63,5,17,36,27,23,84,COMPLETE
776,0.0,2025-06-30 13:58:21.718619,2025-06-30 16:04:47.901920,0 days 02:06:26.183301,23,16,255,8,10,24,17,27,77,COMPLETE
777,0.0,2025-06-30 13:58:21.803583,2025-06-30 16:04:51.124764,0 days 02:06:29.321181,18,20,88,7,16,47,25,2,82,COMPLETE
778,0.0,2025-06-30 13:58:21.824631,2025-06-30 16:04:48.824352,0 days 02:06:26.999721,24,13,185,17,8,19,7,12,88,COMPLETE
779,0.0,2025-06-30 13:58:21.835437,2025-06-30 16:03:29.127819,0 days 02:05:07.292382,23,15,271,6,13,19,12,0,71,COMPLETE
780,0.0,2025-06-30 13:58:21.846085,2025-06-30 16:05:21.852853,0 days 02:07:00.006768,14,20,134,17,14,25,13,12,89,COMPLETE
781,0.0,2025-06-30 13:58:21.878358,2025-06-30 16:04:14.124397,0 days 02:05:52.246039,25,18,89,11,15,46,27,15,99,COMPLETE
782,-12.76051048018553,2025-06-30 13:58:21.888970,2025-06-30 16:05:35.189621,0 days 02:07:13.300651,19,17,204,6,7,33,10,22,82,COMPLETE
783,0.0,2025-06-30 13:58:21.899626,2025-06-30 16:05:23.758626,0 days 02:07:01.859000,27,17,230,7,12,31,10,9,86,COMPLETE
784,0.0,2025-06-30 13:58:21.910320,2025-06-30 16:05:34.589331,0 days 02:07:12.679011,27,17,92,7,20,49,9,18,85,COMPLETE
785,0.0,2025-06-30 13:58:21.947702,2025-06-30 16:04:21.076130,0 days 02:05:59.128428,28,10,221,13,14,22,30,0,72,COMPLETE
786,0.0,2025-06-30 13:58:21.958513,2025-06-30 16:04:24.565912,0 days 02:06:02.607399,26,6,146,10,13,19,20,3,84,COMPLETE
787,0.0,2025-06-30 13:58:21.974377,2025-06-30 16:03:29.032808,0 days 02:05:07.058431,18,20,225,19,14,27,23,27,94,COMPLETE
788,0.0,2025-06-30 13:58:21.985424,2025-06-30 16:03:36.936779,0 days 02:05:14.951355,21,12,64,10,10,21,9,16,82,COMPLETE
789,0.0,2025-06-30 13:58:22.022395,2025-06-30 14:47:31.889984,0 days 00:49:09.867589,22,15,239,15,9,15,9,16,75,COMPLETE
790,0.0,2025-06-30 13:58:22.033254,2025-06-30 16:04:41.065884,0 days 02:06:19.032630,21,10,96,14,18,17,15,13,94,COMPLETE
791,0.0,2025-06-30 13:58:22.044106,2025-06-30 16:05:03.605286,0 days 02:06:41.561180,16,6,126,7,17,44,9,3,75,COMPLETE
792,99.867266195316,2025-06-30 13:58:22.054984,2025-06-30 16:05:35.637848,0 days 02:07:13.582864,12,8,136,20,17,41,6,23,94,COMPLETE
793,0.0,2025-06-30 13:58:22.065922,2025-06-30 16:05:36.184901,0 days 02:07:14.118979,27,19,167,12,15,28,17,11,87,COMPLETE
794,0.0,2025-06-30 13:58:22.087267,2025-06-30 16:03:58.042130,0 days 02:05:35.954863,15,10,57,10,8,18,16,17,76,COMPLETE
795,0.0,2025-06-30 13:58:22.098031,2025-06-30 16:04:48.316011,0 days 02:06:26.217980,28,15,248,14,14,31,22,11,92,COMPLETE
796,5030.021701135288,2025-06-30 13:58:22.156852,2025-06-30 16:05:36.136905,0 days 02:07:13.980053,14,7,253,10,8,41,5,29,97,COMPLETE
797,0.0,2025-06-30 13:58:22.167455,2025-06-30 14:48:15.251937,0 days 00:49:53.084482,29,19,293,20,20,16,9,11,97,COMPLETE
798,0.0,2025-06-30 13:58:22.178169,2025-06-30 16:05:25.754327,0 days 02:07:03.576158,10,11,257,9,11,42,16,3,88,COMPLETE
799,0.0,2025-06-30 13:58:22.188828,2025-06-30 14:48:24.258099,0 days 00:50:02.069271,29,6,202,18,13,15,25,4,78,COMPLETE
800,0.0,2025-06-30 13:58:22.215635,2025-06-30 16:04:34.901225,0 days 02:06:12.685590,12,13,147,5,11,23,12,18,92,COMPLETE
801,0.0,2025-06-30 13:58:22.226462,2025-06-30 16:04:36.927333,0 days 02:06:14.700871,30,12,182,11,11,42,27,15,92,COMPLETE
802,0.0,2025-06-30 13:58:22.242934,2025-06-30 16:04:33.707268,0 days 02:06:11.464334,14,12,82,15,18,45,21,2,87,COMPLETE
803,0.0,2025-06-30 13:58:22.259118,2025-06-30 16:04:32.875406,0 days 02:06:10.616288,10,17,196,9,9,44,29,11,94,COMPLETE
804,0.0,2025-06-30 13:58:22.269960,2025-06-30 16:03:32.357231,0 days 02:05:10.087271,21,18,176,15,7,24,22,20,80,COMPLETE
805,-61.58805718861119,2025-06-30 13:58:22.280660,2025-06-30 16:04:48.273442,0 days 02:06:25.992782,28,18,172,12,6,32,12,25,74,COMPLETE
806,0.0,2025-06-30 13:58:22.307624,2025-06-30 16:04:08.249472,0 days 02:05:45.941848,20,7,107,6,8,41,18,12,78,COMPLETE
807,0.0,2025-06-30 13:58:22.334319,2025-06-30 16:05:18.833863,0 days 02:06:56.499544,10,14,254,11,8,29,23,17,92,COMPLETE
808,-12.76051048018553,2025-06-30 13:58:22.345132,2025-06-30 16:04:30.945770,0 days 02:06:08.600638,20,13,190,9,13,18,9,22,99,COMPLETE
809,-16.270761609600186,2025-06-30 13:58:22.377466,2025-06-30 16:04:16.412322,0 days 02:05:54.034856,29,13,227,11,11,47,5,8,79,COMPLETE
810,-50.55904553714504,2025-06-30 13:58:22.388122,2025-06-30 16:04:08.868348,0 days 02:05:46.480226,22,18,177,6,15,40,9,30,94,COMPLETE
811,0.0,2025-06-30 13:58:22.420409,2025-06-30 16:05:35.823811,0 days 02:07:13.403402,25,5,266,16,14,45,8,10,99,COMPLETE
812,0.0,2025-06-30 13:58:22.431198,2025-06-30 16:05:21.451907,0 days 02:06:59.020709,11,20,181,8,6,50,14,9,72,COMPLETE
813,0.0,2025-06-30 13:58:22.457703,2025-06-30 16:05:30.452304,0 days 02:07:07.994601,11,12,148,10,11,49,29,16,95,COMPLETE
814,0.0,2025-06-30 13:58:22.484434,2025-06-30 16:04:14.383167,0 days 02:05:51.898733,23,8,258,20,14,33,20,1,73,COMPLETE
815,0.0,2025-06-30 13:58:22.495068,2025-06-30 16:04:48.720724,0 days 02:06:26.225656,15,20,139,12,5,32,20,23,84,COMPLETE
816,0.0,2025-06-30 13:58:22.516012,2025-06-30 16:05:30.508878,0 days 02:07:07.992866,12,16,280,17,20,47,24,25,74,COMPLETE
817,0.0,2025-06-30 13:58:22.547812,2025-06-30 16:05:16.017829,0 days 02:06:53.470017,12,15,200,15,19,38,24,4,73,COMPLETE
818,-16.270761609600186,2025-06-30 13:58:22.558716,2025-06-30 16:05:36.138139,0 days 02:07:13.579423,24,15,296,5,18,48,13,30,95,COMPLETE
819,-61.58805718861119,2025-06-30 13:58:22.574594,2025-06-30 16:04:23.630843,0 days 02:06:01.056249,14,13,151,5,20,24,5,14,86,COMPLETE
820,0.0,2025-06-30 13:58:22.606676,2025-06-30 16:05:12.930056,0 days 02:06:50.323380,30,8,79,15,14,37,20,12,72,COMPLETE
821,0.0,2025-06-30 13:58:22.617820,2025-06-30 16:05:29.639284,0 days 02:07:07.021464,23,20,95,15,9,50,13,10,81,COMPLETE
822,0.0,2025-06-30 13:58:22.628674,2025-06-30 16:05:00.308096,0 days 02:06:37.679422,16,17,143,6,14,23,16,23,97,COMPLETE
823,0.0,2025-06-30 13:58:22.639327,2025-06-30 16:05:32.577832,0 days 02:07:09.938505,30,8,291,11,20,40,30,23,80,COMPLETE
824,0.0,2025-06-30 13:58:22.650190,2025-06-30 16:05:36.154129,0 days 02:07:13.503939,14,6,106,12,11,37,11,11,82,COMPLETE
825,0.0,2025-06-30 13:58:22.660926,2025-06-30 16:05:34.115858,0 days 02:07:11.454932,14,18,109,6,13,19,27,7,75,COMPLETE
826,0.0,2025-06-30 13:58:22.671565,2025-06-30 16:04:57.378132,0 days 02:06:34.706567,24,18,279,12,10,36,19,27,73,COMPLETE
827,0.0,2025-06-30 13:58:22.682477,2025-06-30 16:05:01.476200,0 days 02:06:38.793723,24,10,265,19,12,26,27,12,97,COMPLETE
828,0.0,2025-06-30 13:58:22.714367,2025-06-30 16:05:36.188325,0 days 02:07:13.473958,27,10,292,12,5,24,22,25,96,COMPLETE
829,0.0,2025-06-30 13:58:22.725024,2025-06-30 16:04:44.370449,0 days 02:06:21.645425,30,18,200,19,17,45,26,21,79,COMPLETE
830,0.0,2025-06-30 13:58:22.735665,2025-06-30 16:05:02.134037,0 days 02:06:39.398372,28,11,69,5,8,29,18,19,84,COMPLETE
831,0.0,2025-06-30 13:58:22.746444,2025-06-30 14:50:37.421832,0 days 00:52:14.675388,16,9,216,18,10,18,5,28,96,COMPLETE
832,0.0,2025-06-30 13:58:22.789252,2025-06-30 16:05:36.125645,0 days 02:07:13.336393,29,17,153,19,14,48,20,6,95,COMPLETE
833,0.0,2025-06-30 13:58:22.826535,2025-06-30 16:05:36.133755,0 days 02:07:13.307220,24,6,130,15,14,48,24,11,99,COMPLETE
834,-61.29063371844454,2025-06-30 13:58:22.858525,2025-06-30 16:04:39.022567,0 days 02:06:16.164042,16,17,158,11,8,19,6,17,95,COMPLETE
835,0.0,2025-06-30 13:58:22.880203,2025-06-30 16:04:47.511096,0 days 02:06:24.630893,14,7,120,10,11,49,25,8,88,COMPLETE
836,0.0,2025-06-30 13:58:22.891104,2025-06-30 16:04:53.474294,0 days 02:06:30.583190,29,15,292,13,5,22,22,13,71,COMPLETE
837,0.0,2025-06-30 13:58:22.923322,2025-06-30 16:05:19.908446,0 days 02:06:56.985124,28,16,82,19,9,23,25,11,80,COMPLETE
838,0.0,2025-06-30 13:58:22.944728,2025-06-30 16:05:36.148572,0 days 02:07:13.203844,30,5,106,6,8,48,24,3,89,COMPLETE
839,0.0,2025-06-30 13:58:23.003258,2025-06-30 16:04:53.431721,0 days 02:06:30.428463,10,6,231,7,18,46,30,19,70,COMPLETE
840,0.0,2025-06-30 13:58:23.024618,2025-06-30 16:04:55.471397,0 days 02:06:32.446779,14,5,272,18,5,43,22,19,94,COMPLETE
841,92.80505885360117,2025-06-30 13:58:23.046052,2025-06-30 16:05:36.151093,0 days 02:07:13.105041,30,5,63,19,20,47,6,28,94,COMPLETE
842,0.0,2025-06-30 13:58:23.067139,2025-06-30 16:04:38.201472,0 days 02:06:15.134333,10,10,174,12,13,22,9,11,70,COMPLETE
843,0.0,2025-06-30 13:58:23.077931,2025-06-30 16:05:28.420533,0 days 02:07:05.342602,13,9,199,5,20,44,11,21,92,COMPLETE
844,0.0,2025-06-30 13:58:23.099253,2025-06-30 16:05:27.191062,0 days 02:07:04.091809,14,8,260,18,18,45,17,10,85,COMPLETE
845,0.0,2025-06-30 13:58:23.109942,2025-06-30 16:05:36.219557,0 days 02:07:13.109615,22,20,267,6,12,34,23,2,95,COMPLETE
846,0.0,2025-06-30 13:58:23.120855,2025-06-30 16:05:03.214272,0 days 02:06:40.093417,30,11,218,11,9,21,29,18,81,COMPLETE
847,0.0,2025-06-30 13:58:23.152529,2025-06-30 16:05:34.889483,0 days 02:07:11.736954,13,10,231,11,12,31,5,4,78,COMPLETE
848,0.0,2025-06-30 13:58:23.216992,2025-06-30 16:05:34.063467,0 days 02:07:10.846475,24,8,67,18,10,19,12,21,73,COMPLETE
849,0.0,2025-06-30 13:58:23.227797,2025-06-30 16:05:36.164143,0 days 02:07:12.936346,28,12,276,15,11,43,11,18,88,COMPLETE
850,0.0,2025-06-30 13:58:23.238737,2025-06-30 16:04:31.253719,0 days 02:06:08.014982,27,13,282,6,7,32,16,14,97,COMPLETE
851,0.0,2025-06-30 13:58:23.265583,2025-06-30 16:05:25.790614,0 days 02:07:02.525031,25,7,140,7,5,44,12,19,99,COMPLETE
852,0.0,2025-06-30 13:58:23.276576,2025-06-30 16:05:35.877199,0 days 02:07:12.600623,19,19,262,14,6,28,24,10,96,COMPLETE
853,0.0,2025-06-30 13:58:23.297922,2025-06-30 16:04:38.873479,0 days 02:06:15.575557,12,7,229,17,5,30,20,28,97,COMPLETE
854,0.0,2025-06-30 13:58:23.335461,2025-06-30 16:05:35.265661,0 days 02:07:11.930200,17,17,228,19,9,46,6,0,73,COMPLETE
855,-12.76051048018553,2025-06-30 13:58:23.357334,2025-06-30 16:05:36.159072,0 days 02:07:12.801738,27,7,275,14,6,21,5,17,70,COMPLETE
856,0.0,2025-06-30 13:58:23.405197,2025-06-30 16:05:23.024759,0 days 02:06:59.619562,20,10,229,17,20,34,22,4,75,COMPLETE
857,0.0,2025-06-30 13:58:23.416052,2025-06-30 16:05:32.854535,0 days 02:07:09.438483,21,13,128,14,6,49,15,17,88,COMPLETE
858,0.0,2025-06-30 13:58:23.437317,2025-06-30 16:05:36.160213,0 days 02:07:12.722896,22,6,109,15,19,37,11,22,94,COMPLETE
859,0.0,2025-06-30 13:58:23.447861,2025-06-30 16:05:35.927482,0 days 02:07:12.479621,10,5,150,17,11,31,16,1,83,COMPLETE
860,0.0,2025-06-30 13:58:23.458441,2025-06-30 16:05:36.134851,0 days 02:07:12.676410,26,18,105,17,10,37,27,2,89,COMPLETE
861,-17.069899016100635,2025-06-30 13:58:23.479732,2025-06-30 16:05:31.966467,0 days 02:07:08.486735,28,14,208,18,12,39,6,15,85,COMPLETE
862,0.0,2025-06-30 13:58:23.511897,2025-06-30 16:05:35.861394,0 days 02:07:12.349497,26,18,127,9,19,41,19,12,85,COMPLETE
863,0.0,2025-06-30 13:58:23.533297,2025-06-30 16:05:31.050585,0 days 02:07:07.517288,13,10,95,9,19,20,26,14,93,COMPLETE
864,0.0,2025-06-30 13:58:23.554726,2025-06-30 16:05:13.302480,0 days 02:06:49.747754,25,16,189,11,8,18,25,4,94,COMPLETE
865,0.0,2025-06-30 13:58:23.581437,2025-06-30 16:05:35.461812,0 days 02:07:11.880375,14,17,222,19,7,29,16,20,72,COMPLETE
866,0.0,2025-06-30 13:58:23.618983,2025-06-30 16:05:36.141507,0 days 02:07:12.522524,25,10,152,9,8,42,25,29,85,COMPLETE
867,0.0,2025-06-30 13:58:23.648178,2025-06-30 16:05:20.282372,0 days 02:06:56.634194,27,5,161,13,11,35,27,16,82,COMPLETE
868,0.0,2025-06-30 13:58:23.670030,2025-06-30 16:05:35.927378,0 days 02:07:12.257348,23,18,69,11,14,17,11,19,92,COMPLETE
869,0.0,2025-06-30 13:58:23.005169,2025-06-30 16:05:32.158620,0 days 02:07:09.153451,30,13,244,6,7,23,28,2,88,COMPLETE
870,0.0,2025-06-30 13:58:23.015971,2025-06-30 16:05:30.175527,0 days 02:07:07.159556,12,12,60,13,10,50,12,5,89,COMPLETE
871,0.0,2025-06-30 13:58:23.026592,2025-06-30 16:05:36.152095,0 days 02:07:13.125503,22,15,288,16,9,44,18,25,96,COMPLETE
872,0.0,2025-06-30 13:58:23.053586,2025-06-30 16:05:35.318817,0 days 02:07:12.265231,13,16,272,13,20,34,17,12,72,COMPLETE
873,0.0,2025-06-30 13:58:23.064492,2025-06-30 16:05:24.484541,0 days 02:07:01.420049,15,11,177,16,17,27,7,7,83,COMPLETE
874,0.0,2025-06-30 13:58:23.075313,2025-06-30 16:05:18.818024,0 days 02:06:55.742711,14,7,178,7,19,31,19,20,95,COMPLETE
875,0.0,2025-06-30 13:58:23.096882,2025-06-30 16:05:24.642564,0 days 02:07:01.545682,15,19,94,7,20,34,23,2,94,COMPLETE
876,0.0,2025-06-30 13:58:23.118737,2025-06-30 16:05:28.924405,0 days 02:07:05.805668,29,7,53,14,11,22,23,4,90,COMPLETE
877,0.0,2025-06-30 13:58:23.140088,2025-06-30 16:05:35.790545,0 days 02:07:12.650457,27,10,286,20,5,45,20,27,100,COMPLETE
878,0.0,2025-06-30 13:58:23.178050,2025-06-30 16:05:36.181296,0 days 02:07:13.003246,15,13,179,8,15,23,14,1,91,COMPLETE
879,-77.87140591228712,2025-06-30 13:58:23.189131,2025-06-30 16:05:36.140812,0 days 02:07:12.951681,30,20,74,14,11,29,10,21,86,COMPLETE
880,0.0,2025-06-30 13:58:23.215828,2025-06-30 16:05:31.799559,0 days 02:07:08.583731,21,20,144,5,7,34,11,12,79,COMPLETE
881,-16.270761609600186,2025-06-30 13:58:23.226481,2025-06-30 16:05:35.986421,0 days 02:07:12.759940,18,13,92,14,10,38,6,16,94,COMPLETE
882,0.0,2025-06-30 13:58:23.237306,2025-06-30 16:05:35.690491,0 days 02:07:12.453185,11,8,186,11,15,34,23,16,85,COMPLETE
883,0.0,2025-06-30 13:58:23.264202,2025-06-30 16:05:17.837055,0 days 02:06:54.572853,21,10,178,9,13,26,22,30,88,COMPLETE
884,0.0,2025-06-30 13:58:23.285578,2025-06-30 16:05:35.850640,0 days 02:07:12.565062,26,14,164,7,11,21,30,23,98,COMPLETE
885,0.0,2025-06-30 13:58:23.307517,2025-06-30 16:05:35.018414,0 days 02:07:11.710897,10,10,93,16,20,31,27,8,73,COMPLETE
886,-81.2982386691127,2025-06-30 13:58:23.350084,2025-06-30 15:39:30.237212,0 days 01:41:06.887128,29,20,176,17,11,49,10,30,95,COMPLETE
887,-12.76051048018553,2025-06-30 13:58:23.360897,2025-06-30 16:05:36.138077,0 days 02:07:12.777180,14,18,253,15,5,22,7,20,75,COMPLETE
888,0.0,2025-06-30 13:58:23.371735,2025-06-30 16:05:36.162344,0 days 02:07:12.790609,12,10,58,8,18,23,15,21,72,COMPLETE
889,0.0,2025-06-30 13:58:23.393303,2025-06-30 16:05:33.281178,0 days 02:07:09.887875,24,9,219,14,11,49,24,1,99,COMPLETE
890,-16.270761609600186,2025-06-30 13:58:23.419424,2025-06-30 16:05:26.706418,0 days 02:07:03.286994,19,16,210,13,14,28,6,24,93,COMPLETE
891,0.0,2025-06-30 13:58:23.440688,2025-06-30 16:05:31.040107,0 days 02:07:07.599419,30,12,58,16,10,21,10,0,98,COMPLETE
892,0.0,2025-06-30 13:58:23.451394,2025-06-30 16:05:36.138332,0 days 02:07:12.686938,14,14,61,10,14,17,18,24,80,COMPLETE
893,0.0,2025-06-30 13:58:23.462079,2025-06-30 16:05:36.183633,0 days 02:07:12.721554,16,19,125,16,7,30,22,14,89,COMPLETE
894,0.0,2025-06-30 13:58:23.483380,2025-06-30 16:05:36.181224,0 days 02:07:12.697844,15,15,91,20,5,29,15,6,82,COMPLETE
895,0.0,2025-06-30 13:58:23.504641,2025-06-30 16:05:35.574093,0 days 02:07:12.069452,10,16,221,7,6,26,18,0,82,COMPLETE
896,0.0,2025-06-30 13:58:23.525921,2025-06-30 16:05:36.185950,0 days 02:07:12.660029,13,11,224,15,17,32,24,2,70,COMPLETE
897,-123.7528693946557,2025-06-30 13:58:23.536988,2025-06-30 16:05:36.114525,0 days 02:07:12.577537,24,5,67,19,6,36,11,24,72,COMPLETE
898,0.0,2025-06-30 13:58:23.559288,2025-06-30 16:05:34.788099,0 days 02:07:11.228811,17,8,120,16,10,23,12,24,93,COMPLETE
899,0.0,2025-06-30 13:58:23.586108,2025-06-30 16:05:36.171453,0 days 02:07:12.585345,19,14,86,6,12,42,15,16,95,COMPLETE
900,0.0,2025-06-30 13:58:23.596686,2025-06-30 16:05:36.166993,0 days 02:07:12.570307,21,14,206,9,13,17,28,2,85,COMPLETE
901,0.0,2025-06-30 13:58:23.639166,2025-06-30 16:05:36.152159,0 days 02:07:12.512993,13,12,144,11,5,17,28,7,85,COMPLETE
902,0.0,2025-06-30 13:58:23.660467,2025-06-30 16:05:36.188498,0 days 02:07:12.528031,16,12,167,8,12,49,20,15,73,COMPLETE
903,0.0,2025-06-30 13:58:23.671485,2025-06-30 16:05:36.158248,0 days 02:07:12.486763,13,17,279,14,5,24,5,0,85,COMPLETE
904,0.0,2025-06-30 13:58:23.692914,2025-06-30 16:05:35.813088,0 days 02:07:12.120174,29,19,140,16,8,31,19,15,92,COMPLETE
905,-69.52694716032826,2025-06-30 13:58:23.715121,2025-06-30 16:05:36.129329,0 days 02:07:12.414208,18,10,133,15,8,43,9,30,76,COMPLETE
906,0.0,2025-06-30 13:58:23.736570,2025-06-30 16:05:36.154254,0 days 02:07:12.417684,17,8,225,18,13,47,6,8,83,COMPLETE
907,0.0,2025-06-30 13:58:23.779074,2025-06-30 16:05:36.131181,0 days 02:07:12.352107,30,14,162,16,20,22,16,11,73,COMPLETE
908,0.0,2025-06-30 13:58:23.800580,2025-06-30 16:05:36.187549,0 days 02:07:12.386969,29,14,250,15,20,39,6,22,91,COMPLETE
909,0.0,2025-06-30 13:58:23.811502,2025-06-30 16:05:35.387919,0 days 02:07:11.576417,20,18,294,11,14,17,22,2,93,COMPLETE
910,0.0,2025-06-30 13:58:23.864431,2025-06-30 16:05:36.137158,0 days 02:07:12.272727,27,9,187,14,19,16,27,16,79,COMPLETE
911,0.0,2025-06-30 13:58:23.885812,2025-06-30 16:05:35.653635,0 days 02:07:11.767823,16,13,214,17,6,25,24,25,90,COMPLETE
912,0.0,2025-06-30 13:58:23.928101,2025-06-30 16:05:36.147683,0 days 02:07:12.219582,14,5,263,5,19,24,10,0,74,COMPLETE
913,0.0,2025-06-30 13:58:23.949800,2025-06-30 16:05:36.202413,0 days 02:07:12.252613,11,9,71,12,5,24,5,7,78,COMPLETE
914,0.0,2025-06-30 13:58:23.971381,2025-06-30 16:05:36.167991,0 days 02:07:12.196610,29,5,177,11,20,47,23,1,88,COMPLETE
915,-232.45410595310082,2025-06-30 13:58:23.982395,2025-06-30 16:05:36.133203,0 days 02:07:12.150808,26,10,65,12,18,41,6,23,78,COMPLETE
916,0.0,2025-06-30 13:58:24.035698,2025-06-30 16:05:36.187623,0 days 02:07:12.151925,13,15,237,14,15,25,12,20,74,COMPLETE
917,0.0,2025-06-30 13:58:24.046607,2025-06-30 16:05:36.167188,0 days 02:07:12.120581,30,18,82,5,7,41,14,8,72,COMPLETE
918,-77.08612364486684,2025-06-30 13:58:24.067988,2025-06-30 16:05:36.148021,0 days 02:07:12.080033,12,15,114,19,13,43,6,19,73,COMPLETE
919,99.867266195316,2025-06-30 13:58:24.079228,2025-06-30 16:05:35.086361,0 days 02:07:11.007133,15,13,157,18,19,40,5,19,91,COMPLETE
920,0.0,2025-06-30 13:58:24.089985,2025-06-30 16:05:36.129490,0 days 02:07:12.039505,29,17,191,11,11,23,16,17,70,COMPLETE
921,0.0,2025-06-30 13:58:24.106050,2025-06-30 16:05:35.600620,0 days 02:07:11.494570,12,15,115,19,10,43,20,27,92,COMPLETE
922,5495.560958017905,2025-06-30 13:58:24.148567,2025-06-30 16:05:36.134415,0 days 02:07:11.985848,12,7,197,13,8,43,5,30,82,COMPLETE
923,-13.478806330550015,2025-06-30 13:58:24.159266,2025-06-30 16:05:36.159158,0 days 02:07:11.999892,17,19,169,15,17,43,8,19,88,COMPLETE
924,0.0,2025-06-30 13:58:24.186081,2025-06-30 16:05:36.135667,0 days 02:07:11.949586,15,15,50,13,5,24,8,5,74,COMPLETE
925,-10.822209092967796,2025-06-30 13:58:24.207400,2025-06-30 16:05:29.787632,0 days 02:07:05.580232,17,7,153,6,13,34,15,28,80,COMPLETE
926,0.0,2025-06-30 13:58:24.218292,2025-06-30 16:05:36.179146,0 days 02:07:11.960854,20,15,237,6,11,30,20,0,91,COMPLETE
927,0.0,2025-06-30 13:58:24.239790,2025-06-30 16:05:36.150084,0 days 02:07:11.910294,12,12,215,14,10,32,29,8,89,COMPLETE
928,0.0,2025-06-30 13:58:24.277057,2025-06-30 16:05:36.189405,0 days 02:07:11.912348,21,15,226,16,17,40,28,1,86,COMPLETE
929,0.0,2025-06-30 13:58:24.320294,2025-06-30 16:05:36.181073,0 days 02:07:11.860779,29,12,79,16,7,42,20,20,71,COMPLETE
930,0.0,2025-06-30 13:58:24.341987,2025-06-30 16:05:36.144188,0 days 02:07:11.802201,29,14,124,7,11,16,28,22,91,COMPLETE
931,0.0,2025-06-30 13:58:24.352692,2025-06-30 16:05:36.149076,0 days 02:07:11.796384,11,5,202,10,12,25,30,29,86,COMPLETE
932,-55.161225263869575,2025-06-30 13:58:24.363556,2025-06-30 15:48:19.638834,0 days 01:49:55.275278,21,16,203,13,9,15,9,25,86,COMPLETE
933,0.0,2025-06-30 13:58:24.379559,2025-06-30 16:05:36.187860,0 days 02:07:11.808301,15,11,246,19,7,24,11,8,72,COMPLETE
934,0.0,2025-06-30 13:58:24.390341,2025-06-30 16:05:36.167623,0 days 02:07:11.777282,25,5,135,10,5,17,9,7,90,COMPLETE
935,-16.270761609600186,2025-06-30 13:58:24.427843,2025-06-30 16:05:36.165040,0 days 02:07:11.737197,15,15,152,11,12,33,6,25,78,COMPLETE
936,0.0,2025-06-30 13:58:24.438279,2025-06-30 13:58:25.684022,0 days 00:00:01.245743,20,7,290,20,5,16,30,29,73,COMPLETE
937,0.0,2025-06-30 13:58:24.438972,2025-06-30 13:58:25.416448,0 days 00:00:00.977476,20,6,298,20,5,15,6,30,70,COMPLETE
938,0.0,2025-06-30 13:58:24.445036,2025-06-30 13:58:27.527337,0 days 00:00:03.082301,19,5,298,19,5,15,5,30,72,COMPLETE
939,0.0,2025-06-30 13:58:24.449815,2025-06-30 13:58:26.016044,0 days 00:00:01.566229,20,5,288,20,6,16,5,30,72,COMPLETE
940,0.0,2025-06-30 13:58:24.453300,2025-06-30 13:58:27.373008,0 days 00:00:02.919708,20,5,289,20,5,18,6,30,72,COMPLETE
941,0.0,2025-06-30 13:58:24.464900,2025-06-30 13:58:26.521914,0 days 00:00:02.057014,20,5,300,20,5,15,30,30,72,COMPLETE
942,0.0,2025-06-30 13:58:24.473079,2025-06-30 13:58:30.906161,0 days 00:00:06.433082,20,5,295,20,5,15,24,30,73,COMPLETE
943,0.0,2025-06-30 13:58:24.474985,2025-06-30 13:58:29.214088,0 days 00:00:04.739103,20,5,284,20,5,16,30,30,73,COMPLETE
944,0.0,2025-06-30 13:58:24.484990,2025-06-30 13:58:29.336740,0 days 00:00:04.851750,20,5,298,20,6,15,23,30,72,COMPLETE
945,0.0,2025-06-30 13:58:24.510696,2025-06-30 13:58:33.226678,0 days 00:00:08.715982,20,5,291,20,5,15,30,30,71,COMPLETE
946,0.0,2025-06-30 13:58:24.517946,2025-06-30 13:58:31.111906,0 days 00:00:06.593960,20,5,300,20,6,17,5,30,73,COMPLETE
947,0.0,2025-06-30 13:58:24.528219,2025-06-30 13:58:34.511269,0 days 00:00:09.983050,19,5,299,20,6,19,5,30,71,COMPLETE
948,0.0,2025-06-30 13:58:24.532084,2025-06-30 13:58:34.536274,0 days 00:00:10.004190,18,5,287,20,5,15,5,30,72,COMPLETE
949,0.0,2025-06-30 13:58:24.537129,2025-06-30 13:58:33.047949,0 days 00:00:08.510820,20,5,292,20,7,16,6,30,71,COMPLETE
950,0.0,2025-06-30 13:58:24.546886,2025-06-30 13:58:35.044580,0 days 00:00:10.497694,20,5,256,18,5,17,5,29,73,COMPLETE
951,0.0,2025-06-30 13:58:24.550991,2025-06-30 13:58:34.180418,0 days 00:00:09.629427,19,6,300,19,5,18,6,30,71,COMPLETE
952,0.0,2025-06-30 13:58:24.568344,2025-06-30 13:58:36.032351,0 days 00:00:11.464007,20,5,298,19,6,15,5,30,77,COMPLETE
953,0.0,2025-06-30 13:58:24.575024,2025-06-30 13:58:31.217539,0 days 00:00:06.642515,20,5,294,20,17,15,5,25,72,COMPLETE
954,0.0,2025-06-30 13:58:24.584262,2025-06-30 13:58:34.543190,0 days 00:00:09.958928,20,5,261,18,5,17,6,30,74,COMPLETE
955,0.0,2025-06-30 13:58:24.586001,2025-06-30 13:58:33.619876,0 days 00:00:09.033875,20,5,294,20,5,18,30,30,72,COMPLETE
956,0.0,2025-06-30 13:58:24.589365,2025-06-30 13:58:34.849700,0 days 00:00:10.260335,18,6,288,18,7,16,6,30,72,COMPLETE
957,0.0,2025-06-30 13:58:24.591870,2025-06-30 13:58:33.839532,0 days 00:00:09.247662,20,5,295,20,5,15,5,30,72,COMPLETE
958,0.0,2025-06-30 13:58:24.598004,2025-06-30 13:59:01.972415,0 days 00:00:37.374411,19,5,293,19,6,39,30,30,72,COMPLETE
959,0.0,2025-06-30 13:58:24.599043,2025-06-30 13:58:33.870265,0 days 00:00:09.271222,20,5,300,18,5,15,6,30,70,COMPLETE
960,0.0,2025-06-30 13:58:24.605096,2025-06-30 13:58:32.839813,0 days 00:00:08.234717,21,5,295,20,5,15,5,30,71,COMPLETE
961,0.0,2025-06-30 13:58:24.616664,2025-06-30 13:58:35.216542,0 days 00:00:10.599878,20,5,295,20,5,16,6,29,71,COMPLETE
962,0.0,2025-06-30 13:58:24.622980,2025-06-30 13:58:35.517476,0 days 00:00:10.894496,20,5,277,20,6,16,6,29,72,COMPLETE
963,0.0,2025-06-30 13:58:24.625376,2025-06-30 13:58:35.428244,0 days 00:00:10.802868,20,5,286,20,5,15,5,30,71,COMPLETE
964,0.0,2025-06-30 13:58:24.635402,2025-06-30 13:58:35.380583,0 days 00:00:10.745181,19,5,296,20,5,15,5,30,72,COMPLETE
965,0.0,2025-06-30 13:58:24.636882,2025-06-30 13:58:35.497951,0 days 00:00:10.861069,20,6,294,20,6,17,6,30,71,COMPLETE
966,0.0,2025-06-30 13:58:24.641205,2025-06-30 13:58:36.296083,0 days 00:00:11.654878,19,5,298,18,6,15,22,30,72,COMPLETE
967,0.0,2025-06-30 13:58:24.643775,2025-06-30 13:58:33.890156,0 days 00:00:09.246381,20,5,267,20,5,15,5,30,72,COMPLETE
968,0.0,2025-06-30 13:58:24.650283,2025-06-30 13:58:34.966818,0 days 00:00:10.316535,19,5,299,19,5,16,5,30,72,COMPLETE
969,0.0,2025-06-30 13:58:24.659830,2025-06-30 13:58:35.691912,0 days 00:00:11.032082,20,5,298,19,5,15,6,30,73,COMPLETE
970,0.0,2025-06-30 13:58:24.662886,2025-06-30 13:58:36.382799,0 days 00:00:11.719913,20,5,296,20,5,15,22,29,70,COMPLETE
971,0.0,2025-06-30 13:58:24.668066,2025-06-30 13:58:36.082392,0 days 00:00:11.414326,20,5,294,20,16,17,5,30,76,COMPLETE
972,0.0,2025-06-30 13:58:24.671155,2025-06-30 13:58:36.178444,0 days 00:00:11.507289,20,6,262,20,17,15,30,30,74,COMPLETE
973,0.0,2025-06-30 13:58:24.676956,2025-06-30 13:58:35.120228,0 days 00:00:10.443272,20,5,300,19,6,15,30,29,71,COMPLETE
974,0.0,2025-06-30 13:58:24.680568,2025-06-30 13:58:35.325560,0 days 00:00:10.644992,20,5,289,20,17,15,5,30,72,COMPLETE
975,0.0,2025-06-30 13:58:24.699857,2025-06-30 13:58:35.310309,0 days 00:00:10.610452,20,5,291,20,17,18,5,29,72,COMPLETE
976,0.0,2025-06-30 13:58:24.701681,2025-06-30 13:58:35.360592,0 days 00:00:10.658911,20,5,295,20,5,15,5,30,73,COMPLETE
977,0.0,2025-06-30 13:58:24.704144,2025-06-30 13:58:35.862675,0 days 00:00:11.158531,20,6,289,19,6,17,5,29,73,COMPLETE
978,0.0,2025-06-30 13:58:24.706586,2025-06-30 13:58:35.510259,0 days 00:00:10.803673,20,5,291,19,5,16,6,30,72,COMPLETE
979,0.0,2025-06-30 13:58:24.711365,2025-06-30 13:58:36.063141,0 days 00:00:11.351776,20,5,296,20,5,15,30,28,72,COMPLETE
980,0.0,2025-06-30 13:58:24.712749,2025-06-30 13:58:35.539245,0 days 00:00:10.826496,20,5,288,19,5,16,6,29,71,COMPLETE
981,0.0,2025-06-30 13:58:24.717268,2025-06-30 13:58:36.289851,0 days 00:00:11.572583,19,5,294,19,5,15,5,28,76,COMPLETE
982,0.0,2025-06-30 13:58:24.721607,2025-06-30 13:58:35.856522,0 days 00:00:11.134915,20,5,284,20,5,15,5,29,72,COMPLETE
983,0.0,2025-06-30 13:58:24.725762,2025-06-30 13:58:36.271215,0 days 00:00:11.545453,20,5,291,20,5,15,30,30,72,COMPLETE
984,0.0,2025-06-30 13:58:24.735107,2025-06-30 13:58:36.357966,0 days 00:00:11.622859,20,5,289,19,5,15,5,29,71,COMPLETE
985,0.0,2025-06-30 13:58:24.747124,2025-06-30 13:58:35.729607,0 days 00:00:10.982483,20,5,295,19,5,15,5,30,71,COMPLETE
986,0.0,2025-06-30 13:58:24.751065,2025-06-30 13:58:35.765482,0 days 00:00:11.014417,20,5,296,20,5,15,6,28,74,COMPLETE
987,0.0,2025-06-30 13:58:24.754898,2025-06-30 13:58:36.433874,0 days 00:00:11.678976,20,6,287,20,6,17,30,28,71,COMPLETE
988,0.0,2025-06-30 13:58:24.755791,2025-06-30 13:59:01.984267,0 days 00:00:37.228476,20,5,288,11,5,15,30,29,71,COMPLETE
989,0.0,2025-06-30 13:58:24.763189,2025-06-30 13:58:36.478880,0 days 00:00:11.715691,20,5,275,20,5,17,5,30,72,COMPLETE
990,0.0,2025-06-30 13:58:24.770715,2025-06-30 13:58:34.345488,0 days 00:00:09.574773,20,5,278,20,5,15,23,29,74,COMPLETE
991,0.0,2025-06-30 13:58:24.775084,2025-06-30 13:58:36.480009,0 days 00:00:11.704925,20,5,300,20,17,17,6,27,71,COMPLETE
992,0.0,2025-06-30 13:58:24.776507,2025-06-30 13:58:36.133920,0 days 00:00:11.357413,20,5,276,20,5,16,5,24,73,COMPLETE
993,0.0,2025-06-30 13:58:24.779608,2025-06-30 13:58:36.221030,0 days 00:00:11.441422,20,5,297,20,6,17,5,30,74,COMPLETE
994,0.0,2025-06-30 13:58:24.785810,2025-06-30 13:58:36.364789,0 days 00:00:11.578979,19,5,293,20,17,15,6,29,73,COMPLETE
995,0.0,2025-06-30 13:58:24.789021,2025-06-30 13:58:36.451766,0 days 00:00:11.662745,20,6,277,20,17,16,6,28,71,COMPLETE
996,0.0,2025-06-30 13:58:24.791851,2025-06-30 13:58:36.103684,0 days 00:00:11.311833,21,5,286,19,6,15,30,29,73,COMPLETE
997,0.0,2025-06-30 13:58:24.792662,2025-06-30 13:58:36.006039,0 days 00:00:11.213377,20,5,281,20,5,15,22,30,71,COMPLETE
998,0.0,2025-06-30 13:58:24.795782,2025-06-30 13:58:35.912643,0 days 00:00:11.116861,20,5,282,19,5,15,30,27,71,COMPLETE
999,0.0,2025-06-30 13:58:24.800770,2025-06-30 13:58:36.316850,0 days 00:00:11.516080,20,5,298,19,17,16,30,29,73,COMPLETE
