number,value,datetime_start,datetime_complete,duration,params_fast,params_macd_fast,params_macd_signal,params_macd_slow,params_rsi_period,params_rsi_threshold,params_slow,params_take_profit,params_trend_sma_period,state
0,9.649920311667529,2025-09-03 11:11:11.712752,2025-09-03 11:12:08.544896,0 days 00:00:56.832144,37,10,18,15,11,53,115,4.830383620242545,25,COMPLETE
1,-inf,2025-09-03 11:11:11.716193,2025-09-03 11:11:11.717443,0 days 00:00:00.001250,56,13,12,32,18,56,46,3.4181237626987575,24,COMPLETE
2,-inf,2025-09-03 11:11:11.718267,2025-09-03 11:12:08.740735,0 days 00:00:57.022468,69,12,13,48,22,46,231,0.8963437262855327,6,COMPLETE
3,-inf,2025-09-03 11:11:11.719861,2025-09-03 11:12:07.239475,0 days 00:00:55.519614,42,14,11,16,11,30,49,3.3690689747354408,15,COMPLETE
4,-inf,2025-09-03 11:11:11.732086,2025-09-03 11:12:07.183394,0 days 00:00:55.451308,38,17,9,29,11,35,156,0.8257971122968865,18,COMPLETE
5,-inf,2025-09-03 11:12:07.240406,2025-09-03 11:12:59.384817,0 days 00:00:52.144411,7,16,18,27,13,30,42,3.153536540109868,23,COMPLETE
6,-inf,2025-09-03 11:12:07.311547,2025-09-03 11:13:00.197709,0 days 00:00:52.886162,59,20,13,30,28,30,181,3.9801537040111796,28,COMPLETE
7,21687.042837629386,2025-09-03 11:12:08.568862,2025-09-03 11:13:02.924194,0 days 00:00:54.355332,14,15,17,33,27,69,112,4.803904952426848,12,COMPLETE
8,379.4787135156739,2025-09-03 11:12:08.743815,2025-09-03 11:13:04.195879,0 days 00:00:55.452064,69,18,17,35,22,53,127,4.478342698758118,20,COMPLETE
9,3905.8606376004464,2025-09-03 11:12:59.416926,2025-09-03 11:13:53.858110,0 days 00:00:54.441184,31,15,19,43,8,65,131,4.5028751735483,16,COMPLETE
10,-inf,2025-09-03 11:13:00.209637,2025-09-03 11:13:52.470184,0 days 00:00:52.260547,40,13,13,38,13,31,223,3.647768524121266,7,COMPLETE
11,-inf,2025-09-03 11:13:02.941977,2025-09-03 11:13:56.981156,0 days 00:00:54.039179,45,5,17,40,28,33,247,4.058274843511287,27,COMPLETE
12,-inf,2025-09-03 11:13:04.207870,2025-09-03 11:13:04.209051,0 days 00:00:00.001181,67,19,12,24,21,52,53,4.00327451605422,12,COMPLETE
13,23041.14632434622,2025-09-03 11:13:04.244179,2025-09-03 11:14:02.845252,0 days 00:00:58.601073,5,5,20,41,30,67,91,1.9007851860064577,6,COMPLETE
14,11884.80967935132,2025-09-03 11:13:52.471285,2025-09-03 11:14:46.514632,0 days 00:00:54.043347,13,7,20,40,30,69,96,4.911867421906849,18,COMPLETE
15,2610.742777971036,2025-09-03 11:13:53.869933,2025-09-03 11:14:47.458513,0 days 00:00:53.588580,11,5,20,44,5,70,96,1.9436359720858654,11,COMPLETE
16,5084.502994599226,2025-09-03 11:13:56.998271,2025-09-03 11:14:50.706120,0 days 00:00:53.707849,17,10,20,46,5,70,96,2.5259910595941357,12,COMPLETE
17,11932.530901006894,2025-09-03 11:14:02.912238,2025-09-03 11:14:57.465948,0 days 00:00:54.553710,5,5,20,47,30,70,91,2.0064929938096183,10,COMPLETE
18,11681.838178563898,2025-09-03 11:14:46.536611,2025-09-03 11:15:37.705949,0 days 00:00:51.169338,20,10,15,49,25,62,88,1.993639468861075,9,COMPLETE
19,10398.684549911493,2025-09-03 11:14:47.475284,2025-09-03 11:15:39.608751,0 days 00:00:52.133467,22,8,16,21,25,61,84,2.2137360832591635,10,COMPLETE
20,7232.424287490856,2025-09-03 11:14:50.754382,2025-09-03 11:15:42.907495,0 days 00:00:52.153113,22,8,15,50,26,62,76,1.728504681524754,9,COMPLETE
21,1431.9058462168553,2025-09-03 11:14:57.557025,2025-09-03 11:15:50.011215,0 days 00:00:52.454190,21,9,15,22,25,62,167,1.5671510381757898,5,COMPLETE
22,492.5889979960017,2025-09-03 11:15:37.800111,2025-09-03 11:16:32.850257,0 days 00:00:55.050146,26,7,6,22,25,61,163,1.4162895522761425,5,COMPLETE
23,-inf,2025-09-03 11:15:39.642025,2025-09-03 11:16:34.266798,0 days 00:00:54.624773,31,8,7,36,25,45,155,1.4448118402188235,5,COMPLETE
24,1699.6588584886847,2025-09-03 11:15:42.960763,2025-09-03 11:16:36.117870,0 days 00:00:53.157107,5,6,5,38,30,66,172,1.2062594792381542,5,COMPLETE
25,1722.897467636545,2025-09-03 11:15:50.083664,2025-09-03 11:16:47.129100,0 days 00:00:57.045436,7,6,5,36,30,66,115,1.3722483782282684,14,COMPLETE
26,5727.258851649544,2025-09-03 11:16:33.002694,2025-09-03 11:17:27.905238,0 days 00:00:54.902544,5,6,18,36,30,66,113,2.64464321713928,13,COMPLETE
27,24325.336532583056,2025-09-03 11:16:34.305666,2025-09-03 11:17:30.445671,0 days 00:00:56.140005,6,6,18,41,30,66,67,2.6921137229524277,13,COMPLETE
28,9064.419063806377,2025-09-03 11:16:36.124354,2025-09-03 11:17:32.373912,0 days 00:00:56.249558,14,12,18,42,28,66,65,2.79891704839419,14,COMPLETE
29,4078.478532020086,2025-09-03 11:16:47.140697,2025-09-03 11:17:41.905465,0 days 00:00:54.764768,13,12,18,42,28,57,74,2.7101482664442114,8,COMPLETE
30,-inf,2025-09-03 11:17:27.912183,2025-09-03 11:17:30.099050,0 days 00:00:02.186867,80,12,19,43,28,59,66,0.5194639112950967,8,COMPLETE
31,4540.5433240540515,2025-09-03 11:17:30.110420,2025-09-03 11:18:26.461997,0 days 00:00:56.351577,15,16,19,45,27,57,68,2.852579759414692,8,COMPLETE
32,2985.576675629032,2025-09-03 11:17:30.500300,2025-09-03 11:18:25.256452,0 days 00:00:54.756152,14,11,17,33,18,56,32,2.807108452928272,20,COMPLETE
33,1927.3845828677622,2025-09-03 11:17:32.390645,2025-09-03 11:18:28.626403,0 days 00:00:56.235758,28,15,16,33,19,58,107,2.886794593585836,20,COMPLETE
34,6859.844389750481,2025-09-03 11:17:41.938233,2025-09-03 11:18:37.623033,0 days 00:00:55.684800,11,5,19,46,27,68,105,2.3335720030096767,11,COMPLETE
35,9092.857713954192,2025-09-03 11:18:25.343227,2025-09-03 11:19:18.569427,0 days 00:00:53.226200,10,5,19,46,26,68,107,2.315933995446182,11,COMPLETE
36,9172.64868507737,2025-09-03 11:18:26.469470,2025-09-03 11:19:19.240432,0 days 00:00:52.770962,9,5,20,47,23,68,110,2.344107222588814,11,COMPLETE
37,4973.544599221918,2025-09-03 11:18:28.653205,2025-09-03 11:19:22.486843,0 days 00:00:53.833638,10,7,20,48,23,68,141,2.3537588065224897,11,COMPLETE
38,-inf,2025-09-03 11:18:37.753408,2025-09-03 11:19:29.548714,0 days 00:00:51.795306,49,7,20,40,23,46,141,2.0755434237891675,10,COMPLETE
39,-inf,2025-09-03 11:19:18.612739,2025-09-03 11:20:13.715215,0 days 00:00:55.102476,5,7,20,48,23,45,140,3.140197962886374,16,COMPLETE
40,-inf,2025-09-03 11:19:19.278308,2025-09-03 11:20:16.743120,0 days 00:00:57.464812,47,7,14,40,16,45,142,1.9215616575203318,16,COMPLETE
41,-inf,2025-09-03 11:19:22.509097,2025-09-03 11:20:18.320188,0 days 00:00:55.811091,50,14,14,39,29,41,57,3.2435244657554634,16,COMPLETE
42,3578.151911832544,2025-09-03 11:19:29.612964,2025-09-03 11:20:30.992559,0 days 00:01:01.379595,17,14,9,30,15,64,54,1.76374111083677,17,COMPLETE
43,-inf,2025-09-03 11:20:13.726303,2025-09-03 11:21:11.602193,0 days 00:00:57.875890,18,14,14,31,16,41,55,3.325663315092818,7,COMPLETE
44,9442.994204290726,2025-09-03 11:20:16.750174,2025-09-03 11:21:14.489418,0 days 00:00:57.739244,18,6,17,38,30,64,89,4.879076986702968,18,COMPLETE
45,9918.293349578085,2025-09-03 11:20:18.323086,2025-09-03 11:21:17.569573,0 days 00:00:59.246487,18,6,10,31,30,64,84,4.970543814297475,18,COMPLETE
46,6801.544736964022,2025-09-03 11:20:31.025738,2025-09-03 11:21:28.324986,0 days 00:00:57.299248,8,6,17,28,30,70,125,4.828404847068601,18,COMPLETE
47,834.3931232214268,2025-09-03 11:21:11.645570,2025-09-03 11:22:08.083400,0 days 00:00:56.437830,36,6,17,28,30,70,127,4.5870895628185195,19,COMPLETE
48,5792.786348344663,2025-09-03 11:21:14.495701,2025-09-03 11:22:12.444174,0 days 00:00:57.948473,25,9,19,41,29,70,123,4.58584646593001,23,COMPLETE
49,14025.745665514896,2025-09-03 11:21:17.576556,2025-09-03 11:22:15.347820,0 days 00:00:57.771264,8,9,19,27,29,70,98,4.569546250899239,24,COMPLETE
50,4963.42759610341,2025-09-03 11:21:28.352200,2025-09-03 11:22:29.187397,0 days 00:01:00.835197,25,9,19,41,29,70,96,4.3681906398549035,30,COMPLETE
51,4321.423559879796,2025-09-03 11:22:08.141721,2025-09-03 11:23:04.814956,0 days 00:00:56.673235,25,9,19,44,27,68,97,3.6695617056913616,23,COMPLETE
52,391.6952819036683,2025-09-03 11:22:12.450453,2025-09-03 11:23:11.438864,0 days 00:00:58.988411,12,18,18,34,27,53,196,3.606634255329297,14,COMPLETE
53,3824.930264468177,2025-09-03 11:22:15.359988,2025-09-03 11:23:16.806225,0 days 00:01:01.446237,7,18,18,25,27,60,43,3.7230603523255077,30,COMPLETE
54,2628.967207110347,2025-09-03 11:22:29.204551,2025-09-03 11:23:25.998981,0 days 00:00:56.794430,12,18,18,26,27,68,198,4.202841153694413,26,COMPLETE
55,6082.120362216651,2025-09-03 11:23:04.827015,2025-09-03 11:24:01.706342,0 days 00:00:56.879327,11,17,18,18,27,67,194,4.314595531862244,13,COMPLETE
56,11986.805873088473,2025-09-03 11:23:11.512881,2025-09-03 11:24:06.995686,0 days 00:00:55.482805,7,8,20,25,29,67,80,4.346121191979043,25,COMPLETE
57,5500.2168155821355,2025-09-03 11:23:16.813335,2025-09-03 11:24:10.774099,0 days 00:00:53.960764,5,8,16,50,29,67,75,4.2668544239522594,24,COMPLETE
58,7182.772249777939,2025-09-03 11:23:26.050959,2025-09-03 11:24:22.528863,0 days 00:00:56.477904,8,8,20,20,29,63,74,4.74830727069347,22,COMPLETE
59,12483.464629303004,2025-09-03 11:24:01.744439,2025-09-03 11:24:56.767373,0 days 00:00:55.022934,7,8,16,38,29,64,77,4.660395342896188,24,COMPLETE
60,11033.069377467338,2025-09-03 11:24:07.034020,2025-09-03 11:25:00.696229,0 days 00:00:53.662209,5,8,16,24,29,63,78,4.649143336814028,28,COMPLETE
61,8452.333604249305,2025-09-03 11:24:10.785784,2025-09-03 11:25:06.439833,0 days 00:00:55.654049,8,11,20,23,26,63,80,4.7210532122923885,28,COMPLETE
62,768.5275027720451,2025-09-03 11:24:22.587746,2025-09-03 11:25:16.801484,0 days 00:00:54.213738,60,5,20,25,9,65,83,1.1315244393863395,28,COMPLETE
63,4350.3776636072635,2025-09-03 11:24:56.779199,2025-09-03 11:25:50.459488,0 days 00:00:53.680289,15,10,16,23,9,65,61,4.720139736871824,28,COMPLETE
64,6154.628354695272,2025-09-03 11:25:00.750585,2025-09-03 11:25:53.590674,0 days 00:00:52.840089,15,5,20,35,26,65,89,4.098585304208346,25,COMPLETE
65,1942.6561948173821,2025-09-03 11:25:06.451694,2025-09-03 11:26:00.254452,0 days 00:00:53.802758,16,5,19,35,9,66,89,3.9321665883303636,24,COMPLETE
66,4116.852134117888,2025-09-03 11:25:16.813265,2025-09-03 11:26:08.641333,0 days 00:00:51.828068,15,10,19,36,28,65,91,3.923066770501203,26,COMPLETE
67,4531.159762976621,2025-09-03 11:25:50.536548,2025-09-03 11:26:48.895642,0 days 00:00:58.359094,9,11,19,37,28,66,89,3.870367908631026,25,COMPLETE
68,5074.216010194466,2025-09-03 11:25:53.645963,2025-09-03 11:26:51.707180,0 days 00:00:58.061217,7,9,19,37,28,67,101,4.467972035352889,22,COMPLETE
69,4022.353166916816,2025-09-03 11:26:00.271252,2025-09-03 11:26:58.051091,0 days 00:00:57.779839,7,11,19,37,28,69,101,4.4586736305898125,22,COMPLETE
70,10571.879608097524,2025-09-03 11:26:08.663127,2025-09-03 11:27:05.803405,0 days 00:00:57.140278,7,7,18,27,28,69,102,4.431724304920084,21,COMPLETE
71,4330.41763018285,2025-09-03 11:26:49.040640,2025-09-03 11:27:45.347989,0 days 00:00:56.307349,7,20,18,43,24,69,100,4.493738536338565,22,COMPLETE
72,6940.623276592477,2025-09-03 11:26:51.767046,2025-09-03 11:27:49.376379,0 days 00:00:57.609333,20,6,18,44,24,61,118,2.993253200332326,7,COMPLETE
73,13732.619504058224,2025-09-03 11:26:58.119515,2025-09-03 11:27:54.450517,0 days 00:00:56.331002,11,7,12,43,24,69,117,1.6009953049624241,6,COMPLETE
74,33293.283704877256,2025-09-03 11:27:05.809978,2025-09-03 11:28:06.637433,0 days 00:01:00.827455,12,13,17,44,30,69,116,4.138933128504307,9,COMPLETE
75,15847.468756277247,2025-09-03 11:27:45.365452,2025-09-03 11:28:41.594753,0 days 00:00:56.229301,12,7,20,42,30,67,68,2.5241799731275947,9,COMPLETE
76,60935.204216617516,2025-09-03 11:27:49.388512,2025-09-03 11:28:51.546379,0 days 00:01:02.157867,13,7,20,39,30,67,70,4.925551526473048,9,COMPLETE
77,12071.447555121238,2025-09-03 11:27:54.468112,2025-09-03 11:28:56.850729,0 days 00:01:02.382617,12,7,12,39,29,67,133,1.6114168664252153,6,COMPLETE
78,31477.64767849252,2025-09-03 11:28:06.724748,2025-09-03 11:29:08.894032,0 days 00:01:02.169284,12,15,11,42,21,67,118,4.9919633055493495,6,COMPLETE
79,12648.182028835428,2025-09-03 11:28:41.616758,2025-09-03 11:29:40.681639,0 days 00:00:59.064881,13,13,10,42,29,69,118,2.459806994511829,6,COMPLETE
80,23874.43822712679,2025-09-03 11:28:51.584325,2025-09-03 11:29:47.933892,0 days 00:00:56.349567,20,13,12,42,20,69,48,2.468981241782181,9,COMPLETE
81,23804.237657350153,2025-09-03 11:28:56.867969,2025-09-03 11:29:53.867560,0 days 00:00:56.999591,20,15,11,43,20,69,48,2.490914865091334,9,COMPLETE
82,63631.78228732118,2025-09-03 11:29:09.006639,2025-09-03 11:30:04.416642,0 days 00:00:55.410003,20,13,9,42,30,68,48,4.9454450750937164,9,COMPLETE
83,2882.3076017374674,2025-09-03 11:29:40.739330,2025-09-03 11:30:38.002786,0 days 00:00:57.263456,22,15,11,42,30,50,35,4.971054123461562,9,COMPLETE
84,44316.83212567435,2025-09-03 11:29:47.955057,2025-09-03 11:30:48.787592,0 days 00:01:00.832535,22,13,11,45,20,68,37,4.985694464722428,9,COMPLETE
85,21170.898967325167,2025-09-03 11:29:53.902107,2025-09-03 11:30:50.777309,0 days 00:00:56.875202,23,15,11,45,20,68,36,2.651785712248433,9,COMPLETE
86,17143.464210236223,2025-09-03 11:30:04.433521,2025-09-03 11:30:57.855956,0 days 00:00:53.422435,22,15,11,45,20,68,33,2.1338788287650217,9,COMPLETE
87,7114.25588678077,2025-09-03 11:30:38.062400,2025-09-03 11:31:32.441829,0 days 00:00:54.379429,33,13,11,41,20,68,39,2.1086662152822315,10,COMPLETE
88,7952.016032595037,2025-09-03 11:30:48.853537,2025-09-03 11:31:44.916608,0 days 00:00:56.063071,30,13,11,45,20,68,49,2.2146469329080585,8,COMPLETE
89,10023.12563460299,2025-09-03 11:30:50.788989,2025-09-03 11:31:47.948644,0 days 00:00:57.159655,28,13,13,45,21,66,48,2.1840872127446596,7,COMPLETE
90,27361.967189661245,2025-09-03 11:30:57.996531,2025-09-03 11:31:52.316277,0 days 00:00:54.319746,27,13,13,41,21,66,45,4.906222512894755,7,COMPLETE
91,50506.231068347006,2025-09-03 11:31:32.478510,2025-09-03 11:32:24.834382,0 days 00:00:52.355872,19,16,8,44,21,66,48,4.875938102846005,8,COMPLETE
92,28130.5421339004,2025-09-03 11:31:44.980639,2025-09-03 11:32:38.017006,0 days 00:00:53.036367,20,16,13,44,18,66,47,2.9933568196399993,7,COMPLETE
93,-inf,2025-09-03 11:31:47.976741,2025-09-03 11:32:39.054883,0 days 00:00:51.078142,41,14,8,47,18,36,60,4.861619072589748,8,COMPLETE
94,-inf,2025-09-03 11:31:52.349057,2025-09-03 11:32:45.533570,0 days 00:00:53.184513,18,14,9,39,18,36,30,4.860964763190112,8,COMPLETE
95,12277.305874635978,2025-09-03 11:32:24.896998,2025-09-03 11:33:19.799766,0 days 00:00:54.902768,19,16,8,47,18,64,59,4.990000190715996,8,COMPLETE
96,79321.71602528688,2025-09-03 11:32:38.054742,2025-09-03 11:33:30.954777,0 days 00:00:52.900035,18,16,8,47,18,65,43,4.86039673421983,8,COMPLETE
97,34983.89180865052,2025-09-03 11:32:39.080315,2025-09-03 11:33:32.945046,0 days 00:00:53.864731,19,16,8,39,22,62,52,4.937439103397201,7,COMPLETE
98,95977.15860137007,2025-09-03 11:32:45.545109,2025-09-03 11:33:40.405912,0 days 00:00:54.860803,19,16,8,44,22,65,43,4.915607970028385,7,COMPLETE
99,63951.175262566,2025-09-03 11:33:19.864575,2025-09-03 11:34:13.083074,0 days 00:00:53.218499,17,17,12,44,22,62,44,4.786836036403847,12,COMPLETE
100,29813.42530851688,2025-09-03 11:33:30.976800,2025-09-03 11:34:25.445484,0 days 00:00:54.468684,24,17,7,49,22,63,42,4.798619246418687,12,COMPLETE
101,39432.66495419551,2025-09-03 11:33:32.956794,2025-09-03 11:34:27.310856,0 days 00:00:54.354062,23,17,7,49,22,62,40,4.806627532199989,6,COMPLETE
102,136043.2410905667,2025-09-03 11:33:40.443929,2025-09-03 11:34:31.360886,0 days 00:00:50.916957,17,16,7,49,22,62,40,4.7851706372797524,5,COMPLETE
103,26956.00343874616,2025-09-03 11:34:13.132273,2025-09-03 11:35:06.238162,0 days 00:00:53.105889,24,17,7,49,22,62,40,4.800568183394563,10,COMPLETE
104,20046.447735845122,2025-09-03 11:34:25.494212,2025-09-03 11:35:21.541797,0 days 00:00:56.047585,23,17,7,49,22,62,40,4.798420713228384,10,COMPLETE
105,20922.096466107298,2025-09-03 11:34:27.364780,2025-09-03 11:35:23.334278,0 days 00:00:55.969498,17,17,8,46,22,60,53,4.999794876808339,5,COMPLETE
106,88902.6562245493,2025-09-03 11:34:31.372236,2025-09-03 11:35:27.164814,0 days 00:00:55.792578,17,17,7,49,22,60,40,4.660860055902046,5,COMPLETE
107,14966.67276561911,2025-09-03 11:35:06.281867,2025-09-03 11:36:01.321018,0 days 00:00:55.039151,18,17,8,46,19,59,54,4.6482415322793385,5,COMPLETE
108,28498.98217194599,2025-09-03 11:35:21.575605,2025-09-03 11:36:18.167945,0 days 00:00:56.592340,16,16,8,46,19,60,54,4.640441567650039,5,COMPLETE
109,11869.862662808886,2025-09-03 11:35:23.357277,2025-09-03 11:36:20.025706,0 days 00:00:56.668429,16,16,6,48,19,58,52,4.629919706229465,6,COMPLETE
110,24736.991907144497,2025-09-03 11:35:27.182235,2025-09-03 11:36:23.805308,0 days 00:00:56.623073,17,16,6,48,19,60,52,4.68353440993409,5,COMPLETE
111,3407.020056134278,2025-09-03 11:36:01.333136,2025-09-03 11:36:55.946930,0 days 00:00:54.613794,16,16,6,50,17,60,64,4.673301185951588,7,COMPLETE
112,18128.62862480424,2025-09-03 11:36:18.185589,2025-09-03 11:37:08.108388,0 days 00:00:49.922799,21,19,6,48,17,56,37,4.726249453399368,6,COMPLETE
113,1605.532568924206,2025-09-03 11:36:20.032709,2025-09-03 11:37:12.470957,0 days 00:00:52.438248,21,18,6,50,21,55,63,4.7324233265309505,7,COMPLETE
114,28378.562863502644,2025-09-03 11:36:23.840775,2025-09-03 11:37:15.618433,0 days 00:00:51.777658,21,18,9,50,23,61,63,4.550794387057773,7,COMPLETE
115,199587.59635139632,2025-09-03 11:36:55.958830,2025-09-03 11:37:50.814738,0 days 00:00:54.855908,19,19,9,49,23,63,37,4.902173011487117,6,COMPLETE
116,104886.9248885643,2025-09-03 11:37:08.207245,2025-09-03 11:38:04.945641,0 days 00:00:56.738396,14,18,9,44,23,63,30,4.545206459868866,8,COMPLETE
117,78913.92573640826,2025-09-03 11:37:12.526505,2025-09-03 11:38:08.965353,0 days 00:00:56.438848,14,12,9,47,23,63,43,4.554816518044814,8,COMPLETE
118,43900.06096994366,2025-09-03 11:37:15.653401,2025-09-03 11:38:09.330147,0 days 00:00:53.676746,14,19,7,44,13,63,30,4.86235405962318,8,COMPLETE
119,85990.34966206447,2025-09-03 11:37:50.896566,2025-09-03 11:38:44.442192,0 days 00:00:53.545626,14,17,10,47,23,63,44,4.8462322994777605,8,COMPLETE
120,63363.883213714456,2025-09-03 11:38:05.088130,2025-09-03 11:38:58.155627,0 days 00:00:53.067497,14,19,9,47,23,64,34,4.8852341134487824,8,COMPLETE
121,86229.11380019806,2025-09-03 11:38:08.977489,2025-09-03 11:39:01.556224,0 days 00:00:52.578735,14,19,10,47,23,63,30,4.899736497870505,8,COMPLETE
122,34472.285931942635,2025-09-03 11:38:09.352418,2025-09-03 11:39:01.905932,0 days 00:00:52.553514,14,19,10,47,24,64,44,4.412973181402955,11,COMPLETE
123,58846.61818904754,2025-09-03 11:38:44.464184,2025-09-03 11:39:36.860652,0 days 00:00:52.396468,10,19,10,47,24,64,43,4.393913285760654,8,COMPLETE
124,73094.32337399902,2025-09-03 11:38:58.172494,2025-09-03 11:39:51.337856,0 days 00:00:53.165362,14,19,10,47,24,65,43,4.538235306136628,8,COMPLETE
125,42620.182662924795,2025-09-03 11:39:01.589132,2025-09-03 11:39:55.553933,0 days 00:00:53.964801,14,19,10,47,24,64,44,4.395962340892622,10,COMPLETE
126,50015.40995740593,2025-09-03 11:39:01.913252,2025-09-03 11:39:56.288297,0 days 00:00:54.375045,15,20,9,47,23,61,33,4.581617995553268,8,COMPLETE
127,28593.51936416886,2025-09-03 11:39:36.888019,2025-09-03 11:40:29.559948,0 days 00:00:52.671929,15,20,9,46,23,61,33,4.551752051691426,10,COMPLETE
128,81057.60534747494,2025-09-03 11:39:51.382336,2025-09-03 11:40:44.062554,0 days 00:00:52.680218,15,20,9,49,23,61,34,4.539013790900932,6,COMPLETE
129,142710.23762378504,2025-09-03 11:39:55.601395,2025-09-03 11:40:49.680339,0 days 00:00:54.078944,10,20,9,48,23,61,33,4.523842202934447,6,COMPLETE
130,237259.96664685424,2025-09-03 11:39:56.347231,2025-09-03 11:40:50.292410,0 days 00:00:53.945179,10,20,9,48,25,63,30,4.515709814965225,6,COMPLETE
131,242734.93260594035,2025-09-03 11:40:29.571484,2025-09-03 11:41:22.755413,0 days 00:00:53.183929,10,18,9,48,25,63,30,4.515000091522092,6,COMPLETE
132,242734.93260594035,2025-09-03 11:40:44.115893,2025-09-03 11:41:38.238891,0 days 00:00:54.122998,10,18,9,48,25,63,30,4.526236316003037,6,COMPLETE
133,95618.77466123304,2025-09-03 11:40:49.824383,2025-09-03 11:41:43.747810,0 days 00:00:53.923427,10,20,10,48,25,59,37,4.220067703118114,6,COMPLETE
134,186974.4370607585,2025-09-03 11:40:50.314416,2025-09-03 11:41:43.355370,0 days 00:00:53.040954,11,20,10,48,25,63,30,4.502414332034267,6,COMPLETE
135,132127.2434654597,2025-09-03 11:41:22.831662,2025-09-03 11:42:14.211728,0 days 00:00:51.380066,10,20,10,48,25,63,37,4.270792730316195,5,COMPLETE
136,232244.13238732237,2025-09-03 11:41:38.266241,2025-09-03 11:42:31.535090,0 days 00:00:53.268849,10,20,9,48,25,63,30,4.230044964323048,5,COMPLETE
137,233945.9306061884,2025-09-03 11:41:43.404204,2025-09-03 11:42:36.582870,0 days 00:00:53.178666,10,20,9,49,25,59,30,4.224199576688359,5,COMPLETE
138,176444.01217255145,2025-09-03 11:41:43.759763,2025-09-03 11:42:39.129611,0 days 00:00:55.369848,10,20,10,49,25,61,31,4.224373114577503,5,COMPLETE
139,163186.05523230557,2025-09-03 11:42:14.213319,2025-09-03 11:43:07.982006,0 days 00:00:53.768687,10,20,10,48,25,58,30,4.235404532774438,5,COMPLETE
140,201155.31758318478,2025-09-03 11:42:31.667267,2025-09-03 11:43:25.543923,0 days 00:00:53.876656,10,20,10,48,25,59,30,4.216388714280453,5,COMPLETE
141,122091.95131101829,2025-09-03 11:42:36.655906,2025-09-03 11:43:28.400159,0 days 00:00:51.744253,10,20,9,48,25,58,37,4.227955695239559,5,COMPLETE
142,138920.19688055073,2025-09-03 11:42:39.140939,2025-09-03 11:43:29.806134,0 days 00:00:50.665195,9,20,9,50,25,58,37,4.228900739874869,5,COMPLETE
143,138316.98711342763,2025-09-03 11:43:08.039962,2025-09-03 11:43:59.764406,0 days 00:00:51.724444,10,20,9,50,26,62,32,4.030869066307746,5,COMPLETE
144,161040.15755691368,2025-09-03 11:43:25.597258,2025-09-03 11:44:18.250467,0 days 00:00:52.653209,9,20,9,50,26,58,36,4.139256561888952,5,COMPLETE
145,134927.8374982656,2025-09-03 11:43:28.403034,2025-09-03 11:44:20.832585,0 days 00:00:52.429551,9,20,9,48,25,57,30,4.172411455199151,5,COMPLETE
146,124559.20497731736,2025-09-03 11:43:29.813444,2025-09-03 11:44:21.974622,0 days 00:00:52.161178,9,20,10,50,26,57,36,4.055882532008056,5,COMPLETE
147,238501.95774139467,2025-09-03 11:43:59.770952,2025-09-03 11:44:53.034347,0 days 00:00:53.263395,9,20,9,50,26,59,30,4.010526770210908,5,COMPLETE
148,136753.38661563263,2025-09-03 11:44:18.303054,2025-09-03 11:45:10.634657,0 days 00:00:52.331603,9,20,9,50,26,57,30,4.05569889884972,5,COMPLETE
149,159027.95562256456,2025-09-03 11:44:20.861905,2025-09-03 11:45:13.374769,0 days 00:00:52.512864,9,20,9,50,26,59,34,3.99692087724367,6,COMPLETE
150,952.4551932914977,2025-09-03 11:44:21.982019,2025-09-03 11:45:14.445397,0 days 00:00:52.463378,6,20,9,49,26,59,246,3.799696408046488,6,COMPLETE
151,92862.84100346574,2025-09-03 11:44:53.066741,2025-09-03 11:45:44.570023,0 days 00:00:51.503282,6,20,9,50,26,59,30,3.9902303828492025,6,COMPLETE
152,1145.1524055544353,2025-09-03 11:45:10.672210,2025-09-03 11:46:02.934316,0 days 00:00:52.262106,6,20,9,50,26,59,242,3.818179899934414,6,COMPLETE
153,106824.65918601135,2025-09-03 11:45:13.405042,2025-09-03 11:46:05.858701,0 days 00:00:52.453659,5,20,9,49,26,58,34,4.308578141572298,6,COMPLETE
154,46293.174021199346,2025-09-03 11:45:14.479942,2025-09-03 11:46:06.939274,0 days 00:00:52.459332,8,20,9,50,26,55,34,3.9566646329204183,6,COMPLETE
155,106446.79386571358,2025-09-03 11:45:44.586926,2025-09-03 11:46:36.101581,0 days 00:00:51.514655,11,19,9,49,25,58,36,4.33132474762141,6,COMPLETE
156,42813.96889691946,2025-09-03 11:46:02.973005,2025-09-03 11:46:56.352997,0 days 00:00:53.379992,8,19,10,49,25,55,35,4.314867610496016,5,COMPLETE
157,137808.30189231,2025-09-03 11:46:05.891519,2025-09-03 11:46:57.809970,0 days 00:00:51.918451,8,19,10,49,25,58,35,4.111021448604347,5,COMPLETE
158,129125.84453931183,2025-09-03 11:46:06.952472,2025-09-03 11:46:58.558861,0 days 00:00:51.606389,11,19,10,49,25,58,38,4.122378351579561,5,COMPLETE
159,137324.3103285314,2025-09-03 11:46:36.172088,2025-09-03 11:47:25.645482,0 days 00:00:49.473394,11,19,10,48,27,61,38,4.10819193287668,5,COMPLETE
160,133718.92699785056,2025-09-03 11:46:56.461292,2025-09-03 11:47:47.818595,0 days 00:00:51.357303,12,20,8,48,27,61,30,3.5524430898824324,5,COMPLETE
161,167304.98401406492,2025-09-03 11:46:57.897877,2025-09-03 11:47:50.052274,0 days 00:00:52.154397,11,20,8,48,27,61,30,4.156778397082898,5,COMPLETE
162,73437.35156556584,2025-09-03 11:46:58.568616,2025-09-03 11:47:50.770538,0 days 00:00:52.201922,12,20,8,48,27,56,31,3.5528942479638883,6,COMPLETE
163,72055.39516279146,2025-09-03 11:47:25.651753,2025-09-03 11:48:20.087987,0 days 00:00:54.436234,12,20,8,50,27,60,30,3.4743024606238713,7,COMPLETE
164,107133.18594466672,2025-09-03 11:47:47.872949,2025-09-03 11:48:39.451246,0 days 00:00:51.578297,9,20,8,50,25,56,30,4.197846742503223,6,COMPLETE
165,219375.7745739332,2025-09-03 11:47:50.058845,2025-09-03 11:48:41.567830,0 days 00:00:51.508985,9,20,8,50,24,60,30,4.209946764954881,6,COMPLETE
166,60942.68117480601,2025-09-03 11:47:50.787860,2025-09-03 11:48:43.117736,0 days 00:00:52.329876,9,20,8,50,24,60,40,4.2091968156615716,7,COMPLETE
167,95394.15552726008,2025-09-03 11:48:20.105031,2025-09-03 11:49:11.775838,0 days 00:00:51.670807,9,20,9,50,24,60,39,4.2030738750566545,6,COMPLETE
168,86902.0185628262,2025-09-03 11:48:39.457688,2025-09-03 11:49:33.607190,0 days 00:00:54.149502,10,20,9,48,24,59,40,3.9534401238364847,5,COMPLETE
169,66873.3917224147,2025-09-03 11:48:41.639869,2025-09-03 11:49:34.248980,0 days 00:00:52.609111,9,20,9,49,24,60,40,4.459055469710372,7,COMPLETE
170,119427.71362015876,2025-09-03 11:48:43.129946,2025-09-03 11:49:35.722006,0 days 00:00:52.592060,7,19,9,48,24,59,39,3.890043690582987,6,COMPLETE
171,-inf,2025-09-03 11:49:11.861261,2025-09-03 11:49:13.636844,0 days 00:00:01.775583,53,19,9,48,24,59,36,4.434250484046562,6,COMPLETE
172,10560.440849142818,2025-09-03 11:49:13.648530,2025-09-03 11:50:04.337312,0 days 00:00:50.688782,7,20,8,49,25,61,149,4.280625099840757,5,COMPLETE
173,-inf,2025-09-03 11:49:33.634961,2025-09-03 11:49:35.196245,0 days 00:00:01.561284,7,19,10,15,25,61,47,4.3499793588010345,7,COMPLETE
174,238096.51861625296,2025-09-03 11:49:34.261406,2025-09-03 11:50:26.474986,0 days 00:00:52.213580,7,20,8,49,26,62,34,4.018754745092316,5,COMPLETE
175,-inf,2025-09-03 11:49:35.236510,2025-09-03 11:49:36.160591,0 days 00:00:00.924081,79,20,8,49,26,62,34,4.026879448593419,5,COMPLETE
176,203381.74676882743,2025-09-03 11:49:35.740848,2025-09-03 11:50:29.166238,0 days 00:00:53.425390,11,20,8,49,26,62,34,4.266134631416875,5,COMPLETE
177,384.8981920130867,2025-09-03 11:49:36.179547,2025-09-03 11:50:28.698873,0 days 00:00:52.519326,44,20,9,50,25,62,219,3.732057418387684,5,COMPLETE
178,108334.30959299488,2025-09-03 11:50:04.370203,2025-09-03 11:50:54.503744,0 days 00:00:50.133541,11,20,10,50,26,62,33,4.05098377861807,5,COMPLETE
179,816.4166768315945,2025-09-03 11:50:26.507897,2025-09-03 11:51:16.500460,0 days 00:00:49.992563,5,20,8,46,26,62,215,4.136995682168321,5,COMPLETE
180,97960.64822173557,2025-09-03 11:50:28.758095,2025-09-03 11:51:21.064604,0 days 00:00:52.306509,5,19,8,46,26,57,34,4.146890350472026,6,COMPLETE
181,173303.1406243342,2025-09-03 11:50:29.185302,2025-09-03 11:51:22.836940,0 days 00:00:53.651638,11,19,8,46,26,62,34,4.153622012830666,6,COMPLETE
182,144968.1860280574,2025-09-03 11:50:54.551671,2025-09-03 11:51:47.672824,0 days 00:00:53.121153,12,19,8,46,27,63,30,4.145230191458572,6,COMPLETE
183,166462.2797510298,2025-09-03 11:51:16.574349,2025-09-03 11:52:07.166808,0 days 00:00:50.592459,12,19,8,46,26,64,30,4.385336305148692,6,COMPLETE
184,181387.72514137632,2025-09-03 11:51:21.119441,2025-09-03 11:52:12.196153,0 days 00:00:51.076712,12,20,8,48,25,63,30,4.2689322942046255,6,COMPLETE
185,174494.53096820656,2025-09-03 11:51:22.895864,2025-09-03 11:52:16.127144,0 days 00:00:53.231280,12,19,8,48,27,63,30,4.350784435050942,6,COMPLETE
186,188993.68168262145,2025-09-03 11:51:47.714791,2025-09-03 11:52:39.996726,0 days 00:00:52.281935,12,18,8,49,27,64,30,4.341476257282304,6,COMPLETE
187,134169.46169349074,2025-09-03 11:52:07.229974,2025-09-03 11:53:00.107862,0 days 00:00:52.877888,12,18,7,49,27,64,30,4.355479506283566,7,COMPLETE
188,85390.23381393812,2025-09-03 11:52:12.250587,2025-09-03 11:53:04.569913,0 days 00:00:52.319326,13,18,7,48,27,64,41,4.371702496006811,7,COMPLETE
189,108047.14020510438,2025-09-03 11:52:16.196361,2025-09-03 11:53:10.194966,0 days 00:00:53.998605,13,18,7,47,27,64,30,4.352062036178931,7,COMPLETE
190,108656.60468563337,2025-09-03 11:52:40.064015,2025-09-03 11:53:35.176139,0 days 00:00:55.112124,13,18,7,47,27,64,42,4.360780854736186,7,COMPLETE
191,120563.99732194196,2025-09-03 11:53:00.151736,2025-09-03 11:53:51.549053,0 days 00:00:51.397317,13,18,7,47,27,64,42,4.4661842878373,7,COMPLETE
192,123443.65279250944,2025-09-03 11:53:04.599926,2025-09-03 11:53:55.485040,0 days 00:00:50.885114,11,18,8,47,28,63,46,4.41056112175551,6,COMPLETE
193,134353.94529846447,2025-09-03 11:53:10.216676,2025-09-03 11:54:00.780232,0 days 00:00:50.563556,11,19,8,47,28,63,45,4.476091238066442,6,COMPLETE
194,165184.78839581594,2025-09-03 11:53:35.244347,2025-09-03 11:54:27.586615,0 days 00:00:52.342268,11,19,8,48,25,63,35,4.264361537403407,6,COMPLETE
195,174389.7832384817,2025-09-03 11:53:51.597886,2025-09-03 11:54:43.085860,0 days 00:00:51.487974,11,19,8,48,28,63,34,4.257206225695944,6,COMPLETE
196,165781.05660270384,2025-09-03 11:53:55.508963,2025-09-03 11:54:47.473727,0 days 00:00:51.964764,11,19,8,48,25,63,35,4.251368828896354,6,COMPLETE
197,187342.5268486266,2025-09-03 11:54:00.807940,2025-09-03 11:54:53.225178,0 days 00:00:52.417238,11,19,8,48,25,65,34,4.266878834115218,6,COMPLETE
198,139556.9255981829,2025-09-03 11:54:27.639883,2025-09-03 11:55:19.649706,0 days 00:00:52.009823,11,19,8,49,25,65,36,4.283635324045809,6,COMPLETE
199,215113.00133023967,2025-09-03 11:54:43.113489,2025-09-03 11:55:35.795039,0 days 00:00:52.681550,8,19,8,49,26,65,37,4.280702296356188,6,COMPLETE
200,162649.76652142123,2025-09-03 11:54:47.491866,2025-09-03 11:55:40.242694,0 days 00:00:52.750828,7,19,8,49,28,65,38,4.293450645109521,6,COMPLETE
201,197726.33533810414,2025-09-03 11:54:53.241982,2025-09-03 11:55:44.880341,0 days 00:00:51.638359,8,19,8,49,26,65,37,4.281401771755849,5,COMPLETE
202,159591.85946858994,2025-09-03 11:55:19.662434,2025-09-03 11:56:11.093496,0 days 00:00:51.431062,8,19,8,49,28,62,38,4.056445090655188,5,COMPLETE
203,182520.98726883103,2025-09-03 11:55:35.859862,2025-09-03 11:56:28.758802,0 days 00:00:52.898940,7,19,8,49,26,65,39,4.288216581225066,7,COMPLETE
204,166895.55452933192,2025-09-03 11:55:40.289153,2025-09-03 11:56:31.412734,0 days 00:00:51.123581,8,19,8,49,26,62,35,4.09376334427468,5,COMPLETE
205,189993.21439158873,2025-09-03 11:55:44.907468,2025-09-03 11:56:36.743503,0 days 00:00:51.836035,8,19,8,49,26,62,38,4.434401784211502,5,COMPLETE
206,220507.95610341162,2025-09-03 11:56:11.120497,2025-09-03 11:57:03.504304,0 days 00:00:52.383807,8,19,8,49,26,65,34,4.453121141946609,5,COMPLETE
207,2861.705067189051,2025-09-03 11:56:28.780441,2025-09-03 11:57:26.291191,0 days 00:00:57.510750,8,18,8,49,26,65,176,4.458921226887949,5,COMPLETE
208,159955.70456574575,2025-09-03 11:56:31.451661,2025-09-03 11:57:27.331750,0 days 00:00:55.880089,7,18,7,48,24,65,41,4.475271839248292,7,COMPLETE
209,4085.6108854611057,2025-09-03 11:56:36.769971,2025-09-03 11:57:34.371129,0 days 00:00:57.601158,6,18,7,49,26,65,177,4.458230877437635,5,COMPLETE
210,203824.47442643566,2025-09-03 11:57:03.510764,2025-09-03 11:58:02.580494,0 days 00:00:59.069730,6,18,7,49,26,65,50,4.448693083088543,5,COMPLETE
211,791.860088426244,2025-09-03 11:57:26.335864,2025-09-03 11:58:23.353954,0 days 00:00:57.018090,6,20,7,49,24,50,48,4.492039443935497,5,COMPLETE
212,106301.63063080142,2025-09-03 11:57:27.371719,2025-09-03 11:58:23.963310,0 days 00:00:56.591591,6,20,7,49,14,65,48,4.619679454799155,5,COMPLETE
213,-35.12446813109498,2025-09-03 11:57:34.425133,2025-09-03 11:58:30.900512,0 days 00:00:56.475379,6,20,9,49,25,49,50,4.587680589524388,5,COMPLETE
214,555.2937292751169,2025-09-03 11:58:02.629214,2025-09-03 11:58:57.114830,0 days 00:00:54.485616,6,20,9,49,25,50,49,4.609505991709318,5,COMPLETE
215,132594.80726549073,2025-09-03 11:58:23.381380,2025-09-03 11:59:19.638128,0 days 00:00:56.256748,5,20,9,49,25,66,39,4.290855255827702,5,COMPLETE
216,156244.14754263707,2025-09-03 11:58:23.985615,2025-09-03 11:59:18.097048,0 days 00:00:54.111433,8,20,9,49,25,66,39,4.259371263881534,5,COMPLETE
217,185332.9708592746,2025-09-03 11:58:30.944386,2025-09-03 11:59:27.336425,0 days 00:00:56.392039,37,19,9,50,25,66,38,4.292186361895619,5,COMPLETE
218,153941.67778194408,2025-09-03 11:58:57.121350,2025-09-03 11:59:55.463356,0 days 00:00:58.342006,9,19,8,50,26,66,39,4.301616035981653,6,COMPLETE
219,172175.67726843458,2025-09-03 11:59:18.114035,2025-09-03 12:00:14.873640,0 days 00:00:56.759605,9,18,8,50,26,66,39,4.33929476934778,6,COMPLETE
220,175447.63186751102,2025-09-03 11:59:19.665678,2025-09-03 12:00:15.153356,0 days 00:00:55.487678,9,18,8,50,26,64,34,4.401327687971494,6,COMPLETE
221,28520.842642058702,2025-09-03 11:59:27.369145,2025-09-03 12:00:23.812040,0 days 00:00:56.442895,32,18,8,50,26,66,44,4.406212932890929,6,COMPLETE
222,132035.8855046933,2025-09-03 11:59:55.475148,2025-09-03 12:00:46.692359,0 days 00:00:51.217211,8,18,8,50,26,64,44,4.409600109438003,6,COMPLETE
223,143098.98049727085,2025-09-03 12:00:14.997036,2025-09-03 12:01:05.495110,0 days 00:00:50.498074,7,19,8,48,26,64,45,4.419210628996049,6,COMPLETE
224,176417.5192038415,2025-09-03 12:00:15.154612,2025-09-03 12:01:05.399531,0 days 00:00:50.244919,8,19,9,48,25,64,34,4.1696509055912,5,COMPLETE
225,192791.12829434246,2025-09-03 12:00:23.831286,2025-09-03 12:01:14.307964,0 days 00:00:50.476678,8,19,9,48,25,65,34,4.205652684765476,5,COMPLETE
226,165033.61530628853,2025-09-03 12:00:46.719474,2025-09-03 12:01:37.083048,0 days 00:00:50.363574,10,19,9,48,25,65,33,4.190457710160954,5,COMPLETE
227,132283.5642727519,2025-09-03 12:01:05.411177,2025-09-03 12:01:57.775490,0 days 00:00:52.364313,10,19,9,48,25,65,34,4.213503655709761,5,COMPLETE
228,229175.65465508224,2025-09-03 12:01:05.501599,2025-09-03 12:01:56.393218,0 days 00:00:50.891619,10,19,9,49,25,65,30,4.194793920134828,5,COMPLETE
229,-inf,2025-09-03 12:01:14.382090,2025-09-03 12:01:17.587578,0 days 00:00:03.205488,37,19,9,48,24,65,35,4.204010347298844,5,COMPLETE
230,244065.01731035204,2025-09-03 12:01:17.605076,2025-09-03 12:02:09.035983,0 days 00:00:51.430907,10,19,9,48,25,65,30,4.490263631114787,5,COMPLETE
231,-inf,2025-09-03 12:01:37.109668,2025-09-03 12:01:40.039157,0 days 00:00:02.929489,62,19,9,47,24,65,30,4.526649776794462,5,COMPLETE
232,147410.27958962606,2025-09-03 12:01:40.094088,2025-09-03 12:02:32.726074,0 days 00:00:52.631986,8,19,8,48,25,63,38,4.319192744047148,7,COMPLETE
233,-inf,2025-09-03 12:01:56.420525,2025-09-03 12:01:59.666362,0 days 00:00:03.245837,40,19,9,49,25,67,38,4.063076087490344,5,COMPLETE
234,170184.2800490914,2025-09-03 12:01:57.814250,2025-09-03 12:02:51.423053,0 days 00:00:53.608803,8,19,9,49,25,67,38,4.312494576318317,5,COMPLETE
235,224292.53904091063,2025-09-03 12:01:59.692134,2025-09-03 12:02:53.670757,0 days 00:00:53.978623,8,20,8,49,24,63,30,4.308815232199918,6,COMPLETE
236,20879.059917196235,2025-09-03 12:02:09.052372,2025-09-03 12:03:04.842303,0 days 00:00:55.789931,8,19,9,50,24,66,37,0.8399035991087471,5,COMPLETE
237,151896.43479535493,2025-09-03 12:02:32.789962,2025-09-03 12:03:26.521687,0 days 00:00:53.731725,5,19,9,50,24,67,34,4.524834332182484,5,COMPLETE
238,20034.887547555332,2025-09-03 12:02:51.439886,2025-09-03 12:03:43.399143,0 days 00:00:51.959257,10,19,9,50,24,66,30,4.511168429136609,17,COMPLETE
239,230419.05186434134,2025-09-03 12:02:53.677880,2025-09-03 12:03:48.499977,0 days 00:00:54.822097,10,20,9,50,24,64,30,4.539684639576564,5,COMPLETE
240,135972.66370733466,2025-09-03 12:03:04.927160,2025-09-03 12:03:59.801988,0 days 00:00:54.874828,10,20,5,50,24,64,30,4.5228299108980075,6,COMPLETE
241,167384.0105854022,2025-09-03 12:03:26.544308,2025-09-03 12:04:22.754256,0 days 00:00:56.209948,10,20,5,49,24,64,33,4.497727189824602,6,COMPLETE
242,129548.04174069004,2025-09-03 12:03:43.405699,2025-09-03 12:04:37.172869,0 days 00:00:53.767170,10,20,9,49,25,64,34,4.3938323874787155,6,COMPLETE
243,189481.98636020496,2025-09-03 12:03:48.554123,2025-09-03 12:04:39.229598,0 days 00:00:50.675475,10,20,10,49,24,64,30,4.7037810033693805,6,COMPLETE
244,146762.9948264641,2025-09-03 12:03:59.855276,2025-09-03 12:04:56.952118,0 days 00:00:57.096842,9,20,9,49,25,64,34,4.407117134375055,5,COMPLETE
245,276895.4020182681,2025-09-03 12:04:22.771224,2025-09-03 12:05:18.673929,0 days 00:00:55.902705,9,20,9,49,25,63,30,4.417340528550383,5,COMPLETE
246,325997.41681544494,2025-09-03 12:04:37.226728,2025-09-03 12:05:34.510496,0 days 00:00:57.283768,9,20,9,48,25,63,30,4.619142307761213,5,COMPLETE
247,246568.97998703888,2025-09-03 12:04:39.251868,2025-09-03 12:05:33.935446,0 days 00:00:54.683578,9,20,10,48,25,63,30,4.70523901387151,6,COMPLETE
248,212271.59800866913,2025-09-03 12:04:56.999920,2025-09-03 12:05:51.924571,0 days 00:00:54.924651,7,20,10,48,24,63,30,4.696600821144494,6,COMPLETE
249,-inf,2025-09-03 12:05:18.716582,2025-09-03 12:06:15.924241,0 days 00:00:57.207659,7,20,9,48,24,41,30,4.735128898334991,5,COMPLETE
250,265921.1488412629,2025-09-03 12:05:33.978965,2025-09-03 12:06:25.486509,0 days 00:00:51.507544,7,20,10,47,24,63,30,4.622718339132782,5,COMPLETE
251,246657.05536092355,2025-09-03 12:05:34.527447,2025-09-03 12:06:29.692964,0 days 00:00:55.165517,7,20,10,47,24,62,30,4.67960872925839,5,COMPLETE
252,129679.24216752086,2025-09-03 12:05:51.996923,2025-09-03 12:06:47.598293,0 days 00:00:55.601370,6,20,10,47,26,62,30,4.715589577947192,5,COMPLETE
253,4650.4890438200455,2025-09-03 12:06:15.981769,2025-09-03 12:07:12.482789,0 days 00:00:56.501020,7,20,10,47,6,62,35,4.61551547489154,5,COMPLETE
254,125065.44910228658,2025-09-03 12:06:25.513788,2025-09-03 12:07:21.483944,0 days 00:00:55.970156,6,20,10,47,24,63,30,4.655804851919945,5,COMPLETE
255,113336.05030343763,2025-09-03 12:06:29.705409,2025-09-03 12:07:27.769955,0 days 00:00:58.064546,6,20,11,47,23,62,34,4.666121606720441,5,COMPLETE
256,134313.29178411467,2025-09-03 12:06:47.658250,2025-09-03 12:07:42.137214,0 days 00:00:54.478964,5,20,10,47,23,63,30,4.63683153321083,5,COMPLETE
257,127665.4504705098,2025-09-03 12:07:12.489562,2025-09-03 12:08:06.364543,0 days 00:00:53.874981,5,20,11,47,23,63,30,4.654519449122279,5,COMPLETE
258,118027.09703145911,2025-09-03 12:07:21.500607,2025-09-03 12:08:15.013964,0 days 00:00:53.513357,9,20,11,47,23,63,34,4.622413199381167,5,COMPLETE
259,97014.72929260344,2025-09-03 12:07:27.782067,2025-09-03 12:08:23.210792,0 days 00:00:55.428725,5,20,10,48,24,63,41,4.5892366672005735,6,COMPLETE
260,-inf,2025-09-03 12:07:42.165115,2025-09-03 12:07:44.824757,0 days 00:00:02.659642,9,20,10,18,24,63,42,4.788375066239104,6,COMPLETE
261,96827.82983255744,2025-09-03 12:07:44.846956,2025-09-03 12:08:38.505592,0 days 00:00:53.658636,7,20,10,48,24,61,35,4.54496426827243,6,COMPLETE
262,149652.67081083276,2025-09-03 12:08:06.386832,2025-09-03 12:09:03.743244,0 days 00:00:57.356412,9,20,10,48,24,61,36,4.577072728772079,6,COMPLETE
263,89119.25517586974,2025-09-03 12:08:15.030692,2025-09-03 12:09:13.864061,0 days 00:00:58.833369,7,20,10,48,24,61,36,4.571858284132518,6,COMPLETE
264,109051.17639033956,2025-09-03 12:08:23.315944,2025-09-03 12:09:20.073300,0 days 00:00:56.757356,7,20,10,48,25,61,36,4.714189235404352,6,COMPLETE
265,23146.380676543464,2025-09-03 12:08:38.538051,2025-09-03 12:09:33.272413,0 days 00:00:54.734362,9,20,10,49,25,62,37,4.740583601721397,15,COMPLETE
266,134124.6337673126,2025-09-03 12:09:03.754868,2025-09-03 12:09:57.538482,0 days 00:00:53.783614,7,20,9,49,25,62,41,4.795788543360696,7,COMPLETE
267,206573.12579731323,2025-09-03 12:09:13.881263,2025-09-03 12:10:07.602415,0 days 00:00:53.721152,8,20,9,49,25,62,30,4.690213529556693,7,COMPLETE
268,282601.0382675938,2025-09-03 12:09:20.133926,2025-09-03 12:10:13.320823,0 days 00:00:53.186897,9,20,9,50,26,62,30,4.766459313763159,5,COMPLETE
269,168406.7532334751,2025-09-03 12:09:33.436477,2025-09-03 12:10:26.961659,0 days 00:00:53.525182,10,20,9,50,26,62,30,4.767337979919614,7,COMPLETE
270,85076.32966909667,2025-09-03 12:09:57.601062,2025-09-03 12:10:50.858438,0 days 00:00:53.257376,10,20,9,50,11,63,30,4.455623003691383,5,COMPLETE
271,4972.008028070934,2025-09-03 12:10:07.619208,2025-09-03 12:11:04.797936,0 days 00:00:57.178728,10,20,9,50,25,62,189,4.687031140030437,7,COMPLETE
272,191367.26886083832,2025-09-03 12:10:13.381182,2025-09-03 12:11:09.185003,0 days 00:00:55.803821,10,20,9,50,26,60,30,4.706789647386032,5,COMPLETE
273,320028.21276044514,2025-09-03 12:10:26.989209,2025-09-03 12:11:24.619203,0 days 00:00:57.629994,9,20,9,50,25,63,30,4.68445789742491,5,COMPLETE
274,210807.56850913132,2025-09-03 12:10:50.881183,2025-09-03 12:11:44.984537,0 days 00:00:54.103354,8,20,9,50,26,60,30,4.680261102211781,5,COMPLETE
275,214957.79677139746,2025-09-03 12:11:04.825286,2025-09-03 12:11:59.602669,0 days 00:00:54.777383,8,20,9,46,26,60,30,4.580467775453834,5,COMPLETE
276,144668.69688867184,2025-09-03 12:11:09.260429,2025-09-03 12:12:04.040052,0 days 00:00:54.779623,8,20,9,46,26,63,34,4.602059517744369,5,COMPLETE
277,2147.3690798819785,2025-09-03 12:11:24.641911,2025-09-03 12:12:20.153207,0 days 00:00:55.511296,8,20,9,50,26,63,163,4.623580780025553,5,COMPLETE
278,249107.61303196804,2025-09-03 12:11:44.996545,2025-09-03 12:12:46.007894,0 days 00:01:01.011349,8,20,9,50,25,63,30,4.792032105075809,6,COMPLETE
279,197206.27275110802,2025-09-03 12:11:59.619757,2025-09-03 12:12:58.093274,0 days 00:00:58.473517,8,20,9,46,25,60,30,4.7772736569892,6,COMPLETE
280,119709.83141833686,2025-09-03 12:12:04.094930,2025-09-03 12:13:00.387653,0 days 00:00:56.292723,13,20,9,50,25,60,30,4.832111068637158,6,COMPLETE
281,200379.9408137995,2025-09-03 12:12:20.175556,2025-09-03 12:13:16.311718,0 days 00:00:56.136162,8,20,9,46,25,60,30,4.797014664435379,6,COMPLETE
282,118517.50706040714,2025-09-03 12:12:46.119807,2025-09-03 12:13:40.152261,0 days 00:00:54.032454,13,20,9,50,25,60,30,4.805655528500806,6,COMPLETE
283,17958.8287341171,2025-09-03 12:12:58.100449,2025-09-03 12:13:48.534051,0 days 00:00:50.433602,12,20,9,50,25,60,34,4.876475413348456,19,COMPLETE
284,-inf,2025-09-03 12:13:00.424510,2025-09-03 12:13:02.892073,0 days 00:00:02.467563,73,20,9,50,24,61,34,4.813848808051288,6,COMPLETE
285,186460.92932720514,2025-09-03 12:13:02.965576,2025-09-03 12:13:58.757733,0 days 00:00:55.792157,12,20,9,50,24,64,40,4.558902463645988,5,COMPLETE
286,170952.47494773593,2025-09-03 12:13:16.344163,2025-09-03 12:14:07.668001,0 days 00:00:51.323838,12,20,9,32,24,64,41,4.5419777926293134,5,COMPLETE
287,186371.08163856334,2025-09-03 12:13:40.153811,2025-09-03 12:14:33.492282,0 days 00:00:53.338471,12,20,9,50,24,64,40,4.551881971686464,5,COMPLETE
288,202323.77927039497,2025-09-03 12:13:48.645867,2025-09-03 12:14:42.476230,0 days 00:00:53.830363,5,20,9,34,24,64,41,4.555890103749237,5,COMPLETE
289,96088.69269352671,2025-09-03 12:13:58.854096,2025-09-03 12:14:53.313741,0 days 00:00:54.459645,9,20,9,34,27,64,35,3.2409295812476033,5,COMPLETE
290,131497.0992742868,2025-09-03 12:14:07.716336,2025-09-03 12:15:01.701926,0 days 00:00:53.985590,9,20,9,49,27,62,34,4.655794333678171,5,COMPLETE
291,109680.03146288221,2025-09-03 12:14:33.519669,2025-09-03 12:15:26.715193,0 days 00:00:53.195524,9,20,10,49,27,62,34,4.649761467140913,5,COMPLETE
292,184007.125658488,2025-09-03 12:14:42.492644,2025-09-03 12:15:35.232583,0 days 00:00:52.739939,9,20,10,49,27,62,36,4.712114701379591,6,COMPLETE
293,136803.99290888442,2025-09-03 12:14:53.325031,2025-09-03 12:15:49.843795,0 days 00:00:56.518764,7,20,10,49,26,62,34,4.69233660483249,6,COMPLETE
294,118402.35560429661,2025-09-03 12:15:01.737466,2025-09-03 12:15:59.163677,0 days 00:00:57.426211,7,20,10,47,26,61,34,4.701307830369236,6,COMPLETE
295,-inf,2025-09-03 12:15:26.732941,2025-09-03 12:16:17.274502,0 days 00:00:50.541561,7,20,10,48,26,33,34,4.740449541242466,6,COMPLETE
296,507.50229817416124,2025-09-03 12:15:35.249689,2025-09-03 12:16:25.978383,0 days 00:00:50.728694,7,20,9,47,26,48,30,4.475742333141202,29,COMPLETE
297,164725.8635856951,2025-09-03 12:15:49.865651,2025-09-03 12:16:42.229768,0 days 00:00:52.364117,7,20,9,47,26,61,30,4.464991033379795,7,COMPLETE
298,7543.063356698577,2025-09-03 12:15:59.205098,2025-09-03 12:16:50.804344,0 days 00:00:51.599246,6,20,9,48,25,63,30,0.6312630525205258,7,COMPLETE
299,-inf,2025-09-03 12:16:17.321991,2025-09-03 12:17:12.610692,0 days 00:00:55.288701,11,20,9,45,25,43,38,4.471719590971616,7,COMPLETE
300,121498.3013538854,2025-09-03 12:16:25.995089,2025-09-03 12:17:19.641002,0 days 00:00:53.645913,11,20,9,48,25,63,38,4.476310837251162,7,COMPLETE
301,-inf,2025-09-03 12:16:42.246568,2025-09-03 12:17:35.883449,0 days 00:00:53.636881,11,20,9,48,25,39,39,4.493461120261282,5,COMPLETE
302,192087.88058221267,2025-09-03 12:16:50.812061,2025-09-03 12:17:42.197313,0 days 00:00:51.385252,11,20,8,48,25,63,39,4.588344618495028,5,COMPLETE
303,177079.5618379875,2025-09-03 12:17:12.643622,2025-09-03 12:18:04.406223,0 days 00:00:51.762601,10,19,8,48,23,63,38,4.624779675025968,5,COMPLETE
304,-inf,2025-09-03 12:17:19.740707,2025-09-03 12:17:23.650022,0 days 00:00:03.909315,48,19,8,50,25,63,43,4.595097471781382,5,COMPLETE
305,148640.08779364303,2025-09-03 12:17:23.687501,2025-09-03 12:18:15.670041,0 days 00:00:51.982540,9,19,8,49,23,63,38,3.85018479160493,5,COMPLETE
306,111437.72144635803,2025-09-03 12:17:35.937334,2025-09-03 12:18:31.862366,0 days 00:00:55.925032,5,19,8,49,23,64,34,3.9149162107676463,6,COMPLETE
307,108454.71633917869,2025-09-03 12:17:42.215626,2025-09-03 12:18:36.242651,0 days 00:00:54.027025,9,19,11,49,24,64,34,4.3870360063978,6,COMPLETE
308,85003.07573131529,2025-09-03 12:18:04.448868,2025-09-03 12:19:00.774521,0 days 00:00:56.325653,5,19,11,49,24,64,33,3.9818386144593445,6,COMPLETE
309,72011.63722348961,2025-09-03 12:18:15.697183,2025-09-03 12:19:10.463292,0 days 00:00:54.766109,5,20,11,50,24,64,34,3.9352446360022197,6,COMPLETE
310,139112.5932727092,2025-09-03 12:18:31.900419,2025-09-03 12:19:22.417663,0 days 00:00:50.517244,9,20,11,50,24,61,30,4.907575111155203,6,COMPLETE
311,2077.1350058688345,2025-09-03 12:18:36.254357,2025-09-03 12:19:29.922984,0 days 00:00:53.668627,8,20,10,50,24,62,208,4.917484881681661,6,COMPLETE
312,132852.38471125116,2025-09-03 12:19:00.807528,2025-09-03 12:19:54.965835,0 days 00:00:54.158307,8,20,10,50,26,61,30,4.883679200983776,5,COMPLETE
313,143038.45191523054,2025-09-03 12:19:10.469590,2025-09-03 12:20:04.812949,0 days 00:00:54.343359,8,20,10,50,26,59,30,4.8464414628872685,5,COMPLETE
314,103877.57065362044,2025-09-03 12:19:22.429270,2025-09-03 12:20:16.791004,0 days 00:00:54.361734,8,20,10,47,26,62,45,4.751966709886372,5,COMPLETE
315,20181.990645162532,2025-09-03 12:19:29.940451,2025-09-03 12:20:26.315199,0 days 00:00:56.374748,35,20,9,47,26,59,44,4.746176740536464,5,COMPLETE
316,3349.7880560970616,2025-09-03 12:19:55.003485,2025-09-03 12:20:44.404650,0 days 00:00:49.401165,35,20,9,47,25,52,44,4.754430927339688,5,COMPLETE
317,-inf,2025-09-03 12:20:04.833399,2025-09-03 12:20:09.445194,0 days 00:00:04.611795,52,20,9,46,25,65,43,4.73556530244255,5,COMPLETE
318,172986.8277770567,2025-09-03 12:20:09.478047,2025-09-03 12:21:05.414936,0 days 00:00:55.936889,13,20,14,47,26,62,45,4.626351889467156,5,COMPLETE
319,76769.29585317087,2025-09-03 12:20:16.828969,2025-09-03 12:21:10.911261,0 days 00:00:54.082292,34,20,14,48,25,65,36,4.353969689202341,6,COMPLETE
320,142633.38292280558,2025-09-03 12:20:26.342335,2025-09-03 12:21:21.892907,0 days 00:00:55.550572,13,19,9,48,25,65,34,4.394481028138381,6,COMPLETE
321,164819.03608871458,2025-09-03 12:20:44.426784,2025-09-03 12:21:36.346240,0 days 00:00:51.919456,10,19,9,49,25,65,36,4.381660650092137,6,COMPLETE
322,138840.60429609218,2025-09-03 12:21:05.450968,2025-09-03 12:21:55.527031,0 days 00:00:50.076063,10,19,9,49,25,61,36,4.37899322688204,6,COMPLETE
323,54040.71710698974,2025-09-03 12:21:10.939034,2025-09-03 12:22:06.568968,0 days 00:00:55.629934,10,19,9,49,25,63,30,1.8484874441507562,6,COMPLETE
324,246264.82056891304,2025-09-03 12:21:21.909662,2025-09-03 12:22:15.067148,0 days 00:00:53.157486,10,19,9,49,25,63,30,4.558990176427194,6,COMPLETE
325,97785.49430514146,2025-09-03 12:21:36.368286,2025-09-03 12:22:32.595011,0 days 00:00:56.226725,6,20,8,49,27,63,30,4.102482134283298,7,COMPLETE
326,2125.0124196894867,2025-09-03 12:21:55.619130,2025-09-03 12:22:51.314446,0 days 00:00:55.695316,6,20,8,49,27,63,231,4.0828310914523565,7,COMPLETE
327,177798.67187693508,2025-09-03 12:22:06.634227,2025-09-03 12:23:02.896824,0 days 00:00:56.262597,7,20,8,48,27,63,33,4.542945554077961,7,COMPLETE
328,90940.16916855652,2025-09-03 12:22:15.142024,2025-09-03 12:23:11.896390,0 days 00:00:56.754366,6,19,8,30,24,63,39,4.5426252725369585,7,COMPLETE
329,103547.11308852787,2025-09-03 12:22:32.643584,2025-09-03 12:23:25.737738,0 days 00:00:53.094154,11,19,8,48,24,63,39,4.531622018380568,7,COMPLETE
330,177180.39538202176,2025-09-03 12:22:51.321067,2025-09-03 12:23:46.208768,0 days 00:00:54.887701,11,19,10,46,24,64,40,4.536159762447511,6,COMPLETE
331,169535.7609351131,2025-09-03 12:23:02.919331,2025-09-03 12:23:57.466097,0 days 00:00:54.546766,12,19,10,46,24,64,39,4.490593258328565,6,COMPLETE
332,29353.13904130837,2025-09-03 12:23:11.961080,2025-09-03 12:24:04.634662,0 days 00:00:52.673582,11,19,9,48,24,64,34,4.497006734184348,13,COMPLETE
333,10341.234692053285,2025-09-03 12:23:25.749833,2025-09-03 12:24:17.478799,0 days 00:00:51.728966,10,19,9,45,24,66,132,1.142828986615524,6,COMPLETE
334,137909.41426005872,2025-09-03 12:23:46.235352,2025-09-03 12:24:37.055305,0 days 00:00:50.819953,9,20,9,48,25,62,34,4.613430643506783,5,COMPLETE
335,117641.44875517488,2025-09-03 12:23:57.543202,2025-09-03 12:24:51.271953,0 days 00:00:53.728751,9,20,9,45,25,62,34,4.647275928918663,5,COMPLETE
336,468301.9730221133,2025-09-03 12:24:04.673401,2025-09-03 12:24:58.442133,0 days 00:00:53.768732,9,20,9,49,25,66,30,4.6415450155507,5,COMPLETE
337,137568.0688372963,2025-09-03 12:24:17.506919,2025-09-03 12:25:10.854221,0 days 00:00:53.347302,9,20,9,49,25,62,34,4.635644126401193,5,COMPLETE
338,100819.7075253465,2025-09-03 12:24:37.130794,2025-09-03 12:25:29.189480,0 days 00:00:52.058686,14,20,9,49,26,62,34,4.649648221800849,5,COMPLETE
339,147135.8891297324,2025-09-03 12:24:51.321669,2025-09-03 12:25:43.195998,0 days 00:00:51.874329,14,20,9,49,26,61,30,4.441896090254795,5,COMPLETE
340,134844.36665109976,2025-09-03 12:24:58.487826,2025-09-03 12:25:51.864285,0 days 00:00:53.376459,13,20,9,50,26,67,30,4.399337410628539,5,COMPLETE
341,197910.82712927408,2025-09-03 12:25:10.881223,2025-09-03 12:26:02.690035,0 days 00:00:51.808812,12,20,9,50,26,66,30,4.425012600555765,5,COMPLETE
342,190092.2331127728,2025-09-03 12:25:29.264556,2025-09-03 12:26:21.566529,0 days 00:00:52.301973,12,20,9,50,26,67,30,4.421771666473967,5,COMPLETE
343,156182.04129059392,2025-09-03 12:25:43.223079,2025-09-03 12:26:35.312076,0 days 00:00:52.088997,12,19,8,50,25,66,30,4.18319657128791,5,COMPLETE
344,-inf,2025-09-03 12:25:51.954875,2025-09-03 12:25:55.584752,0 days 00:00:03.629877,58,19,8,50,25,66,38,4.15208421073427,21,COMPLETE
345,220139.89266361343,2025-09-03 12:25:55.601802,2025-09-03 12:26:47.366620,0 days 00:00:51.764818,10,19,8,50,25,65,30,4.333222210149936,5,COMPLETE
346,181028.84494916443,2025-09-03 12:26:02.733200,2025-09-03 12:26:55.369622,0 days 00:00:52.636422,10,19,8,47,25,65,37,4.307998509119121,5,COMPLETE
347,159328.74970491047,2025-09-03 12:26:21.578332,2025-09-03 12:27:13.499498,0 days 00:00:51.921166,10,19,8,47,25,65,37,4.339258896199081,6,COMPLETE
348,142198.06542338792,2025-09-03 12:26:35.313181,2025-09-03 12:27:28.756886,0 days 00:00:53.443705,10,18,8,49,25,65,37,4.016547306488155,6,COMPLETE
349,152690.2258584134,2025-09-03 12:26:47.383305,2025-09-03 12:27:37.906406,0 days 00:00:50.523101,10,18,8,49,25,65,37,4.304720595445791,6,COMPLETE
350,75105.0280723671,2025-09-03 12:26:55.381353,2025-09-03 12:27:47.361308,0 days 00:00:51.979955,10,18,8,49,16,65,42,2.982559278822952,6,COMPLETE
351,116547.4486184894,2025-09-03 12:27:13.532680,2025-09-03 12:28:06.240001,0 days 00:00:52.707321,9,18,8,49,23,65,40,4.030961957178964,6,COMPLETE
352,16011.000768226006,2025-09-03 12:27:28.774055,2025-09-03 12:28:21.145309,0 days 00:00:52.371254,8,17,12,49,23,64,42,4.271418388064689,14,COMPLETE
353,5179.949702196818,2025-09-03 12:27:37.931533,2025-09-03 12:28:32.380345,0 days 00:00:54.448812,8,17,7,50,23,64,43,3.0140668351085167,26,COMPLETE
354,50692.41125423004,2025-09-03 12:27:47.388587,2025-09-03 12:28:42.111950,0 days 00:00:54.723363,30,19,7,50,23,64,34,4.203697579528356,5,COMPLETE
355,136048.22344402657,2025-09-03 12:28:06.288168,2025-09-03 12:28:57.783658,0 days 00:00:51.495490,7,17,7,50,12,64,34,4.212115690667088,5,COMPLETE
356,12033.280959649883,2025-09-03 12:28:21.151787,2025-09-03 12:29:13.619830,0 days 00:00:52.468043,7,19,7,50,24,64,34,4.1937837002426,26,COMPLETE
357,194617.9877283833,2025-09-03 12:28:32.413173,2025-09-03 12:29:23.777596,0 days 00:00:51.364423,7,19,9,48,24,64,34,4.165681747763338,5,COMPLETE
358,11514.375386384047,2025-09-03 12:28:42.159281,2025-09-03 12:29:34.517498,0 days 00:00:52.358217,7,19,9,48,24,66,151,4.48789741525716,5,COMPLETE
359,208238.48066339327,2025-09-03 12:28:57.800694,2025-09-03 12:29:48.506552,0 days 00:00:50.705858,11,19,9,48,24,63,34,4.471641499422384,5,COMPLETE
360,168056.9741622254,2025-09-03 12:29:13.664074,2025-09-03 12:30:04.745018,0 days 00:00:51.080944,13,19,9,48,24,66,30,4.488522203094091,5,COMPLETE
361,157831.38807233283,2025-09-03 12:29:23.820343,2025-09-03 12:30:20.964661,0 days 00:00:57.144318,13,20,9,48,25,66,30,4.492839970950867,6,COMPLETE
362,-inf,2025-09-03 12:29:34.524236,2025-09-03 12:29:38.918207,0 days 00:00:04.393971,65,20,8,48,25,66,30,4.3575337560727005,6,COMPLETE
363,102897.8966095237,2025-09-03 12:29:38.924307,2025-09-03 12:53:31.970277,0 days 00:23:53.045970,15,20,9,49,25,63,34,4.8247625982177995,6,COMPLETE
364,133770.83437255857,2025-09-03 12:29:48.523883,2025-09-03 12:53:39.075942,0 days 00:23:50.552059,13,20,9,49,25,63,30,4.569975354322498,6,COMPLETE
365,176218.01279809055,2025-09-03 12:30:04.852889,2025-09-03 12:53:56.684525,0 days 00:23:51.831636,11,20,8,49,25,63,38,4.587000363098945,6,COMPLETE
366,131947.81252871078,2025-09-03 12:53:09.714566,2025-09-03 12:54:13.515372,0 days 00:01:03.800806,9,20,8,49,26,63,38,4.81145675584885,6,COMPLETE
367,107402.30522113027,2025-09-03 12:53:32.173828,2025-09-03 12:54:28.473260,0 days 00:00:56.299432,9,20,10,49,26,62,40,4.574140477139569,7,COMPLETE
368,113442.90595595677,2025-09-03 12:53:39.088429,2025-09-03 12:54:33.731619,0 days 00:00:54.643190,9,11,8,50,26,62,38,4.109528887881548,7,COMPLETE
369,44507.98264836725,2025-09-03 12:53:56.697535,2025-09-03 12:54:52.173029,0 days 00:00:55.475494,5,20,10,50,26,62,40,3.377360638520741,7,COMPLETE
370,82216.87242808582,2025-09-03 12:54:13.616678,2025-09-03 12:55:04.877974,0 days 00:00:51.261296,9,20,10,50,26,62,41,4.345101346641061,7,COMPLETE
371,140126.32453444457,2025-09-03 12:54:28.490328,2025-09-03 12:55:20.551420,0 days 00:00:52.061092,5,19,10,50,26,61,34,4.344776760063552,5,COMPLETE
372,46291.813910484605,2025-09-03 12:54:33.769751,2025-09-03 12:55:24.482481,0 days 00:00:50.712730,5,19,15,50,25,65,47,3.7644903875469042,5,COMPLETE
373,81076.92213997364,2025-09-03 12:54:52.241663,2025-09-03 12:55:44.165191,0 days 00:00:51.923528,11,19,9,50,25,61,47,4.328607616172803,5,COMPLETE
374,22896.15301583443,2025-09-03 12:55:04.889582,2025-09-03 12:55:58.738576,0 days 00:00:53.848994,11,19,9,48,25,65,34,4.722676706109702,15,COMPLETE
375,47408.794225534955,2025-09-03 12:55:20.558379,2025-09-03 12:56:11.770188,0 days 00:00:51.211809,11,19,9,48,8,67,34,4.638195704281138,5,COMPLETE
376,181784.86298709622,2025-09-03 12:55:24.499182,2025-09-03 12:56:14.682713,0 days 00:00:50.183531,11,20,9,48,25,64,34,4.68368697571115,5,COMPLETE
377,198214.2609299086,2025-09-03 12:55:44.243627,2025-09-03 12:56:36.168141,0 days 00:00:51.924514,7,20,9,47,24,64,34,4.736771392273616,5,COMPLETE
378,362150.9921233347,2025-09-03 12:55:58.792701,2025-09-03 12:56:50.972867,0 days 00:00:52.180166,8,20,8,28,27,67,30,4.680408903235947,5,COMPLETE
379,-inf,2025-09-03 12:56:11.808602,2025-09-03 12:56:14.945376,0 days 00:00:03.136774,7,20,8,20,24,64,30,4.406771827089671,5,COMPLETE
380,244630.29249854977,2025-09-03 12:56:14.718701,2025-09-03 12:57:06.506148,0 days 00:00:51.787447,8,14,8,47,24,64,30,4.962580457059291,6,COMPLETE
381,35334.94890808259,2025-09-03 12:56:14.972857,2025-09-03 12:57:07.854243,0 days 00:00:52.881386,8,20,8,47,27,54,30,4.962162023010748,6,COMPLETE
382,283921.70186508127,2025-09-03 12:56:36.184932,2025-09-03 12:57:27.515015,0 days 00:00:51.330083,8,14,8,49,27,67,30,4.0998868753137465,6,COMPLETE
383,397924.5527061735,2025-09-03 12:56:51.019458,2025-09-03 12:57:46.487707,0 days 00:00:55.468249,9,20,8,49,27,68,30,4.805901843851243,5,COMPLETE
384,365137.0637392038,2025-09-03 12:57:06.543793,2025-09-03 12:57:58.254587,0 days 00:00:51.710794,8,14,8,26,25,68,30,4.963658724425832,5,COMPLETE
385,318525.2754554553,2025-09-03 12:57:07.881531,2025-09-03 12:57:58.033945,0 days 00:00:50.152414,6,14,9,24,27,68,30,4.885867104121977,5,COMPLETE
386,165435.55559158017,2025-09-03 12:57:27.526933,2025-09-03 12:58:20.151901,0 days 00:00:52.624968,7,20,9,47,28,68,37,4.8600254677082715,6,COMPLETE
387,194805.79231990135,2025-09-03 12:57:46.531390,2025-09-03 12:58:38.480607,0 days 00:00:51.949217,6,20,9,28,28,68,30,4.996010418684453,6,COMPLETE
388,314569.9523111931,2025-09-03 12:57:58.069920,2025-09-03 12:58:49.945255,0 days 00:00:51.875335,6,14,13,24,28,68,37,4.965335651875184,5,COMPLETE
389,366591.9317191592,2025-09-03 12:57:58.277045,2025-09-03 12:58:48.503618,0 days 00:00:50.226573,5,10,9,26,28,69,37,4.827356385414053,5,COMPLETE
390,235608.86673166865,2025-09-03 12:58:20.173957,2025-09-03 12:59:11.385143,0 days 00:00:51.211186,6,13,10,26,28,69,34,4.96622276407362,5,COMPLETE
391,259767.4898404231,2025-09-03 12:58:38.481562,2025-09-03 12:59:30.171349,0 days 00:00:51.689787,6,14,10,24,28,70,35,4.970794457926336,5,COMPLETE
392,25405.603695013197,2025-09-03 12:58:48.548392,2025-09-03 12:59:39.456944,0 days 00:00:50.908552,5,14,10,26,27,68,123,4.999777954641319,5,COMPLETE
393,212648.17250692536,2025-09-03 12:58:49.952569,2025-09-03 12:59:42.896340,0 days 00:00:52.943771,5,14,10,29,29,70,44,4.947583395777951,5,COMPLETE
394,336581.8228565836,2025-09-03 12:59:11.407578,2025-09-03 13:00:04.906287,0 days 00:00:53.498709,5,14,10,25,29,70,42,4.892738545212762,5,COMPLETE
395,259103.23088559436,2025-09-03 12:59:30.241830,2025-09-03 13:00:22.986654,0 days 00:00:52.744824,5,14,13,23,28,70,43,4.939250331337843,5,COMPLETE
396,180540.720153483,2025-09-03 12:59:39.468425,2025-09-03 13:00:31.200615,0 days 00:00:51.732190,5,14,13,24,29,70,42,4.911203105341823,6,COMPLETE
397,194453.64816927334,2025-09-03 12:59:42.898998,2025-09-03 13:00:35.126412,0 days 00:00:52.227414,5,14,13,23,28,70,42,4.889352357552356,6,COMPLETE
398,16833.969881101842,2025-09-03 13:00:04.918092,2025-09-03 13:00:53.971915,0 days 00:00:49.053823,5,14,11,24,29,69,137,4.900339867829155,5,COMPLETE
399,38790.96704847914,2025-09-03 13:00:23.018943,2025-09-03 13:01:14.867412,0 days 00:00:51.848469,6,14,11,24,28,70,108,4.890300596619251,5,COMPLETE
400,135819.4315559459,2025-09-03 13:00:31.211853,2025-09-03 13:01:23.101583,0 days 00:00:51.889730,5,15,13,24,29,70,46,4.865372443029537,5,COMPLETE
401,111082.73279234985,2025-09-03 13:00:35.143539,2025-09-03 13:01:26.322634,0 days 00:00:51.179095,5,15,13,24,29,69,50,4.99443896874535,5,COMPLETE
402,122470.02263266902,2025-09-03 13:00:53.989696,2025-09-03 13:01:43.220499,0 days 00:00:49.230803,6,14,13,26,28,69,58,4.9996178344418905,5,COMPLETE
403,206126.3143083918,2025-09-03 13:01:14.925991,2025-09-03 13:02:06.935190,0 days 00:00:52.009199,6,15,13,25,29,69,54,4.836651363985867,5,COMPLETE
404,170819.5022116797,2025-09-03 13:01:23.108282,2025-09-03 13:02:16.260488,0 days 00:00:53.152206,6,15,12,25,28,69,52,4.952428342352798,5,COMPLETE
405,55775.1090235677,2025-09-03 13:01:26.392187,2025-09-03 13:02:20.630850,0 days 00:00:54.238663,6,14,13,23,28,69,72,4.80775195796749,5,COMPLETE
406,108086.717472461,2025-09-03 13:01:43.269282,2025-09-03 13:02:35.471627,0 days 00:00:52.202345,6,14,10,25,28,68,42,4.8425894345496205,6,COMPLETE
407,135637.79781184034,2025-09-03 13:02:06.946652,2025-09-03 13:02:57.206715,0 days 00:00:50.260063,7,14,13,22,28,68,43,4.824788812476541,6,COMPLETE
408,136059.75728381312,2025-09-03 13:02:16.282679,2025-09-03 13:03:06.682413,0 days 00:00:50.399734,7,14,13,23,28,68,42,4.8345274668177085,6,COMPLETE
409,148273.67550912063,2025-09-03 13:02:20.669297,2025-09-03 13:03:12.348585,0 days 00:00:51.679288,7,14,13,27,28,68,45,4.790176049607899,6,COMPLETE
410,156277.23450394932,2025-09-03 13:02:35.477638,2025-09-03 13:03:26.690512,0 days 00:00:51.212874,7,13,14,27,27,68,38,4.9039145262253,6,COMPLETE
411,169559.98311270124,2025-09-03 13:02:57.223780,2025-09-03 13:03:48.609256,0 days 00:00:51.385476,7,13,12,27,27,68,38,4.893952681853081,6,COMPLETE
412,255824.47531638612,2025-09-03 13:03:06.694306,2025-09-03 13:03:57.533809,0 days 00:00:50.839503,7,10,10,27,27,70,38,4.910190027295687,5,COMPLETE
413,202955.757767326,2025-09-03 13:03:12.398009,2025-09-03 13:04:04.351265,0 days 00:00:51.953256,8,13,12,22,27,70,37,4.902041069069418,5,COMPLETE
414,285877.1270297076,2025-09-03 13:03:26.718076,2025-09-03 13:04:18.083635,0 days 00:00:51.365559,5,13,12,22,27,70,37,4.917389028828199,5,COMPLETE
415,277663.92650593095,2025-09-03 13:03:48.620941,2025-09-03 13:04:39.863929,0 days 00:00:51.242988,5,13,12,23,29,70,37,4.979211824927255,5,COMPLETE
416,241812.37660979648,2025-09-03 13:03:57.598368,2025-09-03 13:04:52.061087,0 days 00:00:54.462719,5,10,14,23,29,70,38,4.9457732301194595,5,COMPLETE
417,169440.92971107576,2025-09-03 13:04:04.378204,2025-09-03 13:05:00.285009,0 days 00:00:55.906805,5,10,10,25,29,70,47,4.981150485975924,5,COMPLETE
418,134404.936127073,2025-09-03 13:04:18.147227,2025-09-03 13:05:10.508578,0 days 00:00:52.361351,5,12,11,21,29,70,48,4.994142664942706,5,COMPLETE
419,150303.55862344094,2025-09-03 13:04:39.952340,2025-09-03 13:05:31.353473,0 days 00:00:51.401133,5,12,12,21,30,70,47,4.969525401484422,5,COMPLETE
420,109648.02005457626,2025-09-03 13:04:52.121136,2025-09-03 13:05:45.563314,0 days 00:00:53.442178,5,12,12,21,30,70,50,4.985321500848676,5,COMPLETE
421,178722.7137629873,2025-09-03 13:05:00.322486,2025-09-03 13:05:52.198212,0 days 00:00:51.875726,5,11,11,22,30,69,45,4.979082890304536,5,COMPLETE
422,320237.4127529165,2025-09-03 13:05:10.525603,2025-09-03 13:06:04.041417,0 days 00:00:53.515814,5,13,11,25,30,69,42,4.814745611833744,5,COMPLETE
423,277127.0829415216,2025-09-03 13:05:31.365110,2025-09-03 13:06:23.828511,0 days 00:00:52.463401,5,10,12,26,30,69,43,4.7922502411809,5,COMPLETE
424,158058.82316936276,2025-09-03 13:05:45.580357,2025-09-03 13:06:35.275510,0 days 00:00:49.695153,7,13,12,22,27,69,42,4.7916362392913525,5,COMPLETE
425,209814.30257690002,2025-09-03 13:05:52.225778,2025-09-03 13:06:43.246793,0 days 00:00:51.021015,7,13,12,26,27,69,41,4.797678963270625,5,COMPLETE
426,207882.1373054964,2025-09-03 13:06:04.137776,2025-09-03 13:06:56.723892,0 days 00:00:52.586116,7,13,12,26,29,69,40,4.794904745293588,5,COMPLETE
427,99369.53780837543,2025-09-03 13:06:23.856119,2025-09-03 13:07:15.002265,0 days 00:00:51.146146,5,9,11,26,30,69,56,4.802242988858325,5,COMPLETE
428,16796.67528882301,2025-09-03 13:06:35.292192,2025-09-03 13:07:26.166444,0 days 00:00:50.874252,5,10,12,26,30,69,51,4.789447062737852,19,COMPLETE
429,93195.78713365537,2025-09-03 13:06:43.284953,2025-09-03 13:07:35.323195,0 days 00:00:52.038242,5,10,12,26,30,69,53,4.852458607508484,5,COMPLETE
430,100398.95585466325,2025-09-03 13:06:56.740953,2025-09-03 13:07:46.851610,0 days 00:00:50.110657,5,10,12,28,30,69,54,4.849399861874439,5,COMPLETE
431,149039.971617975,2025-09-03 13:07:15.009013,2025-09-03 13:08:04.834885,0 days 00:00:49.825872,5,10,11,25,29,70,51,4.872539270873863,5,COMPLETE
432,133062.59274263773,2025-09-03 13:07:26.178430,2025-09-03 13:08:18.314528,0 days 00:00:52.136098,6,10,13,25,29,67,46,4.8968069952509765,5,COMPLETE
433,135019.7061961752,2025-09-03 13:07:35.329788,2025-09-03 13:08:25.806630,0 days 00:00:50.476842,6,9,12,28,29,70,46,4.884011412227192,5,COMPLETE
434,131653.55492159675,2025-09-03 13:07:46.899667,2025-09-03 13:08:36.707284,0 days 00:00:49.807617,6,9,11,25,29,67,44,4.896331978222005,5,COMPLETE
435,186558.38791783853,2025-09-03 13:08:04.887786,2025-09-03 13:08:56.856838,0 days 00:00:51.969052,7,15,11,24,28,67,44,4.738012294745197,5,COMPLETE
436,161118.87918323468,2025-09-03 13:08:18.389318,2025-09-03 13:09:10.952033,0 days 00:00:52.562715,7,13,11,24,28,68,44,4.746755264613974,5,COMPLETE
437,180410.48305492726,2025-09-03 13:08:25.819199,2025-09-03 13:09:20.785663,0 days 00:00:54.966464,7,13,11,24,28,68,43,4.76105982710437,5,COMPLETE
438,149390.56622293356,2025-09-03 13:08:36.755995,2025-09-03 13:09:28.170114,0 days 00:00:51.414119,8,13,11,23,28,68,40,4.75371768087099,6,COMPLETE
439,6768.354107507239,2025-09-03 13:08:56.900368,2025-09-03 13:09:45.740487,0 days 00:00:48.840119,7,13,12,23,28,68,167,4.740996412365808,6,COMPLETE
440,192007.33011441244,2025-09-03 13:09:10.963973,2025-09-03 13:10:02.841321,0 days 00:00:51.877348,7,11,13,23,28,68,39,4.752220906813066,6,COMPLETE
441,-inf,2025-09-03 13:09:20.802648,2025-09-03 13:09:25.773124,0 days 00:00:04.970476,77,14,12,23,30,70,39,4.74045759254175,6,COMPLETE
442,35468.49097871617,2025-09-03 13:09:25.805407,2025-09-03 13:10:17.765576,0 days 00:00:51.960169,8,11,13,27,27,68,38,4.901583451915529,17,COMPLETE
443,-inf,2025-09-03 13:09:28.218728,2025-09-03 13:09:31.022973,0 days 00:00:02.804245,44,11,13,27,27,70,38,4.889846193917884,6,COMPLETE
444,202387.92938445776,2025-09-03 13:09:31.077159,2025-09-03 13:10:24.359079,0 days 00:00:53.281920,8,14,10,25,27,68,36,4.835222952397359,5,COMPLETE
445,193097.49610774385,2025-09-03 13:09:45.757630,2025-09-03 13:10:39.441187,0 days 00:00:53.683557,8,14,10,25,27,69,37,4.858900975013685,5,COMPLETE
446,25146.036010737876,2025-09-03 13:10:02.879539,2025-09-03 13:10:57.563232,0 days 00:00:54.683693,5,14,10,25,27,69,36,4.887901570107672,23,COMPLETE
447,323675.14326845465,2025-09-03 13:10:17.772322,2025-09-03 13:11:10.119591,0 days 00:00:52.347269,5,14,10,24,30,69,36,4.840751052958588,5,COMPLETE
448,352583.0571021938,2025-09-03 13:10:24.419592,2025-09-03 13:11:15.685801,0 days 00:00:51.266209,5,14,10,25,29,70,36,4.916309234687218,5,COMPLETE
449,396528.4112768832,2025-09-03 13:10:39.442328,2025-09-03 13:11:31.285299,0 days 00:00:51.842971,5,14,10,22,30,69,36,4.987892486010198,5,COMPLETE
450,255261.43723835857,2025-09-03 13:10:57.575591,2025-09-03 13:11:47.509932,0 days 00:00:49.934341,5,12,10,24,30,70,34,4.692077568969876,5,COMPLETE
451,54422.610886356815,2025-09-03 13:11:10.147064,2025-09-03 13:12:02.604775,0 days 00:00:52.457711,5,15,10,24,30,70,95,4.997730190512873,5,COMPLETE
452,133817.7102485884,2025-09-03 13:11:15.713716,2025-09-03 13:12:08.840346,0 days 00:00:53.126630,5,14,10,24,30,70,48,4.977926755661606,5,COMPLETE
453,136731.46685122122,2025-09-03 13:11:31.369287,2025-09-03 13:12:20.920741,0 days 00:00:49.551454,5,14,10,24,30,70,48,4.948957886136523,5,COMPLETE
454,134836.64571575657,2025-09-03 13:11:47.541568,2025-09-03 13:12:42.897052,0 days 00:00:55.355484,5,14,10,24,30,70,48,4.990319252019064,5,COMPLETE
455,351144.8984062337,2025-09-03 13:12:02.637179,2025-09-03 13:12:55.178473,0 days 00:00:52.541294,5,14,10,22,30,70,42,4.9926897522416605,5,COMPLETE
456,137666.4037362013,2025-09-03 13:12:08.868214,2025-09-03 13:13:00.923814,0 days 00:00:52.055600,5,14,10,22,30,69,48,4.920935698275084,5,COMPLETE
457,333664.69156811293,2025-09-03 13:12:20.954412,2025-09-03 13:13:11.280500,0 days 00:00:50.326088,5,15,11,22,30,69,42,4.860945848298956,5,COMPLETE
458,347103.9643254386,2025-09-03 13:12:42.908960,2025-09-03 13:13:33.242181,0 days 00:00:50.333221,5,14,11,22,29,69,42,4.888093760673746,5,COMPLETE
459,151505.39865992227,2025-09-03 13:12:55.200710,2025-09-03 13:13:44.719871,0 days 00:00:49.519161,6,14,11,22,29,69,43,4.999582841446635,5,COMPLETE
460,146858.7904415545,2025-09-03 13:13:00.946013,2025-09-03 13:13:52.562216,0 days 00:00:51.616203,6,14,11,22,29,69,42,4.9008139429014985,5,COMPLETE
461,15640.78601881418,2025-09-03 13:13:11.286400,2025-09-03 13:14:05.169666,0 days 00:00:53.883266,27,15,11,20,29,67,59,4.865074889806424,5,COMPLETE
462,133359.9412515102,2025-09-03 13:13:33.458247,2025-09-03 13:14:25.539625,0 days 00:00:52.081378,6,15,11,20,29,69,42,4.838165371612174,5,COMPLETE
463,52724.45812869907,2025-09-03 13:13:44.787411,2025-09-03 13:14:37.237123,0 days 00:00:52.449712,6,15,11,21,29,67,41,4.827946336367344,12,COMPLETE
464,32816.49235414834,2025-09-03 13:13:52.606027,2025-09-03 13:14:42.905495,0 days 00:00:50.299468,6,15,11,20,30,67,42,4.824419521781852,13,COMPLETE
465,279236.5466775515,2025-09-03 13:14:05.233444,2025-09-03 13:14:57.573052,0 days 00:00:52.339608,5,13,11,21,30,67,43,4.820020421522595,5,COMPLETE
466,112689.0123840095,2025-09-03 13:14:25.597136,2025-09-03 13:15:15.844467,0 days 00:00:50.247331,5,13,11,21,30,67,50,4.807564249463441,5,COMPLETE
467,174959.82030164206,2025-09-03 13:14:37.295386,2025-09-03 13:15:30.082196,0 days 00:00:52.786810,5,13,12,21,30,67,46,4.996486862865274,5,COMPLETE
468,116010.77554915602,2025-09-03 13:14:42.941746,2025-09-03 13:15:36.648937,0 days 00:00:53.707191,5,13,12,21,30,68,51,4.998948929739333,5,COMPLETE
469,89968.50178553024,2025-09-03 13:14:57.614432,2025-09-03 13:15:49.289777,0 days 00:00:51.675345,5,13,12,21,30,68,54,4.785532619982358,5,COMPLETE
470,83413.16307590697,2025-09-03 13:15:15.866424,2025-09-03 13:16:08.225739,0 days 00:00:52.359315,5,13,12,22,30,68,52,4.752970960530812,6,COMPLETE
471,63125.26140114376,2025-09-03 13:15:30.104495,2025-09-03 13:16:21.203380,0 days 00:00:51.098885,5,13,12,22,30,68,50,4.777356273189867,6,COMPLETE
472,150862.82098197847,2025-09-03 13:15:36.655221,2025-09-03 13:16:28.993104,0 days 00:00:52.337883,7,14,11,22,30,68,56,4.75008221267682,6,COMPLETE
473,137302.71799354343,2025-09-03 13:15:49.301363,2025-09-03 13:16:38.903933,0 days 00:00:49.602570,7,14,11,22,29,68,46,4.722414114440643,6,COMPLETE
474,138814.94321608706,2025-09-03 13:16:08.279018,2025-09-03 13:17:00.855559,0 days 00:00:52.576541,7,14,11,31,29,69,44,4.89373295924796,6,COMPLETE
475,177774.16721107523,2025-09-03 13:16:21.215139,2025-09-03 13:17:13.523909,0 days 00:00:52.308770,7,14,11,19,29,69,45,4.8801550875380615,5,COMPLETE
476,169996.7696802888,2025-09-03 13:16:29.063750,2025-09-03 13:17:20.389867,0 days 00:00:51.326117,7,14,11,19,29,69,45,4.849049377094342,5,COMPLETE
477,224794.57843128164,2025-09-03 13:16:39.025379,2025-09-03 13:17:30.222216,0 days 00:00:51.196837,7,14,11,23,29,69,40,4.874870501842887,5,COMPLETE
478,46954.93640558536,2025-09-03 13:17:00.872135,2025-09-03 13:17:52.121841,0 days 00:00:51.249706,7,12,11,23,29,69,40,1.3288278345531794,5,COMPLETE
479,259345.5101149685,2025-09-03 13:17:13.566715,2025-09-03 13:18:04.545783,0 days 00:00:50.979068,7,12,11,23,30,69,40,4.872709508582187,5,COMPLETE
480,248749.22871591122,2025-09-03 13:17:20.396467,2025-09-03 13:18:12.367882,0 days 00:00:51.971415,8,12,11,23,30,67,38,4.899715111271575,5,COMPLETE
481,226372.271249934,2025-09-03 13:17:30.275376,2025-09-03 13:18:21.382161,0 days 00:00:51.106785,5,12,12,26,30,67,38,4.681955459538983,5,COMPLETE
482,276698.5512285095,2025-09-03 13:17:52.144690,2025-09-03 13:18:43.439420,0 days 00:00:51.294730,5,12,12,26,30,67,37,4.6664814095488385,5,COMPLETE
483,-inf,2025-09-03 13:18:04.577941,2025-09-03 13:18:09.486713,0 days 00:00:04.908772,46,13,12,26,30,67,37,4.680314860452161,6,COMPLETE
484,5040.164426687077,2025-09-03 13:18:09.493158,2025-09-03 13:19:03.442407,0 days 00:00:53.949249,5,13,10,25,30,67,184,4.703231295439348,5,COMPLETE
485,120843.71868987918,2025-09-03 13:18:12.416146,2025-09-03 13:19:01.394461,0 days 00:00:48.978315,5,14,10,25,30,68,36,2.777018279688021,6,COMPLETE
486,199165.1121390314,2025-09-03 13:18:21.383708,2025-09-03 13:19:15.437843,0 days 00:00:54.054135,5,15,10,25,29,68,36,4.807860149138417,6,COMPLETE
487,97025.66917297074,2025-09-03 13:18:43.456307,2025-09-03 13:19:31.920081,0 days 00:00:48.463774,5,8,12,22,30,68,42,2.6021473758268985,6,COMPLETE
488,46113.69103163293,2025-09-03 13:19:01.401265,2025-09-03 13:19:49.565078,0 days 00:00:48.163813,5,15,12,25,29,67,85,4.785611041762969,5,COMPLETE
489,250999.2755038116,2025-09-03 13:19:03.518748,2025-09-03 13:19:51.740966,0 days 00:00:48.222218,5,15,12,25,29,68,41,4.8053179281070655,5,COMPLETE
490,-inf,2025-09-03 13:19:15.465164,2025-09-03 13:19:21.477881,0 days 00:00:06.012717,69,13,12,26,29,70,42,4.825287343175021,5,COMPLETE
491,109690.97816716963,2025-09-03 13:19:21.489481,2025-09-03 13:20:10.385171,0 days 00:00:48.895690,6,13,12,26,30,69,45,4.998004366464276,6,COMPLETE
492,43430.22124461511,2025-09-03 13:19:31.952904,2025-09-03 13:20:21.588400,0 days 00:00:49.635496,39,14,12,25,29,67,48,4.997074692691564,5,COMPLETE
493,-inf,2025-09-03 13:19:49.628620,2025-09-03 13:19:53.488987,0 days 00:00:03.860367,55,14,12,28,30,69,35,4.926277558377434,16,COMPLETE
494,191782.53749077287,2025-09-03 13:19:51.763616,2025-09-03 13:20:41.968371,0 days 00:00:50.204755,7,14,12,27,30,69,47,4.9381471834454365,6,COMPLETE
495,188397.43337402126,2025-09-03 13:19:53.500572,2025-09-03 13:20:45.125144,0 days 00:00:51.624572,8,13,12,26,30,70,47,4.68809908666911,6,COMPLETE
496,170464.15509040048,2025-09-03 13:20:10.401298,2025-09-03 13:21:02.028425,0 days 00:00:51.627127,7,14,11,23,29,70,49,4.670684861399876,5,COMPLETE
497,14378.976573439966,2025-09-03 13:20:21.589280,2025-09-03 13:21:11.121828,0 days 00:00:49.532548,8,14,11,21,30,70,35,4.678404196495565,21,COMPLETE
498,204235.6095080954,2025-09-03 13:20:42.011682,2025-09-03 13:21:32.569748,0 days 00:00:50.558066,8,13,11,23,28,68,35,4.728728961352398,5,COMPLETE
499,198893.36731245476,2025-09-03 13:20:45.178157,2025-09-03 13:21:36.310362,0 days 00:00:51.132205,8,14,11,23,29,70,36,4.897319537509268,5,COMPLETE
500,243798.754630743,2025-09-03 13:21:02.035326,2025-09-03 13:21:51.991621,0 days 00:00:49.956295,8,13,11,21,28,69,36,4.903633869253013,5,COMPLETE
501,290646.000642016,2025-09-03 13:21:11.169270,2025-09-03 13:22:01.101956,0 days 00:00:49.932686,9,13,11,29,28,68,39,4.866759406092189,5,COMPLETE
502,8699.261358203734,2025-09-03 13:21:32.640520,2025-09-03 13:22:23.224484,0 days 00:00:50.583964,6,14,11,29,29,69,203,4.896354921878557,11,COMPLETE
503,431.294296858282,2025-09-03 13:21:36.324043,2025-09-03 13:22:28.544754,0 days 00:00:52.220711,6,13,13,24,28,47,40,4.826831178667717,6,COMPLETE
504,18169.205982733496,2025-09-03 13:21:52.068007,2025-09-03 13:22:45.756096,0 days 00:00:53.688089,6,15,10,24,30,67,41,4.822126117300533,20,COMPLETE
505,54317.94473919273,2025-09-03 13:22:01.129446,2025-09-03 13:22:53.630777,0 days 00:00:52.501331,9,13,11,24,28,69,42,4.832899743731446,11,COMPLETE
506,148382.85602181786,2025-09-03 13:22:23.252649,2025-09-03 13:23:12.934275,0 days 00:00:49.681626,9,13,10,29,28,68,41,4.811401580356099,6,COMPLETE
507,66959.06249200132,2025-09-03 13:22:28.551094,2025-09-03 13:23:23.372487,0 days 00:00:54.821393,9,13,10,29,28,68,66,4.999001847197516,6,COMPLETE
508,157128.02259032795,2025-09-03 13:22:45.788945,2025-09-03 13:23:38.426184,0 days 00:00:52.637239,9,13,10,29,28,68,42,4.914254520017128,6,COMPLETE
509,199569.81951011685,2025-09-03 13:22:53.648655,2025-09-03 13:23:46.457696,0 days 00:00:52.809041,9,13,10,30,28,68,34,4.9365701161395155,6,COMPLETE
510,73721.62629793682,2025-09-03 13:23:12.987233,2025-09-03 13:24:04.830595,0 days 00:00:51.843362,9,14,10,22,29,68,64,4.995495485843791,5,COMPLETE
511,147556.53810532222,2025-09-03 13:23:23.453812,2025-09-03 13:24:15.491635,0 days 00:00:52.037823,9,14,11,31,29,70,34,4.917346553790892,5,COMPLETE
512,245542.95913305573,2025-09-03 13:23:38.453253,2025-09-03 13:24:30.228312,0 days 00:00:51.775059,7,14,11,22,29,70,34,4.7541270862828835,5,COMPLETE
513,255837.4167845827,2025-09-03 13:23:46.469300,2025-09-03 13:24:38.131402,0 days 00:00:51.662102,7,14,11,22,27,70,34,4.753208594833848,5,COMPLETE
514,15943.676896707915,2025-09-03 13:24:04.884683,2025-09-03 13:24:57.536624,0 days 00:00:52.651941,7,14,11,22,27,70,35,4.7455533198492565,29,COMPLETE
515,177584.35571564897,2025-09-03 13:24:15.523747,2025-09-03 13:25:08.052859,0 days 00:00:52.529112,7,14,11,22,29,69,38,4.762133493485244,5,COMPLETE
516,321228.3288589657,2025-09-03 13:24:30.272307,2025-09-03 13:38:09.842131,0 days 00:13:39.569824,6,14,7,22,27,69,38,4.772782715149777,5,COMPLETE
517,8967.78916538732,2025-09-03 13:24:38.143893,2025-09-03 13:38:17.570760,0 days 00:13:39.426867,6,15,14,20,29,69,45,4.832006659762166,30,COMPLETE
518,161380.0931716952,2025-09-03 13:24:57.558656,2025-09-03 13:38:37.338661,0 days 00:13:39.780005,5,15,7,20,29,69,45,4.847132012588073,5,COMPLETE
519,170105.34541798796,2025-09-03 13:25:08.085764,2025-09-03 13:38:51.178353,0 days 00:13:43.092589,5,15,6,20,28,69,45,4.852582574944207,5,COMPLETE
520,17495.542802889915,2025-09-03 13:38:09.964585,2025-09-03 13:39:04.253436,0 days 00:00:54.288851,5,14,10,23,27,69,112,4.852221523743987,5,COMPLETE
521,19418.28783297599,2025-09-03 13:38:17.614207,2025-09-03 13:39:10.379109,0 days 00:00:52.764902,5,14,7,33,27,67,113,4.911030342694645,5,COMPLETE
522,16029.356480745377,2025-09-03 13:38:37.408178,2025-09-03 13:39:30.550554,0 days 00:00:53.142376,5,14,6,23,27,67,49,4.919571230413657,24,COMPLETE
523,16843.74893389052,2025-09-03 13:38:51.185104,2025-09-03 13:39:43.103804,0 days 00:00:51.918700,6,14,7,27,27,67,158,4.909534637588896,6,COMPLETE
524,-inf,2025-09-03 13:39:04.260175,2025-09-03 13:39:09.340475,0 days 00:00:05.080300,72,13,6,21,27,67,54,4.91865697329674,6,COMPLETE
525,150092.25423035957,2025-09-03 13:39:09.393112,2025-09-03 13:40:01.535406,0 days 00:00:52.142294,6,14,7,28,27,67,40,4.999964525801282,6,COMPLETE
526,6635.840293819715,2025-09-03 13:39:10.436902,2025-09-03 13:40:02.822727,0 days 00:00:52.385825,6,14,11,24,28,68,144,2.310306984956042,6,COMPLETE
527,-inf,2025-09-03 13:39:30.593827,2025-09-03 13:39:34.853260,0 days 00:00:04.259433,42,13,7,24,28,68,41,4.779268684135379,27,COMPLETE
528,10912.478411597169,2025-09-03 13:39:34.908499,2025-09-03 13:40:29.301126,0 days 00:00:54.392627,7,14,7,28,30,69,160,4.679715863412409,6,COMPLETE
529,272456.11761841923,2025-09-03 13:39:43.110425,2025-09-03 13:40:37.469655,0 days 00:00:54.359230,7,13,7,21,30,70,39,4.677237527931885,5,COMPLETE
530,4807.163556840054,2025-09-03 13:40:01.541938,2025-09-03 13:40:58.061615,0 days 00:00:56.519677,7,13,11,21,30,70,236,4.724640174181787,5,COMPLETE
531,4718.772439538955,2025-09-03 13:40:02.845308,2025-09-03 13:40:58.963354,0 days 00:00:56.118046,8,13,10,37,30,69,236,4.695660450055344,5,COMPLETE
532,150287.7903051465,2025-09-03 13:40:29.338789,2025-09-03 13:41:24.298287,0 days 00:00:54.959498,8,13,10,25,30,70,39,4.997696251037929,7,COMPLETE
533,112556.11849620077,2025-09-03 13:40:37.503079,2025-09-03 13:41:32.281289,0 days 00:00:54.778210,8,16,6,25,29,70,51,3.6414927218149074,5,COMPLETE
534,-inf,2025-09-03 13:40:58.158913,2025-09-03 13:41:49.588043,0 days 00:00:51.429130,8,15,10,25,15,38,38,3.681481390863641,7,COMPLETE
535,161315.64116638553,2025-09-03 13:40:58.964565,2025-09-03 13:41:50.899476,0 days 00:00:51.934911,8,6,10,25,29,68,50,4.805535741384555,7,COMPLETE
536,188943.84855315945,2025-09-03 13:41:24.368070,2025-09-03 13:42:20.385905,0 days 00:00:56.017835,5,12,12,22,29,68,45,4.814872975462428,5,COMPLETE
537,162876.2698489066,2025-09-03 13:41:32.298731,2025-09-03 13:42:26.232408,0 days 00:00:53.933677,5,14,11,23,28,68,45,4.832763290463098,5,COMPLETE
538,212739.82370756616,2025-09-03 13:41:49.599811,2025-09-03 13:42:43.579452,0 days 00:00:53.979641,5,12,12,27,28,68,44,4.807096149258027,5,COMPLETE
539,287757.7634106329,2025-09-03 13:41:50.900361,2025-09-03 13:42:43.796788,0 days 00:00:52.896427,5,12,12,19,28,68,43,4.816864565833648,5,COMPLETE
540,161938.39136805004,2025-09-03 13:42:20.397988,2025-09-03 13:43:16.112494,0 days 00:00:55.714506,5,14,11,27,28,69,34,4.915391525919145,6,COMPLETE
541,157835.7492756694,2025-09-03 13:42:26.236273,2025-09-03 13:43:18.835423,0 days 00:00:52.599150,6,12,12,26,28,69,34,4.919128413278712,6,COMPLETE
542,167503.9157140156,2025-09-03 13:42:43.650955,2025-09-03 13:43:39.289918,0 days 00:00:55.638963,6,14,13,23,29,69,34,4.912691702727586,6,COMPLETE
543,12262.066583183692,2025-09-03 13:42:43.802808,2025-09-03 13:43:39.688070,0 days 00:00:55.885262,7,14,13,18,5,66,34,4.997866824613018,6,COMPLETE
544,240470.75275915812,2025-09-03 13:43:16.139778,2025-09-03 13:44:09.150237,0 days 00:00:53.010459,7,8,10,19,27,66,37,4.99877718369866,6,COMPLETE
545,154832.27396617964,2025-09-03 13:43:18.846970,2025-09-03 13:44:10.284488,0 days 00:00:51.437518,7,13,13,16,27,66,38,4.914591351966409,6,COMPLETE
546,143680.09319718214,2025-09-03 13:43:39.430945,2025-09-03 13:44:34.253322,0 days 00:00:54.822377,9,13,5,23,27,66,38,3.168927514056792,5,COMPLETE
547,245527.4996361739,2025-09-03 13:43:39.726345,2025-09-03 13:44:33.888583,0 days 00:00:54.162238,9,15,10,19,27,66,39,4.747770192708275,5,COMPLETE
548,320475.81715144607,2025-09-03 13:44:09.183234,2025-09-03 13:45:07.563341,0 days 00:00:58.380107,9,15,11,32,27,67,39,4.6276545695869284,5,COMPLETE
549,12481.61303011485,2025-09-03 13:44:10.334217,2025-09-03 13:45:08.243764,0 days 00:00:57.909547,30,13,11,16,28,67,58,4.7612387104566265,5,COMPLETE
550,211.6555645042415,2025-09-03 13:44:33.910475,2025-09-03 13:45:27.678992,0 days 00:00:53.768517,9,13,11,18,28,44,41,4.629575693695339,5,COMPLETE
551,315.68828626918184,2025-09-03 13:44:34.260470,2025-09-03 13:45:25.529723,0 days 00:00:51.269253,9,11,8,24,28,43,34,4.637060444249794,5,COMPLETE
552,217450.25475758422,2025-09-03 13:45:07.580500,2025-09-03 13:46:02.700667,0 days 00:00:55.120167,9,15,11,31,28,67,42,4.620474405773693,5,COMPLETE
553,23186.563312022954,2025-09-03 13:45:08.271097,2025-09-03 13:46:03.381199,0 days 00:00:55.110102,9,16,11,36,27,67,48,1.0258534879316392,5,COMPLETE
554,183156.35847979004,2025-09-03 13:45:25.630767,2025-09-03 13:46:18.538543,0 days 00:00:52.907776,9,16,11,33,27,67,47,4.624850983007763,5,COMPLETE
555,91169.0919188284,2025-09-03 13:45:27.739889,2025-09-03 13:46:20.988248,0 days 00:00:53.248359,10,15,11,30,27,67,50,3.4543472145688234,5,COMPLETE
556,1953.2328187208395,2025-09-03 13:46:02.803330,2025-09-03 13:46:57.464667,0 days 00:00:54.661337,9,16,11,35,27,51,48,4.712265728931023,5,COMPLETE
557,-inf,2025-09-03 13:46:03.419629,2025-09-03 13:46:56.984153,0 days 00:00:53.564524,10,15,11,32,27,30,54,4.7246979519050365,6,COMPLETE
558,149068.01103621325,2025-09-03 13:46:18.592120,2025-09-03 13:47:08.342193,0 days 00:00:49.750073,11,15,10,32,27,68,35,4.748616248341418,6,COMPLETE
559,239574.37235961732,2025-09-03 13:46:21.018491,2025-09-03 13:47:12.047875,0 days 00:00:51.029384,7,14,10,19,27,68,34,4.728809305859622,6,COMPLETE
560,257650.6010270016,2025-09-03 13:46:57.001441,2025-09-03 13:47:47.594775,0 days 00:00:50.593334,7,14,10,17,28,68,33,4.836770916803348,6,COMPLETE
561,-inf,2025-09-03 13:46:57.481547,2025-09-03 13:47:03.811640,0 days 00:00:06.330093,62,14,10,17,28,68,34,4.840294156946463,6,COMPLETE
562,-inf,2025-09-03 13:47:03.834881,2025-09-03 13:47:54.068140,0 days 00:00:50.233259,7,14,10,21,27,33,42,4.839642505682219,6,COMPLETE
563,198664.13739994034,2025-09-03 13:47:08.416876,2025-09-03 13:47:58.597186,0 days 00:00:50.180310,7,14,8,20,28,68,41,4.831997790635173,5,COMPLETE
564,262641.0902349346,2025-09-03 13:47:12.082723,2025-09-03 13:48:06.436722,0 days 00:00:54.353999,7,14,6,20,28,68,40,4.8435340431222755,5,COMPLETE
565,49847.976672908,2025-09-03 13:47:47.606311,2025-09-03 13:48:41.070929,0 days 00:00:53.464618,7,14,8,20,29,69,42,1.5633155892756294,5,COMPLETE
566,194247.72662116576,2025-09-03 13:47:54.132221,2025-09-03 13:48:46.912705,0 days 00:00:52.780484,6,14,8,40,29,69,39,4.609307922051053,5,COMPLETE
567,216190.89799774782,2025-09-03 13:47:58.655826,2025-09-03 13:48:51.460562,0 days 00:00:52.804736,6,14,8,22,29,69,39,4.634706140576126,5,COMPLETE
568,273505.5008929677,2025-09-03 13:48:06.454106,2025-09-03 13:48:57.518512,0 days 00:00:51.064406,5,15,7,35,17,69,37,4.621886683446258,5,COMPLETE
569,289201.9260629359,2025-09-03 13:48:41.149828,2025-09-03 13:49:35.089702,0 days 00:00:53.939874,5,15,7,22,29,69,38,4.641515990860276,5,COMPLETE
570,276366.9728944991,2025-09-03 13:48:46.950773,2025-09-03 13:49:40.768880,0 days 00:00:53.818107,5,15,14,22,17,67,33,4.898811598175289,5,COMPLETE
571,49540.47782664322,2025-09-03 13:48:51.546574,2025-09-03 13:49:44.378987,0 days 00:00:52.832413,5,15,7,24,8,66,30,4.9061112002781275,7,COMPLETE
572,213227.63300168893,2025-09-03 13:48:57.524642,2025-09-03 13:49:49.356252,0 days 00:00:51.831610,8,15,11,28,30,66,30,4.754392543483486,7,COMPLETE
573,110993.47498879414,2025-09-03 13:49:35.169373,2025-09-03 13:50:29.607857,0 days 00:00:54.438484,11,15,7,24,10,70,30,4.696594770802274,7,COMPLETE
574,80087.18131598707,2025-09-03 13:49:40.825870,2025-09-03 13:50:34.458269,0 days 00:00:53.632399,8,15,7,24,28,70,33,1.9777332798802472,7,COMPLETE
575,52762.256456845374,2025-09-03 13:49:44.390810,2025-09-03 13:50:36.621075,0 days 00:00:52.230265,8,15,7,24,28,70,33,4.684776546820063,14,COMPLETE
576,211791.12168765374,2025-09-03 13:49:49.430847,2025-09-03 13:50:41.867186,0 days 00:00:52.436339,11,15,7,30,28,70,34,4.644191329876848,6,COMPLETE
577,88214.22592056636,2025-09-03 13:50:29.671723,2025-09-03 13:51:21.678052,0 days 00:00:52.006329,25,15,6,26,28,70,36,4.6767776566369905,6,COMPLETE
578,206440.04651707778,2025-09-03 13:50:34.558354,2025-09-03 13:51:29.187138,0 days 00:00:54.628784,8,16,7,34,27,70,37,4.66957916771951,6,COMPLETE
579,187718.45792069696,2025-09-03 13:50:36.628530,2025-09-03 13:51:29.971367,0 days 00:00:53.342837,11,14,7,30,27,69,37,4.999712210153587,6,COMPLETE
580,31021.24385837852,2025-09-03 13:50:41.903675,2025-09-03 13:51:35.820401,0 days 00:00:53.916726,6,14,7,26,29,69,38,4.761724402818944,15,COMPLETE
581,20468.428067122146,2025-09-03 13:51:21.694732,2025-09-03 13:52:09.529081,0 days 00:00:47.834349,6,14,8,34,29,68,38,4.763842803380978,19,COMPLETE
582,173234.06355664216,2025-09-03 13:51:29.220799,2025-09-03 13:52:18.048305,0 days 00:00:48.827506,10,14,8,25,29,69,45,4.777822115421611,5,COMPLETE
583,117934.26960591991,2025-09-03 13:51:29.983849,2025-09-03 13:52:19.291491,0 days 00:00:49.307642,6,14,8,27,29,68,45,4.752456712094748,5,COMPLETE
584,-inf,2025-09-03 13:51:35.832586,2025-09-03 13:51:45.551919,0 days 00:00:09.719333,51,14,8,22,14,68,45,4.885335071528776,5,COMPLETE
585,146109.77696451556,2025-09-03 13:51:45.647970,2025-09-03 13:52:36.509763,0 days 00:00:50.861793,9,14,8,25,29,68,46,4.7801194536757485,5,COMPLETE
586,119391.12891010597,2025-09-03 13:52:09.582263,2025-09-03 13:53:01.250888,0 days 00:00:51.668625,10,14,9,25,28,69,44,4.9012659451094045,5,COMPLETE
587,403602.2780084131,2025-09-03 13:52:18.070693,2025-09-03 13:53:08.949699,0 days 00:00:50.879006,9,14,9,23,27,68,30,4.902838905695787,5,COMPLETE
588,436921.86876933236,2025-09-03 13:52:19.308145,2025-09-03 13:53:10.590765,0 days 00:00:51.282620,8,14,6,23,27,69,30,4.913558141528331,5,COMPLETE
589,697754.0435234994,2025-09-03 13:52:36.547781,2025-09-03 13:53:28.721574,0 days 00:00:52.173793,5,11,9,23,28,69,30,4.909343477994643,5,COMPLETE
590,289814.0682002263,2025-09-03 13:53:01.282413,2025-09-03 13:53:54.405300,0 days 00:00:53.122887,8,15,9,23,27,67,33,4.913819006475043,5,COMPLETE
591,221359.31789917342,2025-09-03 13:53:08.961648,2025-09-03 13:54:02.954066,0 days 00:00:53.992418,7,14,10,23,28,67,33,4.998604017195122,6,COMPLETE
592,494977.6274924372,2025-09-03 13:53:10.711165,2025-09-03 13:54:03.918717,0 days 00:00:53.207552,5,15,6,23,28,69,33,4.996902127841566,5,COMPLETE
593,93250.16831843069,2025-09-03 13:53:28.749026,2025-09-03 13:54:20.206803,0 days 00:00:51.457777,7,11,5,23,28,69,76,4.915596405281709,5,COMPLETE
594,415118.4991784384,2025-09-03 13:53:54.536580,2025-09-03 13:54:50.368706,0 days 00:00:55.832126,9,11,6,23,28,69,30,4.991908883321955,6,COMPLETE
595,446303.54517717526,2025-09-03 13:54:03.004996,2025-09-03 13:58:05.135778,0 days 00:04:02.130782,9,11,6,23,21,69,30,4.924993385535172,5,COMPLETE
596,80538.20992397664,2025-09-03 13:54:03.937698,2025-09-03 13:58:06.692971,0 days 00:04:02.755273,9,11,6,23,27,69,78,4.926858656093653,6,COMPLETE
597,363379.6301148976,2025-09-03 13:54:20.239218,2025-09-03 13:58:19.751309,0 days 00:03:59.512091,12,15,6,24,27,68,30,4.9329106093513335,6,COMPLETE
598,301612.2209013422,2025-09-03 13:54:50.370253,2025-09-03 13:58:59.103508,0 days 00:04:08.733255,12,11,6,38,28,69,33,4.977947028542187,6,COMPLETE
599,334284.9122538428,2025-09-03 13:58:05.149184,2025-09-03 13:59:02.522155,0 days 00:00:57.372971,12,11,6,23,21,69,30,4.992739538757059,6,COMPLETE
600,31101.068138042454,2025-09-03 13:58:06.722066,2025-09-03 13:59:04.243835,0 days 00:00:57.521769,12,11,6,24,21,69,30,4.984411555445982,25,COMPLETE
601,393802.7536753276,2025-09-03 13:58:19.779273,2025-09-03 13:59:19.352194,0 days 00:00:59.572921,11,11,6,23,27,70,30,4.987397630198164,6,COMPLETE
602,30427.583451892482,2025-09-03 13:58:59.151904,2025-09-03 13:59:55.727669,0 days 00:00:56.575765,12,11,6,23,21,70,30,4.938473876090997,25,COMPLETE
603,107999.21135151396,2025-09-03 13:59:02.535082,2025-09-03 13:59:59.320368,0 days 00:00:56.785286,14,11,5,23,18,70,30,4.995933884793694,7,COMPLETE
604,108085.24042816857,2025-09-03 13:59:04.262821,2025-09-03 14:00:02.773957,0 days 00:00:58.511136,14,11,5,23,18,70,30,4.996849312381498,7,COMPLETE
605,110979.99575459547,2025-09-03 13:59:19.395125,2025-09-03 14:00:12.154063,0 days 00:00:52.758938,14,11,5,23,19,70,30,4.980366762130903,7,COMPLETE
606,128328.08671362973,2025-09-03 13:59:55.750225,2025-09-03 14:00:51.727904,0 days 00:00:55.977679,11,11,5,23,20,70,30,4.991542983053577,8,COMPLETE
607,111457.4837396071,2025-09-03 13:59:59.346109,2025-09-03 14:00:56.785694,0 days 00:00:57.439585,15,11,6,22,30,70,30,4.979885653958945,7,COMPLETE
608,119001.56189410608,2025-09-03 14:00:02.796205,2025-09-03 14:00:59.123944,0 days 00:00:56.327739,13,11,6,22,22,70,30,4.914819095606245,7,COMPLETE
609,140804.3853016019,2025-09-03 14:00:12.165868,2025-09-03 14:01:08.158445,0 days 00:00:55.992577,15,11,6,22,16,70,34,4.994689030526852,7,COMPLETE
610,96268.42965447965,2025-09-03 14:00:51.823168,2025-09-03 14:01:47.127279,0 days 00:00:55.304111,17,11,6,22,20,69,34,4.899226760241959,7,COMPLETE
611,194832.95365083666,2025-09-03 14:00:56.818685,2025-09-03 14:01:52.105022,0 days 00:00:55.286337,13,10,6,22,22,69,34,4.882585735508566,6,COMPLETE
612,113331.32610375824,2025-09-03 14:00:59.140934,2025-09-03 14:01:53.258552,0 days 00:00:54.117618,16,10,6,24,21,69,34,4.859412241756538,6,COMPLETE
613,108708.9211000502,2025-09-03 14:01:08.253977,2025-09-03 14:02:00.399660,0 days 00:00:52.145683,16,10,6,24,27,69,34,4.874587498171515,6,COMPLETE
614,233538.67420714686,2025-09-03 14:01:47.206189,2025-09-03 14:02:41.010332,0 days 00:00:53.804143,12,10,6,24,22,69,34,4.862905321602625,6,COMPLETE
615,244429.42438265143,2025-09-03 14:01:52.154949,2025-09-03 14:02:46.096342,0 days 00:00:53.941393,12,10,6,24,21,69,34,4.861696876319166,6,COMPLETE
616,263042.87303801713,2025-09-03 14:01:53.270385,2025-09-03 14:02:46.853553,0 days 00:00:53.583168,12,11,6,24,27,69,34,4.870363347982039,6,COMPLETE
617,287304.5571415202,2025-09-03 14:02:00.453062,2025-09-03 14:02:54.893414,0 days 00:00:54.440352,12,10,6,23,19,68,34,4.890368551292666,6,COMPLETE
618,41139.759739359484,2025-09-03 14:02:41.038657,2025-09-03 14:03:36.187213,0 days 00:00:55.148556,11,11,6,23,30,68,126,4.99976478275443,8,COMPLETE
619,277694.20766698464,2025-09-03 14:02:46.119544,2025-09-03 14:03:41.538983,0 days 00:00:55.419439,11,11,6,23,20,68,34,4.92553032231602,6,COMPLETE
620,14503.761355199988,2025-09-03 14:02:46.866610,2025-09-03 14:03:40.104559,0 days 00:00:53.237949,11,9,5,23,30,68,36,0.6157664759712418,6,COMPLETE
621,1494.2340582318134,2025-09-03 14:02:54.947966,2025-09-03 14:03:45.711918,0 days 00:00:50.763952,10,16,6,23,30,68,30,0.5065900606503972,22,COMPLETE
622,314076.8463848941,2025-09-03 14:03:36.234843,2025-09-03 14:04:28.721144,0 days 00:00:52.486301,10,9,6,21,15,70,30,4.918417191110124,6,COMPLETE
623,387973.6620545196,2025-09-03 14:03:40.133821,2025-09-03 14:04:35.369089,0 days 00:00:55.235268,10,11,6,21,27,70,30,4.999704675570666,6,COMPLETE
624,371805.0534993121,2025-09-03 14:03:41.572402,2025-09-03 14:04:38.831043,0 days 00:00:57.258641,10,12,6,22,27,70,30,4.818642332804698,6,COMPLETE
625,169692.18894624215,2025-09-03 14:03:45.773356,2025-09-03 14:04:41.501963,0 days 00:00:55.728607,10,11,5,21,27,70,40,4.802629467987883,6,COMPLETE
626,183431.33157507025,2025-09-03 14:04:28.869100,2025-09-03 14:05:20.170702,0 days 00:00:51.301602,10,12,5,22,27,70,38,4.840953717049766,6,COMPLETE
627,271596.2739007428,2025-09-03 14:04:35.375396,2025-09-03 14:05:28.888137,0 days 00:00:53.512741,10,11,5,21,27,70,30,4.996873102715249,7,COMPLETE
628,127357.89247747284,2025-09-03 14:04:38.864998,2025-09-03 14:05:37.280887,0 days 00:00:58.415889,13,11,5,21,27,70,30,4.99029539084348,7,COMPLETE
629,264589.9762054085,2025-09-03 14:04:41.518455,2025-09-03 14:05:39.704875,0 days 00:00:58.186420,10,12,6,22,27,70,30,4.990588314090979,7,COMPLETE
630,120289.53086562458,2025-09-03 14:05:20.245956,2025-09-03 14:06:14.540900,0 days 00:00:54.294944,13,11,6,21,26,70,30,4.993024417835526,7,COMPLETE
631,128701.3593423726,2025-09-03 14:05:28.927001,2025-09-03 14:06:23.803060,0 days 00:00:54.876059,13,11,6,22,26,70,30,4.9966263683819205,7,COMPLETE
632,227137.5624172388,2025-09-03 14:05:37.298431,2025-09-03 14:06:31.305417,0 days 00:00:54.006986,12,12,6,22,26,70,30,4.997480631316686,7,COMPLETE
633,123504.57047514789,2025-09-03 14:05:39.731733,2025-09-03 14:06:34.344171,0 days 00:00:54.612438,13,12,6,22,26,69,30,4.917861421797111,7,COMPLETE
634,203577.38446225075,2025-09-03 14:06:14.542096,2025-09-03 14:07:08.985589,0 days 00:00:54.443493,12,12,6,22,28,69,35,4.896713252463913,6,COMPLETE
635,233392.42404231138,2025-09-03 14:06:23.804285,2025-09-03 14:07:19.199994,0 days 00:00:55.395709,11,12,6,22,28,69,34,4.8901149644948685,6,COMPLETE
636,294992.9238707437,2025-09-03 14:06:31.405892,2025-09-03 14:07:25.757250,0 days 00:00:54.351358,10,11,6,22,28,69,37,4.911273650341321,6,COMPLETE
637,161364.18612371295,2025-09-03 14:06:34.371761,2025-09-03 14:07:28.753739,0 days 00:00:54.381978,11,11,6,23,28,69,35,4.845260664439039,6,COMPLETE
638,338254.74545830744,2025-09-03 14:07:09.047566,2025-09-03 14:08:01.636919,0 days 00:00:52.589353,9,11,6,23,28,69,35,4.823471879614804,6,COMPLETE
639,314664.83616143063,2025-09-03 14:07:19.249540,2025-09-03 14:08:15.208704,0 days 00:00:55.959164,9,11,6,23,28,69,36,4.826621590579706,6,COMPLETE
640,94838.60390622569,2025-09-03 14:07:25.804108,2025-09-03 14:08:19.640821,0 days 00:00:53.836713,9,11,6,23,27,69,34,4.842328766349917,8,COMPLETE
641,243264.1367406347,2025-09-03 14:07:28.760565,2025-09-03 14:08:21.795524,0 days 00:00:53.034959,9,11,6,21,27,69,34,4.81279328733725,6,COMPLETE
642,151757.24122464476,2025-09-03 14:08:01.685144,2025-09-03 14:09:02.086496,0 days 00:01:00.401352,9,11,6,23,19,70,33,4.8254346473137035,8,COMPLETE
643,223980.75357924274,2025-09-03 14:08:15.236491,2025-09-03 14:09:10.630792,0 days 00:00:55.394301,9,10,5,24,19,70,34,4.905568515076864,6,COMPLETE
644,34481.2144844169,2025-09-03 14:08:19.654030,2025-09-03 14:09:17.176641,0 days 00:00:57.522611,15,10,5,24,29,70,30,4.90541092682487,13,COMPLETE
645,213848.09704219722,2025-09-03 14:08:21.848813,2025-09-03 14:09:17.204826,0 days 00:00:55.356013,11,10,5,24,29,70,30,4.908022665656586,7,COMPLETE
646,235813.66140576417,2025-09-03 14:09:02.109101,2025-09-03 14:09:56.534709,0 days 00:00:54.425608,14,10,5,24,29,68,30,4.922470222826486,6,COMPLETE
647,27081.196990216966,2025-09-03 14:09:10.637455,2025-09-03 14:10:06.766791,0 days 00:00:56.129336,11,11,5,24,29,54,37,4.916528386366638,7,COMPLETE
648,28991.65096411936,2025-09-03 14:09:17.195277,2025-09-03 14:10:15.340679,0 days 00:00:58.145402,10,11,6,24,28,68,37,4.915724066054407,18,COMPLETE
649,93079.26400429892,2025-09-03 14:09:17.227776,2025-09-03 14:10:14.183199,0 days 00:00:56.955423,14,11,6,23,28,68,37,4.785409265606049,7,COMPLETE
650,250519.33124567996,2025-09-03 14:09:56.651591,2025-09-03 14:10:53.801249,0 days 00:00:57.149658,8,11,6,23,28,68,37,4.797459747334631,6,COMPLETE
651,3182.0577208179093,2025-09-03 14:10:06.804958,2025-09-03 14:11:02.750078,0 days 00:00:55.945120,8,12,6,23,28,68,194,4.7852996451141365,18,COMPLETE
652,338317.61555330566,2025-09-03 14:10:14.205165,2025-09-03 14:11:12.620004,0 days 00:00:58.414839,8,12,6,21,28,68,34,4.996457678925548,6,COMPLETE
653,772.9092863029917,2025-09-03 14:10:15.348008,2025-09-03 14:11:13.333980,0 days 00:00:57.985972,49,12,6,21,28,68,217,4.783173321341235,6,COMPLETE
654,283918.5413795531,2025-09-03 14:10:53.807655,2025-09-03 14:11:50.426816,0 days 00:00:56.619161,8,12,6,21,28,69,34,4.817126408254089,6,COMPLETE
655,62924.11199678457,2025-09-03 14:11:02.782498,2025-09-03 14:12:00.366301,0 days 00:00:57.583803,10,12,6,22,29,69,94,4.992712697030452,6,COMPLETE
656,67697.67807927444,2025-09-03 14:11:12.668141,2025-09-03 14:12:09.996106,0 days 00:00:57.327965,11,12,6,21,28,67,30,4.993889067433586,10,COMPLETE
657,68161.80274815799,2025-09-03 14:11:13.354239,2025-09-03 14:12:11.824475,0 days 00:00:58.470236,11,12,6,21,28,67,30,4.986684047637813,10,COMPLETE
658,225315.89447900042,2025-09-03 14:11:50.433392,2025-09-03 14:12:47.324858,0 days 00:00:56.891466,12,12,6,20,27,67,30,4.986315184858722,7,COMPLETE
659,226729.5454510579,2025-09-03 14:12:00.386953,2025-09-03 14:12:54.178951,0 days 00:00:53.791998,12,12,6,20,27,67,30,4.998404050783298,7,COMPLETE
660,274613.2058344753,2025-09-03 14:12:10.044037,2025-09-03 14:13:03.882870,0 days 00:00:53.838833,12,11,6,20,27,70,30,4.990214564654524,7,COMPLETE
661,146046.02400231338,2025-09-03 14:12:11.841842,2025-09-03 14:13:07.778541,0 days 00:00:55.936699,10,11,6,20,27,70,34,4.921398423108353,7,COMPLETE
662,140848.66196590007,2025-09-03 14:12:47.347072,2025-09-03 14:13:43.120856,0 days 00:00:55.773784,8,11,6,22,27,70,34,4.911014958111712,8,COMPLETE
663,220680.2558917163,2025-09-03 14:12:54.196777,2025-09-03 14:13:49.989006,0 days 00:00:55.792229,8,11,5,22,27,70,39,4.908323820039363,6,COMPLETE
664,25862.908700200787,2025-09-03 14:13:03.929643,2025-09-03 14:14:03.068786,0 days 00:00:59.139143,8,11,5,22,28,70,40,2.8946307672872535,12,COMPLETE
665,196056.09331157667,2025-09-03 14:13:07.797024,2025-09-03 14:14:05.578395,0 days 00:00:57.781371,8,11,5,22,28,68,40,4.8728137938833544,6,COMPLETE
666,178321.96980933053,2025-09-03 14:13:43.191137,2025-09-03 14:14:43.262907,0 days 00:01:00.071770,8,11,7,22,28,68,40,4.861914768462967,6,COMPLETE
667,214879.1647737077,2025-09-03 14:13:50.001394,2025-09-03 14:14:48.606723,0 days 00:00:58.605329,9,10,7,23,28,68,40,4.874484656314727,6,COMPLETE
668,230343.99109058187,2025-09-03 14:14:03.117566,2025-09-03 14:15:01.433041,0 days 00:00:58.315475,10,10,6,23,26,68,34,4.853829635478894,6,COMPLETE
669,212218.58099478827,2025-09-03 14:14:05.606308,2025-09-03 14:15:05.949688,0 days 00:01:00.343380,10,17,7,23,26,68,34,4.875083227365255,6,COMPLETE
670,36834.68840123772,2025-09-03 14:14:43.274380,2025-09-03 14:15:40.634345,0 days 00:00:57.359965,10,16,6,23,26,69,103,4.739327802944826,5,COMPLETE
671,276376.66664591536,2025-09-03 14:14:48.625425,2025-09-03 14:15:44.246626,0 days 00:00:55.621201,10,16,6,21,26,69,35,4.752780659934869,5,COMPLETE
672,982.0630444819031,2025-09-03 14:15:01.483450,2025-09-03 14:15:56.362689,0 days 00:00:54.879239,10,12,6,21,7,69,225,4.746810465441275,5,COMPLETE
673,31243.244257499202,2025-09-03 14:15:05.956564,2025-09-03 14:16:02.755267,0 days 00:00:56.798703,7,9,6,43,29,69,34,4.771024759294733,16,COMPLETE
674,381197.5092405184,2025-09-03 14:15:40.664904,2025-09-03 14:16:36.697772,0 days 00:00:56.032868,7,12,6,21,29,69,34,4.764326888054892,5,COMPLETE
675,123048.87731086707,2025-09-03 14:15:44.312405,2025-09-03 14:16:39.436378,0 days 00:00:55.123973,7,9,6,25,7,69,35,4.797024231730777,5,COMPLETE
676,400425.90742393426,2025-09-03 14:15:56.374806,2025-09-03 14:16:53.161194,0 days 00:00:56.786388,7,12,6,25,29,69,34,4.93440486369109,5,COMPLETE
677,323531.18596606416,2025-09-03 14:16:02.761951,2025-09-03 14:17:01.580527,0 days 00:00:58.818576,13,12,7,25,29,69,30,4.996588606128996,5,COMPLETE
678,243933.94111440642,2025-09-03 14:16:36.729841,2025-09-03 14:17:28.412519,0 days 00:00:51.682678,7,12,6,21,29,69,38,4.995851058543122,5,COMPLETE
679,33799.44509881755,2025-09-03 14:16:39.449700,2025-09-03 14:17:33.613927,0 days 00:00:54.164227,28,12,5,22,29,70,39,4.913398111935385,6,COMPLETE
680,248842.1528974183,2025-09-03 14:16:53.224219,2025-09-03 14:17:54.872767,0 days 00:01:01.648548,8,12,5,25,29,70,38,4.927249260677451,6,COMPLETE
681,23055.061455083232,2025-09-03 14:17:01.627056,2025-09-03 14:17:56.115389,0 days 00:00:54.488333,32,12,5,25,29,70,37,4.992564752582965,6,COMPLETE
682,50795.37207514179,2025-09-03 14:17:28.451024,2025-09-03 14:18:23.379928,0 days 00:00:54.928904,8,12,5,25,29,70,37,1.8208832674509652,6,COMPLETE
683,332896.2177684487,2025-09-03 14:17:33.629910,2025-09-03 14:18:26.413863,0 days 00:00:52.783953,8,12,6,25,28,70,34,4.917615635312494,6,COMPLETE
684,237111.33263443803,2025-09-03 14:17:54.946731,2025-09-03 14:18:51.894390,0 days 00:00:56.947659,7,12,6,26,28,67,34,4.998732091484314,7,COMPLETE
685,118204.82926012474,2025-09-03 14:17:56.164079,2025-09-03 14:18:53.889535,0 days 00:00:57.725456,8,12,6,26,28,68,34,1.8170051357552683,5,COMPLETE
686,235033.26686131654,2025-09-03 14:18:23.448866,2025-09-03 14:19:16.291002,0 days 00:00:52.842136,7,12,6,24,28,68,34,3.294456178211383,5,COMPLETE
687,648503.0201538312,2025-09-03 14:18:26.421033,2025-09-03 14:19:20.734114,0 days 00:00:54.313081,7,12,6,24,28,67,30,4.825559321340545,5,COMPLETE
688,112024.03590500275,2025-09-03 14:18:52.020444,2025-09-03 14:19:43.101452,0 days 00:00:51.081008,9,11,6,24,12,68,30,4.85436590302686,8,COMPLETE
689,440516.4171354337,2025-09-03 14:18:53.913511,2025-09-03 14:19:49.342371,0 days 00:00:55.428860,9,11,6,24,28,68,30,4.850069845202349,5,COMPLETE
690,128468.2559246472,2025-09-03 14:19:16.313655,2025-09-03 14:20:13.847636,0 days 00:00:57.533981,9,11,7,24,27,67,30,2.086047953104,5,COMPLETE
691,10319.508891145408,2025-09-03 14:19:20.761350,2025-09-03 14:20:17.169889,0 days 00:00:56.408539,7,12,7,24,28,67,153,4.823144568600063,5,COMPLETE
692,213565.16261954233,2025-09-03 14:19:43.113184,2025-09-03 14:20:35.787746,0 days 00:00:52.674562,7,12,7,24,28,68,41,4.72623230254645,5,COMPLETE
693,527414.5906582562,2025-09-03 14:19:49.365768,2025-09-03 14:20:43.564577,0 days 00:00:54.198809,9,12,7,24,28,67,30,4.706290359213688,5,COMPLETE
694,499810.7767265848,2025-09-03 14:20:13.912478,2025-09-03 14:21:09.558029,0 days 00:00:55.645551,9,12,6,24,28,66,30,4.7242752696767045,5,COMPLETE
695,497282.90713151474,2025-09-03 14:20:17.193813,2025-09-03 14:21:10.892322,0 days 00:00:53.698509,9,12,6,23,28,66,30,4.711392532163028,5,COMPLETE
696,-inf,2025-09-03 14:20:35.841006,2025-09-03 14:20:42.324871,0 days 00:00:06.483865,57,12,6,23,27,66,30,4.754801813048604,5,COMPLETE
697,19776.82291463457,2025-09-03 14:20:42.372984,2025-09-03 14:21:38.211415,0 days 00:00:55.838431,9,12,6,23,28,67,120,4.835831527010109,5,COMPLETE
698,501876.3701686784,2025-09-03 14:20:43.576377,2025-09-03 14:21:41.322357,0 days 00:00:57.745980,9,12,7,25,27,66,30,4.707590031876187,5,COMPLETE
699,299825.0908410157,2025-09-03 14:21:09.713700,2025-09-03 14:22:07.650579,0 days 00:00:57.936879,11,12,7,25,27,66,30,4.705809813487883,5,COMPLETE
700,326266.23061780486,2025-09-03 14:21:10.919212,2025-09-03 14:22:07.192210,0 days 00:00:56.272998,11,12,7,25,27,67,30,4.705891498981004,5,COMPLETE
701,299630.1519299671,2025-09-03 14:21:38.259125,2025-09-03 14:22:32.148355,0 days 00:00:53.889230,11,12,7,25,27,66,30,4.683467604352556,5,COMPLETE
702,309515.95135776093,2025-09-03 14:21:41.345488,2025-09-03 14:22:35.882101,0 days 00:00:54.536613,11,12,7,25,27,66,30,4.674693818821908,5,COMPLETE
703,310257.3658258887,2025-09-03 14:22:07.300745,2025-09-03 14:23:01.282658,0 days 00:00:53.981913,11,12,7,26,27,66,30,4.67065839434551,5,COMPLETE
704,304612.2010707461,2025-09-03 14:22:07.673313,2025-09-03 14:23:03.418068,0 days 00:00:55.744755,11,12,7,26,27,66,30,4.678156135394776,5,COMPLETE
705,15890.02395733408,2025-09-03 14:22:32.186428,2025-09-03 14:23:28.149330,0 days 00:00:55.962902,10,12,7,26,27,66,33,4.587059566198136,17,COMPLETE
706,399540.1149893922,2025-09-03 14:22:35.913855,2025-09-03 14:23:33.202816,0 days 00:00:57.288961,10,12,6,24,27,66,30,4.578424854713935,5,COMPLETE
707,198799.09473990338,2025-09-03 14:23:01.288984,2025-09-03 14:23:54.292986,0 days 00:00:53.004002,10,12,6,24,27,66,34,4.583855126660872,5,COMPLETE
708,202294.65212066396,2025-09-03 14:23:03.420644,2025-09-03 14:23:57.808341,0 days 00:00:54.387697,10,12,6,24,28,66,34,4.570088063560258,5,COMPLETE
709,221734.48809605764,2025-09-03 14:23:28.165936,2025-09-03 14:24:22.653351,0 days 00:00:54.487415,9,12,6,24,28,66,34,4.730262375533911,5,COMPLETE
710,237237.12406382218,2025-09-03 14:23:33.219806,2025-09-03 14:24:27.113699,0 days 00:00:53.893893,13,12,15,24,27,66,30,4.563372228130073,5,COMPLETE
711,215165.07570505296,2025-09-03 14:23:54.309792,2025-09-03 14:24:46.198661,0 days 00:00:51.888869,10,12,6,24,27,66,33,4.592511962397226,5,COMPLETE
712,231141.91791458242,2025-09-03 14:23:57.837030,2025-09-03 14:24:52.699108,0 days 00:00:54.862078,13,12,6,24,27,66,30,4.573480929229567,5,COMPLETE
713,323490.36955537123,2025-09-03 14:24:22.705948,2025-09-03 14:25:14.785214,0 days 00:00:52.079266,13,12,5,24,27,66,33,4.61106809630947,5,COMPLETE
714,217521.40938265983,2025-09-03 14:24:27.130538,2025-09-03 14:25:21.258470,0 days 00:00:54.127932,13,12,5,24,27,66,30,4.63106049481334,5,COMPLETE
715,245614.94880105887,2025-09-03 14:24:46.205533,2025-09-03 14:25:38.030469,0 days 00:00:51.824936,12,12,5,25,26,67,30,4.641931720814643,5,COMPLETE
716,85631.50585909876,2025-09-03 14:24:52.716306,2025-09-03 14:25:45.469556,0 days 00:00:52.753250,12,12,5,25,27,67,30,2.4181845461790967,5,COMPLETE
717,-inf,2025-09-03 14:25:14.843644,2025-09-03 14:25:21.473054,0 days 00:00:06.629410,60,12,6,25,26,46,30,4.708453877407871,5,COMPLETE
718,432114.80927998776,2025-09-03 14:25:21.289005,2025-09-03 14:26:13.655415,0 days 00:00:52.366410,10,12,6,25,26,67,30,4.714858481440124,5,COMPLETE
719,217465.57764521343,2025-09-03 14:25:21.484738,2025-09-03 14:26:13.959610,0 days 00:00:52.474872,10,12,6,23,28,67,34,4.722534694731794,6,COMPLETE
720,261786.05605026186,2025-09-03 14:25:38.042554,2025-09-03 14:26:31.294334,0 days 00:00:53.251780,9,11,6,23,28,67,34,4.744910066768527,6,COMPLETE
721,16512.742982077572,2025-09-03 14:25:45.487007,2025-09-03 14:26:41.061848,0 days 00:00:55.574841,9,11,6,23,28,67,170,4.737302874391391,6,COMPLETE
722,229571.23819639176,2025-09-03 14:26:13.667392,2025-09-03 14:27:03.208979,0 days 00:00:49.541587,10,12,6,23,26,67,36,4.742608781840999,6,COMPLETE
723,123309.26494311196,2025-09-03 14:26:14.014087,2025-09-03 14:27:01.132480,0 days 00:00:47.118393,15,11,6,23,26,67,36,4.759238953011009,6,COMPLETE
724,-inf,2025-09-03 14:26:31.321493,2025-09-03 14:26:40.073377,0 days 00:00:08.751884,54,12,6,39,26,67,37,4.766219800366892,6,COMPLETE
725,-inf,2025-09-03 14:26:40.147139,2025-09-03 14:27:28.183677,0 days 00:00:48.036538,15,11,6,24,26,35,36,4.772850812434074,5,COMPLETE
726,-inf,2025-09-03 14:26:41.082340,2025-09-03 14:27:30.253889,0 days 00:00:49.171549,11,12,6,24,26,37,36,4.774115834591249,5,COMPLETE
727,-inf,2025-09-03 14:27:01.133798,2025-09-03 14:27:52.935753,0 days 00:00:51.801955,11,12,6,25,26,32,34,4.799277211470853,5,COMPLETE
728,281325.68318787724,2025-09-03 14:27:03.273687,2025-09-03 14:27:59.155989,0 days 00:00:55.882302,11,12,7,24,26,66,34,4.798963592644942,5,COMPLETE
729,160158.69454287563,2025-09-03 14:27:28.190154,2025-09-03 14:28:20.201032,0 days 00:00:52.010878,12,12,7,25,27,65,30,3.5284225726317615,5,COMPLETE
730,346747.9765351731,2025-09-03 14:27:30.316699,2025-09-03 14:28:23.550274,0 days 00:00:53.233575,12,12,7,25,27,65,34,4.658338504485128,5,COMPLETE
731,1552.208998107892,2025-09-03 14:27:53.030547,2025-09-03 14:28:48.732062,0 days 00:00:55.701515,12,12,7,26,27,49,35,4.627991428449867,5,COMPLETE
732,518621.75204686105,2025-09-03 14:27:59.199031,2025-09-03 14:28:53.671868,0 days 00:00:54.472837,9,11,7,26,28,65,30,4.6713761897178365,5,COMPLETE
733,427832.2246859225,2025-09-03 14:28:20.283949,2025-09-03 14:29:18.705301,0 days 00:00:58.421352,9,11,5,26,27,66,30,4.664674363009787,6,COMPLETE
734,72362.61575677547,2025-09-03 14:28:23.587857,2025-09-03 14:29:18.243779,0 days 00:00:54.655922,9,11,5,26,28,67,30,1.6997623270400237,6,COMPLETE
735,360101.6104501303,2025-09-03 14:28:48.775215,2025-09-03 14:29:39.123787,0 days 00:00:50.348572,9,11,6,24,28,66,30,4.8477490188980985,6,COMPLETE
736,196453.6528174826,2025-09-03 14:28:53.759306,2025-09-03 14:29:47.007435,0 days 00:00:53.248129,9,11,7,26,28,66,38,4.5604697009834565,5,COMPLETE
737,860.0570390648604,2025-09-03 14:29:18.332730,2025-09-03 14:30:09.902488,0 days 00:00:51.569758,9,11,7,26,28,65,211,4.553208621225718,5,COMPLETE
738,193847.78994163746,2025-09-03 14:29:18.748795,2025-09-03 14:30:06.998073,0 days 00:00:48.249278,9,11,5,26,28,65,38,4.5886916491052645,5,COMPLETE
739,-inf,2025-09-03 14:29:39.140308,2025-09-03 14:29:47.986778,0 days 00:00:08.846470,77,11,5,27,28,65,38,4.552735216839999,5,COMPLETE
740,8447.824293571604,2025-09-03 14:29:47.029533,2025-09-03 14:30:41.269533,0 days 00:00:54.240000,10,11,5,27,28,65,188,4.64844972097167,5,COMPLETE
741,181155.77285846588,2025-09-03 14:29:47.998556,2025-09-03 14:30:38.673892,0 days 00:00:50.675336,10,11,5,25,28,66,34,4.590364845815758,6,COMPLETE
742,177280.6785368246,2025-09-03 14:30:07.014737,2025-09-03 14:31:03.458570,0 days 00:00:56.443833,10,10,5,25,28,65,34,4.658255935277909,6,COMPLETE
743,6990.021097388233,2025-09-03 14:30:09.914357,2025-09-03 14:31:05.729284,0 days 00:00:55.814927,10,10,5,27,28,65,181,4.6817019989792295,6,COMPLETE
744,324186.58710519876,2025-09-03 14:30:38.727192,2025-09-03 14:31:30.189274,0 days 00:00:51.462082,10,10,5,27,27,66,30,4.662922579976249,6,COMPLETE
745,394971.9878672022,2025-09-03 14:30:41.292411,2025-09-03 14:31:33.112293,0 days 00:00:51.819882,8,10,7,25,27,66,30,4.675663801792765,6,COMPLETE
746,400032.20527176117,2025-09-03 14:31:03.506613,2025-09-03 14:31:59.542509,0 days 00:00:56.035896,8,10,7,23,27,66,30,4.686172777225183,6,COMPLETE
747,11876.624272788184,2025-09-03 14:31:05.746042,2025-09-03 14:31:58.485763,0 days 00:00:52.739721,8,11,7,23,27,52,30,4.536690640506751,5,COMPLETE
748,202096.63175479945,2025-09-03 14:31:30.217183,2025-09-03 14:32:22.915930,0 days 00:00:52.698747,8,11,7,23,27,66,38,4.712356691949298,5,COMPLETE
749,138.63776025433404,2025-09-03 14:31:33.151882,2025-09-03 14:32:27.907094,0 days 00:00:54.755212,66,11,7,23,27,66,147,4.517809019144608,7,COMPLETE
750,253241.77343949812,2025-09-03 14:31:58.497247,2025-09-03 14:32:52.336586,0 days 00:00:53.839339,8,11,7,24,27,66,30,4.503069933053853,7,COMPLETE
751,191380.15700616667,2025-09-03 14:31:59.566502,2025-09-03 14:32:54.619755,0 days 00:00:55.053253,8,10,7,24,27,66,34,4.502724772201062,7,COMPLETE
752,191629.5225142421,2025-09-03 14:32:22.927843,2025-09-03 14:33:16.959844,0 days 00:00:54.032001,8,10,7,24,27,66,34,4.510851505607403,7,COMPLETE
753,19535.768096067917,2025-09-03 14:32:27.934567,2025-09-03 14:33:22.014213,0 days 00:00:54.079646,8,10,6,24,27,66,34,4.520915131654397,27,COMPLETE
754,264277.2533971187,2025-09-03 14:32:52.353769,2025-09-03 14:33:46.593807,0 days 00:00:54.240038,8,10,7,24,27,65,34,4.618848399328097,6,COMPLETE
755,409736.99262939394,2025-09-03 14:32:54.651287,2025-09-03 14:33:48.941124,0 days 00:00:54.289837,8,10,7,24,26,65,30,4.702650504940043,6,COMPLETE
756,54084.15481883052,2025-09-03 14:33:16.996829,2025-09-03 14:34:11.526324,0 days 00:00:54.529495,9,10,7,25,26,65,86,4.617801902976125,6,COMPLETE
757,-inf,2025-09-03 14:33:22.047424,2025-09-03 14:33:25.949896,0 days 00:00:03.902472,38,10,7,25,28,65,30,4.680784720532468,6,COMPLETE
758,203544.87859111643,2025-09-03 14:33:25.956086,2025-09-03 14:34:21.236519,0 days 00:00:55.280433,9,10,7,41,26,65,38,4.611309906953231,6,COMPLETE
759,204717.46407338604,2025-09-03 14:33:46.610686,2025-09-03 14:34:41.756422,0 days 00:00:55.145736,11,11,7,23,26,67,39,4.615587728480749,6,COMPLETE
760,208693.65154614547,2025-09-03 14:33:48.952722,2025-09-03 14:34:42.754202,0 days 00:00:53.801480,11,9,7,25,26,65,30,4.599215864599275,7,COMPLETE
761,211345.33402610055,2025-09-03 14:34:11.606575,2025-09-03 14:35:08.989999,0 days 00:00:57.383424,11,9,7,41,26,65,30,4.670755736785595,7,COMPLETE
762,282549.7769861473,2025-09-03 14:34:21.253986,2025-09-03 14:35:17.141989,0 days 00:00:55.888003,11,10,7,37,26,65,30,4.707123285888946,6,COMPLETE
763,210179.68107115215,2025-09-03 14:34:41.823330,2025-09-03 14:35:36.525633,0 days 00:00:54.702303,11,10,7,25,26,65,30,4.680582682316722,7,COMPLETE
764,225754.85731331294,2025-09-03 14:34:42.776819,2025-09-03 14:35:36.618266,0 days 00:00:53.841447,11,9,7,24,26,67,30,4.707173479509245,7,COMPLETE
765,140160.72487358793,2025-09-03 14:35:09.065763,2025-09-03 14:36:02.566821,0 days 00:00:53.501058,14,10,7,24,26,66,34,4.691013951837714,6,COMPLETE
766,-inf,2025-09-03 14:35:17.200784,2025-09-03 14:36:10.654705,0 days 00:00:53.453921,14,10,7,24,27,41,34,4.718267216075721,6,COMPLETE
767,145279.0145618371,2025-09-03 14:35:36.571245,2025-09-03 14:36:30.299049,0 days 00:00:53.727804,14,10,7,24,27,66,34,4.740022404692018,6,COMPLETE
768,118428.23230136518,2025-09-03 14:35:36.637452,2025-09-03 14:36:31.129024,0 days 00:00:54.491572,14,8,7,23,27,66,37,4.690276333315717,6,COMPLETE
769,226309.45351166808,2025-09-03 14:36:02.609085,2025-09-03 14:36:56.016244,0 days 00:00:53.407159,9,10,6,23,27,66,34,4.765103286083329,6,COMPLETE
770,3775.947761409481,2025-09-03 14:36:10.761365,2025-09-03 14:37:04.455619,0 days 00:00:53.694254,9,11,6,23,27,66,38,1.3405427275133461,22,COMPLETE
771,180327.38626596707,2025-09-03 14:36:30.374194,2025-09-03 14:37:23.138701,0 days 00:00:52.764507,9,11,6,23,27,67,38,4.524432170233463,6,COMPLETE
772,201388.51882314545,2025-09-03 14:36:31.135632,2025-09-03 14:37:24.578787,0 days 00:00:53.443155,9,11,6,23,27,67,38,4.519937349264747,5,COMPLETE
773,272845.2821852076,2025-09-03 14:36:56.065635,2025-09-03 14:37:47.528700,0 days 00:00:51.463065,9,11,6,25,28,67,39,4.55979709911287,5,COMPLETE
774,11215.161523321694,2025-09-03 14:37:04.529729,2025-09-03 14:37:54.462281,0 days 00:00:49.932552,8,11,6,25,28,67,135,4.529912456489513,5,COMPLETE
775,-inf,2025-09-03 14:37:23.155780,2025-09-03 14:37:29.757979,0 days 00:00:06.602199,44,11,6,25,28,67,30,4.574618389764239,5,COMPLETE
776,642265.3227065508,2025-09-03 14:37:24.595384,2025-09-03 14:38:19.364464,0 days 00:00:54.769080,7,11,6,25,28,67,30,4.583953687937282,5,COMPLETE
777,27636.531449100003,2025-09-03 14:37:29.790683,2025-09-03 14:38:23.175323,0 days 00:00:53.384640,7,11,7,25,28,67,34,4.790136202540464,24,COMPLETE
778,2152.733110509538,2025-09-03 14:37:47.535094,2025-09-03 14:38:43.292700,0 days 00:00:55.757606,7,11,7,24,28,67,246,4.829691331051916,5,COMPLETE
779,2934.669987416491,2025-09-03 14:37:54.491134,2025-09-03 14:38:52.199952,0 days 00:00:57.708818,7,10,7,24,27,65,199,3.0828008906028757,5,COMPLETE
780,351666.1218377198,2025-09-03 14:38:19.438942,2025-09-03 14:39:16.341835,0 days 00:00:56.902893,7,11,7,26,28,66,34,4.456289429890885,5,COMPLETE
781,309477.7119677484,2025-09-03 14:38:23.213157,2025-09-03 14:39:17.939818,0 days 00:00:54.726661,8,10,7,26,28,66,34,4.436517393264268,5,COMPLETE
782,559895.2751030746,2025-09-03 14:38:43.328943,2025-09-03 14:39:34.935593,0 days 00:00:51.606650,7,10,6,26,28,65,30,4.454031985033895,5,COMPLETE
783,60224.97657942129,2025-09-03 14:38:52.245322,2025-09-03 14:39:50.842348,0 days 00:00:58.597026,7,9,6,26,28,66,34,4.613217198522959,12,COMPLETE
784,98285.71666221337,2025-09-03 14:39:16.353629,2025-09-03 14:40:13.714941,0 days 00:00:57.361312,22,10,6,26,28,66,30,4.449150727705702,5,COMPLETE
785,532395.1203345857,2025-09-03 14:39:17.957012,2025-09-03 14:40:14.749519,0 days 00:00:56.792507,7,12,6,25,28,65,30,4.626527993533159,5,COMPLETE
786,279203.13661425153,2025-09-03 14:39:34.947420,2025-09-03 14:40:27.994312,0 days 00:00:53.046892,7,9,6,26,28,65,40,4.599846712156424,5,COMPLETE
787,255093.50158336267,2025-09-03 14:39:50.865119,2025-09-03 14:40:47.607891,0 days 00:00:56.742772,7,5,6,27,28,65,40,4.47831445683694,5,COMPLETE
788,260621.4337163001,2025-09-03 14:40:13.730266,2025-09-03 14:41:05.825897,0 days 00:00:52.095631,7,5,5,27,28,65,40,4.591828976619047,5,COMPLETE
789,176884.05171984504,2025-09-03 14:40:14.766534,2025-09-03 14:41:06.619402,0 days 00:00:51.852868,7,12,5,27,29,65,41,4.497065668656452,5,COMPLETE
790,213864.42542497785,2025-09-03 14:40:28.020564,2025-09-03 14:41:18.830438,0 days 00:00:50.809874,7,12,5,27,29,65,38,4.447045919475646,5,COMPLETE
791,192895.73771755188,2025-09-03 14:40:47.680585,2025-09-03 14:41:38.763503,0 days 00:00:51.082918,7,12,17,25,29,65,37,4.55205184918944,5,COMPLETE
792,-inf,2025-09-03 14:41:05.929418,2025-09-03 14:41:13.022896,0 days 00:00:07.093478,63,12,5,25,29,65,34,4.54862979864374,5,COMPLETE
793,183684.8228631221,2025-09-03 14:41:06.643861,2025-09-03 14:41:57.740597,0 days 00:00:51.096736,7,12,5,25,29,64,34,2.5720839543225797,5,COMPLETE
794,327194.30155639705,2025-09-03 14:41:13.029048,2025-09-03 14:42:08.379990,0 days 00:00:55.350942,7,12,6,25,29,67,37,4.613437183863865,5,COMPLETE
795,192955.6886394808,2025-09-03 14:41:18.873705,2025-09-03 14:42:11.272000,0 days 00:00:52.398295,7,12,6,25,29,64,34,2.6827262143472215,5,COMPLETE
796,373357.6688433643,2025-09-03 14:41:38.801770,2025-09-03 14:42:31.753707,0 days 00:00:52.951937,6,12,6,26,28,64,30,4.643618010190658,5,COMPLETE
797,559974.3345497658,2025-09-03 14:41:57.752329,2025-09-03 14:42:54.187643,0 days 00:00:56.435314,9,12,6,26,28,67,30,4.638766036920449,5,COMPLETE
798,37165.99101865117,2025-09-03 14:42:08.413549,2025-09-03 14:43:07.870110,0 days 00:00:59.456561,9,12,6,26,28,64,30,2.6671784441644752,14,COMPLETE
799,562660.029784865,2025-09-03 14:42:11.309636,2025-09-03 14:43:11.238905,0 days 00:00:59.929269,9,12,6,26,28,67,30,4.645809797458501,5,COMPLETE
800,560362.3860266968,2025-09-03 14:42:31.796872,2025-09-03 14:43:27.805423,0 days 00:00:56.008551,9,12,6,26,28,67,30,4.670187685720383,5,COMPLETE
801,442864.8678620295,2025-09-03 14:42:54.215374,2025-09-03 14:43:48.542098,0 days 00:00:54.326724,9,12,6,26,28,66,30,4.433869104229018,5,COMPLETE
802,441233.3766294307,2025-09-03 14:43:07.920278,2025-09-03 14:44:05.477090,0 days 00:00:57.556812,9,12,6,26,28,66,30,4.421460876603373,5,COMPLETE
803,449835.12011407764,2025-09-03 14:43:11.261565,2025-09-03 14:44:09.644037,0 days 00:00:58.382472,9,12,6,27,28,66,30,4.4174220780452655,5,COMPLETE
804,474794.679148314,2025-09-03 14:43:27.869515,2025-09-03 14:44:25.168447,0 days 00:00:57.298932,9,12,6,27,28,67,30,4.449984209276019,5,COMPLETE
805,224177.13496302697,2025-09-03 14:43:48.601294,2025-09-03 14:44:44.762569,0 days 00:00:56.161275,10,12,6,27,28,67,35,4.426723293888445,5,COMPLETE
806,361586.1270735948,2025-09-03 14:44:05.515678,2025-09-03 14:45:01.193507,0 days 00:00:55.677829,10,12,6,28,28,66,30,4.403410174833735,5,COMPLETE
807,173191.5497660287,2025-09-03 14:44:09.677627,2025-09-03 14:45:02.752382,0 days 00:00:53.074755,10,12,6,28,28,66,34,4.4001225651221585,5,COMPLETE
808,245364.58512255456,2025-09-03 14:44:25.330323,2025-09-03 14:45:21.725103,0 days 00:00:56.394780,12,12,16,28,28,66,34,4.4298170945445206,5,COMPLETE
809,227121.6358271025,2025-09-03 14:44:44.856129,2025-09-03 14:45:38.394812,0 days 00:00:53.538683,12,12,5,28,28,66,30,4.392953821329355,5,COMPLETE
810,287021.54514607973,2025-09-03 14:45:01.210670,2025-09-03 14:45:54.526839,0 days 00:00:53.316169,12,12,5,28,28,66,34,4.39800869138156,5,COMPLETE
811,288090.4427879416,2025-09-03 14:45:02.838211,2025-09-03 14:45:57.175199,0 days 00:00:54.336988,12,12,5,27,28,67,34,4.39612079196257,5,COMPLETE
812,-inf,2025-09-03 14:45:21.747443,2025-09-03 14:46:15.872429,0 days 00:00:54.124986,12,12,5,27,28,40,34,4.457533172033136,20,COMPLETE
813,192695.91260776517,2025-09-03 14:45:38.480743,2025-09-03 14:46:37.259137,0 days 00:00:58.778394,10,12,6,27,28,67,38,4.4608995321017355,5,COMPLETE
814,181468.67918124722,2025-09-03 14:45:54.595988,2025-09-03 14:46:49.607488,0 days 00:00:55.011500,10,12,6,27,28,67,38,4.390800955479565,5,COMPLETE
815,204080.73292097097,2025-09-03 14:45:57.210122,2025-09-03 14:46:53.385236,0 days 00:00:56.175114,10,12,6,26,28,67,38,4.4760548583761945,5,COMPLETE
816,175457.19823977893,2025-09-03 14:46:15.899693,2025-09-03 14:47:05.666551,0 days 00:00:49.766858,9,12,6,27,28,67,38,4.324933643642933,5,COMPLETE
817,3701.8890604510175,2025-09-03 14:46:37.265438,2025-09-03 14:47:23.038522,0 days 00:00:45.773084,9,12,6,27,28,67,129,4.314818593348211,23,COMPLETE
818,475902.4249476736,2025-09-03 14:46:49.717577,2025-09-03 14:47:44.100689,0 days 00:00:54.383112,9,12,6,26,29,67,30,4.495200696573897,5,COMPLETE
819,431772.8764786921,2025-09-03 14:46:53.422557,2025-09-03 14:47:47.214400,0 days 00:00:53.791843,9,12,6,26,28,65,30,4.494156602127805,5,COMPLETE
820,212073.1006722258,2025-09-03 14:47:05.709008,2025-09-03 14:47:57.682591,0 days 00:00:51.973583,9,12,6,26,29,66,34,4.510675160995539,5,COMPLETE
821,-inf,2025-09-03 14:47:23.081859,2025-09-03 14:47:32.367012,0 days 00:00:09.285153,41,12,6,26,29,66,30,4.509813485036601,5,COMPLETE
822,446729.30065956415,2025-09-03 14:47:32.393436,2025-09-03 14:48:29.085807,0 days 00:00:56.692371,9,12,6,26,29,65,30,4.490801997097097,5,COMPLETE
823,444054.88500133227,2025-09-03 14:47:44.164055,2025-09-03 14:48:39.543012,0 days 00:00:55.378957,9,12,6,26,29,65,30,4.463387285402459,5,COMPLETE
824,196545.947097906,2025-09-03 14:47:47.226291,2025-09-03 14:48:42.051295,0 days 00:00:54.825004,11,12,6,26,29,65,41,4.471392118485542,5,COMPLETE
825,166799.3182416618,2025-09-03 14:47:57.694398,2025-09-03 14:48:51.416503,0 days 00:00:53.722105,11,13,6,27,29,65,41,4.3175312236848,5,COMPLETE
826,147769.44961502452,2025-09-03 14:48:29.145182,2025-09-03 14:49:26.314877,0 days 00:00:57.169695,11,13,6,27,29,65,42,4.309680501061993,5,COMPLETE
827,-inf,2025-09-03 14:48:39.554654,2025-09-03 14:48:44.379725,0 days 00:00:04.825071,70,13,6,28,29,64,42,4.328398976301696,5,COMPLETE
828,278361.19146543415,2025-09-03 14:48:42.060300,2025-09-03 14:49:36.365607,0 days 00:00:54.305307,8,13,6,27,29,65,34,4.25780905376442,5,COMPLETE
829,309852.81446585647,2025-09-03 14:48:44.422811,2025-09-03 14:49:41.219692,0 days 00:00:56.796881,8,13,6,26,29,65,34,4.389056914517499,5,COMPLETE
830,318927.0450547788,2025-09-03 14:48:51.422757,2025-09-03 14:49:48.849839,0 days 00:00:57.427082,8,12,6,27,29,65,34,4.386908485030829,5,COMPLETE
831,290172.8556799914,2025-09-03 14:49:26.343320,2025-09-03 14:50:24.106701,0 days 00:00:57.763381,8,12,6,27,29,64,35,4.5088109944060415,5,COMPLETE
832,210351.0365211848,2025-09-03 14:49:36.398582,2025-09-03 14:50:32.289466,0 days 00:00:55.890884,13,12,6,26,29,64,34,4.403589519829651,5,COMPLETE
833,258215.449362977,2025-09-03 14:49:41.284621,2025-09-03 14:50:37.684030,0 days 00:00:56.399409,13,12,6,27,29,64,36,4.35445331042141,5,COMPLETE
834,146249.76037163456,2025-09-03 14:49:48.915896,2025-09-03 14:50:43.449037,0 days 00:00:54.533141,13,12,6,26,29,64,38,4.457027368145437,5,COMPLETE
835,390945.2951102319,2025-09-03 14:50:24.118777,2025-09-03 14:51:18.276135,0 days 00:00:54.157358,10,12,6,26,29,66,30,4.43812567881551,5,COMPLETE
836,382654.4106920492,2025-09-03 14:50:32.295974,2025-09-03 14:51:25.528332,0 days 00:00:53.232358,10,12,6,26,29,66,30,4.487547273810143,5,COMPLETE
837,446287.3799195611,2025-09-03 14:50:37.690103,2025-09-03 14:51:33.813930,0 days 00:00:56.123827,9,12,6,26,29,66,30,4.471242530828609,5,COMPLETE
838,354279.2911010045,2025-09-03 14:50:43.534357,2025-09-03 14:51:41.374464,0 days 00:00:57.840107,10,12,6,28,29,66,30,4.482545297052416,5,COMPLETE
839,430089.8925347512,2025-09-03 14:51:18.340108,2025-09-03 14:52:12.501203,0 days 00:00:54.161095,9,12,6,28,29,66,30,4.50889145499961,5,COMPLETE
840,210979.71489849643,2025-09-03 14:51:25.540233,2025-09-03 14:52:20.007354,0 days 00:00:54.467121,8,12,6,28,29,66,38,4.514015267064928,5,COMPLETE
841,168218.57368773763,2025-09-03 14:51:33.814811,2025-09-03 14:52:29.731527,0 days 00:00:55.916716,9,12,6,29,29,65,38,4.496767323019861,6,COMPLETE
842,165447.44327072627,2025-09-03 14:51:41.413463,2025-09-03 14:52:37.408616,0 days 00:00:55.995153,11,12,5,28,29,65,38,4.453031467575125,6,COMPLETE
843,53215.525945523594,2025-09-03 14:52:12.508007,2025-09-03 14:53:05.305098,0 days 00:00:52.797091,12,12,5,26,29,65,69,4.372186801366276,6,COMPLETE
844,23074.78613218763,2025-09-03 14:52:20.049061,2025-09-03 14:53:16.608070,0 days 00:00:56.559009,12,12,5,26,29,65,37,4.295597369482611,15,COMPLETE
845,196807.18900977142,2025-09-03 14:52:29.785290,2025-09-03 14:53:22.042754,0 days 00:00:52.257464,12,12,5,26,29,67,34,4.278894537946379,6,COMPLETE
846,11570.414796897738,2025-09-03 14:52:37.456485,2025-09-03 14:53:30.409211,0 days 00:00:52.952726,12,12,5,26,29,66,34,4.3551009763480355,29,COMPLETE
847,-inf,2025-09-03 14:53:05.348976,2025-09-03 14:53:14.457710,0 days 00:00:09.108734,47,12,6,26,28,66,34,4.268993686402027,5,COMPLETE
848,334483.4496829212,2025-09-03 14:53:14.479774,2025-09-03 14:54:10.612062,0 days 00:00:56.132288,6,12,6,26,29,67,34,4.571940844609224,5,COMPLETE
849,40078.50075669237,2025-09-03 14:53:16.661729,2025-09-03 14:54:10.347285,0 days 00:00:53.685556,6,12,6,27,28,67,99,4.558350081156146,5,COMPLETE
850,156880.05185000997,2025-09-03 14:53:22.054992,2025-09-03 14:54:15.885017,0 days 00:00:53.830025,6,13,6,27,28,66,42,4.57319894968435,5,COMPLETE
851,4778.34760236874,2025-09-03 14:53:30.416801,2025-09-03 14:54:21.861162,0 days 00:00:51.444361,7,13,6,27,28,67,174,4.556682383139833,5,COMPLETE
852,162378.1905378984,2025-09-03 14:54:10.374427,2025-09-03 14:55:09.372327,0 days 00:00:58.997900,6,13,6,27,28,67,42,4.570476171440386,5,COMPLETE
853,159661.1362135511,2025-09-03 14:54:10.644144,2025-09-03 14:55:08.068390,0 days 00:00:57.424246,7,13,6,27,28,64,42,4.389940137132373,5,COMPLETE
854,350636.83470005624,2025-09-03 14:54:15.909408,2025-09-03 14:55:12.760808,0 days 00:00:56.851400,9,12,6,27,28,64,30,4.378551376053389,6,COMPLETE
855,98107.59872071966,2025-09-03 14:54:21.905438,2025-09-03 14:55:16.449509,0 days 00:00:54.544071,9,12,6,26,28,56,30,4.423935837429045,6,COMPLETE
856,354665.85084739636,2025-09-03 14:55:08.237331,2025-09-03 14:56:00.689805,0 days 00:00:52.452474,9,12,6,26,28,66,30,4.417656635483454,6,COMPLETE
857,228177.59058097354,2025-09-03 14:55:09.433218,2025-09-03 14:56:03.351623,0 days 00:00:53.918405,9,12,6,26,29,65,34,4.418836377338234,6,COMPLETE
858,107132.49434984992,2025-09-03 14:55:12.792156,2025-09-03 14:56:06.539299,0 days 00:00:53.747143,10,12,6,26,29,66,30,4.451235000888656,9,COMPLETE
859,69344.92159660954,2025-09-03 14:55:16.457791,2025-09-03 14:56:09.717818,0 days 00:00:53.260027,8,12,6,26,10,66,37,4.449370626778596,6,COMPLETE
860,75233.3547232707,2025-09-03 14:56:00.828590,2025-09-03 14:56:57.479086,0 days 00:00:56.650496,19,12,6,26,29,65,37,4.5400987739226615,9,COMPLETE
861,88551.37520929854,2025-09-03 14:56:03.355073,2025-09-03 14:56:56.300042,0 days 00:00:52.944969,11,12,6,26,10,65,37,4.530563254903354,5,COMPLETE
862,296662.8724911943,2025-09-03 14:56:06.556896,2025-09-03 14:57:00.802617,0 days 00:00:54.245721,11,12,5,25,28,67,37,4.530409976049142,5,COMPLETE
863,258570.6656775563,2025-09-03 14:56:09.741751,2025-09-03 14:57:06.551445,0 days 00:00:56.809694,11,12,5,25,28,67,34,4.535419941735991,5,COMPLETE
864,369428.69909532624,2025-09-03 14:56:56.374286,2025-09-03 14:57:47.632870,0 days 00:00:51.258584,7,12,5,25,29,67,34,4.601820346759437,5,COMPLETE
865,377191.49927044206,2025-09-03 14:56:57.480084,2025-09-03 14:57:48.258459,0 days 00:00:50.778375,7,11,5,25,28,67,35,4.578367237449982,5,COMPLETE
866,-inf,2025-09-03 14:57:00.830885,2025-09-03 14:57:04.972853,0 days 00:00:04.141968,34,11,5,25,28,67,30,4.256825912147246,5,COMPLETE
867,355110.5769732561,2025-09-03 14:57:04.974412,2025-09-03 14:57:56.768921,0 days 00:00:51.794509,7,13,6,28,29,67,34,4.588440414062938,5,COMPLETE
868,28288.420432345334,2025-09-03 14:57:06.562867,2025-09-03 14:58:00.462373,0 days 00:00:53.899506,7,13,6,28,29,64,106,4.608595971673074,5,COMPLETE
869,111826.78900742138,2025-09-03 14:57:47.659430,2025-09-03 14:58:40.901627,0 days 00:00:53.242197,8,13,6,28,28,65,41,2.207845947526606,5,COMPLETE
870,3170.8164219916584,2025-09-03 14:57:48.259507,2025-09-03 14:58:41.066626,0 days 00:00:52.807119,8,13,6,27,29,66,106,4.604061790292908,21,COMPLETE
871,135495.51101519898,2025-09-03 14:57:56.780696,2025-09-03 14:58:51.967549,0 days 00:00:55.186853,10,13,6,27,28,65,42,4.491924975089014,6,COMPLETE
872,141371.5648885732,2025-09-03 14:58:00.489930,2025-09-03 14:58:59.085940,0 days 00:00:58.596010,10,7,6,27,28,65,41,4.351183810559879,6,COMPLETE
873,153939.5101744074,2025-09-03 14:58:40.918563,2025-09-03 14:59:33.226539,0 days 00:00:52.307976,10,12,6,27,28,66,41,4.331291343212751,6,COMPLETE
874,284575.52282866265,2025-09-03 14:58:41.091076,2025-09-03 14:59:34.668880,0 days 00:00:53.577804,10,12,6,27,28,66,30,4.336562190747118,6,COMPLETE
875,53889.863805284855,2025-09-03 14:58:51.996407,2025-09-03 14:59:45.893426,0 days 00:00:53.897019,10,12,6,26,28,66,82,4.355926721209878,6,COMPLETE
876,129309.07988161108,2025-09-03 14:58:59.092649,2025-09-03 14:59:53.383881,0 days 00:00:54.291232,13,12,6,25,13,66,30,4.336475653437139,6,COMPLETE
877,331958.15789768955,2025-09-03 14:59:33.277048,2025-09-03 15:00:28.521087,0 days 00:00:55.244039,6,11,7,25,29,66,30,4.464549064048089,5,COMPLETE
878,2570.183828071265,2025-09-03 14:59:34.694567,2025-09-03 15:00:30.029802,0 days 00:00:55.335235,13,11,7,25,29,66,250,4.457866586763426,5,COMPLETE
879,23655.271975461063,2025-09-03 14:59:45.924762,2025-09-03 15:00:44.375922,0 days 00:00:58.451160,24,11,7,25,29,54,30,4.472387470331004,5,COMPLETE
880,295339.1963090961,2025-09-03 14:59:53.428507,2025-09-03 15:00:51.529588,0 days 00:00:58.101081,8,11,7,29,29,64,34,4.4885428265652845,5,COMPLETE
881,209349.9219060729,2025-09-03 15:00:28.533257,2025-09-03 15:01:25.412187,0 days 00:00:56.878930,8,11,7,26,29,64,37,4.189984100955289,5,COMPLETE
882,203488.07624721903,2025-09-03 15:00:30.080854,2025-09-03 15:01:27.201894,0 days 00:00:57.121040,8,11,6,26,28,64,37,4.582419976190457,5,COMPLETE
883,17057.57794172143,2025-09-03 15:00:44.392943,2025-09-03 15:01:41.962902,0 days 00:00:57.569959,8,12,6,29,28,64,139,4.239727805705293,5,COMPLETE
884,237277.50848690138,2025-09-03 15:00:51.541264,2025-09-03 15:01:48.575967,0 days 00:00:57.034703,8,12,6,26,28,67,38,4.61026533693239,5,COMPLETE
885,313793.9746409658,2025-09-03 15:01:25.439510,2025-09-03 15:02:25.432343,0 days 00:00:59.992833,6,12,6,26,28,67,34,4.620726224574581,5,COMPLETE
886,20660.827309057036,2025-09-03 15:01:27.215489,2025-09-03 15:02:26.515312,0 days 00:00:59.299823,6,12,6,26,28,67,141,4.600459579048056,6,COMPLETE
887,197662.7847864385,2025-09-03 15:01:42.127744,2025-09-03 15:02:41.262542,0 days 00:00:59.134798,6,12,5,26,28,67,35,4.608526635735219,6,COMPLETE
888,104850.57213423903,2025-09-03 15:01:48.587669,2025-09-03 15:02:48.081417,0 days 00:00:59.493748,29,12,15,26,28,67,34,4.627516119697879,6,COMPLETE
889,99832.9248626413,2025-09-03 15:02:25.439057,2025-09-03 15:03:20.306617,0 days 00:00:54.867560,17,12,5,25,29,65,30,4.524934798289821,6,COMPLETE
890,16683.06362630128,2025-09-03 15:02:26.532562,2025-09-03 15:03:23.218801,0 days 00:00:56.686239,11,12,5,25,29,65,34,4.530160682123349,19,COMPLETE
891,234087.18757895555,2025-09-03 15:02:41.434566,2025-09-03 15:03:35.792486,0 days 00:00:54.357920,11,12,15,25,29,66,30,4.509125000348042,6,COMPLETE
892,181444.97604383007,2025-09-03 15:02:48.098912,2025-09-03 15:03:45.660895,0 days 00:00:57.561983,11,12,5,25,14,65,30,4.527368712040306,5,COMPLETE
893,249280.29510138067,2025-09-03 15:03:20.313208,2025-09-03 15:04:12.989939,0 days 00:00:52.676731,11,12,6,27,29,65,30,4.446383329014474,5,COMPLETE
894,425256.781480243,2025-09-03 15:03:23.255665,2025-09-03 15:04:17.488719,0 days 00:00:54.233054,9,11,6,27,29,66,30,4.422251629960032,5,COMPLETE
895,18674.1092891834,2025-09-03 15:03:35.793807,2025-09-03 15:04:31.216817,0 days 00:00:55.423010,26,11,6,27,28,65,39,1.018402798484698,5,COMPLETE
896,201667.79874815702,2025-09-03 15:03:45.688454,2025-09-03 15:04:42.276827,0 days 00:00:56.588373,9,6,6,27,28,66,39,4.382213221341709,5,COMPLETE
897,521.5477798585691,2025-09-03 15:04:13.006994,2025-09-03 15:05:03.955652,0 days 00:00:50.948658,9,11,6,27,28,48,40,4.643509857283545,5,COMPLETE
898,5442.729139071844,2025-09-03 15:04:17.505594,2025-09-03 15:05:08.303375,0 days 00:00:50.797781,9,11,6,27,28,51,39,4.6556209615592845,5,COMPLETE
899,207644.92270569588,2025-09-03 15:04:31.225429,2025-09-03 15:05:27.022954,0 days 00:00:55.797525,9,13,6,25,28,67,38,4.649737545863968,5,COMPLETE
900,226701.81060344927,2025-09-03 15:04:42.299753,2025-09-03 15:05:38.716862,0 days 00:00:56.417109,6,13,7,25,28,67,34,4.6274339313059905,6,COMPLETE
901,293450.75022259407,2025-09-03 15:05:04.016969,2025-09-03 15:05:58.149925,0 days 00:00:54.132956,6,13,7,25,17,67,34,4.653502266997615,5,COMPLETE
902,124993.38356762835,2025-09-03 15:05:08.335387,2025-09-03 15:06:05.734302,0 days 00:00:57.398915,14,13,7,25,28,67,35,4.223919225255126,6,COMPLETE
903,170011.14797737033,2025-09-03 15:05:27.052558,2025-09-03 15:06:25.370257,0 days 00:00:58.317699,6,12,7,43,29,67,34,4.284164608471754,6,COMPLETE
904,85668.28028862023,2025-09-03 15:05:38.723428,2025-09-03 15:06:34.727731,0 days 00:00:56.004303,14,12,7,26,29,68,44,4.424950725946989,6,COMPLETE
905,86323.97841007663,2025-09-03 15:05:58.166862,2025-09-03 15:06:52.275218,0 days 00:00:54.108356,14,12,7,28,29,68,44,4.413247154793447,6,COMPLETE
906,164560.25957209445,2025-09-03 15:06:05.779435,2025-09-03 15:07:00.644439,0 days 00:00:54.865004,13,12,6,26,29,68,34,4.436671919384,6,COMPLETE
907,160872.2332430053,2025-09-03 15:06:25.387350,2025-09-03 15:07:17.915986,0 days 00:00:52.528636,12,12,6,26,29,68,44,4.460050969092418,5,COMPLETE
908,9532.816685814976,2025-09-03 15:06:34.740426,2025-09-03 15:07:29.566302,0 days 00:00:54.825876,12,12,6,40,29,68,164,4.5382620695002895,11,COMPLETE
909,288218.85769402573,2025-09-03 15:06:52.410470,2025-09-03 15:07:48.019290,0 days 00:00:55.608820,12,12,6,26,28,66,30,4.565860938926994,5,COMPLETE
910,63116.48631345029,2025-09-03 15:07:00.720542,2025-09-03 15:07:57.601567,0 days 00:00:56.881025,7,12,6,26,28,66,30,4.537868640479448,13,COMPLETE
911,32701.083350178575,2025-09-03 15:07:17.928078,2025-09-03 15:08:14.513354,0 days 00:00:56.585276,7,12,18,28,28,66,92,4.543284482097794,5,COMPLETE
912,335236.8831291474,2025-09-03 15:07:29.577560,2025-09-03 15:08:25.266878,0 days 00:00:55.689318,7,11,5,28,28,66,34,4.562034902136031,5,COMPLETE
913,278403.09778063354,2025-09-03 15:07:48.109134,2025-09-03 15:08:44.122688,0 days 00:00:56.013554,8,11,5,28,28,66,34,2.840001550047214,5,COMPLETE
914,321983.19451261155,2025-09-03 15:07:57.613748,2025-09-03 15:08:53.658441,0 days 00:00:56.044693,8,11,5,28,28,65,34,4.699324445598165,5,COMPLETE
915,189588.43144178222,2025-09-03 15:08:14.519981,2025-09-03 15:09:09.513801,0 days 00:00:54.993820,10,11,5,25,28,65,34,4.66466636451879,5,COMPLETE
916,1062.7860298489952,2025-09-03 15:08:25.313141,2025-09-03 15:09:19.619267,0 days 00:00:54.306126,10,11,5,25,28,53,38,4.658261923886289,17,COMPLETE
917,195612.8070501488,2025-09-03 15:08:44.165839,2025-09-03 15:09:36.023783,0 days 00:00:51.857944,10,11,6,25,30,64,38,4.679152049701982,5,COMPLETE
918,35136.33354441738,2025-09-03 15:08:53.712977,2025-09-03 15:09:47.226157,0 days 00:00:53.513180,10,11,6,25,30,64,38,1.497117162318352,6,COMPLETE
919,127164.30588156884,2025-09-03 15:09:09.615888,2025-09-03 15:09:59.963588,0 days 00:00:50.347700,10,12,6,36,30,64,38,4.3344963406384815,6,COMPLETE
920,239493.43409217158,2025-09-03 15:09:19.653178,2025-09-03 15:10:16.804735,0 days 00:00:57.151557,9,12,6,25,22,64,30,4.356931890233808,6,COMPLETE
921,365903.02675043023,2025-09-03 15:09:36.050376,2025-09-03 15:10:28.622686,0 days 00:00:52.572310,9,12,6,26,29,65,30,4.462375168462903,6,COMPLETE
922,338926.23543169006,2025-09-03 15:09:47.253280,2025-09-03 15:10:42.059027,0 days 00:00:54.805747,8,12,6,26,29,67,30,4.355702528161276,6,COMPLETE
923,372736.3534711561,2025-09-03 15:09:59.980330,2025-09-03 15:10:52.998282,0 days 00:00:53.017952,6,13,6,26,29,67,30,4.481911426762525,5,COMPLETE
924,372736.3534711561,2025-09-03 15:10:16.816283,2025-09-03 15:11:10.386631,0 days 00:00:53.570348,6,13,6,26,29,67,30,4.480861429789734,5,COMPLETE
925,646.8391585085749,2025-09-03 15:10:28.666125,2025-09-03 15:11:22.064073,0 days 00:00:53.397948,6,13,7,24,28,45,30,4.237873488727213,5,COMPLETE
926,139770.895512006,2025-09-03 15:10:42.146765,2025-09-03 15:11:38.372605,0 days 00:00:56.225840,6,13,7,27,28,67,43,4.586741774785316,5,COMPLETE
927,147084.52575699973,2025-09-03 15:10:53.030382,2025-09-03 15:11:53.718837,0 days 00:01:00.688455,6,17,7,27,28,68,42,4.635960972192234,5,COMPLETE
928,115377.09337623457,2025-09-03 15:11:10.398328,2025-09-03 15:12:06.633423,0 days 00:00:56.235095,8,12,7,27,28,68,42,4.612022109802099,5,COMPLETE
929,165692.03334273337,2025-09-03 15:11:22.064916,2025-09-03 15:12:16.436140,0 days 00:00:54.371224,8,12,6,27,28,68,41,4.545638482503062,5,COMPLETE
930,328859.7797066518,2025-09-03 15:11:38.404877,2025-09-03 15:12:34.502079,0 days 00:00:56.097202,8,12,6,24,28,68,34,4.66328668687386,5,COMPLETE
931,347429.32169851445,2025-09-03 15:11:53.772639,2025-09-03 15:12:49.289397,0 days 00:00:55.516758,8,12,6,24,29,65,34,4.7065656283316155,5,COMPLETE
932,224905.13719589976,2025-09-03 15:12:06.715881,2025-09-03 15:13:01.754935,0 days 00:00:55.039054,11,12,6,25,20,65,34,4.715130502212802,6,COMPLETE
933,220189.20964961016,2025-09-03 15:12:16.452783,2025-09-03 15:13:12.564674,0 days 00:00:56.111891,11,12,6,25,18,65,34,4.706412875786935,6,COMPLETE
934,220974.99777425398,2025-09-03 15:12:34.513767,2025-09-03 15:13:27.521676,0 days 00:00:53.007909,11,11,5,25,29,66,34,4.71516955313932,6,COMPLETE
935,187927.87078625275,2025-09-03 15:12:49.439195,2025-09-03 15:13:43.437943,0 days 00:00:53.998748,11,11,5,25,29,66,37,4.700106844595243,6,COMPLETE
936,187743.50854075275,2025-09-03 15:13:01.758297,2025-09-03 15:13:55.533866,0 days 00:00:53.775569,11,11,5,26,29,66,37,4.418216968891069,6,COMPLETE
937,171636.1715836925,2025-09-03 15:13:12.581872,2025-09-03 15:14:06.294320,0 days 00:00:53.712448,10,11,5,24,29,66,38,4.393057409666321,5,COMPLETE
938,180570.3230498976,2025-09-03 15:13:27.572813,2025-09-03 15:14:17.216552,0 days 00:00:49.643739,9,11,6,26,28,66,38,4.536705608277587,5,COMPLETE
939,104627.24608202491,2025-09-03 15:13:43.450183,2025-09-03 15:14:34.788273,0 days 00:00:51.338090,9,11,6,24,28,67,37,2.308704902299239,5,COMPLETE
940,-inf,2025-09-03 15:13:55.540535,2025-09-03 15:14:03.954152,0 days 00:00:08.413617,75,12,6,24,28,67,30,4.534525902923612,5,COMPLETE
941,159871.12874430435,2025-09-03 15:14:03.981510,2025-09-03 15:14:58.445302,0 days 00:00:54.463792,9,12,6,24,27,67,38,4.275530595334883,5,COMPLETE
942,381443.71608035394,2025-09-03 15:14:06.301821,2025-09-03 15:15:00.359638,0 days 00:00:54.057817,7,12,6,26,27,67,34,4.574472968362856,5,COMPLETE
943,578622.4015858202,2025-09-03 15:14:17.238795,2025-09-03 15:15:14.997990,0 days 00:00:57.759195,7,12,6,26,27,67,30,4.609155357050811,5,COMPLETE
944,266513.38794374163,2025-09-03 15:14:34.948978,2025-09-03 15:15:29.856938,0 days 00:00:54.907960,16,12,7,26,27,65,30,4.287852643630281,5,COMPLETE
945,1406.9736779830728,2025-09-03 15:14:58.501196,2025-09-03 15:15:51.382449,0 days 00:00:52.881253,7,12,7,29,27,65,226,4.59007568683738,5,COMPLETE
946,-inf,2025-09-03 15:15:00.390961,2025-09-03 15:15:52.745005,0 days 00:00:52.354044,13,12,7,27,15,34,30,0.7888809220828745,6,COMPLETE
947,276092.88199065137,2025-09-03 15:15:15.119283,2025-09-03 15:16:11.562957,0 days 00:00:56.443674,5,13,7,27,27,65,30,4.4345856447668215,6,COMPLETE
948,165812.4574125973,2025-09-03 15:15:29.889637,2025-09-03 15:16:23.852778,0 days 00:00:53.963141,5,13,7,27,27,64,34,4.488896800314001,6,COMPLETE
949,209472.69039932065,2025-09-03 15:15:51.399485,2025-09-03 15:16:43.913488,0 days 00:00:52.514003,5,13,6,27,16,64,30,4.456122963202353,6,COMPLETE
950,189724.6151459273,2025-09-03 15:15:52.751615,2025-09-03 15:16:44.667087,0 days 00:00:51.915472,5,13,6,26,27,64,34,4.472210814478566,6,COMPLETE
951,180594.36672904075,2025-09-03 15:16:11.646209,2025-09-03 15:17:08.258969,0 days 00:00:56.612760,5,13,6,27,27,66,34,4.496608901385944,6,COMPLETE
952,161730.69311393454,2025-09-03 15:16:23.859465,2025-09-03 15:17:18.636166,0 days 00:00:54.776701,7,12,6,26,27,66,42,4.595937614700178,5,COMPLETE
953,194291.26636604103,2025-09-03 15:16:43.925570,2025-09-03 15:17:35.854084,0 days 00:00:51.928514,7,12,6,26,30,66,45,4.615591919498251,5,COMPLETE
954,175152.72757159983,2025-09-03 15:16:44.700001,2025-09-03 15:17:39.470761,0 days 00:00:54.770760,7,12,6,26,30,66,43,4.595549237338441,5,COMPLETE
955,176791.2647617222,2025-09-03 15:17:08.265469,2025-09-03 15:18:01.153285,0 days 00:00:52.887816,7,12,6,26,28,66,46,4.582853578306012,5,COMPLETE
956,-inf,2025-09-03 15:17:18.647858,2025-09-03 15:18:10.940382,0 days 00:00:52.292524,7,12,6,26,30,42,45,4.633149491732717,5,COMPLETE
957,206113.72288498888,2025-09-03 15:17:35.925282,2025-09-03 15:18:32.288934,0 days 00:00:56.363652,7,12,5,28,28,65,38,4.346123009735259,5,COMPLETE
958,200367.22302599988,2025-09-03 15:17:39.472331,2025-09-03 15:18:33.489734,0 days 00:00:54.017403,8,12,5,25,28,65,38,4.347420345240468,5,COMPLETE
959,177560.5020295218,2025-09-03 15:18:01.165226,2025-09-03 15:18:55.108311,0 days 00:00:53.943085,8,12,5,25,28,65,37,4.365220444052211,5,COMPLETE
960,164378.50723423544,2025-09-03 15:18:10.952023,2025-09-03 15:19:06.356744,0 days 00:00:55.404721,9,12,5,25,28,65,37,4.364140306736178,5,COMPLETE
961,236754.74605225437,2025-09-03 15:18:32.331833,2025-09-03 15:19:26.500998,0 days 00:00:54.169165,9,12,5,25,29,67,34,4.399914483411353,6,COMPLETE
962,215774.72779579597,2025-09-03 15:18:33.496441,2025-09-03 15:19:26.961396,0 days 00:00:53.464955,9,12,6,25,29,67,34,4.177784027527301,6,COMPLETE
963,233081.0697204626,2025-09-03 15:18:55.114744,2025-09-03 15:19:43.984516,0 days 00:00:48.869772,9,8,6,28,29,67,34,4.698194847004711,6,COMPLETE
964,16359.408646452297,2025-09-03 15:19:06.479716,2025-09-03 15:19:57.672359,0 days 00:00:51.192643,6,13,7,27,29,67,30,4.6960204577378075,27,COMPLETE
965,-inf,2025-09-03 15:19:26.507485,2025-09-03 15:19:33.250223,0 days 00:00:06.742738,32,12,7,28,29,67,30,4.71445643488567,6,COMPLETE
966,223002.40316961712,2025-09-03 15:19:26.994450,2025-09-03 15:20:22.003624,0 days 00:00:55.009174,6,13,7,28,29,67,34,4.699121366517992,6,COMPLETE
967,455014.6302834462,2025-09-03 15:19:33.268506,2025-09-03 15:20:29.493994,0 days 00:00:56.225488,6,8,6,27,28,68,30,4.521223092203037,5,COMPLETE
968,36145.29336023047,2025-09-03 15:19:43.991118,2025-09-03 15:20:36.316833,0 days 00:00:52.325715,6,13,7,27,6,68,30,4.519811013118028,5,COMPLETE
969,326639.62692597555,2025-09-03 15:19:57.705051,2025-09-03 15:20:47.802187,0 days 00:00:50.097136,12,12,6,27,27,68,40,4.520389182756883,5,COMPLETE
970,-inf,2025-09-03 15:20:22.046149,2025-09-03 15:20:30.099330,0 days 00:00:08.053181,51,12,6,27,27,68,40,4.564510663388317,5,COMPLETE
971,241411.61537181833,2025-09-03 15:20:29.521049,2025-09-03 15:21:26.534457,0 days 00:00:57.013408,6,12,6,27,27,68,41,4.538815190637817,5,COMPLETE
972,252725.9421652164,2025-09-03 15:20:30.116955,2025-09-03 15:21:26.782144,0 days 00:00:56.665189,5,7,6,42,28,68,34,4.526624546291703,5,COMPLETE
973,219664.2517119752,2025-09-03 15:20:36.317962,2025-09-03 15:21:32.202268,0 days 00:00:55.884306,5,8,19,28,22,68,40,4.522020224299815,5,COMPLETE
974,320676.2660752034,2025-09-03 15:20:47.845246,2025-09-03 15:21:44.995700,0 days 00:00:57.150454,5,12,6,29,28,68,34,4.6385175321208205,5,COMPLETE
975,197852.81068524558,2025-09-03 15:21:26.556977,2025-09-03 15:22:17.770949,0 days 00:00:51.213972,6,9,6,30,28,68,35,4.646864650207489,6,COMPLETE
976,227642.54317397898,2025-09-03 15:21:26.788949,2025-09-03 15:22:17.371222,0 days 00:00:50.582273,5,6,6,26,28,68,34,4.668994404203644,6,COMPLETE
977,-inf,2025-09-03 15:21:32.203238,2025-09-03 15:21:36.857129,0 days 00:00:04.653891,36,17,6,26,28,68,34,4.642056331439102,6,COMPLETE
978,-inf,2025-09-03 15:21:36.873875,2025-09-03 15:22:28.496295,0 days 00:00:51.622420,7,7,6,29,28,31,34,4.637905739114805,6,COMPLETE
979,285410.9315243312,2025-09-03 15:21:45.002101,2025-09-03 15:22:37.612646,0 days 00:00:52.610545,7,11,6,29,28,67,34,4.745398535083467,6,COMPLETE
980,631444.5287028764,2025-09-03 15:22:17.424520,2025-09-03 15:23:15.182179,0 days 00:00:57.757659,7,8,7,29,27,67,30,4.732907476891188,5,COMPLETE
981,554651.4891284489,2025-09-03 15:22:17.793639,2025-09-03 15:23:16.646317,0 days 00:00:58.852678,7,5,7,25,27,67,30,4.764268679331879,5,COMPLETE
982,197814.04771242122,2025-09-03 15:22:28.543933,2025-09-03 15:23:24.198353,0 days 00:00:55.654420,7,11,7,25,20,67,38,4.757093359727151,5,COMPLETE
983,280353.269196312,2025-09-03 15:22:37.666564,2025-09-03 15:23:30.859105,0 days 00:00:53.192541,8,13,7,24,27,66,30,3.378420867854791,5,COMPLETE
984,584314.8522525678,2025-09-03 15:23:15.288253,2025-09-03 15:24:12.881888,0 days 00:00:57.593635,7,8,7,30,27,67,30,4.761582859087388,5,COMPLETE
985,813541.2637574624,2025-09-03 15:23:16.682531,2025-09-03 15:24:12.171478,0 days 00:00:55.488947,5,8,7,24,27,68,30,4.764348128220153,5,COMPLETE
986,961871.8955781888,2025-09-03 15:23:24.210358,2025-09-03 15:24:19.511667,0 days 00:00:55.301309,5,6,7,24,27,68,30,4.765244348298665,5,COMPLETE
987,582323.2407012576,2025-09-03 15:23:30.887389,2025-09-03 15:24:23.292737,0 days 00:00:52.405348,5,7,7,29,27,68,30,4.764647773313413,6,COMPLETE
988,198783.916948241,2025-09-03 15:24:12.178371,2025-09-03 15:25:07.834102,0 days 00:00:55.655731,6,8,7,30,27,68,38,4.766219645767393,6,COMPLETE
989,99158.3787089034,2025-09-03 15:24:12.912996,2025-09-03 15:25:07.537577,0 days 00:00:54.624581,5,8,7,30,27,68,73,4.7558847978176315,6,COMPLETE
990,201311.32127341247,2025-09-03 15:24:19.512722,2025-09-03 15:25:13.396827,0 days 00:00:53.884105,5,8,7,32,27,68,38,4.76186172243261,6,COMPLETE
991,145184.40694830866,2025-09-03 15:24:23.369442,2025-09-03 15:25:17.667877,0 days 00:00:54.298435,5,8,7,24,27,68,38,4.741458486210582,7,COMPLETE
992,130374.5580782507,2025-09-03 15:25:07.544195,2025-09-03 15:26:03.900920,0 days 00:00:56.356725,5,6,7,31,27,68,38,4.755230335037059,7,COMPLETE
993,322119.638438353,2025-09-03 15:25:07.861818,2025-09-03 15:26:03.551721,0 days 00:00:55.689903,5,8,7,32,27,68,42,4.784480945782265,5,COMPLETE
994,123911.62986058494,2025-09-03 15:25:13.408549,2025-09-03 15:26:10.201986,0 days 00:00:56.793437,5,6,7,31,27,68,42,4.768800760886459,7,COMPLETE
995,23406.13338757964,2025-09-03 15:25:17.717723,2025-09-03 15:26:10.709779,0 days 00:00:52.992056,5,6,7,31,27,68,117,4.750388773330684,5,COMPLETE
996,383367.5731304878,2025-09-03 15:26:03.558481,2025-09-03 15:26:57.130609,0 days 00:00:53.572128,5,5,7,30,27,68,34,4.748159590661147,5,COMPLETE
997,262087.3452239766,2025-09-03 15:26:03.912898,2025-09-03 15:26:59.406049,0 days 00:00:55.493151,5,7,7,30,27,68,34,4.75816411563512,5,COMPLETE
998,392147.3200456194,2025-09-03 15:26:10.203312,2025-09-03 15:27:03.604614,0 days 00:00:53.401302,5,5,7,30,27,68,34,4.72558164087131,5,COMPLETE
999,277781.23032307613,2025-09-03 15:26:10.715979,2025-09-03 15:27:04.341646,0 days 00:00:53.625667,5,7,7,30,26,68,34,4.670389560595245,5,COMPLETE
