number,value,datetime_start,datetime_complete,duration,params_rsi_oversold,params_rsi_period,params_stoch_d_period,params_stoch_k_period,params_stoch_overbought,params_stoch_oversold,params_stoch_smooth_period,state
0,2424.049466031356,2025-07-01 16:03:12.375907,2025-07-01 16:04:32.454278,0 days 00:01:20.078371,7,17,3,7,62,16,2,COMPLETE
1,2781.1687155513127,2025-07-01 16:03:12.378321,2025-07-01 16:04:29.281223,0 days 00:01:16.902902,7,25,4,10,63,27,5,COMPLETE
2,3351.831146040302,2025-07-01 16:03:12.380174,2025-07-01 16:04:32.597539,0 days 00:01:20.217365,9,24,7,9,67,28,4,COMPLETE
3,2187.46157230869,2025-07-01 16:03:12.383955,2025-07-01 16:04:30.774738,0 days 00:01:18.390783,6,30,3,8,61,29,4,COMPLETE
4,8817.186097762476,2025-07-01 16:03:12.390566,2025-07-01 16:04:29.769969,0 days 00:01:17.379403,7,25,6,10,78,12,1,COMPLETE
5,8297.701950642902,2025-07-01 16:03:12.392844,2025-07-01 16:04:31.554736,0 days 00:01:19.161892,6,22,6,15,72,12,4,COMPLETE
6,3905.77851247981,2025-07-01 16:03:12.395131,2025-07-01 16:04:34.567304,0 days 00:01:22.172173,1,24,5,19,77,31,1,COMPLETE
7,1769.098670701047,2025-07-01 16:03:12.398717,2025-07-01 16:04:30.844225,0 days 00:01:18.445508,28,13,2,13,87,23,2,COMPLETE
8,12545.376044923363,2025-07-01 16:03:12.407480,2025-07-01 16:04:30.730467,0 days 00:01:18.322987,12,15,10,7,81,26,1,COMPLETE
9,8858.762028613311,2025-07-01 16:03:12.412954,2025-07-01 16:04:32.641451,0 days 00:01:20.228497,2,16,3,20,84,11,1,COMPLETE
10,2685.3261881663675,2025-07-01 16:03:12.416926,2025-07-01 16:04:31.565211,0 days 00:01:19.148285,28,23,5,5,74,14,2,COMPLETE
11,-3138.0648271118534,2025-07-01 16:03:12.433716,2025-07-01 16:04:41.734737,0 days 00:01:29.301021,25,18,2,6,65,40,1,COMPLETE
12,6681.949698072431,2025-07-01 16:03:12.438637,2025-07-01 16:04:47.680869,0 days 00:01:35.242232,20,29,8,6,85,13,3,COMPLETE
13,5779.35660094719,2025-07-01 16:03:12.445267,2025-07-01 16:04:57.907933,0 days 00:01:45.462666,10,6,6,16,80,11,4,COMPLETE
14,3276.6503985537965,2025-07-01 16:03:12.447412,2025-07-01 16:04:59.869716,0 days 00:01:47.422304,26,20,7,5,70,36,5,COMPLETE
15,5922.053362845592,2025-07-01 16:03:12.449924,2025-07-01 16:05:01.484513,0 days 00:01:49.034589,16,8,7,14,77,17,1,COMPLETE
16,5129.42703076762,2025-07-01 16:03:12.457737,2025-07-01 16:05:24.920596,0 days 00:02:12.462859,21,26,6,17,65,35,2,COMPLETE
17,7152.955166753216,2025-07-01 16:03:12.459916,2025-07-01 16:05:30.972782,0 days 00:02:18.512866,21,9,2,20,90,25,4,COMPLETE
18,4910.0735342579055,2025-07-01 16:03:12.465154,2025-07-01 16:05:42.526932,0 days 00:02:30.061778,13,21,8,7,84,34,2,COMPLETE
19,2189.2666951421234,2025-07-01 16:03:12.468731,2025-07-01 16:06:17.544616,0 days 00:03:05.075885,12,19,9,13,62,34,1,COMPLETE
20,4054.8279068504944,2025-07-01 16:03:12.471278,2025-07-01 16:06:17.402415,0 days 00:03:04.931137,8,13,2,15,65,15,5,COMPLETE
21,5289.590120289023,2025-07-01 16:03:12.472221,2025-07-01 16:06:35.937699,0 days 00:03:23.465478,4,21,10,9,67,23,5,COMPLETE
22,2089.5361093626616,2025-07-01 16:03:12.475664,2025-07-01 16:06:31.965179,0 days 00:03:19.489515,13,26,2,13,61,16,4,COMPLETE
23,-3319.7474985779463,2025-07-01 16:03:12.499799,2025-07-01 16:07:01.398318,0 days 00:03:48.898519,8,28,2,8,71,38,4,COMPLETE
24,3952.583898990275,2025-07-01 16:03:12.502590,2025-07-01 16:07:09.168377,0 days 00:03:56.665787,26,10,2,17,69,25,4,COMPLETE
25,3818.7531407863717,2025-07-01 16:03:12.563148,2025-07-01 16:07:09.249208,0 days 00:03:56.686060,17,7,7,8,81,29,1,COMPLETE
26,3548.123403390853,2025-07-01 16:03:12.581673,2025-07-01 16:07:16.217926,0 days 00:04:03.636253,6,15,3,15,85,28,2,COMPLETE
27,5979.525004038891,2025-07-01 16:03:12.585766,2025-07-01 16:07:26.284485,0 days 00:04:13.698719,23,14,10,19,78,13,3,COMPLETE
28,13469.662763301227,2025-07-01 16:03:12.700260,2025-07-01 16:07:24.616813,0 days 00:04:11.916553,10,28,10,7,84,24,1,COMPLETE
29,3891.274064917103,2025-07-01 16:03:12.728377,2025-07-01 16:07:52.030796,0 days 00:04:39.302419,6,7,6,17,60,33,4,COMPLETE
30,5979.758509092913,2025-07-01 16:03:12.772183,2025-07-01 16:08:12.048185,0 days 00:04:59.276002,18,16,5,17,71,17,3,COMPLETE
31,6635.16034955699,2025-07-01 16:03:12.782285,2025-07-01 16:08:30.009687,0 days 00:05:17.227402,9,8,6,12,70,10,3,COMPLETE
32,1392.785050401173,2025-07-01 16:03:12.832557,2025-07-01 16:09:09.033147,0 days 00:05:56.200590,7,29,3,7,77,39,5,COMPLETE
33,168233.91838823803,2025-07-01 16:03:12.854067,2025-07-01 16:09:00.932228,0 days 00:05:48.078161,4,7,10,6,86,23,3,COMPLETE
34,-4056.349933908794,2025-07-01 16:03:12.868985,2025-07-01 16:09:15.758165,0 days 00:06:02.889180,25,30,7,7,90,22,1,COMPLETE
35,5576.230559170866,2025-07-01 16:03:12.889799,2025-07-01 16:09:54.355214,0 days 00:06:41.465415,17,6,9,15,76,20,3,COMPLETE
36,8834.090412312793,2025-07-01 16:03:12.895507,2025-07-01 16:10:11.654273,0 days 00:06:58.758766,3,6,3,9,78,12,5,COMPLETE
37,3411.64623615888,2025-07-01 16:03:12.897866,2025-07-01 16:10:10.494216,0 days 00:06:57.596350,23,21,7,6,70,36,5,COMPLETE
38,3693.5721583842205,2025-07-01 16:03:12.901351,2025-07-01 16:10:23.247401,0 days 00:07:10.346050,6,17,6,9,76,30,2,COMPLETE
39,6304.202084273186,2025-07-01 16:03:12.906333,2025-07-01 16:10:25.609374,0 days 00:07:12.703041,22,27,3,16,66,19,5,COMPLETE
40,6434.700317485421,2025-07-01 16:03:12.911846,2025-07-01 16:10:27.991897,0 days 00:07:15.080051,9,18,6,8,72,13,5,COMPLETE
41,10249.258803175457,2025-07-01 16:03:12.918580,2025-07-01 16:10:36.951912,0 days 00:07:24.033332,1,5,10,6,81,30,2,COMPLETE
42,3848.0747821409077,2025-07-01 16:03:12.921799,2025-07-01 16:10:43.712164,0 days 00:07:30.790365,17,19,4,6,71,25,5,COMPLETE
43,3906.9285486261288,2025-07-01 16:03:12.925780,2025-07-01 16:10:39.604214,0 days 00:07:26.678434,22,15,7,12,67,34,5,COMPLETE
44,3581.9388558833007,2025-07-01 16:03:12.930271,2025-07-01 16:12:29.887069,0 days 00:09:16.956798,16,22,4,15,62,34,3,COMPLETE
45,3202.3096225722784,2025-07-01 16:03:12.944339,2025-07-01 16:12:26.179247,0 days 00:09:13.234908,3,24,2,21,87,29,2,COMPLETE
46,6185.940938257734,2025-07-01 16:03:12.950136,2025-07-01 16:12:26.769775,0 days 00:09:13.819639,14,13,2,17,72,11,5,COMPLETE
47,6158.904286964296,2025-07-01 16:03:12.956063,2025-07-01 16:11:47.112249,0 days 00:08:34.156186,17,13,6,10,84,12,3,COMPLETE
48,10348.193333954468,2025-07-01 16:03:12.961155,2025-07-01 16:12:31.511728,0 days 00:09:18.550573,3,30,10,18,69,10,2,COMPLETE
49,3921.645267873535,2025-07-01 16:03:12.964407,2025-07-01 16:12:57.144429,0 days 00:09:44.180022,16,11,6,15,68,37,1,COMPLETE
50,5433.569406144821,2025-07-01 16:03:12.972700,2025-07-01 16:12:56.437628,0 days 00:09:43.464928,30,13,2,20,70,30,5,COMPLETE
51,0.0,2025-07-01 16:03:12.980216,2025-07-01 16:25:44.802332,0 days 00:22:31.822116,29,27,9,7,90,18,5,COMPLETE
52,6382.763038132104,2025-07-01 16:03:12.985392,2025-07-01 16:23:11.601407,0 days 00:19:58.616015,14,22,10,12,76,12,5,COMPLETE
53,13651.893891762054,2025-07-01 16:03:12.988347,2025-07-01 16:23:22.937279,0 days 00:20:09.948932,11,23,8,16,61,11,1,COMPLETE
54,3615.7735830589536,2025-07-01 16:03:12.998407,2025-07-01 16:22:19.142601,0 days 00:19:06.144194,18,28,2,19,86,29,5,COMPLETE
55,6312.464879990261,2025-07-01 16:03:13.002658,2025-07-01 16:25:47.713314,0 days 00:22:34.710656,6,16,5,18,64,17,4,COMPLETE
56,5827.751884279274,2025-07-01 16:03:13.008478,2025-07-01 16:25:45.948242,0 days 00:22:32.939764,16,26,6,11,78,18,2,COMPLETE
57,5843.289760520105,2025-07-01 16:03:13.010959,2025-07-01 16:24:47.658702,0 days 00:21:34.647743,6,6,4,19,77,11,5,COMPLETE
58,3025.1498949930137,2025-07-01 16:03:13.015545,2025-07-01 16:28:44.653366,0 days 00:25:31.637821,1,6,3,13,68,32,4,COMPLETE
59,5419.140810612271,2025-07-01 16:03:13.016699,2025-07-01 16:26:55.404944,0 days 00:23:42.388245,8,20,8,16,61,28,3,COMPLETE
60,3849.4008265590783,2025-07-01 16:03:13.022037,2025-07-01 16:21:53.636705,0 days 00:18:40.614668,30,8,6,9,77,11,1,COMPLETE
61,3564.9580052433557,2025-07-01 16:03:13.027638,2025-07-01 16:24:28.158563,0 days 00:21:15.130925,6,28,7,13,83,36,2,COMPLETE
62,4152.624378178887,2025-07-01 16:03:13.036887,2025-07-01 16:25:35.308112,0 days 00:22:22.271225,28,7,9,9,67,20,2,COMPLETE
63,4522.607206373953,2025-07-01 16:03:13.043927,2025-07-01 16:25:18.058311,0 days 00:22:05.014384,10,22,7,16,68,36,1,COMPLETE
64,5076.11912638861,2025-07-01 16:03:13.047804,2025-07-01 16:24:37.292670,0 days 00:21:24.244866,8,10,3,15,87,14,1,COMPLETE
65,3407.1921070274766,2025-07-01 16:03:13.058026,2025-07-01 16:25:55.405612,0 days 00:22:42.347586,28,20,4,18,77,24,2,COMPLETE
66,8366.917165499002,2025-07-01 16:03:13.068041,2025-07-01 16:27:24.492927,0 days 00:24:11.424886,1,22,5,8,77,19,4,COMPLETE
67,5034.670099233555,2025-07-01 16:03:13.116734,2025-07-01 16:28:41.922437,0 days 00:25:28.805703,11,26,5,16,60,15,2,COMPLETE
68,4528.442593566888,2025-07-01 16:03:13.379155,2025-07-01 16:26:33.636346,0 days 00:23:20.257191,30,27,6,18,77,25,1,COMPLETE
69,4101.25281792281,2025-07-01 16:03:13.800011,2025-07-01 16:23:32.647684,0 days 00:20:18.847673,2,16,3,8,71,24,5,COMPLETE
70,4205.022095961453,2025-07-01 16:03:14.173600,2025-07-01 16:25:44.153442,0 days 00:22:29.979842,10,30,3,14,69,24,2,COMPLETE
71,6110.874515646345,2025-07-01 16:03:14.523942,2025-07-01 16:25:27.344590,0 days 00:22:12.820648,30,6,10,10,78,13,1,COMPLETE
72,4234.823268634467,2025-07-01 16:03:14.549841,2025-07-01 16:29:12.521646,0 days 00:25:57.971805,22,27,10,14,64,11,3,COMPLETE
73,6129.794516817854,2025-07-01 16:03:14.622190,2025-07-01 16:32:30.651892,0 days 00:29:16.029702,12,8,6,19,68,14,4,COMPLETE
74,-859.8886329963207,2025-07-01 16:03:14.822983,2025-07-01 16:29:06.893609,0 days 00:25:52.070626,17,28,2,9,64,34,4,COMPLETE
75,4319.219931526521,2025-07-01 16:03:14.859456,2025-07-01 16:32:24.112804,0 days 00:29:09.253348,3,25,7,9,67,25,4,COMPLETE
76,2474.7452342633405,2025-07-01 16:03:14.905789,2025-07-01 16:31:34.301728,0 days 00:28:19.395939,4,5,4,12,61,35,5,COMPLETE
77,4054.920620999753,2025-07-01 16:03:15.144545,2025-07-01 16:27:36.260062,0 days 00:24:21.115517,12,13,9,9,72,13,1,COMPLETE
78,4786.028043069484,2025-07-01 16:03:15.572204,2025-07-01 16:28:20.941347,0 days 00:25:05.369143,18,25,7,21,81,36,2,COMPLETE
79,2436.5994804935726,2025-07-01 16:03:15.676335,2025-07-01 16:30:14.288269,0 days 00:26:58.611934,21,14,7,5,62,27,3,COMPLETE
80,4782.672429556634,2025-07-01 16:03:15.910538,2025-07-01 16:32:27.204242,0 days 00:29:11.293704,6,9,5,20,77,33,5,COMPLETE
81,4645.39200186276,2025-07-01 16:03:16.209437,2025-07-01 16:32:58.117101,0 days 00:29:41.907664,21,17,10,17,73,29,5,COMPLETE
82,3335.89177742265,2025-07-01 16:03:16.586433,2025-07-01 16:32:58.663555,0 days 00:29:42.077122,23,12,6,6,66,28,3,COMPLETE
83,5870.177954941958,2025-07-01 16:03:16.936391,2025-07-01 16:34:39.852256,0 days 00:31:22.915865,2,15,4,6,74,16,2,COMPLETE
84,3849.0894000459266,2025-07-01 16:03:17.102725,2025-07-01 16:33:28.535964,0 days 00:30:11.433239,1,22,5,15,61,21,5,COMPLETE
85,5473.019990861013,2025-07-01 16:03:17.622639,2025-07-01 16:37:51.095500,0 days 00:34:33.472861,6,11,8,18,69,24,2,COMPLETE
86,4130.28310888681,2025-07-01 16:03:17.760655,2025-07-01 16:35:28.459093,0 days 00:32:10.698438,15,5,6,14,78,17,1,COMPLETE
87,4953.47952785717,2025-07-01 16:03:18.081020,2025-07-01 16:36:03.040969,0 days 00:32:44.959949,16,7,8,15,65,19,5,COMPLETE
88,1861.5999752894095,2025-07-01 16:03:18.496696,2025-07-01 16:35:59.680138,0 days 00:32:41.183442,30,13,5,9,60,11,5,COMPLETE
89,6533.986722606689,2025-07-01 16:03:18.757197,2025-07-01 16:37:14.733544,0 days 00:33:55.976347,1,18,7,10,89,15,3,COMPLETE
90,5964.086494607374,2025-07-01 16:03:19.035060,2025-07-01 16:38:01.077929,0 days 00:34:42.042869,30,23,7,6,83,19,4,COMPLETE
91,13530.85122989925,2025-07-01 16:03:19.179983,2025-07-01 16:37:37.103080,0 days 00:34:17.923097,29,7,10,21,85,31,1,COMPLETE
92,3436.8999081651345,2025-07-01 16:03:19.438001,2025-07-01 16:38:34.439773,0 days 00:35:15.001772,17,14,7,12,83,20,4,COMPLETE
93,5715.322395204481,2025-07-01 16:03:19.526476,2025-07-01 16:41:00.285563,0 days 00:37:40.759087,21,6,9,11,80,10,2,COMPLETE
94,2762.9606984811144,2025-07-01 16:03:19.569930,2025-07-01 16:36:54.284778,0 days 00:33:34.714848,26,20,9,10,68,31,4,COMPLETE
95,6731.414814009976,2025-07-01 16:03:19.767588,2025-07-01 16:39:04.036169,0 days 00:35:44.268581,23,6,8,18,86,18,2,COMPLETE
96,7502.250624339082,2025-07-01 16:03:20.143302,2025-07-01 16:37:24.051002,0 days 00:34:03.907700,24,21,7,13,86,11,5,COMPLETE
97,4308.077377894145,2025-07-01 16:03:20.517703,2025-07-01 16:39:37.321470,0 days 00:36:16.803767,14,17,9,13,75,19,2,COMPLETE
98,2252.315415116147,2025-07-01 16:03:20.913423,2025-07-01 16:38:43.552987,0 days 00:35:22.639564,24,11,2,10,67,22,1,COMPLETE
99,3566.345184593106,2025-07-01 16:03:21.115456,2025-07-01 16:42:05.422874,0 days 00:38:44.307418,19,21,8,8,68,25,2,COMPLETE
100,3425.7850698655466,2025-07-01 16:03:21.156630,2025-07-01 16:41:56.746184,0 days 00:38:35.589554,10,17,4,13,64,31,2,COMPLETE
101,8301.419070615208,2025-07-01 16:03:21.317783,2025-07-01 16:40:23.378306,0 days 00:37:02.060523,3,20,6,16,90,36,2,COMPLETE
102,-3032.224468370552,2025-07-01 16:03:21.461619,2025-07-01 16:41:42.718735,0 days 00:38:21.257116,12,13,10,7,88,22,1,COMPLETE
103,5135.953439115788,2025-07-01 16:03:21.734708,2025-07-01 16:41:27.351099,0 days 00:38:05.616391,0,19,5,12,63,15,3,COMPLETE
104,4056.5141135483727,2025-07-01 16:03:21.914906,2025-07-01 16:41:16.688695,0 days 00:37:54.773789,4,23,7,15,82,38,2,COMPLETE
105,5711.545006397717,2025-07-01 16:03:22.081963,2025-07-01 16:39:57.664777,0 days 00:36:35.582814,3,16,7,17,75,27,3,COMPLETE
106,1294.6335409886196,2025-07-01 16:03:22.281794,2025-07-01 16:39:48.507804,0 days 00:36:26.226010,1,21,5,7,73,27,1,COMPLETE
107,4565.003231732084,2025-07-01 16:03:22.587776,2025-07-01 16:40:05.656286,0 days 00:36:43.068510,7,18,5,18,65,38,4,COMPLETE
108,3325.7392368461624,2025-07-01 16:03:23.326089,2025-07-01 16:44:53.921732,0 days 00:41:30.595643,3,26,2,17,65,24,2,COMPLETE
109,2746.294255292496,2025-07-01 16:03:23.378269,2025-07-01 16:41:54.682452,0 days 00:38:31.304183,12,20,3,10,73,37,5,COMPLETE
110,4283.890057216393,2025-07-01 16:03:23.718616,2025-07-01 16:45:32.117645,0 days 00:42:08.399029,24,30,7,8,75,14,3,COMPLETE
111,5552.20729349754,2025-07-01 16:03:23.862776,2025-07-01 16:41:18.452640,0 days 00:37:54.589864,19,19,4,17,85,38,5,COMPLETE
112,3153.5821124743143,2025-07-01 16:03:23.989549,2025-07-01 16:42:16.108821,0 days 00:38:52.119272,2,10,3,11,80,30,3,COMPLETE
113,7237.039616124471,2025-07-01 16:03:24.250912,2025-07-01 16:43:56.509258,0 days 00:40:32.258346,11,28,10,5,77,20,3,COMPLETE
114,2697.6845391226107,2025-07-01 16:03:24.576414,2025-07-01 16:43:06.734965,0 days 00:39:42.158551,14,29,5,7,61,40,5,COMPLETE
115,4060.6226371088887,2025-07-01 16:03:24.908024,2025-07-01 16:43:05.894986,0 days 00:39:40.986962,7,8,8,10,84,12,2,COMPLETE
116,4600.357416175575,2025-07-01 16:03:25.055946,2025-07-01 16:44:46.257352,0 days 00:41:21.201406,11,9,9,13,90,40,5,COMPLETE
117,8384.485536114302,2025-07-01 16:03:25.288204,2025-07-01 16:41:58.664852,0 days 00:38:33.376648,0,9,5,12,69,11,5,COMPLETE
118,3378.356636543861,2025-07-01 16:03:25.521603,2025-07-01 16:43:39.580322,0 days 00:40:14.058719,21,8,10,8,60,11,5,COMPLETE
119,1727.617811850143,2025-07-01 16:03:25.787359,2025-07-01 16:43:32.069135,0 days 00:40:06.281776,11,23,8,18,84,27,4,COMPLETE
120,5349.636708731116,2025-07-01 16:03:26.245618,2025-07-01 16:45:52.760213,0 days 00:42:26.514595,22,6,7,17,65,16,1,COMPLETE
121,4009.65039258831,2025-07-01 16:03:26.445878,2025-07-01 16:44:44.020888,0 days 00:41:17.575010,16,26,7,12,64,31,2,COMPLETE
122,4347.456033455801,2025-07-01 16:03:26.500502,2025-07-01 16:41:46.668193,0 days 00:38:20.167691,3,16,9,16,65,32,4,COMPLETE
123,5211.264733751219,2025-07-01 16:03:26.758732,2025-07-01 16:47:42.705990,0 days 00:44:15.947258,8,28,3,19,77,33,2,COMPLETE
124,4998.065072681757,2025-07-01 16:03:27.042175,2025-07-01 16:44:55.526391,0 days 00:41:28.484216,17,26,10,15,61,31,5,COMPLETE
125,4537.891349742047,2025-07-01 16:03:27.201934,2025-07-01 16:46:33.156652,0 days 00:43:05.954718,4,8,2,19,81,30,3,COMPLETE
126,4529.497127800869,2025-07-01 16:03:27.335346,2025-07-01 16:46:50.376242,0 days 00:43:23.040896,9,12,2,15,83,17,2,COMPLETE
127,2136.1675193490664,2025-07-01 16:03:27.356800,2025-07-01 16:46:10.279464,0 days 00:42:42.922664,2,25,3,19,83,13,5,COMPLETE
128,4899.194482317509,2025-07-01 16:03:27.521794,2025-07-01 16:43:01.239869,0 days 00:39:33.718075,30,18,3,20,84,31,2,COMPLETE
129,8643.869231183198,2025-07-01 16:03:27.664878,2025-07-01 16:47:28.395155,0 days 00:44:00.730277,0,26,9,16,75,13,5,COMPLETE
130,3347.920477780095,2025-07-01 16:03:27.711231,2025-07-01 16:47:14.869801,0 days 00:43:47.158570,14,22,5,11,83,32,3,COMPLETE
131,3533.012621058202,2025-07-01 16:03:28.174008,2025-07-01 16:48:15.992039,0 days 00:44:47.818031,19,28,2,10,71,24,2,COMPLETE
132,3700.9481579931235,2025-07-01 16:03:28.315205,2025-07-01 16:46:48.261631,0 days 00:43:19.946426,6,22,5,17,66,20,5,COMPLETE
133,2444.037480931449,2025-07-01 16:03:28.646728,2025-07-01 16:49:17.542798,0 days 00:45:48.896070,16,8,4,7,75,33,1,COMPLETE
134,2299.356347871544,2025-07-01 16:03:28.703022,2025-07-01 16:46:56.408155,0 days 00:43:27.705133,12,11,8,6,81,25,3,COMPLETE
135,5228.240250955284,2025-07-01 16:03:28.957035,2025-07-01 16:50:01.593871,0 days 00:46:32.636836,30,25,7,20,73,30,2,COMPLETE
136,2530.800109161848,2025-07-01 16:03:29.495408,2025-07-01 16:48:26.987821,0 days 00:44:57.492413,19,7,9,8,72,14,5,COMPLETE
137,5989.328908112195,2025-07-01 16:03:29.630445,2025-07-01 16:48:04.776786,0 days 00:44:35.146341,7,24,8,19,82,39,4,COMPLETE
138,5518.186926462329,2025-07-01 16:03:29.693629,2025-07-01 16:48:19.771665,0 days 00:44:50.078036,23,22,2,21,76,13,1,COMPLETE
139,4694.20204139871,2025-07-01 16:03:29.981068,2025-07-01 16:49:42.069224,0 days 00:46:12.088156,4,17,5,13,74,27,2,COMPLETE
140,12062.50433336126,2025-07-01 16:03:30.043594,2025-07-01 16:45:46.367489,0 days 00:42:16.323895,1,13,5,5,88,13,4,COMPLETE
141,2578.8513093735146,2025-07-01 16:03:30.487860,2025-07-01 16:51:14.309280,0 days 00:47:43.821420,13,28,5,17,81,33,1,COMPLETE
142,2528.3340073660165,2025-07-01 16:03:30.613928,2025-07-01 16:45:55.297940,0 days 00:42:24.684012,17,17,2,9,72,21,2,COMPLETE
143,3820.8752632904707,2025-07-01 16:03:30.781165,2025-07-01 16:47:27.209790,0 days 00:43:56.428625,20,29,9,20,84,21,5,COMPLETE
144,5765.701047096885,2025-07-01 16:03:31.165723,2025-07-01 16:50:15.869265,0 days 00:46:44.703542,9,28,4,11,65,13,5,COMPLETE
145,4547.412976695534,2025-07-01 16:03:31.324231,2025-07-01 16:51:05.405513,0 days 00:47:34.081282,28,24,4,15,74,27,3,COMPLETE
146,4401.028987749444,2025-07-01 16:03:31.464699,2025-07-01 16:50:26.724156,0 days 00:46:55.259457,11,28,7,15,78,23,1,COMPLETE
147,2846.0478503467384,2025-07-01 16:03:32.030887,2025-07-01 16:50:18.506446,0 days 00:46:46.475559,1,20,7,6,77,33,2,COMPLETE
148,6633.600703898555,2025-07-01 16:03:32.103124,2025-07-01 16:48:28.761473,0 days 00:44:56.658349,24,9,9,12,79,35,5,COMPLETE
149,95.55574475476897,2025-07-01 16:03:32.265406,2025-07-01 16:47:41.087460,0 days 00:44:08.822054,22,25,3,13,89,37,4,COMPLETE
150,6773.507000439849,2025-07-01 16:03:32.344228,2025-07-01 16:49:55.110410,0 days 00:46:22.766182,28,6,10,11,78,23,5,COMPLETE
151,3536.6163904657587,2025-07-01 16:03:32.616798,2025-07-01 16:50:40.132753,0 days 00:47:07.515955,25,14,10,9,80,31,5,COMPLETE
152,4842.736400112592,2025-07-01 16:03:32.753942,2025-07-01 16:49:13.863540,0 days 00:45:41.109598,6,6,5,19,68,15,2,COMPLETE
153,5545.654021755552,2025-07-01 16:03:32.881204,2025-07-01 16:49:16.252136,0 days 00:45:43.370932,6,29,6,5,65,13,4,COMPLETE
154,5173.347313160619,2025-07-01 16:03:32.889597,2025-07-01 16:50:13.791008,0 days 00:46:40.901411,14,13,4,17,69,30,3,COMPLETE
155,3291.5671848629117,2025-07-01 16:03:33.054608,2025-07-01 16:50:24.983884,0 days 00:46:51.929276,18,20,5,10,88,19,2,COMPLETE
156,4239.325414094841,2025-07-01 16:03:33.662097,2025-07-01 16:53:11.924542,0 days 00:49:38.262445,6,19,2,14,65,15,5,COMPLETE
157,3543.77384031161,2025-07-01 16:03:33.708232,2025-07-01 16:50:59.727580,0 days 00:47:26.019348,5,16,3,9,60,16,5,COMPLETE
158,1902.9558542354098,2025-07-01 16:03:34.092921,2025-07-01 16:51:38.232072,0 days 00:48:04.139151,17,21,2,6,83,21,1,COMPLETE
159,0.0,2025-07-01 16:03:34.294590,2025-07-01 16:51:49.656247,0 days 00:48:15.361657,0,27,9,7,79,10,5,COMPLETE
160,7748.249217930362,2025-07-01 16:03:34.527806,2025-07-01 16:51:26.610967,0 days 00:47:52.083161,22,21,3,16,64,10,5,COMPLETE
161,15120.453987316016,2025-07-01 16:03:34.645861,2025-07-01 16:50:15.177460,0 days 00:46:40.531599,30,27,6,17,90,24,1,COMPLETE
162,3328.158687236899,2025-07-01 16:03:34.749284,2025-07-01 16:53:02.738332,0 days 00:49:27.989048,7,12,3,15,82,24,4,COMPLETE
163,4289.608888878905,2025-07-01 16:03:34.934459,2025-07-01 16:53:04.700799,0 days 00:49:29.766340,13,7,10,15,73,17,5,COMPLETE
164,-306.0424514981296,2025-07-01 16:03:34.965654,2025-07-01 16:52:32.246871,0 days 00:48:57.281217,29,21,2,5,87,25,2,COMPLETE
165,3201.0418545442044,2025-07-01 16:03:35.342522,2025-07-01 16:49:55.329660,0 days 00:46:19.987138,28,6,6,11,78,38,2,COMPLETE
166,3954.0479872894393,2025-07-01 16:03:35.400338,2025-07-01 16:53:21.100362,0 days 00:49:45.700024,4,21,3,5,87,27,3,COMPLETE
167,4467.430773280179,2025-07-01 16:03:35.685113,2025-07-01 16:50:23.793636,0 days 00:46:48.108523,3,18,6,17,67,32,4,COMPLETE
168,7326.263789521628,2025-07-01 16:03:36.317438,2025-07-01 16:54:07.166741,0 days 00:50:30.849303,12,19,2,6,63,11,3,COMPLETE
169,6679.687027686636,2025-07-01 16:03:36.439581,2025-07-01 16:53:31.440507,0 days 00:49:55.000926,10,17,10,21,73,11,5,COMPLETE
170,4228.174884777911,2025-07-01 16:03:36.485624,2025-07-01 16:53:48.280434,0 days 00:50:11.794810,27,25,3,16,72,39,2,COMPLETE
171,5288.9275173428305,2025-07-01 16:03:36.569301,2025-07-01 16:52:07.610098,0 days 00:48:31.040797,10,11,10,19,68,35,2,COMPLETE
172,4159.4630291901485,2025-07-01 16:03:36.896537,2025-07-01 16:54:33.673425,0 days 00:50:56.776888,23,21,5,13,76,26,3,COMPLETE
173,1462.7526400550341,2025-07-01 16:03:37.108618,2025-07-01 16:53:39.530046,0 days 00:50:02.421428,23,5,2,6,70,16,4,COMPLETE
174,-4251.911821132189,2025-07-01 16:03:37.568310,2025-07-01 16:51:02.843008,0 days 00:47:25.274698,30,10,5,8,90,26,3,COMPLETE
175,6557.990438614407,2025-07-01 16:03:38.022130,2025-07-01 16:51:28.385273,0 days 00:47:50.363143,8,28,4,7,79,14,3,COMPLETE
176,5608.968742367631,2025-07-01 16:03:38.339267,2025-07-01 16:54:44.993244,0 days 00:51:06.653977,25,25,10,18,65,35,2,COMPLETE
177,5265.723273856676,2025-07-01 16:03:38.544873,2025-07-01 16:54:08.629531,0 days 00:50:30.084658,29,5,3,19,74,26,3,COMPLETE
178,2511.8726547912447,2025-07-01 16:03:38.787482,2025-07-01 16:53:58.360005,0 days 00:50:19.572523,4,13,3,8,75,17,3,COMPLETE
179,4418.948477495671,2025-07-01 16:03:39.231921,2025-07-01 16:53:21.391875,0 days 00:49:42.159954,25,30,7,9,64,24,4,COMPLETE
180,3951.684810380075,2025-07-01 16:03:39.720036,2025-07-01 16:54:41.895611,0 days 00:51:02.175575,12,9,7,11,87,29,2,COMPLETE
181,5179.285408700685,2025-07-01 16:03:39.775579,2025-07-01 16:55:10.744665,0 days 00:51:30.969086,26,20,3,20,83,16,1,COMPLETE
182,-1651.3392793690055,2025-07-01 16:03:39.826807,2025-07-01 16:51:49.204991,0 days 00:48:09.378184,15,11,8,10,90,27,2,COMPLETE
183,4197.785676238328,2025-07-01 16:03:39.897844,2025-07-01 16:54:51.299641,0 days 00:51:11.401797,28,18,10,18,74,25,5,COMPLETE
184,4632.198338324249,2025-07-01 16:03:40.140904,2025-07-01 16:53:19.548054,0 days 00:49:39.407150,27,14,8,11,69,32,2,COMPLETE
185,4462.34737583035,2025-07-01 16:03:40.364080,2025-07-01 16:54:11.010895,0 days 00:50:30.646815,8,8,8,21,68,24,5,COMPLETE
186,4863.052891852207,2025-07-01 16:03:40.520010,2025-07-01 16:55:18.614985,0 days 00:51:38.094975,17,5,7,17,81,28,4,COMPLETE
187,3952.820981895,2025-07-01 16:03:41.214911,2025-07-01 16:55:38.154534,0 days 00:51:56.939623,18,7,3,16,70,34,1,COMPLETE
188,5536.448563706801,2025-07-01 16:03:41.416552,2025-07-01 16:55:28.350614,0 days 00:51:46.934062,25,12,8,20,67,38,3,COMPLETE
189,7860.816597308031,2025-07-01 16:03:41.444631,2025-07-01 16:54:28.184092,0 days 00:50:46.739461,22,18,9,21,63,12,2,COMPLETE
190,3294.961474128424,2025-07-01 16:03:41.496692,2025-07-01 16:53:07.545063,0 days 00:49:26.048371,1,28,7,21,83,29,2,COMPLETE
191,4375.462107870126,2025-07-01 16:03:41.569460,2025-07-01 16:55:38.638624,0 days 00:51:57.069164,24,19,7,7,67,16,2,COMPLETE
192,535.8298471199159,2025-07-01 16:03:41.949901,2025-07-01 16:54:47.158073,0 days 00:51:05.208172,11,9,5,21,81,35,1,COMPLETE
193,4055.049304035454,2025-07-01 16:03:42.340128,2025-07-01 16:54:10.193620,0 days 00:50:27.853492,28,23,4,13,82,39,5,COMPLETE
194,5492.644190458714,2025-07-01 16:03:43.099047,2025-07-01 16:56:14.481250,0 days 00:52:31.382203,3,19,7,19,72,32,2,COMPLETE
195,-46.79536791504847,2025-07-01 16:03:43.388351,2025-07-01 16:53:59.511640,0 days 00:50:16.123289,4,29,10,5,61,14,3,COMPLETE
196,3937.9422963277393,2025-07-01 16:03:43.544336,2025-07-01 16:55:27.693522,0 days 00:51:44.149186,24,29,7,19,84,33,1,COMPLETE
197,3122.6028314120704,2025-07-01 16:03:43.877182,2025-07-01 16:55:09.915612,0 days 00:51:26.038430,27,20,5,8,62,11,4,COMPLETE
198,4057.546938566029,2025-07-01 16:03:44.062586,2025-07-01 16:55:05.749727,0 days 00:51:21.687141,0,14,7,19,89,34,5,COMPLETE
199,6260.342999959814,2025-07-01 16:03:44.142153,2025-07-01 16:56:50.885924,0 days 00:53:06.743771,14,8,4,15,68,21,3,COMPLETE
200,5418.637312586474,2025-07-01 16:03:44.300402,2025-07-01 16:55:30.635368,0 days 00:51:46.334966,29,9,10,21,83,10,5,COMPLETE
201,3549.9839043092215,2025-07-01 16:03:44.377571,2025-07-01 16:54:35.729129,0 days 00:50:51.351558,30,28,5,10,77,33,3,COMPLETE
202,5148.732253651998,2025-07-01 16:03:44.627910,2025-07-01 16:55:37.483321,0 days 00:51:52.855411,30,18,6,16,82,20,3,COMPLETE
203,5617.0693977169,2025-07-01 16:03:44.840114,2025-07-01 16:53:46.782860,0 days 00:50:01.942746,20,13,8,21,75,21,1,COMPLETE
204,4195.192964490436,2025-07-01 16:03:44.881357,2025-07-01 16:56:21.578438,0 days 00:52:36.697081,19,9,6,14,78,15,3,COMPLETE
205,2657.0274965243207,2025-07-01 16:03:45.520988,2025-07-01 16:54:00.229998,0 days 00:50:14.709010,11,9,6,6,64,40,4,COMPLETE
206,4467.282631462891,2025-07-01 16:03:45.808253,2025-07-01 16:52:25.615933,0 days 00:48:39.807680,27,5,10,14,67,17,1,COMPLETE
207,5096.369180281092,2025-07-01 16:03:46.042270,2025-07-01 16:56:30.719842,0 days 00:52:44.677572,2,5,8,12,60,21,4,COMPLETE
208,3450.9242104788664,2025-07-01 16:03:46.542410,2025-07-01 16:55:40.343949,0 days 00:51:53.801539,23,9,10,20,72,37,3,COMPLETE
209,1408.9227721464867,2025-07-01 16:03:46.691988,2025-07-01 16:55:21.431592,0 days 00:51:34.739604,25,13,3,10,68,40,4,COMPLETE
210,4433.916590923112,2025-07-01 16:03:47.040127,2025-07-01 16:53:29.140275,0 days 00:49:42.100148,9,19,5,5,76,30,4,COMPLETE
211,2202.4464704078564,2025-07-01 16:03:47.498467,2025-07-01 16:56:03.612556,0 days 00:52:16.114089,23,29,4,10,67,35,2,COMPLETE
212,-2342.278163218911,2025-07-01 16:03:47.711697,2025-07-01 16:54:58.084736,0 days 00:51:10.373039,16,9,2,7,62,31,3,COMPLETE
213,459.59328792591987,2025-07-01 16:03:48.396932,2025-07-01 16:56:25.178623,0 days 00:52:36.781691,3,16,3,19,87,35,2,COMPLETE
214,3705.6576071398285,2025-07-01 16:03:48.952227,2025-07-01 16:56:14.749614,0 days 00:52:25.797387,25,16,5,18,63,12,4,COMPLETE
215,4984.621000587186,2025-07-01 16:03:49.332178,2025-07-01 16:54:39.550678,0 days 00:50:50.218500,6,7,2,15,65,13,4,COMPLETE
216,4700.572030481433,2025-07-01 16:03:49.481575,2025-07-01 16:54:59.721165,0 days 00:51:10.239590,9,10,10,5,62,18,4,COMPLETE
217,-1848.51154468397,2025-07-01 16:03:49.646722,2025-07-01 16:54:04.453910,0 days 00:50:14.807188,2,22,2,8,66,35,2,COMPLETE
218,3057.555242490239,2025-07-01 16:03:49.911988,2025-07-01 16:54:50.259110,0 days 00:51:00.347122,7,18,6,9,76,10,5,COMPLETE
219,3567.099398629276,2025-07-01 16:03:49.990004,2025-07-01 16:56:21.313916,0 days 00:52:31.323912,8,26,5,13,76,40,5,COMPLETE
220,20058.672295007407,2025-07-01 16:03:50.021265,2025-07-01 16:56:15.285261,0 days 00:52:25.263996,11,10,10,6,84,29,4,COMPLETE
221,2718.988893578765,2025-07-01 16:03:50.109373,2025-07-01 16:55:28.633426,0 days 00:51:38.524053,9,21,5,10,90,14,4,COMPLETE
222,6592.859011491247,2025-07-01 16:03:50.219858,2025-07-01 16:55:25.794026,0 days 00:51:35.574168,18,29,5,17,74,26,3,COMPLETE
223,5290.996831897234,2025-07-01 16:03:50.507413,2025-07-01 16:56:37.908604,0 days 00:52:47.401191,28,7,5,6,80,31,1,COMPLETE
224,4898.136931034317,2025-07-01 16:03:50.769560,2025-07-01 16:56:11.275325,0 days 00:52:20.505765,15,6,5,15,74,39,1,COMPLETE
225,12308.607940402826,2025-07-01 16:03:50.866166,2025-07-01 16:55:32.948625,0 days 00:51:42.082459,6,19,7,7,83,11,1,COMPLETE
226,1793.3190064542723,2025-07-01 16:03:51.053531,2025-07-01 16:55:05.981674,0 days 00:51:14.928143,14,20,6,18,86,32,1,COMPLETE
227,4006.2996925552115,2025-07-01 16:03:51.228481,2025-07-01 16:55:07.330980,0 days 00:51:16.102499,22,10,6,18,79,29,5,COMPLETE
228,4277.833601644347,2025-07-01 16:03:51.445206,2025-07-01 16:55:51.388237,0 days 00:51:59.943031,19,8,7,13,66,36,4,COMPLETE
229,7467.930380054688,2025-07-01 16:03:51.680888,2025-07-01 16:54:43.452843,0 days 00:50:51.771955,22,30,7,5,63,24,1,COMPLETE
230,4606.782367608152,2025-07-01 16:03:52.055108,2025-07-01 16:56:24.004023,0 days 00:52:31.948915,3,10,2,16,70,33,5,COMPLETE
231,4994.049369486051,2025-07-01 16:03:52.648671,2025-07-01 16:55:20.174966,0 days 00:51:27.526295,27,29,8,19,85,16,1,COMPLETE
232,1259.3750856718816,2025-07-01 16:03:52.874661,2025-07-01 16:55:34.519264,0 days 00:51:41.644603,0,18,2,5,68,35,5,COMPLETE
233,10525.885885333217,2025-07-01 16:03:53.039883,2025-07-01 16:55:51.955381,0 days 00:51:58.915498,11,29,9,14,72,18,1,COMPLETE
234,-1258.3363363176923,2025-07-01 16:03:53.138964,2025-07-01 16:56:12.110215,0 days 00:52:18.971251,0,12,2,5,61,18,2,COMPLETE
235,6268.3176616421715,2025-07-01 16:03:53.634071,2025-07-01 16:56:06.508566,0 days 00:52:12.874495,22,22,8,5,70,14,5,COMPLETE
236,11260.65853805452,2025-07-01 16:03:53.680053,2025-07-01 16:55:27.745464,0 days 00:51:34.065411,4,25,10,14,84,17,1,COMPLETE
237,3457.2515489459474,2025-07-01 16:03:53.787540,2025-07-01 16:56:14.708722,0 days 00:52:20.921182,16,30,8,15,89,39,2,COMPLETE
238,10144.105962414638,2025-07-01 16:03:53.915035,2025-07-01 16:57:24.798072,0 days 00:53:30.883037,14,28,9,21,87,17,2,COMPLETE
239,4325.2402210486625,2025-07-01 16:03:54.198931,2025-07-01 16:57:46.426947,0 days 00:53:52.228016,5,12,6,16,77,26,3,COMPLETE
240,4056.2673125021574,2025-07-01 16:03:54.933031,2025-07-01 16:54:31.801447,0 days 00:50:36.868416,7,21,10,18,84,16,3,COMPLETE
241,5243.530073409863,2025-07-01 16:03:55.528244,2025-07-01 16:55:45.137101,0 days 00:51:49.608857,14,6,5,21,75,40,3,COMPLETE
242,3366.339885678921,2025-07-01 16:03:56.352513,2025-07-01 16:55:52.920116,0 days 00:51:56.567603,1,13,6,8,64,40,2,COMPLETE
243,4536.716369901385,2025-07-01 16:03:56.619508,2025-07-01 16:57:12.393319,0 days 00:53:15.773811,26,19,6,19,60,14,3,COMPLETE
244,4368.811178756345,2025-07-01 16:03:57.302455,2025-07-01 16:56:00.555094,0 days 00:52:03.252639,26,5,4,17,65,15,1,COMPLETE
245,-1853.8833832542496,2025-07-01 16:03:57.400081,2025-07-01 16:56:36.914957,0 days 00:52:39.514876,12,26,2,7,61,33,2,COMPLETE
246,4073.5075270885072,2025-07-01 16:03:57.752803,2025-07-01 16:58:21.834939,0 days 00:54:24.082136,17,13,5,13,80,40,4,COMPLETE
247,4778.459829283773,2025-07-01 16:03:58.019663,2025-07-01 16:56:43.063316,0 days 00:52:45.043653,3,11,8,17,84,40,4,COMPLETE
248,3458.121569933075,2025-07-01 16:03:58.116578,2025-07-01 16:55:59.185557,0 days 00:52:01.068979,19,19,2,5,90,39,1,COMPLETE
249,1040.6117966773381,2025-07-01 16:03:58.799805,2025-07-01 16:56:33.937830,0 days 00:52:35.138025,16,15,4,15,86,24,2,COMPLETE
250,5569.882468760687,2025-07-01 16:03:59.118250,2025-07-01 16:57:11.614818,0 days 00:53:12.496568,1,11,2,9,76,10,1,COMPLETE
251,1545.2119616290438,2025-07-01 16:03:59.308370,2025-07-01 16:57:14.644286,0 days 00:53:15.335916,26,16,3,7,62,18,5,COMPLETE
252,3382.360544516745,2025-07-01 16:03:59.571929,2025-07-01 16:55:58.685706,0 days 00:51:59.113777,3,5,4,8,66,33,1,COMPLETE
253,3781.406872509355,2025-07-01 16:03:59.939202,2025-07-01 16:56:09.194152,0 days 00:52:09.254950,15,9,10,11,77,10,4,COMPLETE
254,2237.9035650476835,2025-07-01 16:04:00.210029,2025-07-01 16:58:51.851452,0 days 00:54:51.641423,21,7,6,9,61,17,3,COMPLETE
255,5068.922308069481,2025-07-01 16:04:00.342457,2025-07-01 16:56:39.606410,0 days 00:52:39.263953,2,23,5,17,74,37,4,COMPLETE
256,3333.8614949165094,2025-07-01 16:04:00.368294,2025-07-01 16:56:42.773201,0 days 00:52:42.404907,4,26,6,9,78,21,3,COMPLETE
257,1336.5933462222656,2025-07-01 16:04:00.547937,2025-07-01 16:57:22.123825,0 days 00:53:21.575888,25,10,2,13,64,30,1,COMPLETE
258,4064.035864737566,2025-07-01 16:04:00.716815,2025-07-01 16:58:20.468827,0 days 00:54:19.752012,14,21,10,10,72,37,4,COMPLETE
259,5269.849792704472,2025-07-01 16:04:01.358087,2025-07-01 16:57:52.535040,0 days 00:53:51.176953,18,22,3,19,81,31,4,COMPLETE
260,5922.479915113385,2025-07-01 16:04:01.703152,2025-07-01 16:56:35.584781,0 days 00:52:33.881629,9,7,4,21,60,30,4,COMPLETE
261,4388.481212206311,2025-07-01 16:04:02.225607,2025-07-01 16:56:39.612748,0 days 00:52:37.387141,29,12,8,15,78,38,4,COMPLETE
262,3070.297083712898,2025-07-01 16:04:02.491309,2025-07-01 16:57:50.621329,0 days 00:53:48.130020,12,8,5,21,63,22,1,COMPLETE
263,6041.533127368034,2025-07-01 16:04:02.683033,2025-07-01 16:56:59.610429,0 days 00:52:56.927396,21,20,8,12,68,20,1,COMPLETE
264,5569.30964983477,2025-07-01 16:04:02.855172,2025-07-01 16:55:44.648123,0 days 00:51:41.792951,7,9,8,13,79,21,3,COMPLETE
265,3215.947304139663,2025-07-01 16:04:03.144002,2025-07-01 16:56:51.185008,0 days 00:52:48.041006,6,14,2,19,82,18,3,COMPLETE
266,2290.8545134354445,2025-07-01 16:04:03.511485,2025-07-01 16:58:08.358558,0 days 00:54:04.847073,10,17,4,13,75,22,2,COMPLETE
267,5198.8928495905575,2025-07-01 16:04:03.774177,2025-07-01 16:56:22.829061,0 days 00:52:19.054884,29,22,6,15,65,26,3,COMPLETE
268,4821.439367651761,2025-07-01 16:04:03.891414,2025-07-01 16:54:44.548301,0 days 00:50:40.656887,17,9,9,16,84,19,4,COMPLETE
269,5075.6987025108665,2025-07-01 16:04:04.163200,2025-07-01 16:56:46.559333,0 days 00:52:42.396133,14,18,10,10,82,36,5,COMPLETE
270,4847.682010551096,2025-07-01 16:04:04.394943,2025-07-01 16:58:41.395141,0 days 00:54:37.000198,19,11,8,20,63,28,3,COMPLETE
271,2583.9489167594293,2025-07-01 16:04:04.574907,2025-07-01 16:57:36.582412,0 days 00:53:32.007505,9,13,4,14,62,34,4,COMPLETE
272,3344.0119497715023,2025-07-01 16:04:04.647326,2025-07-01 16:56:35.376329,0 days 00:52:30.729003,11,8,9,10,67,25,1,COMPLETE
273,2769.115910325465,2025-07-01 16:04:05.202620,2025-07-01 16:58:54.693308,0 days 00:54:49.490688,6,16,5,12,64,39,5,COMPLETE
274,5677.856114603397,2025-07-01 16:04:05.774816,2025-07-01 16:57:14.827517,0 days 00:53:09.052701,1,20,9,16,68,17,5,COMPLETE
275,7680.015994657841,2025-07-01 16:04:05.856865,2025-07-01 16:55:45.841148,0 days 00:51:39.984283,27,9,7,21,90,19,5,COMPLETE
276,3120.898472670033,2025-07-01 16:04:05.995464,2025-07-01 16:58:14.443426,0 days 00:54:08.447962,12,23,8,19,83,29,3,COMPLETE
277,8423.416284756471,2025-07-01 16:04:06.723672,2025-07-01 16:56:25.385195,0 days 00:52:18.661523,21,18,5,17,90,17,4,COMPLETE
278,-1887.4757376195485,2025-07-01 16:04:06.785703,2025-07-01 16:56:39.627926,0 days 00:52:32.842223,1,29,6,15,89,27,4,COMPLETE
279,4333.607086906199,2025-07-01 16:04:07.104993,2025-07-01 16:58:50.511119,0 days 00:54:43.406126,22,14,6,18,77,31,5,COMPLETE
280,4000.476656281673,2025-07-01 16:04:07.431801,2025-07-01 16:56:28.272764,0 days 00:52:20.840963,28,17,8,17,71,17,5,COMPLETE
281,3110.752536825481,2025-07-01 16:04:07.655170,2025-07-01 16:58:46.350351,0 days 00:54:38.695181,6,26,7,10,78,32,4,COMPLETE
282,4967.242588628568,2025-07-01 16:04:08.143472,2025-07-01 16:57:27.393433,0 days 00:53:19.249961,24,8,2,19,79,32,5,COMPLETE
283,3566.085824478784,2025-07-01 16:04:08.242967,2025-07-01 16:56:29.454767,0 days 00:52:21.211800,19,29,6,10,87,23,5,COMPLETE
284,7975.099415439961,2025-07-01 16:04:08.386601,2025-07-01 16:57:17.331349,0 days 00:53:08.944748,4,11,4,19,89,33,1,COMPLETE
285,3256.020800518858,2025-07-01 16:04:09.029233,2025-07-01 16:57:52.004226,0 days 00:53:42.974993,15,15,4,10,64,12,3,COMPLETE
286,2215.0260403386656,2025-07-01 16:04:09.211084,2025-07-01 16:57:32.756956,0 days 00:53:23.545872,4,18,2,7,87,28,2,COMPLETE
287,4996.317480003699,2025-07-01 16:04:09.257301,2025-07-01 16:57:26.813843,0 days 00:53:17.556542,3,9,2,18,89,34,5,COMPLETE
288,5317.206695586077,2025-07-01 16:04:09.862991,2025-07-01 16:58:20.573518,0 days 00:54:10.710527,15,26,7,18,89,10,4,COMPLETE
289,4438.6961154211895,2025-07-01 16:04:09.919479,2025-07-01 16:56:57.787389,0 days 00:52:47.867910,18,30,3,13,72,23,4,COMPLETE
290,8617.286106572672,2025-07-01 16:04:09.984025,2025-07-01 16:57:36.799159,0 days 00:53:26.815134,14,29,2,16,78,10,4,COMPLETE
291,4290.297124465416,2025-07-01 16:04:10.291817,2025-07-01 16:58:36.752044,0 days 00:54:26.460227,8,18,10,13,82,38,1,COMPLETE
292,5200.906370132239,2025-07-01 16:04:10.316990,2025-07-01 16:57:52.153416,0 days 00:53:41.836426,13,28,4,20,76,38,3,COMPLETE
293,5698.251932838926,2025-07-01 16:04:10.750277,2025-07-01 16:55:47.419369,0 days 00:51:36.669092,21,26,10,21,69,38,1,COMPLETE
294,8343.99183968428,2025-07-01 16:04:10.775911,2025-07-01 16:57:40.991024,0 days 00:53:30.215113,1,28,3,16,66,11,4,COMPLETE
295,-1259.100810652466,2025-07-01 16:04:11.230505,2025-07-01 16:57:14.405150,0 days 00:53:03.174645,17,23,4,7,82,31,1,COMPLETE
296,3407.8943703038112,2025-07-01 16:04:11.513041,2025-07-01 16:57:20.917772,0 days 00:53:09.404731,12,15,2,13,71,15,4,COMPLETE
297,6386.05671320604,2025-07-01 16:04:11.859878,2025-07-01 16:55:49.935996,0 days 00:51:38.076118,12,17,9,15,73,19,2,COMPLETE
298,6741.691494883473,2025-07-01 16:04:11.967099,2025-07-01 16:57:15.217063,0 days 00:53:03.249964,9,23,10,14,72,18,1,COMPLETE
299,9215.277746732892,2025-07-01 16:04:12.070454,2025-07-01 16:57:11.682690,0 days 00:52:59.612236,4,23,8,18,73,15,2,COMPLETE
300,4536.205343328461,2025-07-01 16:04:12.167276,2025-07-01 16:58:52.530031,0 days 00:54:40.362755,18,24,8,6,62,27,5,COMPLETE
301,4275.4798654594615,2025-07-01 16:04:12.311836,2025-07-01 16:57:04.620260,0 days 00:52:52.308424,29,11,2,5,83,19,5,COMPLETE
302,9214.634434193536,2025-07-01 16:04:12.980522,2025-07-01 16:57:31.434965,0 days 00:53:18.454443,3,24,10,9,71,21,1,COMPLETE
303,3668.0570363865154,2025-07-01 16:04:13.558760,2025-07-01 16:56:57.051380,0 days 00:52:43.492620,3,13,10,18,77,34,4,COMPLETE
304,7840.739006365413,2025-07-01 16:04:14.332990,2025-07-01 16:58:47.677293,0 days 00:54:33.344303,8,17,9,7,72,20,4,COMPLETE
305,4403.390326679145,2025-07-01 16:04:14.435572,2025-07-01 16:58:09.630666,0 days 00:53:55.195094,20,9,2,15,67,20,2,COMPLETE
306,1663.2783623663363,2025-07-01 16:04:14.518964,2025-07-01 16:58:50.253416,0 days 00:54:35.734452,2,11,10,8,68,29,4,COMPLETE
307,2566.963860659097,2025-07-01 16:04:14.575654,2025-07-01 16:58:58.393662,0 days 00:54:43.818008,13,15,10,7,63,32,4,COMPLETE
308,4113.224068204083,2025-07-01 16:04:14.746367,2025-07-01 16:58:28.125318,0 days 00:54:13.378951,14,7,2,12,81,24,1,COMPLETE
309,5050.132344367268,2025-07-01 16:04:14.777435,2025-07-01 16:57:09.965339,0 days 00:52:55.187904,27,21,10,17,72,16,5,COMPLETE
310,3080.6645552188284,2025-07-01 16:04:15.200053,2025-07-01 16:58:31.594298,0 days 00:54:16.394245,20,12,3,8,67,29,3,COMPLETE
311,6138.201310051751,2025-07-01 16:04:15.345524,2025-07-01 16:58:43.533022,0 days 00:54:28.187498,2,15,7,6,76,25,5,COMPLETE
312,3705.950369900689,2025-07-01 16:04:15.468329,2025-07-01 16:57:32.354341,0 days 00:53:16.886012,17,5,8,14,61,34,1,COMPLETE
313,50817.943845657996,2025-07-01 16:04:16.150832,2025-07-01 16:49:10.807936,0 days 00:44:54.657104,20,12,10,5,89,34,1,COMPLETE
314,2243.540660729068,2025-07-01 16:04:16.429224,2025-07-01 16:58:11.981628,0 days 00:53:55.552404,26,20,5,12,66,24,2,COMPLETE
315,6871.765502596218,2025-07-01 16:04:16.470282,2025-07-01 16:59:21.315090,0 days 00:55:04.844808,5,18,5,19,76,14,2,COMPLETE
316,2316.832120681127,2025-07-01 16:04:16.557708,2025-07-01 16:58:45.957409,0 days 00:54:29.399701,4,29,7,11,86,38,1,COMPLETE
317,-121.01216159830983,2025-07-01 16:04:16.925791,2025-07-01 16:58:20.844103,0 days 00:54:03.918312,27,26,7,5,60,32,1,COMPLETE
318,4047.718495092273,2025-07-01 16:04:17.458136,2025-07-01 16:59:27.512849,0 days 00:55:10.054713,21,20,8,13,72,37,1,COMPLETE
319,4910.879832210078,2025-07-01 16:04:18.036389,2025-07-01 16:57:50.651136,0 days 00:53:32.614747,11,21,6,6,71,24,3,COMPLETE
320,3306.1053185644396,2025-07-01 16:04:18.118854,2025-07-01 16:58:42.518942,0 days 00:54:24.400088,0,21,4,11,60,20,1,COMPLETE
321,4239.01157856013,2025-07-01 16:04:18.395023,2025-07-01 16:57:31.430115,0 days 00:53:13.035092,6,25,5,14,64,23,4,COMPLETE
322,9190.36377400564,2025-07-01 16:04:18.650344,2025-07-01 16:57:46.066636,0 days 00:53:27.416292,3,15,5,11,74,11,2,COMPLETE
323,6135.376505279348,2025-07-01 16:04:18.880089,2025-07-01 16:58:43.287857,0 days 00:54:24.407768,15,16,5,17,62,11,2,COMPLETE
324,4098.792067651005,2025-07-01 16:04:19.337083,2025-07-01 16:58:56.112019,0 days 00:54:36.774936,12,6,10,11,63,33,5,COMPLETE
325,5336.267763037367,2025-07-01 16:04:19.614456,2025-07-01 16:58:19.830242,0 days 00:54:00.215786,15,28,4,8,81,13,3,COMPLETE
326,4733.432416666768,2025-07-01 16:04:20.040767,2025-07-01 16:58:58.679733,0 days 00:54:38.638966,23,11,9,10,61,11,2,COMPLETE
327,7835.298748272462,2025-07-01 16:04:20.245610,2025-07-01 16:57:55.648496,0 days 00:53:35.402886,13,29,3,8,77,13,5,COMPLETE
328,4247.69845875453,2025-07-01 16:04:20.740960,2025-07-01 16:59:13.412649,0 days 00:54:52.671689,21,20,2,17,70,40,1,COMPLETE
329,8610.76050292668,2025-07-01 16:04:20.777476,2025-07-01 16:57:30.292434,0 days 00:53:09.514958,21,25,9,18,81,18,1,COMPLETE
330,7044.272834938952,2025-07-01 16:04:21.162685,2025-07-01 16:59:20.359963,0 days 00:54:59.197278,20,27,4,5,82,28,5,COMPLETE
331,5951.134830385896,2025-07-01 16:04:21.337242,2025-07-01 16:58:55.487526,0 days 00:54:34.150284,19,30,9,8,82,29,2,COMPLETE
332,6266.102889857708,2025-07-01 16:04:21.498668,2025-07-01 16:59:05.155732,0 days 00:54:43.657064,13,13,9,7,90,26,4,COMPLETE
333,-3226.296026905782,2025-07-01 16:04:21.786325,2025-07-01 16:59:10.201950,0 days 00:54:48.415625,2,28,2,5,65,39,1,COMPLETE
334,3904.6004905729314,2025-07-01 16:04:22.408654,2025-07-01 16:58:06.353514,0 days 00:53:43.944860,8,23,6,16,87,34,2,COMPLETE
335,4778.708050924506,2025-07-01 16:04:22.459289,2025-07-01 16:59:11.517826,0 days 00:54:49.058537,29,24,6,16,81,27,1,COMPLETE
336,5510.688031503085,2025-07-01 16:04:22.470882,2025-07-01 16:57:40.884747,0 days 00:53:18.413865,4,11,8,8,88,24,3,COMPLETE
337,6277.333751767324,2025-07-01 16:04:22.605694,2025-07-01 16:58:40.117409,0 days 00:54:17.511715,8,29,5,18,90,17,2,COMPLETE
338,3747.4219959430147,2025-07-01 16:04:22.717197,2025-07-01 16:58:53.102214,0 days 00:54:30.385017,12,12,5,7,73,33,5,COMPLETE
339,-138.27866097306386,2025-07-01 16:04:22.758123,2025-07-01 16:59:19.012235,0 days 00:54:56.254112,5,28,8,9,70,11,4,COMPLETE
340,2880.1927507668042,2025-07-01 16:04:22.861328,2025-07-01 16:58:47.531626,0 days 00:54:24.670298,10,5,2,11,69,36,1,COMPLETE
341,2641.8757493330886,2025-07-01 16:04:23.093125,2025-07-01 16:58:53.330272,0 days 00:54:30.237147,10,9,2,10,72,21,4,COMPLETE
342,3160.443051404339,2025-07-01 16:04:23.340495,2025-07-01 16:58:57.502589,0 days 00:54:34.162094,1,15,2,13,66,35,3,COMPLETE
343,4460.995071477205,2025-07-01 16:04:23.443186,2025-07-01 16:59:51.348730,0 days 00:55:27.905544,3,19,7,10,60,29,2,COMPLETE
344,4157.093941766793,2025-07-01 16:04:23.688383,2025-07-01 16:58:41.654746,0 days 00:54:17.966363,2,22,4,9,74,34,4,COMPLETE
345,4729.431715445956,2025-07-01 16:04:23.749718,2025-07-01 16:59:08.648868,0 days 00:54:44.899150,24,19,4,15,72,30,1,COMPLETE
346,4118.5252908256425,2025-07-01 16:04:24.058320,2025-07-01 16:58:59.802547,0 days 00:54:35.744227,11,7,10,18,67,34,5,COMPLETE
347,4379.283830072882,2025-07-01 16:04:24.112402,2025-07-01 16:59:30.161255,0 days 00:55:06.048853,9,25,2,12,88,11,5,COMPLETE
348,749.6123862226141,2025-07-01 16:04:24.283601,2025-07-01 16:59:06.135091,0 days 00:54:41.851490,23,11,5,8,87,40,2,COMPLETE
349,5595.347270585044,2025-07-01 16:04:24.585486,2025-07-01 16:58:43.051659,0 days 00:54:18.466173,18,29,7,13,65,12,2,COMPLETE
350,-1036.5954275214135,2025-07-01 16:04:24.849267,2025-07-01 16:59:04.242259,0 days 00:54:39.392992,29,19,4,7,88,25,2,COMPLETE
351,5817.896959134737,2025-07-01 16:04:24.900088,2025-07-01 16:58:05.125583,0 days 00:53:40.225495,18,22,8,7,61,25,5,COMPLETE
352,4225.765558231992,2025-07-01 16:04:25.033776,2025-07-01 16:59:07.694656,0 days 00:54:42.660880,12,16,9,19,64,37,4,COMPLETE
353,3967.1706458499893,2025-07-01 16:04:25.087419,2025-07-01 16:59:27.695614,0 days 00:55:02.608195,15,29,10,11,86,17,4,COMPLETE
354,6824.816494832006,2025-07-01 16:04:25.737409,2025-07-01 16:58:19.263559,0 days 00:53:53.526150,20,27,4,21,88,14,5,COMPLETE
355,3452.850311209222,2025-07-01 16:04:26.341085,2025-07-01 16:59:02.116464,0 days 00:54:35.775379,7,17,2,19,87,24,3,COMPLETE
356,4534.330473906881,2025-07-01 16:04:26.366962,2025-07-01 16:59:30.756681,0 days 00:55:04.389719,1,10,6,7,75,40,3,COMPLETE
357,2427.3225250313244,2025-07-01 16:04:26.790347,2025-07-01 16:58:48.262773,0 days 00:54:21.472426,0,13,5,11,84,39,3,COMPLETE
358,4147.846874298022,2025-07-01 16:04:27.386680,2025-07-01 16:59:18.876683,0 days 00:54:51.490003,22,25,8,14,64,29,3,COMPLETE
359,4450.60480870872,2025-07-01 16:04:27.570388,2025-07-01 16:58:33.649633,0 days 00:54:06.079245,24,6,9,10,66,15,5,COMPLETE
360,4155.960496942833,2025-07-01 16:04:27.633613,2025-07-01 16:58:51.008102,0 days 00:54:23.374489,12,14,5,18,73,24,1,COMPLETE
361,3228.2842980897694,2025-07-01 16:04:28.484656,2025-07-01 16:58:59.808010,0 days 00:54:31.323354,30,17,2,14,85,15,3,COMPLETE
362,4178.013303608237,2025-07-01 16:04:28.582104,2025-07-01 16:57:37.895203,0 days 00:53:09.313099,30,8,5,18,80,24,1,COMPLETE
363,5483.123409622654,2025-07-01 16:04:28.928043,2025-07-01 16:59:27.893429,0 days 00:54:58.965386,12,25,10,14,75,27,2,COMPLETE
364,-18.681342274409644,2025-07-01 16:04:29.104703,2025-07-01 16:58:43.899495,0 days 00:54:14.794792,2,30,8,5,90,17,2,COMPLETE
365,5439.89724075211,2025-07-01 16:04:29.157711,2025-07-01 16:58:39.060594,0 days 00:54:09.902883,25,7,9,21,81,17,2,COMPLETE
366,18201.83369230137,2025-07-01 16:04:29.462140,2025-07-01 16:59:10.737337,0 days 00:54:41.275197,19,15,7,18,90,26,1,COMPLETE
367,3635.4920985373246,2025-07-01 16:04:29.540031,2025-07-01 16:59:30.438049,0 days 00:55:00.898018,16,11,7,13,61,29,1,COMPLETE
368,2116.0358112028043,2025-07-01 16:04:29.547584,2025-07-01 16:59:00.054155,0 days 00:54:30.506571,10,25,4,5,84,39,2,COMPLETE
369,2969.491626890029,2025-07-01 16:04:29.680311,2025-07-01 16:59:58.056801,0 days 00:55:28.376490,8,10,2,12,68,24,1,COMPLETE
370,5545.522883766162,2025-07-01 16:04:29.921294,2025-07-01 16:59:00.683774,0 days 00:54:30.762480,3,25,5,11,74,22,3,COMPLETE
371,4344.177218818939,2025-07-01 16:04:29.967641,2025-07-01 16:59:31.877694,0 days 00:55:01.910053,27,22,8,6,83,32,3,COMPLETE
372,7244.506019429587,2025-07-01 16:04:30.298086,2025-07-01 16:59:44.389587,0 days 00:55:14.091501,17,19,5,13,67,10,3,COMPLETE
373,4252.351141286545,2025-07-01 16:04:30.368511,2025-07-01 16:59:05.526154,0 days 00:54:35.157643,30,6,10,16,66,30,4,COMPLETE
374,5047.776303201712,2025-07-01 16:04:30.510421,2025-07-01 16:57:51.083220,0 days 00:53:20.572799,16,15,4,9,86,22,5,COMPLETE
375,5705.826733335391,2025-07-01 16:04:30.758248,2025-07-01 16:59:39.716267,0 days 00:55:08.958019,6,7,4,10,70,10,1,COMPLETE
376,2688.8901706823144,2025-07-01 16:04:30.784024,2025-07-01 16:59:35.741473,0 days 00:55:04.957449,6,15,2,11,65,24,1,COMPLETE
377,2253.4661873676796,2025-07-01 16:04:30.835683,2025-07-01 16:59:00.735241,0 days 00:54:29.899558,8,30,5,8,86,21,5,COMPLETE
378,4099.79233004378,2025-07-01 16:04:30.988015,2025-07-01 16:59:34.546681,0 days 00:55:03.558666,10,19,5,21,85,23,3,COMPLETE
379,-4486.55288411734,2025-07-01 16:04:31.267378,2025-07-01 16:59:02.707695,0 days 00:54:31.440317,26,6,10,13,90,22,4,COMPLETE
380,4669.597268914991,2025-07-01 16:04:31.409398,2025-07-01 16:58:58.872239,0 days 00:54:27.462841,13,28,4,7,60,16,5,COMPLETE
381,3542.2551349182395,2025-07-01 16:04:31.602777,2025-07-01 16:59:30.658197,0 days 00:54:59.055420,19,26,6,7,67,29,3,COMPLETE
382,-1361.2625659569367,2025-07-01 16:04:31.656019,2025-07-01 16:59:23.891207,0 days 00:54:52.235188,7,15,10,13,89,27,1,COMPLETE
383,3853.849570131184,2025-07-01 16:04:31.745710,2025-07-01 16:59:13.368103,0 days 00:54:41.622393,26,23,9,20,61,39,4,COMPLETE
384,3826.9175766974768,2025-07-01 16:04:31.892533,2025-07-01 16:59:06.657177,0 days 00:54:34.764644,22,24,4,15,64,24,3,COMPLETE
385,4516.273697637571,2025-07-01 16:04:31.949083,2025-07-01 16:59:13.804482,0 days 00:54:41.855399,7,11,7,10,73,36,3,COMPLETE
386,10490.893886540314,2025-07-01 16:04:32.024399,2025-07-01 16:59:09.723733,0 days 00:54:37.699334,0,27,4,17,74,12,2,COMPLETE
387,4585.534459700193,2025-07-01 16:04:32.125318,2025-07-01 16:59:50.915160,0 days 00:55:18.789842,22,24,5,16,88,10,2,COMPLETE
388,5124.35365643119,2025-07-01 16:04:32.176810,2025-07-01 16:58:49.651591,0 days 00:54:17.474781,29,9,2,21,78,30,1,COMPLETE
389,3324.901226896003,2025-07-01 16:04:32.210158,2025-07-01 16:59:55.330494,0 days 00:55:23.120336,21,13,4,9,65,34,1,COMPLETE
390,3966.8412820356925,2025-07-01 16:04:32.464773,2025-07-01 16:59:32.978175,0 days 00:55:00.513402,20,17,6,5,71,35,5,COMPLETE
391,5849.007206533759,2025-07-01 16:04:32.479004,2025-07-01 16:58:51.484473,0 days 00:54:19.005469,28,14,5,5,71,12,3,COMPLETE
392,6777.313981491263,2025-07-01 16:04:32.522968,2025-07-01 16:59:19.293476,0 days 00:54:46.770508,28,6,3,20,86,22,1,COMPLETE
393,6196.924096946608,2025-07-01 16:04:32.539394,2025-07-01 16:59:06.222801,0 days 00:54:33.683407,21,15,7,17,83,26,1,COMPLETE
394,4345.118199315301,2025-07-01 16:04:32.699804,2025-07-01 16:11:45.860268,0 days 00:07:13.160464,15,6,10,14,82,39,3,COMPLETE
395,5646.7807495992165,2025-07-01 16:04:32.764640,2025-07-01 17:00:24.996451,0 days 00:55:52.231811,18,6,10,14,80,40,3,COMPLETE
396,4980.086630777089,2025-07-01 16:04:32.765514,2025-07-01 16:34:11.345355,0 days 00:29:38.579841,18,6,10,14,81,36,3,COMPLETE
397,3816.3886489043834,2025-07-01 16:04:32.881013,2025-07-01 16:13:00.976191,0 days 00:08:28.095178,18,5,10,15,81,40,3,COMPLETE
398,4930.750765914072,2025-07-01 16:04:32.899584,2025-07-01 16:59:31.002828,0 days 00:54:58.103244,18,5,10,14,81,40,3,COMPLETE
399,4266.361414583237,2025-07-01 16:04:32.911206,2025-07-01 16:55:45.876802,0 days 00:51:12.965596,19,6,10,15,81,36,3,COMPLETE
400,6303.369522704456,2025-07-01 16:04:33.157777,2025-07-01 16:43:18.675145,0 days 00:38:45.517368,18,5,10,14,80,39,3,COMPLETE
401,3816.3886489043834,2025-07-01 16:04:33.185197,2025-07-01 16:59:36.617561,0 days 00:55:03.432364,18,5,10,15,81,40,3,COMPLETE
402,4804.700985209781,2025-07-01 16:04:33.230950,2025-07-01 17:01:03.569745,0 days 00:56:30.338795,19,5,10,14,81,39,3,COMPLETE
403,5697.455604084809,2025-07-01 16:04:33.243744,2025-07-01 17:03:12.762699,0 days 00:58:39.518955,15,5,10,21,81,37,3,COMPLETE
404,6168.522673815776,2025-07-01 16:04:33.277310,2025-07-01 17:01:20.934276,0 days 00:56:47.656966,18,5,10,17,81,40,3,COMPLETE
405,4211.889402756768,2025-07-01 16:04:33.299273,2025-07-01 17:00:29.742741,0 days 00:55:56.443468,20,6,10,15,80,40,3,COMPLETE
406,4490.664996591595,2025-07-01 16:04:33.314443,2025-07-01 17:00:28.424202,0 days 00:55:55.109759,19,7,10,14,81,39,3,COMPLETE
407,4799.990206107669,2025-07-01 16:04:33.338241,2025-07-01 17:00:28.570390,0 days 00:55:55.232149,18,7,10,14,81,40,1,COMPLETE
408,3228.0638180620354,2025-07-01 16:04:33.633241,2025-07-01 17:06:54.285037,0 days 01:02:20.651796,19,6,10,15,81,39,3,COMPLETE
409,4930.750765914072,2025-07-01 16:04:33.648796,2025-07-01 16:59:56.822842,0 days 00:55:23.174046,18,5,10,14,81,40,3,COMPLETE
410,5052.323337197306,2025-07-01 16:04:33.717077,2025-07-01 16:21:19.674531,0 days 00:16:45.957454,17,5,10,14,80,40,3,COMPLETE
411,4784.300900885775,2025-07-01 16:04:33.851031,2025-07-01 17:10:07.329565,0 days 01:05:33.478534,20,7,10,14,81,39,3,COMPLETE
412,4825.60070326441,2025-07-01 16:04:33.931387,2025-07-01 17:18:32.790659,0 days 01:13:58.859272,18,6,10,14,81,37,3,COMPLETE
413,5179.765531796129,2025-07-01 16:04:34.047818,2025-07-01 17:06:24.939291,0 days 01:01:50.891473,18,5,10,14,81,39,3,COMPLETE
414,5300.867283188556,2025-07-01 16:04:34.104831,2025-07-01 17:04:23.311562,0 days 00:59:49.206731,18,8,10,14,80,40,3,COMPLETE
415,4930.750765914072,2025-07-01 16:04:34.106261,2025-07-01 17:13:50.088775,0 days 01:09:15.982514,18,5,10,14,81,40,3,COMPLETE
416,6046.5959328301415,2025-07-01 16:04:34.120090,2025-07-01 17:00:09.465309,0 days 00:55:35.345219,20,5,10,14,80,37,3,COMPLETE
417,3816.3886489043834,2025-07-01 16:04:34.134927,2025-07-01 16:59:58.314345,0 days 00:55:24.179418,18,5,10,15,81,40,3,COMPLETE
418,5410.915111249862,2025-07-01 16:04:34.195187,2025-07-01 17:00:11.768640,0 days 00:55:37.573453,21,5,10,14,81,35,3,COMPLETE
419,5305.1177771104885,2025-07-01 16:04:34.318095,2025-07-01 17:14:07.486750,0 days 01:09:33.168655,18,5,10,14,82,40,3,COMPLETE
420,5586.855634961594,2025-07-01 16:04:34.341156,2025-07-01 17:05:16.727971,0 days 01:00:42.386815,18,5,10,14,81,36,3,COMPLETE
421,4564.473276174989,2025-07-01 16:04:34.350546,2025-07-01 17:17:18.139292,0 days 01:12:43.788746,19,9,10,14,81,39,3,COMPLETE
422,420.2172720971157,2025-07-01 16:04:34.357350,2025-07-01 17:15:48.374151,0 days 01:11:14.016801,19,6,10,14,90,38,3,COMPLETE
423,4912.806587179552,2025-07-01 16:04:34.399071,2025-07-01 17:00:24.111024,0 days 00:55:49.711953,18,5,10,15,81,38,3,COMPLETE
424,3821.690030816677,2025-07-01 16:04:34.447468,2025-07-01 17:03:02.617586,0 days 00:58:28.170118,19,7,10,15,81,37,3,COMPLETE
425,5088.120520333283,2025-07-01 16:04:34.547339,2025-07-01 17:18:05.804697,0 days 01:13:31.257358,18,9,10,14,80,40,3,COMPLETE
426,10001.91558546618,2025-07-01 16:04:34.573900,2025-07-01 17:11:33.861715,0 days 01:06:59.287815,18,5,10,21,85,39,1,COMPLETE
427,4491.269224802747,2025-07-01 16:04:34.624641,2025-07-01 17:11:53.856987,0 days 01:07:19.232346,18,6,10,21,86,38,1,COMPLETE
428,4021.489090730136,2025-07-01 16:04:34.692552,2025-07-01 17:03:37.544157,0 days 00:59:02.851605,18,6,10,21,86,40,1,COMPLETE
429,9634.099273323416,2025-07-01 16:04:34.898988,2025-07-01 17:11:28.283741,0 days 01:06:53.384753,19,5,10,21,87,37,1,COMPLETE
430,5120.775946552018,2025-07-01 16:04:35.011696,2025-07-01 17:16:40.693317,0 days 01:12:05.681621,17,8,10,21,85,39,1,COMPLETE
431,5649.845766109376,2025-07-01 16:04:35.074784,2025-07-01 17:00:43.259038,0 days 00:56:08.184254,18,7,10,20,85,37,1,COMPLETE
432,7304.184837844479,2025-07-01 16:04:35.196419,2025-07-01 17:19:00.676834,0 days 01:14:25.480415,18,5,10,21,86,40,1,COMPLETE
433,5859.863033315158,2025-07-01 16:04:35.351581,2025-07-01 17:13:40.848674,0 days 01:09:05.497093,18,6,10,20,85,39,1,COMPLETE
434,9684.87159055782,2025-07-01 16:04:35.488081,2025-07-01 17:01:34.742994,0 days 00:56:59.254913,17,5,10,21,85,40,1,COMPLETE
435,6360.963462042062,2025-07-01 16:04:35.562803,2025-07-01 17:06:54.533044,0 days 01:02:18.970241,18,7,10,21,85,40,1,COMPLETE
436,9729.943703875142,2025-07-01 16:04:35.613651,2025-07-01 17:04:31.101531,0 days 00:59:55.487880,18,5,10,21,85,40,1,COMPLETE
437,9087.715773570075,2025-07-01 16:04:35.662928,2025-07-01 16:59:38.206936,0 days 00:55:02.544008,17,5,10,20,86,39,1,COMPLETE
438,8434.622627681734,2025-07-01 16:04:35.674502,2025-07-01 17:07:52.935245,0 days 01:03:17.260743,18,6,10,21,85,39,1,COMPLETE
439,8005.088673476514,2025-07-01 16:04:35.758483,2025-07-01 17:14:37.089682,0 days 01:10:01.331199,18,5,10,21,86,38,1,COMPLETE
440,10065.847193572552,2025-07-01 16:04:35.782153,2025-07-01 17:08:52.864240,0 days 01:04:17.082087,18,5,10,21,85,38,1,COMPLETE
441,3901.574065597446,2025-07-01 16:04:35.803100,2025-07-01 17:04:57.171251,0 days 01:00:21.368151,18,7,10,20,86,40,1,COMPLETE
442,9729.943703875142,2025-07-01 16:04:35.838756,2025-07-01 17:09:24.867718,0 days 01:04:49.028962,18,5,10,21,85,40,1,COMPLETE
443,4446.643988731386,2025-07-01 16:04:35.871411,2025-07-01 17:06:46.562703,0 days 01:02:10.691292,18,7,10,21,86,39,1,COMPLETE
444,8302.233376414593,2025-07-01 16:04:35.888742,2025-07-01 17:16:03.946510,0 days 01:11:28.057768,17,6,10,19,85,40,1,COMPLETE
445,9961.787945738934,2025-07-01 16:04:35.891315,2025-07-01 17:14:13.064708,0 days 01:09:37.173393,17,6,10,19,86,40,1,COMPLETE
446,12801.340729704203,2025-07-01 16:04:35.897288,2025-07-01 17:19:22.648637,0 days 01:14:46.751349,18,5,10,19,86,40,1,COMPLETE
447,8373.862282778038,2025-07-01 16:04:35.962075,2025-07-01 17:14:19.289946,0 days 01:09:43.327871,18,6,10,21,85,40,1,COMPLETE
448,6498.40529204554,2025-07-01 16:04:35.993671,2025-07-01 17:20:40.258817,0 days 01:16:04.265146,18,7,10,21,85,39,1,COMPLETE
449,12976.251854551401,2025-07-01 16:04:36.066115,2025-07-01 17:16:30.698344,0 days 01:11:54.632229,18,5,10,21,85,36,1,COMPLETE
450,8434.622627681734,2025-07-01 16:04:36.098541,2025-07-01 17:24:07.569324,0 days 01:19:31.470783,18,6,10,21,85,39,1,COMPLETE
451,7691.312104145591,2025-07-01 16:04:36.115651,2025-07-01 17:08:43.979457,0 days 01:04:07.863806,18,6,10,19,84,38,1,COMPLETE
452,8275.88654112508,2025-07-01 16:04:36.127305,2025-07-01 17:08:52.067488,0 days 01:04:15.940183,16,5,10,21,85,38,1,COMPLETE
453,8373.862282778038,2025-07-01 16:04:36.171664,2025-07-01 17:09:47.978157,0 days 01:05:11.806493,18,6,10,21,85,40,1,COMPLETE
454,8238.895400307822,2025-07-01 16:04:36.204072,2025-07-01 17:16:14.637595,0 days 01:11:38.433523,19,6,10,21,85,38,1,COMPLETE
455,3912.078079946321,2025-07-01 16:04:36.210109,2025-07-01 17:02:32.406353,0 days 00:57:56.196244,18,8,10,20,85,38,1,COMPLETE
456,9729.943703875142,2025-07-01 16:04:36.337711,2025-07-01 17:02:56.525958,0 days 00:58:20.188247,18,5,10,21,85,40,1,COMPLETE
457,6360.963462042062,2025-07-01 16:04:36.370286,2025-07-01 17:02:19.740976,0 days 00:57:43.370690,18,7,10,21,85,40,1,COMPLETE
458,8373.862282778038,2025-07-01 16:04:36.424064,2025-07-01 18:08:29.900027,0 days 02:03:53.475963,18,6,10,21,85,40,1,COMPLETE
459,6679.254507334332,2025-07-01 16:04:36.439480,2025-07-01 17:17:04.668417,0 days 01:12:28.228937,17,6,10,20,85,40,1,COMPLETE
460,10459.023653987122,2025-07-01 16:04:36.463082,2025-07-01 18:07:44.699519,0 days 02:03:08.236437,18,5,10,19,85,40,1,COMPLETE
461,7339.2218959780075,2025-07-01 16:04:36.481475,2025-07-01 17:05:40.452335,0 days 01:01:03.970860,17,5,10,20,85,40,1,COMPLETE
462,13809.595503978746,2025-07-01 16:04:36.610436,2025-07-01 17:16:03.502839,0 days 01:11:26.892403,18,5,10,21,85,21,1,COMPLETE
463,6433.247878931832,2025-07-01 16:04:36.638639,2025-07-01 17:11:05.588601,0 days 01:06:28.949962,18,5,10,21,87,40,1,COMPLETE
464,12842.646196718846,2025-07-01 16:04:36.692388,2025-07-01 17:10:40.641969,0 days 01:06:03.949581,19,5,10,21,85,40,1,COMPLETE
465,9474.43380277823,2025-07-01 16:04:36.743858,2025-07-01 17:08:28.316221,0 days 01:03:51.572363,19,5,10,21,86,39,1,COMPLETE
466,12302.474427780893,2025-07-01 16:04:36.797739,2025-07-01 17:03:10.020314,0 days 00:58:33.222575,18,5,10,21,85,37,1,COMPLETE
467,8838.521258245883,2025-07-01 16:04:36.805004,2025-07-01 17:31:44.339428,0 days 01:27:07.534424,18,5,10,19,85,39,1,COMPLETE
468,5735.253056419286,2025-07-01 16:04:36.940422,2025-07-01 17:09:27.417661,0 days 01:04:50.477239,17,10,10,21,85,39,1,COMPLETE
469,6052.199330220043,2025-07-01 16:04:36.980412,2025-07-01 17:57:30.458260,0 days 01:52:53.477848,18,7,10,21,85,38,1,COMPLETE
470,4021.489090730136,2025-07-01 16:04:36.987104,2025-07-01 17:24:01.298776,0 days 01:19:24.311672,18,6,10,21,86,40,1,COMPLETE
471,8161.501758268067,2025-07-01 16:04:37.015812,2025-07-01 17:05:29.842523,0 days 01:00:52.826711,17,5,9,20,85,39,1,COMPLETE
472,6167.184423917712,2025-07-01 16:04:37.027307,2025-07-01 17:33:34.262754,0 days 01:28:57.235447,18,9,10,21,85,38,1,COMPLETE
473,2511.5306661024806,2025-07-01 16:04:37.044168,2025-07-01 17:16:16.599756,0 days 01:11:39.555588,18,9,10,20,85,40,1,COMPLETE
474,6360.963462042062,2025-07-01 16:04:37.084686,2025-07-01 17:17:28.691058,0 days 01:12:51.606372,18,7,10,21,85,40,1,COMPLETE
475,12855.983119076385,2025-07-01 16:04:37.176437,2025-07-01 17:00:34.253868,0 days 00:55:57.077431,19,5,10,21,85,39,1,COMPLETE
476,7150.604235292671,2025-07-01 16:04:37.203679,2025-07-01 17:23:29.672317,0 days 01:18:52.468638,18,8,9,21,85,40,1,COMPLETE
477,9168.281370545086,2025-07-01 16:04:37.387082,2025-07-01 17:00:37.656490,0 days 00:56:00.269408,18,6,10,21,85,36,1,COMPLETE
478,11149.000799151876,2025-07-01 16:04:37.515000,2025-07-01 17:35:24.527891,0 days 01:30:47.012891,17,5,9,21,85,40,1,COMPLETE
479,9046.260167682298,2025-07-01 16:04:37.542359,2025-07-01 17:11:13.474295,0 days 01:06:35.931936,17,5,10,21,85,38,1,COMPLETE
480,7643.430189519469,2025-07-01 16:04:37.580683,2025-07-01 17:03:48.813254,0 days 00:59:11.232571,17,6,10,21,87,36,1,COMPLETE
481,6109.861541262401,2025-07-01 16:04:37.589456,2025-07-01 17:09:52.696575,0 days 01:05:15.107119,18,10,10,21,85,40,1,COMPLETE
482,10065.847193572552,2025-07-01 16:04:37.643127,2025-07-01 17:17:45.420730,0 days 01:13:07.777603,18,5,10,21,85,38,1,COMPLETE
483,6794.7146732574765,2025-07-01 16:04:37.668997,2025-07-01 17:24:47.433080,0 days 01:20:09.764083,17,7,10,21,85,37,1,COMPLETE
484,8785.882670306519,2025-07-01 16:04:37.697920,2025-07-01 17:01:04.885505,0 days 00:56:27.187585,16,5,10,21,85,40,1,COMPLETE
485,5947.423823824003,2025-07-01 16:04:37.868325,2025-07-01 18:00:17.748147,0 days 01:55:39.879822,18,8,10,21,85,38,1,COMPLETE
486,7735.351779196824,2025-07-01 16:04:37.964464,2025-07-01 17:07:48.740354,0 days 01:03:10.775890,18,6,9,21,86,40,1,COMPLETE
487,9474.43380277823,2025-07-01 16:04:38.028441,2025-07-01 17:11:28.004150,0 days 01:06:49.975709,19,5,10,21,86,39,1,COMPLETE
488,9729.943703875142,2025-07-01 16:04:38.077005,2025-07-01 17:01:26.710797,0 days 00:56:48.633792,18,5,10,21,85,40,1,COMPLETE
489,4685.518418246114,2025-07-01 16:04:38.126373,2025-07-01 17:18:20.901397,0 days 01:13:42.775024,18,7,10,21,84,40,1,COMPLETE
490,5049.152934834554,2025-07-01 16:04:38.275368,2025-07-01 16:59:20.874319,0 days 00:54:42.598951,17,8,10,21,85,40,1,COMPLETE
491,13809.595503978746,2025-07-01 16:04:38.349741,2025-07-01 17:42:08.091157,0 days 01:37:29.741416,18,5,10,21,85,21,1,COMPLETE
492,6244.496581781017,2025-07-01 16:04:38.419283,2025-07-01 17:12:16.752102,0 days 01:07:38.332819,18,6,10,20,85,40,1,COMPLETE
493,6127.807391779277,2025-07-01 16:04:38.432498,2025-07-01 17:07:43.957689,0 days 01:03:05.525191,19,10,10,21,85,39,1,COMPLETE
494,5120.775946552018,2025-07-01 16:04:38.464763,2025-07-01 17:04:09.308615,0 days 00:59:30.843852,17,8,10,21,85,39,1,COMPLETE
495,10065.847193572552,2025-07-01 16:04:38.659401,2025-07-01 17:07:33.273718,0 days 01:02:54.614317,18,5,10,21,85,38,1,COMPLETE
496,9684.87159055782,2025-07-01 16:04:38.915029,2025-07-01 17:26:54.393644,0 days 01:22:15.478615,17,5,10,21,85,40,1,COMPLETE
497,5609.339823978535,2025-07-01 16:04:39.190791,2025-07-01 17:08:39.647639,0 days 01:04:00.456848,17,7,10,21,85,38,1,COMPLETE
498,12855.983119076385,2025-07-01 16:04:39.325892,2025-07-01 17:10:15.424503,0 days 01:05:36.098611,19,5,10,21,85,39,1,COMPLETE
499,3203.2331535098856,2025-07-01 16:04:39.344717,2025-07-01 17:06:56.361049,0 days 01:02:17.016332,18,8,10,20,87,38,1,COMPLETE
500,5071.237868786295,2025-07-01 16:04:39.466766,2025-07-01 17:50:49.687582,0 days 01:46:10.220816,17,7,10,21,85,40,1,COMPLETE
501,8571.437516219545,2025-07-01 16:04:39.573415,2025-07-01 17:30:02.256652,0 days 01:25:22.683237,17,6,10,21,85,39,1,COMPLETE
502,9046.260167682298,2025-07-01 16:04:39.586781,2025-07-01 17:29:23.040220,0 days 01:24:43.453439,17,5,10,21,85,38,1,COMPLETE
503,12302.474427780893,2025-07-01 16:04:39.697990,2025-07-01 17:08:06.474796,0 days 01:03:26.776806,18,5,10,21,85,37,1,COMPLETE
504,8682.680901850714,2025-07-01 16:04:39.811371,2025-07-01 17:04:40.224961,0 days 01:00:00.413590,19,6,10,21,85,39,1,COMPLETE
505,5859.863033315158,2025-07-01 16:04:39.945670,2025-07-01 17:19:02.489716,0 days 01:14:22.544046,18,6,10,20,85,39,1,COMPLETE
506,8216.764525447445,2025-07-01 16:04:40.068339,2025-07-01 17:02:46.194490,0 days 00:58:06.126151,16,6,10,21,85,37,1,COMPLETE
507,826.6562723020907,2025-07-01 16:04:40.108719,2025-07-01 17:08:46.323618,0 days 01:04:06.214899,20,10,10,21,87,40,1,COMPLETE
508,5926.433362741151,2025-07-01 16:04:40.173016,2025-07-01 17:15:59.151738,0 days 01:11:18.978722,19,6,10,21,86,39,1,COMPLETE
509,2511.5306661024806,2025-07-01 16:04:40.236159,2025-07-01 17:32:12.941533,0 days 01:27:32.705374,18,9,10,20,85,40,1,COMPLETE
510,5978.193679748003,2025-07-01 16:04:40.415270,2025-07-01 17:15:22.542979,0 days 01:10:42.127709,18,6,10,20,86,38,1,COMPLETE
511,3494.0434025425093,2025-07-01 16:04:40.488405,2025-07-01 17:15:34.125481,0 days 01:10:53.637076,18,6,10,21,87,38,1,COMPLETE
512,11141.346281258162,2025-07-01 16:04:40.640207,2025-07-01 17:08:45.800829,0 days 01:04:05.160622,18,5,9,21,85,21,1,COMPLETE
513,8238.895400307822,2025-07-01 16:04:40.761084,2025-07-01 17:10:29.615723,0 days 01:05:48.854639,19,6,10,21,85,38,1,COMPLETE
514,9967.393266372448,2025-07-01 16:04:41.085645,2025-07-01 17:03:00.809834,0 days 00:58:19.724189,18,7,9,21,85,36,1,COMPLETE
515,6092.5571496162165,2025-07-01 16:04:41.167533,2025-07-01 17:06:03.448657,0 days 01:01:22.281124,19,11,10,21,85,38,1,COMPLETE
516,9684.87159055782,2025-07-01 16:04:41.298858,2025-07-01 17:02:22.203931,0 days 00:57:40.905073,17,5,10,21,85,40,1,COMPLETE
517,6292.292016911488,2025-07-01 16:04:41.365979,2025-07-01 17:56:54.199154,0 days 01:52:12.833175,17,5,10,21,86,40,1,COMPLETE
518,5537.760949240556,2025-07-01 16:04:41.492841,2025-07-01 17:10:24.583956,0 days 01:05:43.091115,18,6,9,21,86,38,1,COMPLETE
519,9173.714662746264,2025-07-01 16:04:41.572411,2025-07-01 17:10:15.452367,0 days 01:05:33.879956,16,5,10,21,85,36,1,COMPLETE
520,8076.791030301283,2025-07-01 16:04:41.702037,2025-07-01 17:09:57.556435,0 days 01:05:15.854398,18,6,10,18,85,40,1,COMPLETE
521,10177.113894471344,2025-07-01 16:04:41.827801,2025-07-01 17:39:50.717751,0 days 01:35:08.889950,17,5,10,21,86,20,3,COMPLETE
522,3507.9390574213085,2025-07-01 16:04:42.040724,2025-07-01 17:56:53.345812,0 days 01:52:11.305088,17,6,10,21,85,18,3,COMPLETE
523,7696.41087913941,2025-07-01 16:04:42.178845,2025-07-01 17:06:19.908383,0 days 01:01:37.729538,17,5,10,21,85,20,3,COMPLETE
524,5178.51074017216,2025-07-01 16:04:42.337962,2025-07-01 17:04:08.979965,0 days 00:59:26.642003,17,7,10,21,85,20,3,COMPLETE
525,3121.3786559061173,2025-07-01 16:04:42.404943,2025-07-01 17:25:27.637279,0 days 01:20:45.232336,17,6,10,20,85,20,3,COMPLETE
526,5225.524296618339,2025-07-01 16:04:42.419126,2025-07-01 17:17:21.497448,0 days 01:12:39.078322,17,9,10,21,88,20,3,COMPLETE
527,5273.768300217982,2025-07-01 16:04:42.446438,2025-07-01 17:27:07.150412,0 days 01:22:24.703974,17,7,10,21,85,19,3,COMPLETE
528,7112.849148202169,2025-07-01 16:04:42.452806,2025-07-01 17:16:42.261642,0 days 01:11:59.808836,18,5,10,20,85,21,3,COMPLETE
529,3624.5948587371513,2025-07-01 16:04:42.521401,2025-07-01 17:24:09.415127,0 days 01:19:26.893726,17,10,10,21,85,20,3,COMPLETE
530,4319.437330183935,2025-07-01 16:04:42.544233,2025-07-01 18:00:44.235787,0 days 01:56:01.691554,16,7,10,20,85,19,3,COMPLETE
531,5015.393119512118,2025-07-01 16:04:42.550342,2025-07-01 17:19:54.999350,0 days 01:15:12.449008,16,5,10,20,85,20,3,COMPLETE
532,4901.605368795963,2025-07-01 16:04:42.556288,2025-07-01 17:12:22.550823,0 days 01:07:39.994535,17,8,10,21,85,20,3,COMPLETE
533,5107.001633020137,2025-07-01 16:04:42.642892,2025-07-01 17:19:00.902209,0 days 01:14:18.259317,16,7,10,21,85,20,3,COMPLETE
534,7696.41087913941,2025-07-01 16:04:42.676682,2025-07-01 17:27:25.313661,0 days 01:22:42.636979,17,5,10,21,85,20,3,COMPLETE
535,4327.328629444986,2025-07-01 16:04:42.765293,2025-07-01 17:07:54.264706,0 days 01:03:11.499413,17,6,9,20,85,20,3,COMPLETE
536,7698.919633808361,2025-07-01 16:04:42.856555,2025-07-01 17:19:40.600084,0 days 01:14:57.743529,18,6,10,20,86,35,3,COMPLETE
537,7410.812590627522,2025-07-01 16:04:42.921412,2025-07-01 17:13:18.742447,0 days 01:08:35.821035,17,5,10,20,85,20,3,COMPLETE
538,5722.910915759083,2025-07-01 16:04:43.420861,2025-07-01 17:52:44.165797,0 days 01:48:00.744936,17,5,9,21,85,20,3,COMPLETE
539,5253.263346365517,2025-07-01 16:04:43.429913,2025-07-01 17:20:25.685410,0 days 01:15:42.255497,18,8,10,21,85,21,3,COMPLETE
540,10406.980753618021,2025-07-01 16:04:43.464113,2025-07-01 17:20:08.850507,0 days 01:15:25.386394,17,5,10,21,86,21,3,COMPLETE
541,7696.41087913941,2025-07-01 16:04:43.488484,2025-07-01 18:07:48.605735,0 days 02:03:05.117251,17,5,10,21,85,20,3,COMPLETE
542,2488.0854372636422,2025-07-01 16:04:43.509615,2025-07-01 17:07:55.362667,0 days 01:03:11.853052,19,7,10,21,85,20,3,COMPLETE
543,4218.044873942312,2025-07-01 16:04:43.533194,2025-07-01 17:49:25.532128,0 days 01:44:41.998934,17,7,10,20,85,19,3,COMPLETE
544,3896.134046043795,2025-07-01 16:04:43.590428,2025-07-01 17:15:10.473271,0 days 01:10:26.882843,17,6,10,21,85,19,3,COMPLETE
545,7696.41087913941,2025-07-01 16:04:43.781197,2025-07-01 17:08:36.818529,0 days 01:03:53.037332,17,5,10,21,85,20,3,COMPLETE
546,7703.7709575489625,2025-07-01 16:04:43.813948,2025-07-01 17:14:59.194329,0 days 01:10:15.380381,17,5,10,21,85,22,3,COMPLETE
547,10406.980753618021,2025-07-01 16:04:43.886243,2025-07-01 17:21:08.156154,0 days 01:16:24.269911,17,5,10,21,86,21,3,COMPLETE
548,5236.112382323909,2025-07-01 16:04:43.920715,2025-07-01 17:33:03.145098,0 days 01:28:19.224383,18,6,10,21,85,21,3,COMPLETE
549,9522.444316756635,2025-07-01 16:04:43.956782,2025-07-01 17:46:50.940643,0 days 01:42:06.983861,17,5,10,20,86,21,3,COMPLETE
550,7847.541997269163,2025-07-01 16:04:44.030794,2025-07-01 17:21:54.638331,0 days 01:17:10.607537,17,5,10,21,85,21,3,COMPLETE
551,7334.015369559339,2025-07-01 16:04:44.053352,2025-07-01 17:21:45.108085,0 days 01:17:01.054733,18,5,10,21,85,20,3,COMPLETE
552,5015.842677259627,2025-07-01 16:04:44.130340,2025-07-01 17:23:18.660272,0 days 01:18:34.529932,16,5,10,21,85,20,3,COMPLETE
553,5118.5820476667295,2025-07-01 16:04:44.169595,2025-07-01 17:55:14.050518,0 days 01:50:29.880923,16,5,10,21,85,21,3,COMPLETE
554,5359.631110848699,2025-07-01 16:04:44.181398,2025-07-01 17:22:33.220138,0 days 01:17:49.038740,18,9,10,21,85,21,3,COMPLETE
555,3121.3786559061173,2025-07-01 16:04:44.321545,2025-07-01 17:22:40.945114,0 days 01:17:56.623569,17,6,10,20,85,20,3,COMPLETE
556,7847.541997269163,2025-07-01 16:04:44.344549,2025-07-01 17:32:50.531101,0 days 01:28:06.186552,17,5,10,21,85,21,3,COMPLETE
557,7847.541997269163,2025-07-01 16:04:44.412648,2025-07-01 17:15:56.824148,0 days 01:11:12.411500,17,5,10,21,85,21,3,COMPLETE
558,4344.125130029632,2025-07-01 16:04:44.476641,2025-07-01 17:16:04.154058,0 days 01:11:19.677417,18,6,10,20,85,20,3,COMPLETE
559,4536.003693602049,2025-07-01 16:04:44.662935,2025-07-01 17:34:11.504799,0 days 01:29:26.841864,16,5,10,20,86,19,3,COMPLETE
560,6306.7428465238745,2025-07-01 16:04:44.691020,2025-07-01 17:57:58.767509,0 days 01:53:14.076489,18,5,9,21,85,21,3,COMPLETE
561,3486.863244499562,2025-07-01 16:04:44.757818,2025-07-01 17:05:38.651872,0 days 01:00:53.894054,17,6,10,19,85,20,3,COMPLETE
562,4120.031340252981,2025-07-01 16:04:44.783931,2025-07-01 17:09:12.669989,0 days 01:04:27.886058,17,9,10,20,85,20,3,COMPLETE
563,2857.6644576596573,2025-07-01 16:04:44.790936,2025-07-01 18:09:22.063790,0 days 02:04:37.272854,17,6,10,20,86,20,3,COMPLETE
564,7341.4795553021695,2025-07-01 16:04:45.018771,2025-07-01 17:06:14.977162,0 days 01:01:29.958391,18,5,10,21,85,22,3,COMPLETE
565,5420.097877070566,2025-07-01 16:04:45.077408,2025-07-01 17:09:37.129501,0 days 01:04:52.052093,18,6,10,21,85,19,3,COMPLETE
566,5015.393119512118,2025-07-01 16:04:45.078790,2025-07-01 18:07:47.139864,0 days 02:03:02.061074,16,5,10,20,85,20,3,COMPLETE
567,7112.849148202169,2025-07-01 16:04:45.154306,2025-07-01 17:08:37.842961,0 days 01:03:52.688655,18,5,10,20,85,21,3,COMPLETE
568,5705.198798550067,2025-07-01 16:04:45.226103,2025-07-01 17:36:16.172229,0 days 01:31:30.946126,17,7,10,21,85,21,3,COMPLETE
569,7847.541997269163,2025-07-01 16:04:45.346985,2025-07-01 17:21:40.013706,0 days 01:16:54.666721,17,5,10,21,85,21,3,COMPLETE
570,2929.624728499841,2025-07-01 16:04:45.426245,2025-07-01 17:10:32.815681,0 days 01:05:47.389436,18,7,10,21,84,21,3,COMPLETE
571,5802.495677736631,2025-07-01 16:04:45.472064,2025-07-01 17:58:32.003702,0 days 01:53:46.531638,17,7,10,18,85,20,3,COMPLETE
572,2488.0854372636422,2025-07-01 16:04:45.533952,2025-07-01 17:10:36.970429,0 days 01:05:51.436477,19,7,10,21,85,20,3,COMPLETE
573,6561.5512134946875,2025-07-01 16:04:45.658706,2025-07-01 17:24:53.324299,0 days 01:20:07.665593,18,5,10,21,85,19,3,COMPLETE
574,7983.523624717359,2025-07-01 16:04:45.801265,2025-07-01 17:17:47.587042,0 days 01:13:01.785777,16,5,10,21,86,22,3,COMPLETE
575,3918.948267610115,2025-07-01 16:04:45.812452,2025-07-01 17:36:54.855522,0 days 01:32:09.043070,15,5,10,19,85,20,3,COMPLETE
576,7334.015369559339,2025-07-01 16:04:45.860930,2025-07-01 17:11:16.495012,0 days 01:06:30.634082,18,5,10,21,85,20,3,COMPLETE
577,3740.751477345362,2025-07-01 16:04:45.873615,2025-07-01 17:23:41.867661,0 days 01:18:55.994046,15,6,10,21,85,19,3,COMPLETE
578,7847.541997269163,2025-07-01 16:04:45.992535,2025-07-01 17:36:17.577860,0 days 01:31:31.585325,17,5,10,21,85,21,3,COMPLETE
579,5319.205010097439,2025-07-01 16:04:46.159490,2025-07-01 17:18:01.787533,0 days 01:13:15.628043,17,8,10,20,86,21,3,COMPLETE
580,2464.0106277916566,2025-07-01 16:04:46.247906,2025-07-01 17:59:52.804569,0 days 01:55:06.556663,19,6,10,21,85,21,2,COMPLETE
581,2857.6644576596573,2025-07-01 16:04:46.371341,2025-07-01 17:27:55.125410,0 days 01:23:08.754069,17,6,10,20,86,20,3,COMPLETE
582,5748.727456369634,2025-07-01 16:04:46.415623,2025-07-01 17:41:18.843277,0 days 01:36:32.427654,20,5,10,21,85,19,3,COMPLETE
583,2714.956541924612,2025-07-01 16:04:46.564160,2025-07-01 17:24:03.102606,0 days 01:19:16.538446,17,6,9,21,85,20,3,COMPLETE
584,5323.187298648756,2025-07-01 16:04:46.597014,2025-07-01 17:18:21.171015,0 days 01:13:34.574001,17,5,10,21,84,20,3,COMPLETE
585,8258.712455205276,2025-07-01 16:04:46.672981,2025-07-01 17:26:19.240696,0 days 01:21:32.567715,19,5,10,21,85,20,3,COMPLETE
586,3414.895826261318,2025-07-01 16:04:46.835984,2025-07-01 17:41:23.240539,0 days 01:36:36.404555,18,7,10,21,85,20,3,COMPLETE
587,7425.859266119402,2025-07-01 16:04:46.899676,2025-07-01 17:16:24.481170,0 days 01:11:37.581494,17,5,10,20,85,21,3,COMPLETE
588,3925.8093926499278,2025-07-01 16:04:46.946803,2025-07-01 18:00:14.784287,0 days 01:55:27.837484,17,6,10,21,85,20,3,COMPLETE
589,591.0395616668502,2025-07-01 16:04:47.019391,2025-07-01 17:28:00.059029,0 days 01:23:13.039638,21,8,10,21,85,21,2,COMPLETE
590,9214.39704933735,2025-07-01 16:04:47.098615,2025-07-01 17:33:33.029326,0 days 01:28:45.930711,17,5,10,21,86,19,3,COMPLETE
591,5644.553067901949,2025-07-01 16:04:47.167325,2025-07-01 17:18:37.540704,0 days 01:13:50.373379,16,6,10,21,86,21,3,COMPLETE
592,7847.541997269163,2025-07-01 16:04:47.178806,2025-07-01 17:28:11.383014,0 days 01:23:24.204208,17,5,10,21,85,21,3,COMPLETE
593,5442.542555532039,2025-07-01 16:04:47.191490,2025-07-01 17:18:04.443268,0 days 01:13:17.251778,17,8,10,21,86,19,3,COMPLETE
594,5323.187298648756,2025-07-01 16:04:47.287249,2025-07-01 17:42:38.373255,0 days 01:37:51.086006,17,5,10,21,84,20,3,COMPLETE
595,7410.812590627522,2025-07-01 16:04:47.621841,2025-07-01 17:13:42.178247,0 days 01:08:54.556406,17,5,10,20,85,20,3,COMPLETE
596,4968.357235781288,2025-07-01 16:04:47.622890,2025-07-01 17:13:57.654351,0 days 01:09:10.031461,16,8,9,21,86,20,3,COMPLETE
597,5890.004593282397,2025-07-01 16:04:47.718346,2025-07-01 17:13:35.925378,0 days 01:08:48.207032,15,6,10,21,82,21,1,COMPLETE
598,7069.879587834006,2025-07-01 16:04:47.746703,2025-07-01 17:51:49.821678,0 days 01:47:02.074975,14,5,10,21,82,21,1,COMPLETE
599,7170.427318130677,2025-07-01 16:04:47.829392,2025-07-01 17:28:34.292698,0 days 01:23:46.463306,14,6,10,21,82,21,1,COMPLETE
600,5073.969312543445,2025-07-01 16:04:47.841622,2025-07-01 17:42:41.672907,0 days 01:37:53.831285,14,5,10,20,82,22,1,COMPLETE
601,6424.443903362953,2025-07-01 16:04:47.956666,2025-07-01 17:19:11.047174,0 days 01:14:23.090508,16,6,10,21,83,22,1,COMPLETE
602,4347.379751894434,2025-07-01 16:04:48.058200,2025-07-01 17:13:43.643217,0 days 01:08:55.585017,14,8,10,21,83,21,1,COMPLETE
603,6198.400813468497,2025-07-01 16:04:48.064202,2025-07-01 17:44:50.338017,0 days 01:40:02.273815,14,6,10,20,83,21,1,COMPLETE
604,5622.09988499429,2025-07-01 16:04:48.154834,2025-07-01 18:03:01.725601,0 days 01:58:13.570767,15,5,10,21,82,20,1,COMPLETE
605,6184.496566154848,2025-07-01 16:04:48.187470,2025-07-01 17:47:41.627266,0 days 01:42:53.439796,15,5,10,21,83,21,1,COMPLETE
606,6089.149921395016,2025-07-01 16:04:48.265862,2025-07-01 17:15:41.531273,0 days 01:10:53.265411,15,7,10,18,82,21,1,COMPLETE
607,6194.8028122674095,2025-07-01 16:04:48.314567,2025-07-01 17:29:28.563782,0 days 01:24:40.249215,16,5,10,21,83,20,1,COMPLETE
608,6297.210861327152,2025-07-01 16:04:48.349702,2025-07-01 17:09:21.498997,0 days 01:04:33.149295,14,8,10,21,82,21,1,COMPLETE
609,6076.785845978984,2025-07-01 16:04:48.377978,2025-07-01 18:03:20.050627,0 days 01:58:31.672649,17,6,10,21,83,20,1,COMPLETE
610,4501.70085593918,2025-07-01 16:04:48.400004,2025-07-01 17:21:17.718871,0 days 01:16:29.318867,15,6,10,20,82,21,1,COMPLETE
611,7587.772599626536,2025-07-01 16:04:48.672759,2025-07-01 17:09:07.402395,0 days 01:04:18.729636,14,5,10,19,82,21,1,COMPLETE
612,6055.4052185065475,2025-07-01 16:04:48.706509,2025-07-01 17:48:37.885631,0 days 01:43:49.179122,15,7,10,19,82,21,1,COMPLETE
613,7777.640249316271,2025-07-01 16:04:48.711621,2025-07-01 17:17:06.234483,0 days 01:12:17.522862,14,5,10,21,83,21,1,COMPLETE
614,5164.588994140248,2025-07-01 16:04:48.796294,2025-07-01 17:35:00.260962,0 days 01:30:11.464668,14,5,9,21,83,20,1,COMPLETE
615,6390.46394670868,2025-07-01 16:04:48.873264,2025-07-01 17:10:21.275374,0 days 01:05:32.402110,15,7,10,21,82,21,1,COMPLETE
616,6802.038676769693,2025-07-01 16:04:48.917476,2025-07-01 17:22:05.340865,0 days 01:17:16.423389,14,6,10,19,82,21,1,COMPLETE
617,6184.496566154848,2025-07-01 16:04:48.928009,2025-07-01 17:53:51.027245,0 days 01:49:02.099236,15,5,10,21,83,21,1,COMPLETE
618,2945.7010909049623,2025-07-01 16:04:48.941788,2025-07-01 18:03:35.109929,0 days 01:58:46.168141,16,10,10,20,82,21,1,COMPLETE
619,6184.496566154848,2025-07-01 16:04:49.026056,2025-07-01 18:05:09.554296,0 days 02:00:20.528240,15,5,10,21,83,21,1,COMPLETE
620,7069.879587834006,2025-07-01 16:04:49.090619,2025-07-01 17:09:52.690293,0 days 01:05:03.599674,14,5,10,21,82,21,1,COMPLETE
621,5748.814211529522,2025-07-01 16:04:49.142313,2025-07-01 17:54:56.279930,0 days 01:50:07.137617,15,5,10,21,82,21,1,COMPLETE
622,6740.223481313709,2025-07-01 16:04:49.228846,2025-07-01 17:05:20.039111,0 days 01:00:30.810265,15,7,10,21,82,22,1,COMPLETE
623,5925.446367624574,2025-07-01 16:04:49.282078,2025-07-01 17:54:42.470257,0 days 01:49:53.188179,15,6,10,21,82,22,1,COMPLETE
624,7069.879587834006,2025-07-01 16:04:49.441636,2025-07-01 17:51:27.166865,0 days 01:46:37.725229,14,5,10,21,82,21,1,COMPLETE
625,5748.814211529522,2025-07-01 16:04:49.570567,2025-07-01 17:35:43.573866,0 days 01:30:54.003299,15,5,10,21,82,21,1,COMPLETE
626,2849.69405981457,2025-07-01 16:04:49.674196,2025-07-01 18:06:47.351390,0 days 02:01:57.677194,15,5,9,18,82,19,1,COMPLETE
627,6390.46394670868,2025-07-01 16:04:49.682540,2025-07-01 17:24:22.686566,0 days 01:19:33.004026,15,7,10,21,82,21,1,COMPLETE
628,5310.140520233015,2025-07-01 16:04:49.745281,2025-07-01 18:06:58.779560,0 days 02:02:09.034279,16,5,10,21,82,21,1,COMPLETE
629,9532.471951171847,2025-07-01 16:04:49.821740,2025-07-01 17:54:21.648016,0 days 01:49:31.826276,14,5,10,19,81,20,1,COMPLETE
630,7428.707031472022,2025-07-01 16:04:49.830949,2025-07-01 18:08:15.568595,0 days 02:03:25.737646,17,5,10,21,82,21,1,COMPLETE
631,6184.496566154848,2025-07-01 16:04:49.845694,2025-07-01 17:10:33.622639,0 days 01:05:43.776945,15,5,10,21,83,21,1,COMPLETE
632,6195.845439740533,2025-07-01 16:04:50.001749,2025-07-01 17:57:33.131879,0 days 01:52:43.130130,12,6,10,20,83,21,1,COMPLETE
633,6350.586010263445,2025-07-01 16:04:50.014102,2025-07-01 17:25:42.522113,0 days 01:20:52.508011,14,5,10,20,82,21,1,COMPLETE
634,6390.46394670868,2025-07-01 16:04:50.082633,2025-07-01 17:17:43.811010,0 days 01:12:53.728377,15,7,10,21,82,21,1,COMPLETE
635,7147.183610633032,2025-07-01 16:04:50.187715,2025-07-01 17:54:52.728800,0 days 01:50:02.541085,15,8,10,21,82,21,1,COMPLETE
636,5971.185150105665,2025-07-01 16:04:50.242023,2025-07-01 17:56:48.860790,0 days 01:51:58.618767,16,6,10,21,82,21,1,COMPLETE
637,5748.814211529522,2025-07-01 16:04:50.354348,2025-07-01 17:25:48.344825,0 days 01:20:57.990477,15,5,10,21,82,21,1,COMPLETE
638,5890.004593282397,2025-07-01 16:04:50.372109,2025-07-01 18:00:05.650389,0 days 01:55:15.278280,15,6,10,21,82,21,1,COMPLETE
639,5748.814211529522,2025-07-01 16:04:50.451569,2025-07-01 17:16:48.095947,0 days 01:11:57.644378,15,5,10,21,82,21,1,COMPLETE
640,7036.83937974079,2025-07-01 16:04:50.458912,2025-07-01 17:37:44.720353,0 days 01:32:54.261441,13,5,10,21,82,22,1,COMPLETE
641,5928.4961383255795,2025-07-01 16:04:50.636346,2025-07-01 17:11:03.122654,0 days 01:06:12.486308,13,9,10,21,81,21,1,COMPLETE
642,7147.183610633032,2025-07-01 16:04:50.674044,2025-07-01 18:08:51.003632,0 days 02:04:00.329588,15,8,10,21,82,21,1,COMPLETE
643,5748.814211529522,2025-07-01 16:04:50.713329,2025-07-01 18:06:30.961053,0 days 02:01:40.247724,15,5,10,21,82,21,1,COMPLETE
644,5622.09988499429,2025-07-01 16:04:50.749863,2025-07-01 17:11:52.049135,0 days 01:07:01.299272,15,5,10,21,82,20,1,COMPLETE
645,5969.158523245611,2025-07-01 16:04:50.826750,2025-07-01 17:10:39.574165,0 days 01:05:48.747415,15,7,10,21,83,20,1,COMPLETE
646,6786.263720854764,2025-07-01 16:04:50.871231,2025-07-01 17:18:40.014652,0 days 01:13:49.143421,14,6,10,21,83,20,1,COMPLETE
647,6946.596796070864,2025-07-01 16:04:50.880291,2025-07-01 17:59:34.459027,0 days 01:54:43.578736,13,5,10,20,83,20,1,COMPLETE
648,5890.004593282397,2025-07-01 16:04:50.891649,2025-07-01 17:03:31.673380,0 days 00:58:40.781731,15,6,10,21,82,21,1,COMPLETE
649,5813.73762916801,2025-07-01 16:04:50.897659,2025-07-01 17:27:21.942880,0 days 01:22:31.045221,15,6,10,21,82,20,1,COMPLETE
650,5622.09988499429,2025-07-01 16:04:50.996496,2025-07-01 17:16:54.589850,0 days 01:12:03.593354,15,5,10,21,82,20,1,COMPLETE
651,6774.851649969474,2025-07-01 16:04:51.014185,2025-07-01 18:04:47.130261,0 days 01:59:56.116076,18,5,10,21,82,22,1,COMPLETE
652,5748.814211529522,2025-07-01 16:04:51.055874,2025-07-01 18:07:21.938530,0 days 02:02:30.882656,15,5,10,21,82,21,1,COMPLETE
653,5748.814211529522,2025-07-01 16:04:51.069719,2025-07-01 18:00:29.870151,0 days 01:55:38.800432,15,5,10,21,82,21,1,COMPLETE
654,5748.814211529522,2025-07-01 16:04:51.190947,2025-07-01 18:02:18.080032,0 days 01:57:26.889085,15,5,10,21,82,21,1,COMPLETE
655,7069.879587834006,2025-07-01 16:04:51.240338,2025-07-01 18:00:07.409333,0 days 01:55:16.168995,14,5,10,21,82,21,1,COMPLETE
656,7796.509473676976,2025-07-01 16:04:51.335158,2025-07-01 17:12:32.041678,0 days 01:07:40.706520,15,5,10,20,83,21,1,COMPLETE
657,6066.945415954777,2025-07-01 16:04:51.389739,2025-07-01 17:40:53.803985,0 days 01:36:02.414246,14,8,10,21,82,20,1,COMPLETE
658,5890.004593282397,2025-07-01 16:04:51.398920,2025-07-01 17:39:42.623341,0 days 01:34:51.224421,15,6,10,21,82,21,1,COMPLETE
659,7147.183610633032,2025-07-01 16:04:51.423691,2025-07-01 18:07:25.345287,0 days 02:02:33.921596,15,8,10,21,82,21,1,COMPLETE
660,5182.688006147841,2025-07-01 16:04:51.531936,2025-07-01 17:36:54.303885,0 days 01:32:02.771949,13,6,10,20,82,21,1,COMPLETE
661,6313.891835308615,2025-07-01 16:04:51.567092,2025-07-01 17:19:26.758518,0 days 01:14:35.191426,15,6,10,21,81,19,1,COMPLETE
662,7344.74912806774,2025-07-01 16:04:51.613660,2025-07-01 17:58:56.921099,0 days 01:54:05.307439,13,5,10,21,82,20,1,COMPLETE
663,6488.595433592137,2025-07-01 16:04:51.647018,2025-07-01 18:05:53.941500,0 days 02:01:02.294482,16,9,10,21,82,21,1,COMPLETE
664,6788.125469806531,2025-07-01 16:04:51.679166,2025-07-01 17:44:05.735440,0 days 01:39:14.056274,14,5,10,21,82,20,1,COMPLETE
665,7674.089586069253,2025-07-01 16:04:51.736855,2025-07-01 17:45:09.590653,0 days 01:40:17.853798,15,5,10,20,83,20,1,COMPLETE
666,4926.847701216657,2025-07-01 16:04:52.025928,2025-07-01 18:00:10.629107,0 days 01:55:18.603179,15,7,10,20,82,21,1,COMPLETE
667,5813.73762916801,2025-07-01 16:04:52.205621,2025-07-01 17:07:57.036039,0 days 01:03:04.830418,15,6,10,21,82,20,1,COMPLETE
668,5022.54086212551,2025-07-01 16:04:52.304603,2025-07-01 18:08:33.741608,0 days 02:03:41.437005,15,5,10,20,82,20,1,COMPLETE
669,5813.73762916801,2025-07-01 16:04:52.396551,2025-07-01 17:27:58.017220,0 days 01:23:05.620669,15,6,10,21,82,20,1,COMPLETE
670,5620.739551568087,2025-07-01 16:04:52.445328,2025-07-01 17:18:19.020255,0 days 01:13:26.574927,17,6,10,19,82,20,1,COMPLETE
671,5748.814211529522,2025-07-01 16:04:52.469057,2025-07-01 17:19:07.223671,0 days 01:14:14.754614,15,5,10,21,82,21,1,COMPLETE
672,6788.125469806531,2025-07-01 16:04:52.626080,2025-07-01 18:03:40.434850,0 days 01:58:47.808770,14,5,10,21,82,20,1,COMPLETE
673,5206.545949138079,2025-07-01 16:04:52.722959,2025-07-01 18:07:42.234489,0 days 02:02:49.511530,15,8,10,20,82,21,1,COMPLETE
674,5170.752055597954,2025-07-01 16:04:52.810785,2025-07-01 17:28:34.333475,0 days 01:23:41.522690,15,5,10,20,82,21,1,COMPLETE
675,6659.683124768109,2025-07-01 16:04:52.854992,2025-07-01 17:28:36.856071,0 days 01:23:44.001079,14,6,10,21,82,20,1,COMPLETE
676,6390.46394670868,2025-07-01 16:04:52.860829,2025-07-01 18:04:29.359176,0 days 01:59:36.498347,15,7,10,21,82,21,1,COMPLETE
677,5631.787968024063,2025-07-01 16:04:52.923762,2025-07-01 17:49:34.558324,0 days 01:44:41.634562,15,5,10,21,82,19,1,COMPLETE
678,4590.41237325591,2025-07-01 16:04:53.039239,2025-07-01 17:31:25.880946,0 days 01:26:32.841707,15,9,10,21,82,21,1,COMPLETE
679,6184.496566154848,2025-07-01 16:04:53.127509,2025-07-01 18:00:20.486930,0 days 01:55:27.359421,15,5,10,21,83,21,1,COMPLETE
680,5022.54086212551,2025-07-01 16:04:53.201208,2025-07-01 17:30:17.334620,0 days 01:25:24.133412,15,5,10,20,82,20,1,COMPLETE
681,5748.814211529522,2025-07-01 16:04:53.252847,2025-07-01 18:05:09.810166,0 days 02:00:16.557319,15,5,10,21,82,21,1,COMPLETE
682,3535.732252266018,2025-07-01 16:04:53.347901,2025-07-01 18:08:47.230375,0 days 02:03:53.882474,15,9,10,20,83,20,1,COMPLETE
683,5565.1372498606725,2025-07-01 16:04:53.437033,2025-07-01 18:08:35.301961,0 days 02:03:41.864928,15,10,10,21,82,21,1,COMPLETE
684,5170.752055597954,2025-07-01 16:04:53.542029,2025-07-01 17:46:28.566360,0 days 01:41:35.024331,15,5,10,20,82,21,1,COMPLETE
685,6390.46394670868,2025-07-01 16:04:53.604206,2025-07-01 18:09:17.027027,0 days 02:04:23.422821,15,7,10,21,82,21,1,COMPLETE
686,4732.377889982197,2025-07-01 16:04:53.738583,2025-07-01 17:15:46.076713,0 days 01:10:52.338130,14,6,10,20,82,22,1,COMPLETE
687,5777.308700044503,2025-07-01 16:04:53.841248,2025-07-01 18:05:07.819629,0 days 02:00:13.978381,15,8,10,20,82,20,1,COMPLETE
688,5770.366443262837,2025-07-01 16:04:53.850164,2025-07-01 17:51:56.947959,0 days 01:47:03.097795,16,5,10,19,82,22,1,COMPLETE
689,6408.0367444248695,2025-07-01 16:04:53.857215,2025-07-01 18:07:50.044917,0 days 02:02:56.187702,14,9,10,21,82,21,1,COMPLETE
690,6788.125469806531,2025-07-01 16:04:53.885548,2025-07-01 17:24:51.701507,0 days 01:19:57.815959,14,5,10,21,82,20,1,COMPLETE
691,7777.640249316271,2025-07-01 16:04:53.924823,2025-07-01 17:55:22.854187,0 days 01:50:28.929364,14,5,10,21,83,21,1,COMPLETE
692,5704.592651868656,2025-07-01 16:04:53.936458,2025-07-01 17:34:57.546634,0 days 01:30:03.610176,14,8,10,21,82,19,1,COMPLETE
693,5622.09988499429,2025-07-01 16:04:54.029425,2025-07-01 17:59:30.788059,0 days 01:54:36.758634,15,5,10,21,82,20,1,COMPLETE
694,6338.531789165217,2025-07-01 16:04:54.035997,2025-07-01 18:08:39.362248,0 days 02:03:45.326251,15,7,10,21,83,21,1,COMPLETE
695,6297.210861327152,2025-07-01 16:04:54.175921,2025-07-01 17:53:08.651991,0 days 01:48:14.476070,14,8,10,21,82,21,1,COMPLETE
696,5192.920891048801,2025-07-01 16:04:54.209763,2025-07-01 18:04:52.762529,0 days 01:59:58.552766,14,5,9,21,82,19,1,COMPLETE
697,4590.41237325591,2025-07-01 16:04:54.227606,2025-07-01 17:55:44.142345,0 days 01:50:49.914739,15,9,10,21,82,21,1,COMPLETE
698,6561.072784823806,2025-07-01 16:04:54.234141,2025-07-01 18:05:34.047102,0 days 02:00:39.812961,17,8,10,21,82,21,1,COMPLETE
699,7170.427318130677,2025-07-01 16:04:54.249858,2025-07-01 17:54:27.123044,0 days 01:49:32.873186,14,6,10,21,82,21,1,COMPLETE
700,4590.41237325591,2025-07-01 16:04:54.394397,2025-07-01 18:08:46.826098,0 days 02:03:52.431701,15,9,10,21,82,21,1,COMPLETE
701,4389.019849543081,2025-07-01 16:04:54.499885,2025-07-01 18:05:47.719151,0 days 02:00:53.219266,16,5,10,20,82,22,1,COMPLETE
702,6489.9907338129,2025-07-01 16:04:54.639076,2025-07-01 17:52:41.963975,0 days 01:47:47.324899,14,7,10,21,81,21,1,COMPLETE
703,6308.583205762454,2025-07-01 16:04:54.780324,2025-07-01 17:34:09.951359,0 days 01:29:15.171035,14,7,10,21,82,21,1,COMPLETE
704,4926.847701216657,2025-07-01 16:04:54.799840,2025-07-01 17:24:48.938592,0 days 01:19:54.138752,15,7,10,20,82,21,1,COMPLETE
705,4026.1043707893004,2025-07-01 16:04:54.836014,2025-07-01 18:05:16.307959,0 days 02:00:21.471945,15,5,9,21,82,19,1,COMPLETE
706,4824.280126853611,2025-07-01 16:04:54.875592,2025-07-01 17:55:44.715645,0 days 01:50:49.840053,15,6,10,20,90,21,1,COMPLETE
707,6127.144223510888,2025-07-01 16:04:54.981817,2025-07-01 17:10:34.694263,0 days 01:05:39.712446,15,8,10,21,83,20,1,COMPLETE
708,5925.446367624574,2025-07-01 16:04:55.015920,2025-07-01 18:05:09.624707,0 days 02:00:14.608787,15,6,10,21,82,22,1,COMPLETE
709,5748.814211529522,2025-07-01 16:04:55.031934,2025-07-01 17:57:09.614465,0 days 01:52:14.582531,15,5,10,21,82,21,1,COMPLETE
710,6206.846678132505,2025-07-01 16:04:55.101925,2025-07-01 18:06:14.801607,0 days 02:01:19.699682,15,6,10,19,83,20,1,COMPLETE
711,5890.004593282397,2025-07-01 16:04:55.177876,2025-07-01 17:38:13.225945,0 days 01:33:18.048069,15,6,10,21,82,21,1,COMPLETE
712,5146.440229483334,2025-07-01 16:04:55.196030,2025-07-01 17:17:18.688320,0 days 01:12:23.492290,15,8,9,21,82,22,1,COMPLETE
713,5813.73762916801,2025-07-01 16:04:55.251777,2025-07-01 18:04:19.018229,0 days 01:59:23.766452,15,6,10,21,82,20,1,COMPLETE
714,5415.707928734203,2025-07-01 16:04:55.314901,2025-07-01 17:57:03.571697,0 days 01:52:08.256796,15,7,10,20,83,21,1,COMPLETE
715,6064.405764806784,2025-07-01 16:04:55.375497,2025-07-01 17:24:16.046117,0 days 01:19:20.670620,15,6,10,21,83,21,1,COMPLETE
716,7069.879587834006,2025-07-01 16:04:55.438858,2025-07-01 18:09:04.574927,0 days 02:04:09.136069,14,5,10,21,82,21,1,COMPLETE
717,7170.427318130677,2025-07-01 16:04:55.539508,2025-07-01 17:16:44.039787,0 days 01:11:48.500279,14,6,10,21,82,21,1,COMPLETE
718,5631.787968024063,2025-07-01 16:04:55.731362,2025-07-01 17:57:05.261816,0 days 01:52:09.530454,15,5,10,21,82,19,1,COMPLETE
719,7092.359383540876,2025-07-01 16:04:55.754345,2025-07-01 17:57:34.412240,0 days 01:52:38.657895,15,8,10,21,81,21,1,COMPLETE
720,6746.672278502405,2025-07-01 16:04:55.807569,2025-07-01 17:34:50.144283,0 days 01:29:54.336714,15,7,10,19,81,21,1,COMPLETE
721,5327.2634423735135,2025-07-01 16:04:55.820122,2025-07-01 18:06:41.504101,0 days 02:01:45.683979,14,5,9,21,83,21,1,COMPLETE
722,6561.072784823806,2025-07-01 16:04:55.826276,2025-07-01 17:18:05.292591,0 days 01:13:09.466315,17,8,10,21,82,21,1,COMPLETE
723,4239.901606783425,2025-07-01 16:04:55.878797,2025-07-01 18:08:55.698969,0 days 02:03:59.820172,15,5,9,21,82,20,1,COMPLETE
724,6309.708700679634,2025-07-01 16:04:55.927156,2025-07-01 17:24:10.078158,0 days 01:19:14.151002,15,5,10,21,84,20,1,COMPLETE
725,7036.83937974079,2025-07-01 16:04:55.954917,2025-07-01 17:25:33.538297,0 days 01:20:37.583380,13,5,10,21,82,22,1,COMPLETE
726,6002.985270706756,2025-07-01 16:04:55.982712,2025-07-01 17:25:12.355968,0 days 01:20:16.373256,15,5,10,21,83,20,1,COMPLETE
727,7442.244939686075,2025-07-01 16:04:56.004433,2025-07-01 18:00:12.919615,0 days 01:55:16.915182,13,5,10,21,82,21,1,COMPLETE
728,5622.09988499429,2025-07-01 16:04:56.057418,2025-07-01 17:57:10.525780,0 days 01:52:14.468362,15,5,10,21,82,20,1,COMPLETE
729,5230.990881903742,2025-07-01 16:04:56.250014,2025-07-01 18:08:58.929223,0 days 02:04:02.679209,14,6,10,20,82,21,1,COMPLETE
730,5730.407386417764,2025-07-01 16:04:56.261442,2025-07-01 18:07:56.135289,0 days 02:02:59.873847,14,7,10,21,82,20,1,COMPLETE
731,7069.879587834006,2025-07-01 16:04:56.267560,2025-07-01 18:05:54.736572,0 days 02:00:58.469012,14,5,10,21,82,21,1,COMPLETE
732,6454.664083842527,2025-07-01 16:04:56.348029,2025-07-01 18:08:10.045611,0 days 02:03:13.697582,15,6,10,21,81,21,1,COMPLETE
733,4637.954983953925,2025-07-01 16:04:56.382040,2025-07-01 17:43:14.396553,0 days 01:38:18.014513,15,7,10,20,82,20,1,COMPLETE
734,5304.444070906082,2025-07-01 16:04:56.437352,2025-07-01 18:05:47.762488,0 days 02:00:51.325136,15,5,10,21,82,22,1,COMPLETE
735,5890.004593282397,2025-07-01 16:04:56.441351,2025-07-01 18:06:26.732114,0 days 02:01:30.290763,15,6,10,21,82,21,1,COMPLETE
736,4926.847701216657,2025-07-01 16:04:56.484496,2025-07-01 17:19:02.053843,0 days 01:14:05.569347,15,7,10,20,82,21,1,COMPLETE
737,6246.550577945369,2025-07-01 16:04:56.625044,2025-07-01 18:01:41.813123,0 days 01:56:45.188079,16,8,10,21,82,21,1,COMPLETE
738,7399.848397050375,2025-07-01 16:04:56.631775,2025-07-01 17:56:24.082043,0 days 01:51:27.450268,17,7,10,21,83,21,1,COMPLETE
739,5622.09988499429,2025-07-01 16:04:56.725003,2025-07-01 18:07:35.166323,0 days 02:02:38.441320,15,5,10,21,82,20,1,COMPLETE
740,7069.879587834006,2025-07-01 16:04:56.810527,2025-07-01 17:33:36.817265,0 days 01:28:40.006738,14,5,10,21,82,21,1,COMPLETE
741,5965.650895679343,2025-07-01 16:04:56.932573,2025-07-01 17:38:15.006770,0 days 01:33:18.074197,15,8,10,21,83,21,1,COMPLETE
742,7170.427318130677,2025-07-01 16:04:56.974871,2025-07-01 18:08:43.655021,0 days 02:03:46.680150,14,6,10,21,82,21,1,COMPLETE
743,7674.089586069253,2025-07-01 16:04:57.117384,2025-07-01 18:00:52.828848,0 days 01:55:55.711464,15,5,10,20,83,20,1,COMPLETE
744,5748.814211529522,2025-07-01 16:04:57.261973,2025-07-01 18:06:19.763967,0 days 02:01:22.501994,15,5,10,21,82,21,1,COMPLETE
745,3510.904068620972,2025-07-01 16:04:57.383833,2025-07-01 18:03:10.425253,0 days 01:58:13.041420,13,8,10,21,83,20,1,COMPLETE
746,5813.73762916801,2025-07-01 16:04:57.514760,2025-07-01 18:05:59.169010,0 days 02:01:01.654250,15,6,10,21,82,20,1,COMPLETE
747,7036.83937974079,2025-07-01 16:04:57.615905,2025-07-01 18:03:36.465597,0 days 01:58:38.849692,13,5,10,21,82,22,1,COMPLETE
748,5230.990881903742,2025-07-01 16:04:57.681967,2025-07-01 18:00:27.756512,0 days 01:55:30.074545,14,6,10,20,82,21,1,COMPLETE
749,5310.140520233015,2025-07-01 16:04:57.821789,2025-07-01 17:26:10.613542,0 days 01:21:12.791753,16,5,10,21,82,21,1,COMPLETE
750,7170.427318130677,2025-07-01 16:04:57.831633,2025-07-01 17:58:17.518270,0 days 01:53:19.686637,14,6,10,21,82,21,1,COMPLETE
751,5748.814211529522,2025-07-01 16:04:57.856423,2025-07-01 18:05:51.277784,0 days 02:00:53.421361,15,5,10,21,82,21,1,COMPLETE
752,6246.550577945369,2025-07-01 16:04:57.866723,2025-07-01 17:25:52.055856,0 days 01:20:54.189133,16,8,10,21,82,21,1,COMPLETE
753,7674.089586069253,2025-07-01 16:04:57.904486,2025-07-01 18:01:44.929268,0 days 01:56:47.024782,15,5,10,20,83,20,1,COMPLETE
754,3755.3092724454473,2025-07-01 16:04:57.991528,2025-07-01 18:06:57.743416,0 days 02:01:59.751888,15,11,10,21,90,20,1,COMPLETE
755,3749.0110698793906,2025-07-01 16:04:58.013898,2025-07-01 18:03:38.672536,0 days 01:58:40.658638,17,11,10,21,83,20,1,COMPLETE
756,-547.6659800504185,2025-07-01 16:04:58.039506,2025-07-01 17:43:56.899861,0 days 01:38:58.860355,16,12,10,20,83,21,1,COMPLETE
757,7589.541982577643,2025-07-01 16:04:58.051749,2025-07-01 17:26:04.123788,0 days 01:21:06.072039,16,10,10,21,90,22,1,COMPLETE
758,9408.984760308504,2025-07-01 16:04:58.163348,2025-07-01 18:02:22.156534,0 days 01:57:23.993186,15,11,9,21,90,21,1,COMPLETE
759,2633.167102603815,2025-07-01 16:04:58.203989,2025-07-01 18:01:57.437665,0 days 01:56:59.233676,15,11,10,21,83,21,1,COMPLETE
760,4721.150294015493,2025-07-01 16:04:58.295076,2025-07-01 17:11:29.868403,0 days 01:06:31.573327,16,11,10,21,90,21,1,COMPLETE
761,3101.378808052368,2025-07-01 16:04:58.365426,2025-07-01 18:09:22.976837,0 days 02:04:24.611411,16,11,10,18,83,21,1,COMPLETE
762,4585.189570282777,2025-07-01 16:04:58.470205,2025-07-01 17:27:06.746585,0 days 01:22:08.276380,15,13,10,19,90,20,1,COMPLETE
763,2633.167102603815,2025-07-01 16:04:58.554592,2025-07-01 18:07:36.779670,0 days 02:02:38.225078,15,11,10,21,83,21,1,COMPLETE
764,4397.352657790198,2025-07-01 16:04:58.594194,2025-07-01 17:43:20.583708,0 days 01:38:21.989514,15,11,10,19,90,20,1,COMPLETE
765,2097.6078503977424,2025-07-01 16:04:58.662626,2025-07-01 17:46:26.970639,0 days 01:41:28.308013,15,12,10,21,90,21,1,COMPLETE
766,4938.885921258096,2025-07-01 16:04:58.922129,2025-07-01 18:02:40.608053,0 days 01:57:41.685924,16,11,10,21,90,22,1,COMPLETE
767,4721.150294015493,2025-07-01 16:04:58.974735,2025-07-01 17:46:46.876884,0 days 01:41:47.902149,16,11,10,21,90,21,1,COMPLETE
768,5507.044586377919,2025-07-01 16:04:58.983056,2025-07-01 18:03:19.131580,0 days 01:58:20.148524,17,11,10,21,90,21,1,COMPLETE
769,3755.3092724454473,2025-07-01 16:04:59.062815,2025-07-01 17:46:37.844972,0 days 01:41:38.782157,15,11,10,21,90,20,1,COMPLETE
770,4721.150294015493,2025-07-01 16:04:59.143610,2025-07-01 18:01:21.155327,0 days 01:56:22.011717,16,11,10,21,90,21,1,COMPLETE
771,-145.97193621252882,2025-07-01 16:04:59.213491,2025-07-01 18:09:24.791597,0 days 02:04:25.578106,16,11,10,21,83,22,1,COMPLETE
772,2819.5388101349763,2025-07-01 16:04:59.283000,2025-07-01 18:06:10.695275,0 days 02:01:11.412275,14,11,10,21,90,21,1,COMPLETE
773,3282.2948248662287,2025-07-01 16:04:59.365872,2025-07-01 18:06:37.880340,0 days 02:01:38.514468,15,11,10,21,90,21,1,COMPLETE
774,7330.957526061984,2025-07-01 16:04:59.404932,2025-07-01 17:50:07.903437,0 days 01:45:08.498505,16,10,10,21,90,21,1,COMPLETE
775,2970.164036302969,2025-07-01 16:04:59.482008,2025-07-01 17:49:35.955222,0 days 01:44:36.473214,16,12,10,21,90,20,1,COMPLETE
776,4674.286697331889,2025-07-01 16:04:59.650088,2025-07-01 17:46:17.687413,0 days 01:41:18.037325,16,11,10,21,82,21,1,COMPLETE
777,2303.1565951317316,2025-07-01 16:04:59.671798,2025-07-01 18:03:31.067659,0 days 01:58:31.395861,15,10,10,20,83,21,1,COMPLETE
778,-4082.5158176348486,2025-07-01 16:04:59.697682,2025-07-01 18:09:06.085845,0 days 02:04:06.388163,16,11,10,20,90,21,1,COMPLETE
779,3474.8575981448357,2025-07-01 16:04:59.734939,2025-07-01 17:52:51.885357,0 days 01:47:52.150418,15,11,10,18,83,21,1,COMPLETE
780,5536.116391994332,2025-07-01 16:04:59.763645,2025-07-01 17:21:42.005877,0 days 01:16:42.242232,15,10,10,21,90,21,1,COMPLETE
781,1978.0964216878547,2025-07-01 16:04:59.810880,2025-07-01 18:05:22.366479,0 days 02:00:22.555599,14,11,10,18,83,21,1,COMPLETE
782,537.6617240425257,2025-07-01 16:04:59.880734,2025-07-01 17:30:14.033907,0 days 01:25:14.153173,15,12,10,21,83,22,2,COMPLETE
783,537.6617240425257,2025-07-01 16:04:59.892239,2025-07-01 18:03:45.609407,0 days 01:58:45.717168,15,12,10,21,83,22,2,COMPLETE
784,1673.819314395052,2025-07-01 16:04:59.937225,2025-07-01 18:09:19.163043,0 days 02:04:19.225818,15,12,10,21,83,21,2,COMPLETE
785,534.763039556954,2025-07-01 16:04:59.977689,2025-07-01 17:33:05.458290,0 days 01:28:05.480601,16,12,10,21,83,22,2,COMPLETE
786,3588.9668789625466,2025-07-01 16:04:59.990638,2025-07-01 17:55:04.098701,0 days 01:50:04.108063,15,12,10,21,82,20,2,COMPLETE
787,1573.5927879058436,2025-07-01 16:05:00.033075,2025-07-01 18:03:09.252168,0 days 01:58:09.219093,16,12,10,21,83,21,2,COMPLETE
788,2174.6611469742747,2025-07-01 16:05:00.042280,2025-07-01 18:08:21.569972,0 days 02:03:21.527692,15,12,10,20,83,21,2,COMPLETE
789,3954.1411368707622,2025-07-01 16:05:00.072983,2025-07-01 18:05:45.073047,0 days 02:00:45.000064,14,13,10,21,83,19,2,COMPLETE
790,1673.819314395052,2025-07-01 16:05:00.113565,2025-07-01 17:50:35.570643,0 days 01:45:35.457078,15,12,10,21,83,21,2,COMPLETE
791,1722.0031809956254,2025-07-01 16:05:00.124619,2025-07-01 17:49:56.477491,0 days 01:44:56.352872,15,13,10,21,83,21,2,COMPLETE
792,1573.5927879058436,2025-07-01 16:05:00.168027,2025-07-01 18:03:31.270944,0 days 01:58:31.102917,16,12,10,21,83,21,2,COMPLETE
793,3220.727609391539,2025-07-01 16:05:00.174312,2025-07-01 17:50:22.849041,0 days 01:45:22.674729,15,13,10,21,82,21,2,COMPLETE
794,3711.964890124771,2025-07-01 16:05:00.196039,2025-07-01 18:09:05.714909,0 days 02:04:05.518870,14,12,10,21,82,20,2,COMPLETE
795,2983.8236478536564,2025-07-01 16:05:00.213898,2025-07-01 18:08:41.358914,0 days 02:03:41.145016,15,12,10,21,84,20,2,COMPLETE
796,3597.3495335002535,2025-07-01 16:05:00.322217,2025-07-01 17:33:49.185309,0 days 01:28:48.863092,15,13,10,21,83,19,2,COMPLETE
797,3236.8135714736,2025-07-01 16:05:00.386478,2025-07-01 18:03:18.593014,0 days 01:58:18.206536,16,12,10,21,82,21,2,COMPLETE
798,1673.819314395052,2025-07-01 16:05:00.442671,2025-07-01 17:54:47.008361,0 days 01:49:46.565690,15,12,10,21,83,21,2,COMPLETE
799,3162.4627054821885,2025-07-01 16:05:00.522216,2025-07-01 18:05:43.617670,0 days 02:00:43.095454,15,12,10,21,82,21,2,COMPLETE
800,4323.082363723949,2025-07-01 16:05:00.548644,2025-07-01 18:09:00.442414,0 days 02:03:59.893770,16,13,10,20,90,21,2,COMPLETE
801,1733.9268728191237,2025-07-01 16:05:00.613234,2025-07-01 18:05:05.634500,0 days 02:00:05.021266,14,12,10,21,83,21,2,COMPLETE
802,2209.824920833911,2025-07-01 16:05:00.642649,2025-07-01 18:07:40.890904,0 days 02:02:40.248255,17,12,10,21,83,21,2,COMPLETE
803,4498.348571814675,2025-07-01 16:05:00.692085,2025-07-01 18:04:22.800181,0 days 01:59:22.108096,15,12,10,20,82,21,2,COMPLETE
804,2564.815709505936,2025-07-01 16:05:00.703537,2025-07-01 18:05:47.897904,0 days 02:00:47.194367,14,12,10,21,83,20,2,COMPLETE
805,2108.9348995099936,2025-07-01 16:05:00.768540,2025-07-01 17:54:26.621747,0 days 01:49:25.853207,15,12,9,21,83,20,2,COMPLETE
806,1733.9268728191237,2025-07-01 16:05:00.777432,2025-07-01 17:58:11.092339,0 days 01:53:10.314907,14,12,10,21,83,21,2,COMPLETE
807,4733.232986612351,2025-07-01 16:05:00.780042,2025-07-01 17:09:14.836839,0 days 01:04:14.056797,15,13,10,20,82,21,2,COMPLETE
808,1880.3338974147173,2025-07-01 16:05:00.849231,2025-07-01 17:57:05.538841,0 days 01:52:04.689610,16,12,10,20,83,20,2,COMPLETE
809,534.763039556954,2025-07-01 16:05:00.861451,2025-07-01 18:07:18.043647,0 days 02:02:17.182196,16,12,10,21,83,22,2,COMPLETE
810,2209.824920833911,2025-07-01 16:05:00.923711,2025-07-01 18:08:47.304028,0 days 02:03:46.380317,17,12,10,21,83,21,2,COMPLETE
811,2682.887575899231,2025-07-01 16:05:00.992833,2025-07-01 17:31:10.242459,0 days 01:26:09.249626,15,11,10,21,83,21,2,COMPLETE
812,2491.646202663198,2025-07-01 16:05:01.129042,2025-07-01 18:09:17.010966,0 days 02:04:15.881924,16,12,10,19,83,21,2,COMPLETE
813,1573.5927879058436,2025-07-01 16:05:01.178096,2025-07-01 18:06:25.913971,0 days 02:01:24.735875,16,12,10,21,83,21,2,COMPLETE
814,3162.4627054821885,2025-07-01 16:05:01.210902,2025-07-01 17:21:37.529286,0 days 01:16:36.318384,15,12,10,21,82,21,2,COMPLETE
815,2301.55649963856,2025-07-01 16:05:01.228761,2025-07-01 17:54:35.204141,0 days 01:49:33.975380,16,12,10,21,83,20,2,COMPLETE
816,1573.5927879058436,2025-07-01 16:05:01.261174,2025-07-01 18:07:38.511322,0 days 02:02:37.250148,16,12,10,21,83,21,2,COMPLETE
817,1673.819314395052,2025-07-01 16:05:01.328932,2025-07-01 17:23:46.824641,0 days 01:18:45.495709,15,12,10,21,83,21,2,COMPLETE
818,1673.819314395052,2025-07-01 16:05:01.353628,2025-07-01 18:08:27.234722,0 days 02:03:25.881094,15,12,10,21,83,21,2,COMPLETE
819,3566.3985916878264,2025-07-01 16:05:01.543212,2025-07-01 18:08:00.599817,0 days 02:02:59.056605,0,13,10,21,82,22,2,COMPLETE
820,5847.314402111424,2025-07-01 16:05:01.562511,2025-07-01 18:09:23.267297,0 days 02:04:21.704786,1,13,10,18,83,21,2,COMPLETE
821,2426.6536833300197,2025-07-01 16:05:01.569528,2025-07-01 17:53:04.074706,0 days 01:48:02.505178,0,13,10,21,83,21,2,COMPLETE
822,4184.393233971674,2025-07-01 16:05:01.570481,2025-07-01 18:03:32.003269,0 days 01:58:30.432788,0,13,10,20,83,21,2,COMPLETE
823,2426.6536833300197,2025-07-01 16:05:01.614446,2025-07-01 17:57:33.475376,0 days 01:52:31.860930,0,13,10,21,83,21,2,COMPLETE
824,3746.019800807182,2025-07-01 16:05:01.667684,2025-07-01 18:08:44.705652,0 days 02:03:43.037968,0,13,10,19,83,21,2,COMPLETE
825,2426.6536833300197,2025-07-01 16:05:01.749224,2025-07-01 18:09:22.370912,0 days 02:04:20.621688,0,13,10,21,83,21,2,COMPLETE
826,5032.589479495978,2025-07-01 16:05:01.781241,2025-07-01 17:39:27.010402,0 days 01:34:25.229161,1,14,10,20,82,20,2,COMPLETE
827,4914.859374016971,2025-07-01 16:05:01.807046,2025-07-01 17:22:21.843170,0 days 01:17:20.036124,1,12,10,20,90,21,2,COMPLETE
828,4184.393233971674,2025-07-01 16:05:01.859489,2025-07-01 17:23:32.827070,0 days 01:18:30.967581,1,11,10,20,83,21,2,COMPLETE
829,4001.9484021348962,2025-07-01 16:05:01.943164,2025-07-01 17:56:29.077809,0 days 01:51:27.134645,1,13,10,20,83,22,2,COMPLETE
830,3931.606676511932,2025-07-01 16:05:01.957887,2025-07-01 18:08:54.896228,0 days 02:03:52.938341,1,12,10,21,83,20,2,COMPLETE
831,3566.3985916878264,2025-07-01 16:05:02.058614,2025-07-01 18:09:15.354664,0 days 02:04:13.296050,1,13,10,21,82,22,2,COMPLETE
832,1067.1373387371332,2025-07-01 16:05:02.059825,2025-07-01 17:35:44.017531,0 days 01:30:41.957706,0,14,10,21,83,22,2,COMPLETE
833,1952.3856986664869,2025-07-01 16:05:02.083703,2025-07-01 18:05:17.209722,0 days 02:00:15.126019,0,13,9,21,83,21,2,COMPLETE
834,805.1663042890032,2025-07-01 16:05:02.175475,2025-07-01 18:00:53.164614,0 days 01:55:50.989139,1,13,9,21,83,22,2,COMPLETE
835,2426.6536833300197,2025-07-01 16:05:02.209892,2025-07-01 17:58:41.704907,0 days 01:53:39.495015,0,13,10,21,83,21,2,COMPLETE
836,2666.4670559321985,2025-07-01 16:05:02.231476,2025-07-01 18:08:12.509181,0 days 02:03:10.277705,1,13,10,21,90,21,2,COMPLETE
837,2426.6536833300197,2025-07-01 16:05:02.267824,2025-07-01 18:08:53.449640,0 days 02:03:51.181816,0,13,10,21,83,21,2,COMPLETE
838,1067.1373387371332,2025-07-01 16:05:02.294881,2025-07-01 18:07:22.434721,0 days 02:02:20.139840,1,13,10,21,83,22,2,COMPLETE
839,4935.669429014921,2025-07-01 16:05:02.337625,2025-07-01 17:56:53.366046,0 days 01:51:51.028421,1,13,10,21,82,20,2,COMPLETE
840,1067.1373387371332,2025-07-01 16:05:02.362778,2025-07-01 18:06:26.950825,0 days 02:01:24.588047,0,13,10,21,83,22,2,COMPLETE
841,4184.393233971674,2025-07-01 16:05:02.387816,2025-07-01 17:42:03.948127,0 days 01:37:01.560311,0,14,10,20,83,21,2,COMPLETE
842,3931.606676511932,2025-07-01 16:05:02.508309,2025-07-01 18:06:52.194422,0 days 02:01:49.686113,1,13,10,21,83,20,2,COMPLETE
843,4184.393233971674,2025-07-01 16:05:02.519958,2025-07-01 17:39:19.007206,0 days 01:34:16.487248,0,13,10,20,83,21,2,COMPLETE
844,2426.6536833300197,2025-07-01 16:05:02.608130,2025-07-01 18:09:20.727213,0 days 02:04:18.119083,0,13,10,21,83,21,2,COMPLETE
845,4001.9484021348962,2025-07-01 16:05:02.617993,2025-07-01 18:07:21.564461,0 days 02:02:18.946468,1,12,10,20,83,22,2,COMPLETE
846,3749.0278230737003,2025-07-01 16:05:02.651195,2025-07-01 18:08:35.533016,0 days 02:03:32.881821,1,12,10,21,82,23,2,COMPLETE
847,2666.4670559321985,2025-07-01 16:05:02.673367,2025-07-01 17:55:46.194627,0 days 01:50:43.521260,0,13,10,21,90,21,2,COMPLETE
848,6490.711729255494,2025-07-01 16:05:02.688212,2025-07-01 17:58:41.070041,0 days 01:53:38.381829,0,13,10,20,82,21,2,COMPLETE
849,2175.806519682059,2025-07-01 16:05:02.717029,2025-07-01 18:08:52.643755,0 days 02:03:49.926726,0,12,10,21,84,21,2,COMPLETE
850,3931.606676511932,2025-07-01 16:05:02.745564,2025-07-01 18:07:21.110117,0 days 02:02:18.364553,0,13,10,21,83,20,2,COMPLETE
851,1067.1373387371332,2025-07-01 16:05:02.800867,2025-07-01 18:09:11.229939,0 days 02:04:08.429072,0,13,10,21,83,22,2,COMPLETE
852,5512.416131011329,2025-07-01 16:05:02.873103,2025-07-01 17:37:09.913803,0 days 01:32:07.040700,0,13,10,20,84,21,2,COMPLETE
853,4914.859374016971,2025-07-01 16:05:02.879687,2025-07-01 18:09:08.375708,0 days 02:04:05.496021,0,12,10,20,90,21,2,COMPLETE
854,3746.019800807182,2025-07-01 16:05:02.907113,2025-07-01 18:01:12.872766,0 days 01:56:09.965653,0,13,10,19,83,21,2,COMPLETE
855,4914.859374016971,2025-07-01 16:05:02.913288,2025-07-01 18:09:04.672079,0 days 02:04:01.758791,0,13,10,20,90,21,2,COMPLETE
856,1115.129327292274,2025-07-01 16:05:02.936139,2025-07-01 18:08:59.365641,0 days 02:03:56.429502,0,13,10,21,84,22,2,COMPLETE
857,5920.6793121064475,2025-07-01 16:05:02.942486,2025-07-01 17:59:21.234237,0 days 01:54:18.291751,0,12,9,20,90,21,2,COMPLETE
858,2426.6536833300197,2025-07-01 16:05:02.950863,2025-07-01 17:17:27.401472,0 days 01:12:24.450609,0,13,10,21,83,21,2,COMPLETE
859,2666.4670559321985,2025-07-01 16:05:03.013504,2025-07-01 18:08:54.587346,0 days 02:03:51.573842,0,13,10,21,90,21,2,COMPLETE
860,3913.416323365813,2025-07-01 16:05:03.104491,2025-07-01 17:42:48.610195,0 days 01:37:45.505704,0,13,10,21,82,21,2,COMPLETE
861,1067.1373387371332,2025-07-01 16:05:03.139378,2025-07-01 18:05:41.802290,0 days 02:00:38.662912,0,13,10,21,83,22,2,COMPLETE
862,4184.393233971674,2025-07-01 16:05:03.243661,2025-07-01 18:06:36.503549,0 days 02:01:33.259888,2,13,10,20,83,21,2,COMPLETE
863,2426.6536833300197,2025-07-01 16:05:03.261434,2025-07-01 18:09:06.801355,0 days 02:04:03.539921,0,13,10,21,83,21,2,COMPLETE
864,2426.6536833300197,2025-07-01 16:05:03.263201,2025-07-01 17:24:48.584424,0 days 01:19:45.321223,0,13,10,21,83,21,2,COMPLETE
865,2426.6536833300197,2025-07-01 16:05:03.384495,2025-07-01 18:08:04.389990,0 days 02:03:01.005495,0,13,10,21,83,21,2,COMPLETE
866,1733.9268728191237,2025-07-01 16:05:03.450772,2025-07-01 17:58:16.558409,0 days 01:53:13.107637,14,12,10,21,83,21,2,COMPLETE
867,3955.5572274026854,2025-07-01 16:05:03.542865,2025-07-01 18:09:16.553779,0 days 02:04:13.010914,2,12,10,20,83,20,2,COMPLETE
868,2426.6536833300197,2025-07-01 16:05:03.599296,2025-07-01 18:08:22.872219,0 days 02:03:19.272923,0,13,10,21,83,21,2,COMPLETE
869,4914.859374016971,2025-07-01 16:05:03.633856,2025-07-01 17:56:17.130815,0 days 01:51:13.496959,0,13,10,20,90,21,2,COMPLETE
870,4935.669429014921,2025-07-01 16:05:03.673703,2025-07-01 18:09:02.933312,0 days 02:03:59.259609,0,13,10,21,82,20,2,COMPLETE
871,805.1663042890032,2025-07-01 16:05:03.713610,2025-07-01 18:09:11.722230,0 days 02:04:08.008620,0,13,9,21,83,22,2,COMPLETE
872,2666.4670559321985,2025-07-01 16:05:03.754176,2025-07-01 18:09:24.258394,0 days 02:04:20.504218,0,14,10,21,90,21,2,COMPLETE
873,2426.6536833300197,2025-07-01 16:05:03.760169,2025-07-01 18:09:20.324244,0 days 02:04:16.564075,0,13,10,21,83,21,2,COMPLETE
874,1316.904598384408,2025-07-01 16:05:03.894917,2025-07-01 18:06:57.645947,0 days 02:01:53.751030,0,12,10,21,90,22,2,COMPLETE
875,3225.9550592164414,2025-07-01 16:05:03.902295,2025-07-01 17:57:52.271841,0 days 01:52:48.369546,13,13,10,19,82,21,2,COMPLETE
876,2426.6536833300197,2025-07-01 16:05:04.103771,2025-07-01 18:05:52.086072,0 days 02:00:47.982301,0,13,10,21,83,21,2,COMPLETE
877,4184.393233971674,2025-07-01 16:05:04.122731,2025-07-01 18:09:07.675127,0 days 02:04:03.552396,0,13,10,20,83,21,2,COMPLETE
878,2652.0583013278756,2025-07-01 16:05:04.213530,2025-07-01 18:08:25.397345,0 days 02:03:21.183815,0,13,8,21,83,21,2,COMPLETE
879,2426.6536833300197,2025-07-01 16:05:04.294860,2025-07-01 18:02:12.758807,0 days 01:57:08.463947,0,12,10,21,83,21,2,COMPLETE
880,1067.1373387371332,2025-07-01 16:05:04.405570,2025-07-01 17:46:38.308211,0 days 01:41:33.902641,1,13,10,21,83,22,2,COMPLETE
881,2426.6536833300197,2025-07-01 16:05:04.447754,2025-07-01 17:57:01.851310,0 days 01:51:57.403556,0,13,10,21,83,21,2,COMPLETE
882,1067.1373387371332,2025-07-01 16:05:04.470910,2025-07-01 17:40:24.428563,0 days 01:35:19.957653,0,13,10,21,83,22,2,COMPLETE
883,2426.6536833300197,2025-07-01 16:05:04.542029,2025-07-01 18:04:53.626505,0 days 01:59:49.084476,2,13,10,21,83,21,2,COMPLETE
884,1067.1373387371332,2025-07-01 16:05:04.578513,2025-07-01 18:01:06.411115,0 days 01:56:01.832602,1,14,10,21,83,22,2,COMPLETE
885,2175.806519682059,2025-07-01 16:05:04.587199,2025-07-01 18:08:47.699244,0 days 02:03:43.112045,0,13,10,21,84,21,2,COMPLETE
886,2426.6536833300197,2025-07-01 16:05:04.718579,2025-07-01 18:08:06.518521,0 days 02:03:01.799942,0,13,10,21,83,21,2,COMPLETE
887,4914.859374016971,2025-07-01 16:05:04.725829,2025-07-01 18:08:48.892835,0 days 02:03:44.167006,1,13,10,20,90,21,2,COMPLETE
888,3931.606676511932,2025-07-01 16:05:04.837245,2025-07-01 18:09:09.395045,0 days 02:04:04.557800,0,13,10,21,83,20,2,COMPLETE
889,3913.416323365813,2025-07-01 16:05:04.853584,2025-07-01 18:06:16.852277,0 days 02:01:11.998693,0,13,10,21,82,21,2,COMPLETE
890,2666.4670559321985,2025-07-01 16:05:04.924432,2025-07-01 18:08:01.065857,0 days 02:02:56.141425,0,12,10,21,90,21,2,COMPLETE
891,1551.775281892791,2025-07-01 16:05:05.025822,2025-07-01 17:19:07.682040,0 days 01:14:02.656218,13,14,10,20,83,23,2,COMPLETE
892,2426.6536833300197,2025-07-01 16:05:05.073753,2025-07-01 17:45:42.501266,0 days 01:40:37.427513,0,13,10,21,83,21,2,COMPLETE
893,2426.6536833300197,2025-07-01 16:05:05.092218,2025-07-01 18:00:03.716859,0 days 01:54:58.624641,0,12,10,21,83,21,2,COMPLETE
894,2426.6536833300197,2025-07-01 16:05:05.135973,2025-07-01 18:04:00.605003,0 days 01:58:55.469030,1,13,10,21,83,21,2,COMPLETE
895,1067.1373387371332,2025-07-01 16:05:05.148092,2025-07-01 18:09:11.318278,0 days 02:04:06.170186,0,13,10,21,83,22,2,COMPLETE
896,4184.393233971674,2025-07-01 16:05:05.160581,2025-07-01 18:09:22.487118,0 days 02:04:17.326537,0,13,10,20,83,21,2,COMPLETE
897,2426.6536833300197,2025-07-01 16:05:05.233833,2025-07-01 18:07:36.069410,0 days 02:02:30.835577,0,12,10,21,83,21,2,COMPLETE
898,3566.3985916878264,2025-07-01 16:05:05.246099,2025-07-01 18:07:14.431933,0 days 02:02:09.185834,0,12,10,21,82,22,2,COMPLETE
899,2426.6536833300197,2025-07-01 16:05:05.301200,2025-07-01 18:07:39.831021,0 days 02:02:34.529821,1,13,10,21,83,21,2,COMPLETE
900,4184.393233971674,2025-07-01 16:05:05.399830,2025-07-01 17:23:38.437101,0 days 01:18:33.037271,1,12,10,20,83,21,2,COMPLETE
901,778.2999698962903,2025-07-01 16:05:05.567148,2025-07-01 18:09:02.775150,0 days 02:03:57.208002,14,13,10,21,83,22,2,COMPLETE
902,3913.416323365813,2025-07-01 16:05:05.607523,2025-07-01 18:09:15.989628,0 days 02:04:10.382105,0,13,10,21,82,21,2,COMPLETE
903,2426.6536833300197,2025-07-01 16:05:05.640531,2025-07-01 18:09:03.193309,0 days 02:03:57.552778,0,13,10,21,83,21,2,COMPLETE
904,3746.019800807182,2025-07-01 16:05:05.657266,2025-07-01 18:02:02.107507,0 days 01:56:56.450241,0,13,10,19,83,21,2,COMPLETE
905,3746.019800807182,2025-07-01 16:05:05.658176,2025-07-01 17:26:43.056289,0 days 01:21:37.398113,2,12,10,19,83,21,2,COMPLETE
906,1067.1373387371332,2025-07-01 16:05:05.686343,2025-07-01 17:59:38.228840,0 days 01:54:32.542497,0,13,10,21,83,22,2,COMPLETE
907,2426.6536833300197,2025-07-01 16:05:05.708587,2025-07-01 18:08:03.460840,0 days 02:02:57.752253,0,13,10,21,83,21,2,COMPLETE
908,3746.019800807182,2025-07-01 16:05:05.709993,2025-07-01 18:09:03.602187,0 days 02:03:57.892194,2,13,10,19,83,21,2,COMPLETE
909,1067.1373387371332,2025-07-01 16:05:05.774029,2025-07-01 18:02:50.429522,0 days 01:57:44.655493,0,13,10,21,83,22,2,COMPLETE
910,2426.6536833300197,2025-07-01 16:05:05.796184,2025-07-01 18:02:50.555301,0 days 01:57:44.759117,0,13,10,21,83,21,2,COMPLETE
911,2583.442771355203,2025-07-01 16:05:05.810401,2025-07-01 18:09:24.227075,0 days 02:04:18.416674,0,13,10,20,83,24,2,COMPLETE
912,1067.1373387371332,2025-07-01 16:05:05.832096,2025-07-01 17:51:08.766778,0 days 01:46:02.934682,0,13,10,21,83,22,2,COMPLETE
913,4914.859374016971,2025-07-01 16:05:05.849281,2025-07-01 18:06:56.371501,0 days 02:01:50.522220,0,14,10,20,90,21,2,COMPLETE
914,1067.1373387371332,2025-07-01 16:05:05.855846,2025-07-01 18:07:29.813000,0 days 02:02:23.957154,0,13,10,21,83,22,2,COMPLETE
915,1067.1373387371332,2025-07-01 16:05:05.873808,2025-07-01 17:52:37.888467,0 days 01:47:32.014659,0,13,10,21,83,22,2,COMPLETE
916,1600.8879989216312,2025-07-01 16:05:05.893370,2025-07-01 18:08:32.645852,0 days 02:03:26.752482,1,12,10,21,90,23,2,COMPLETE
917,2426.6536833300197,2025-07-01 16:05:05.922006,2025-07-01 18:09:14.425125,0 days 02:04:08.503119,1,13,10,21,83,21,2,COMPLETE
918,3913.416323365813,2025-07-01 16:05:05.948205,2025-07-01 18:07:52.780633,0 days 02:02:46.832428,0,13,10,21,82,21,2,COMPLETE
919,2426.6536833300197,2025-07-01 16:05:06.025401,2025-07-01 18:09:17.241900,0 days 02:04:11.216499,1,13,10,21,83,21,2,COMPLETE
920,1067.1373387371332,2025-07-01 16:05:06.044354,2025-07-01 18:06:53.439976,0 days 02:01:47.395622,1,12,10,21,83,22,2,COMPLETE
921,1316.904598384408,2025-07-01 16:05:06.109561,2025-07-01 17:44:58.939150,0 days 01:39:52.829589,0,13,10,21,90,22,2,COMPLETE
922,2666.4670559321985,2025-07-01 16:05:06.207297,2025-07-01 18:03:38.776768,0 days 01:58:32.569471,0,13,10,21,90,21,2,COMPLETE
923,4001.9484021348962,2025-07-01 16:05:06.253991,2025-07-01 18:01:50.137034,0 days 01:56:43.883043,2,13,10,20,83,22,2,COMPLETE
924,2426.6536833300197,2025-07-01 16:05:06.261600,2025-07-01 18:06:27.202748,0 days 02:01:20.941148,0,13,10,21,83,21,2,COMPLETE
925,2426.6536833300197,2025-07-01 16:05:06.273416,2025-07-01 18:07:03.387951,0 days 02:01:57.114535,0,12,10,21,83,21,2,COMPLETE
926,2666.4670559321985,2025-07-01 16:05:06.297158,2025-07-01 18:06:19.043971,0 days 02:01:12.746813,0,13,10,21,90,21,2,COMPLETE
927,1067.1373387371332,2025-07-01 16:05:06.331752,2025-07-01 18:07:55.284767,0 days 02:02:48.953015,0,14,10,21,83,22,2,COMPLETE
928,935.077454795739,2025-07-01 16:05:06.365653,2025-07-01 18:09:18.639459,0 days 02:04:12.273806,0,13,9,20,83,22,2,COMPLETE
929,2426.6536833300197,2025-07-01 16:05:06.372597,2025-07-01 18:02:27.002335,0 days 01:57:20.629738,0,13,10,21,83,21,2,COMPLETE
930,1952.3856986664869,2025-07-01 16:05:06.453459,2025-07-01 18:08:42.671350,0 days 02:03:36.217891,0,13,9,21,83,21,2,COMPLETE
931,2426.6536833300197,2025-07-01 16:05:06.466872,2025-07-01 18:03:30.874381,0 days 01:58:24.407509,2,13,10,21,83,21,2,COMPLETE
932,6490.711729255494,2025-07-01 16:05:06.499802,2025-07-01 18:09:21.520993,0 days 02:04:15.021191,0,13,10,20,82,21,2,COMPLETE
933,3913.416323365813,2025-07-01 16:05:06.533917,2025-07-01 18:09:21.267447,0 days 02:04:14.733530,0,13,10,21,82,21,2,COMPLETE
934,4914.859374016971,2025-07-01 16:05:06.572568,2025-07-01 18:08:25.207607,0 days 02:03:18.635039,0,13,10,20,90,21,2,COMPLETE
935,2426.6536833300197,2025-07-01 16:05:06.653205,2025-07-01 18:06:34.376567,0 days 02:01:27.723362,1,13,10,21,83,21,2,COMPLETE
936,1720.5211960603738,2025-07-01 16:05:06.656794,2025-07-01 18:02:28.033978,0 days 01:57:21.377184,13,13,9,21,83,21,2,COMPLETE
937,5224.361653269929,2025-07-01 16:05:06.676901,2025-07-01 17:58:49.762186,0 days 01:53:43.085285,0,13,9,21,90,21,2,COMPLETE
938,4184.393233971674,2025-07-01 16:05:06.707940,2025-07-01 18:09:22.444825,0 days 02:04:15.736885,0,13,10,20,83,21,2,COMPLETE
939,1067.1373387371332,2025-07-01 16:05:06.748447,2025-07-01 18:09:19.198755,0 days 02:04:12.450308,0,12,10,21,83,22,2,COMPLETE
940,2426.6536833300197,2025-07-01 16:05:06.791562,2025-07-01 18:05:58.442966,0 days 02:00:51.651404,1,13,10,21,83,21,2,COMPLETE
941,2976.034986549692,2025-07-01 16:05:06.793315,2025-07-01 18:03:38.037030,0 days 01:58:31.243715,14,13,10,21,83,20,2,COMPLETE
942,1952.3856986664869,2025-07-01 16:05:06.858178,2025-07-01 18:07:35.659511,0 days 02:02:28.801333,0,13,9,21,83,21,2,COMPLETE
943,2666.4670559321985,2025-07-01 16:05:06.893972,2025-07-01 18:08:52.935658,0 days 02:03:46.041686,0,12,10,21,90,21,2,COMPLETE
944,2426.6536833300197,2025-07-01 16:05:06.895876,2025-07-01 18:09:07.032418,0 days 02:04:00.136542,0,13,10,21,83,21,2,COMPLETE
945,2426.6536833300197,2025-07-01 16:05:06.902667,2025-07-01 18:02:57.447700,0 days 01:57:50.545033,0,13,10,21,83,21,2,COMPLETE
946,1067.1373387371332,2025-07-01 16:05:06.913911,2025-07-01 18:09:23.526973,0 days 02:04:16.613062,0,13,10,21,83,22,2,COMPLETE
947,994.4792441358386,2025-07-01 16:05:06.915194,2025-07-01 18:04:10.520573,0 days 01:59:03.605379,0,13,10,21,83,23,2,COMPLETE
948,2426.6536833300197,2025-07-01 16:05:07.008596,2025-07-01 18:08:32.737628,0 days 02:03:25.729032,0,13,10,21,83,21,2,COMPLETE
949,2666.4670559321985,2025-07-01 16:05:07.119012,2025-07-01 18:09:00.935646,0 days 02:03:53.816634,1,13,10,21,90,21,2,COMPLETE
950,1952.3856986664869,2025-07-01 16:05:07.206784,2025-07-01 18:09:23.773345,0 days 02:04:16.566561,1,13,9,21,83,21,2,COMPLETE
951,1115.129327292274,2025-07-01 16:05:07.330482,2025-07-01 18:08:45.097413,0 days 02:03:37.766931,0,13,10,21,84,22,2,COMPLETE
952,2426.6536833300197,2025-07-01 16:05:07.364877,2025-07-01 18:08:59.857402,0 days 02:03:52.492525,2,13,10,21,83,21,2,COMPLETE
953,2426.6536833300197,2025-07-01 16:05:07.430127,2025-07-01 18:03:33.096372,0 days 01:58:25.666245,0,12,10,21,83,21,2,COMPLETE
954,2666.4670559321985,2025-07-01 16:05:07.458138,2025-07-01 18:09:19.676388,0 days 02:04:12.218250,1,12,10,21,90,21,2,COMPLETE
955,2426.6536833300197,2025-07-01 16:05:07.537218,2025-07-01 17:19:17.990350,0 days 01:14:10.453132,1,12,10,21,83,21,2,COMPLETE
956,2426.6536833300197,2025-07-01 16:05:07.567667,2025-07-01 18:09:19.306633,0 days 02:04:11.738966,2,13,10,21,83,21,2,COMPLETE
957,1316.904598384408,2025-07-01 16:05:07.592531,2025-07-01 18:07:35.717784,0 days 02:02:28.125253,0,12,10,21,90,22,2,COMPLETE
958,1115.129327292274,2025-07-01 16:05:07.616513,2025-07-01 17:47:32.103954,0 days 01:42:24.487441,0,13,10,21,84,22,2,COMPLETE
959,4388.850254775236,2025-07-01 16:05:07.652053,2025-07-01 18:09:15.368819,0 days 02:04:07.716766,0,13,10,19,83,22,2,COMPLETE
960,3746.019800807182,2025-07-01 16:05:07.653239,2025-07-01 17:29:55.872812,0 days 01:24:48.219573,0,13,10,19,83,21,2,COMPLETE
961,1067.1373387371332,2025-07-01 16:05:07.696749,2025-07-01 18:05:45.945112,0 days 02:00:38.248363,0,13,10,21,83,22,2,COMPLETE
962,4645.900643495446,2025-07-01 16:05:07.736907,2025-07-01 18:08:51.618865,0 days 02:03:43.881958,0,12,10,21,83,19,2,COMPLETE
963,2426.6536833300197,2025-07-01 16:05:07.909909,2025-07-01 18:04:25.602540,0 days 01:59:17.692631,1,13,10,21,83,21,2,COMPLETE
964,4914.859374016971,2025-07-01 16:05:08.031473,2025-07-01 18:08:54.212833,0 days 02:03:46.181360,0,12,10,20,90,21,2,COMPLETE
965,2426.6536833300197,2025-07-01 16:05:08.085917,2025-07-01 18:07:33.432436,0 days 02:02:25.346519,0,13,10,21,83,21,2,COMPLETE
966,4388.850254775236,2025-07-01 16:05:08.128298,2025-07-01 18:09:03.980627,0 days 02:03:55.852329,0,13,10,19,83,22,2,COMPLETE
967,2426.6536833300197,2025-07-01 16:05:08.199968,2025-07-01 18:09:24.408190,0 days 02:04:16.208222,0,13,10,21,83,21,2,COMPLETE
968,2426.6536833300197,2025-07-01 16:05:08.226637,2025-07-01 17:54:37.024129,0 days 01:49:28.797492,0,12,10,21,83,21,2,COMPLETE
969,4184.393233971674,2025-07-01 16:05:08.280343,2025-07-01 18:09:22.421690,0 days 02:04:14.141347,0,11,10,20,83,21,2,COMPLETE
970,1952.3856986664869,2025-07-01 16:05:08.317355,2025-07-01 18:07:28.265754,0 days 02:02:19.948399,0,14,9,21,83,21,2,COMPLETE
971,2426.6536833300197,2025-07-01 16:05:08.419729,2025-07-01 17:59:20.138146,0 days 01:54:11.718417,0,13,10,21,83,21,2,COMPLETE
972,2666.4670559321985,2025-07-01 16:05:08.420888,2025-07-01 18:05:43.578849,0 days 02:00:35.157961,1,13,10,21,90,21,2,COMPLETE
973,6490.711729255494,2025-07-01 16:05:08.466000,2025-07-01 18:08:56.131291,0 days 02:03:47.665291,0,13,10,20,82,21,2,COMPLETE
974,9034.92848276006,2025-07-01 16:05:08.546655,2025-07-01 18:06:44.210729,0 days 02:01:35.664074,1,13,10,21,89,19,2,COMPLETE
975,2666.4670559321985,2025-07-01 16:05:08.625066,2025-07-01 18:08:22.489599,0 days 02:03:13.864533,0,13,10,21,90,21,2,COMPLETE
976,4001.9484021348962,2025-07-01 16:05:08.636773,2025-07-01 18:09:20.269662,0 days 02:04:11.632889,0,14,10,20,83,22,2,COMPLETE
977,2666.4670559321985,2025-07-01 16:05:08.753302,2025-07-01 18:04:34.495539,0 days 01:59:25.742237,0,13,10,21,90,21,2,COMPLETE
978,2426.6536833300197,2025-07-01 16:05:08.850284,2025-07-01 18:07:00.855662,0 days 02:01:52.005378,1,13,10,21,83,21,2,COMPLETE
979,2426.6536833300197,2025-07-01 16:05:08.865353,2025-07-01 18:08:44.599694,0 days 02:03:35.734341,1,13,10,21,83,21,2,COMPLETE
980,2426.6536833300197,2025-07-01 16:05:08.877533,2025-07-01 18:09:20.870950,0 days 02:04:11.993417,0,13,10,21,83,21,2,COMPLETE
981,2426.6536833300197,2025-07-01 16:05:09.024068,2025-07-01 18:05:17.643094,0 days 02:00:08.619026,1,13,10,21,83,21,2,COMPLETE
982,2426.6536833300197,2025-07-01 16:05:09.072683,2025-07-01 17:31:58.942417,0 days 01:26:49.869734,0,13,10,21,83,21,2,COMPLETE
983,1952.3856986664869,2025-07-01 16:05:09.158320,2025-07-01 18:07:59.898350,0 days 02:02:50.740030,2,13,9,21,83,21,2,COMPLETE
984,2426.6536833300197,2025-07-01 16:05:09.190974,2025-07-01 18:06:04.280288,0 days 02:00:55.089314,0,13,10,21,83,21,2,COMPLETE
985,3931.606676511932,2025-07-01 16:05:09.271368,2025-07-01 18:09:07.580869,0 days 02:03:58.309501,0,13,10,21,83,20,2,COMPLETE
986,1067.1373387371332,2025-07-01 16:05:09.277521,2025-07-01 18:08:57.420463,0 days 02:03:48.142942,0,13,10,21,83,22,2,COMPLETE
987,1067.1373387371332,2025-07-01 16:05:09.281681,2025-07-01 18:09:23.582066,0 days 02:04:14.300385,1,13,10,21,83,22,2,COMPLETE
988,3955.5572274026854,2025-07-01 16:05:09.294080,2025-07-01 18:05:43.315730,0 days 02:00:34.021650,0,13,10,20,83,20,2,COMPLETE
989,805.1663042890032,2025-07-01 16:05:09.306414,2025-07-01 17:57:54.375484,0 days 01:52:45.069070,1,12,9,21,83,22,2,COMPLETE
990,2426.6536833300197,2025-07-01 16:05:09.373386,2025-07-01 18:08:49.432425,0 days 02:03:40.059039,0,13,10,21,83,21,2,COMPLETE
991,2426.6536833300197,2025-07-01 16:05:09.467588,2025-07-01 18:06:49.943103,0 days 02:01:40.475515,1,12,10,21,83,21,2,COMPLETE
992,1952.3856986664869,2025-07-01 16:05:09.629239,2025-07-01 18:06:59.966865,0 days 02:01:50.337626,0,12,9,21,83,21,2,COMPLETE
993,2666.4670559321985,2025-07-01 16:05:09.637996,2025-07-01 18:09:24.248633,0 days 02:04:14.610637,1,14,10,21,90,21,2,COMPLETE
994,2426.6536833300197,2025-07-01 16:05:09.644614,2025-07-01 18:09:13.233523,0 days 02:04:03.588909,1,13,10,21,83,21,2,COMPLETE
995,2143.8903348654367,2025-07-01 16:05:09.830295,2025-07-01 18:08:29.272631,0 days 02:03:19.442336,13,13,10,21,83,21,2,COMPLETE
996,1573.5927879058436,2025-07-01 16:05:09.863395,2025-07-01 17:54:32.184570,0 days 01:49:22.321175,16,12,10,21,83,21,2,COMPLETE
997,4706.415067876996,2025-07-01 16:05:09.880490,2025-07-01 18:08:06.409892,0 days 02:02:56.529402,0,13,10,21,84,20,2,COMPLETE
998,4184.393233971674,2025-07-01 16:05:10.805168,2025-07-01 18:05:14.261869,0 days 02:00:03.456701,0,13,10,20,83,21,2,COMPLETE
999,2666.4670559321985,2025-07-01 16:05:13.848023,2025-07-01 18:09:22.625168,0 days 02:04:08.777145,0,13,10,21,90,21,2,COMPLETE
