number,value,datetime_start,datetime_complete,duration,params_fast,params_macd_fast,params_macd_signal,params_macd_slow,params_rsi_period,params_rsi_threshold,params_slow,params_trend_sma_period,params_volume_ma_period,state
0,1265.7759977287255,2025-08-06 11:25:27.599238,2025-08-06 11:26:22.845526,0 days 00:00:55.246288,27,17,20,22,5,31,44,164,42,COMPLETE
1,7490.424506968765,2025-08-06 11:25:27.601540,2025-08-06 11:26:24.042146,0 days 00:00:56.440606,7,12,5,24,22,65,84,182,48,COMPLETE
2,623.4867748540715,2025-08-06 11:25:27.603363,2025-08-06 11:26:24.383744,0 days 00:00:56.780381,58,11,10,44,7,63,93,193,33,COMPLETE
3,18924.3537095248,2025-08-06 11:25:27.617340,2025-08-06 11:26:24.279785,0 days 00:00:56.662445,11,16,17,49,12,69,85,32,13,COMPLETE
4,1099.1813036775538,2025-08-06 11:26:22.867895,2025-08-06 11:27:21.083589,0 days 00:00:58.215694,73,20,11,40,8,64,82,265,44,COMPLETE
5,-inf,2025-08-06 11:26:24.096311,2025-08-06 11:27:21.031749,0 days 00:00:56.935438,56,17,10,45,18,38,127,58,5,COMPLETE
6,-inf,2025-08-06 11:26:24.308179,2025-08-06 11:27:21.244023,0 days 00:00:56.935844,29,20,10,25,6,34,243,28,22,COMPLETE
7,-inf,2025-08-06 11:26:24.385299,2025-08-06 11:27:21.557437,0 days 00:00:57.172138,43,17,13,22,28,49,215,271,29,COMPLETE
8,-inf,2025-08-06 11:27:21.038347,2025-08-06 11:28:14.620760,0 days 00:00:53.582413,13,12,20,32,11,40,157,29,41,COMPLETE
9,-inf,2025-08-06 11:27:21.142044,2025-08-06 11:27:21.165565,0 days 00:00:00.023521,72,8,12,34,18,52,32,89,46,COMPLETE
10,-356.76742080339216,2025-08-06 11:27:21.172180,2025-08-06 11:28:16.054058,0 days 00:00:54.881878,46,12,9,22,28,58,178,246,46,COMPLETE
11,-inf,2025-08-06 11:27:21.255703,2025-08-06 11:28:17.028372,0 days 00:00:55.772669,44,20,9,36,6,46,202,92,9,COMPLETE
12,-inf,2025-08-06 11:27:21.558807,2025-08-06 11:28:16.988297,0 days 00:00:55.429490,56,12,12,27,30,54,219,126,42,COMPLETE
13,-93.94142991014553,2025-08-06 11:28:14.683537,2025-08-06 11:29:08.561681,0 days 00:00:53.878144,25,5,16,15,13,55,166,107,11,COMPLETE
14,18426.218774662935,2025-08-06 11:28:16.088677,2025-08-06 11:29:14.319852,0 days 00:00:58.231175,5,5,5,30,23,69,93,104,12,COMPLETE
15,10352.40522225951,2025-08-06 11:28:17.009178,2025-08-06 11:29:16.212845,0 days 00:00:59.203667,5,5,6,17,23,70,90,204,16,COMPLETE
16,17686.073486738067,2025-08-06 11:28:17.029483,2025-08-06 11:29:13.793125,0 days 00:00:56.763642,5,15,5,16,22,70,94,194,16,COMPLETE
17,11644.082054143011,2025-08-06 11:29:08.657759,2025-08-06 11:30:03.439609,0 days 00:00:54.781850,6,14,5,49,23,70,108,208,19,COMPLETE
18,2518.15636050522,2025-08-06 11:29:13.841259,2025-08-06 11:30:12.707096,0 days 00:00:58.865837,17,15,16,50,22,70,120,224,18,COMPLETE
19,2937.635349019768,2025-08-06 11:29:14.348077,2025-08-06 11:30:13.412949,0 days 00:00:59.064872,19,9,16,50,14,70,124,10,19,COMPLETE
20,1181.2832262082418,2025-08-06 11:29:16.236781,2025-08-06 11:30:15.701183,0 days 00:00:59.464402,18,9,16,49,15,61,125,56,22,COMPLETE
21,279.7030178728063,2025-08-06 11:30:03.487489,2025-08-06 11:31:03.297497,0 days 00:00:59.810008,17,8,17,30,14,59,66,62,25,COMPLETE
22,3491.890122728151,2025-08-06 11:30:12.718588,2025-08-06 11:31:12.312820,0 days 00:00:59.594232,19,9,17,30,16,60,57,61,25,COMPLETE
23,-584.2739290878366,2025-08-06 11:30:13.419290,2025-08-06 11:31:14.833947,0 days 00:01:01.414657,33,7,18,31,15,60,63,62,26,COMPLETE
24,1405.1891180768464,2025-08-06 11:30:15.718505,2025-08-06 11:31:15.498539,0 days 00:00:59.780034,35,15,7,29,25,66,59,139,11,COMPLETE
25,2477.3774734943045,2025-08-06 11:31:03.345670,2025-08-06 11:32:02.639420,0 days 00:00:59.293750,36,15,7,38,20,66,73,134,13,COMPLETE
26,2930.4207559448196,2025-08-06 11:31:12.329890,2025-08-06 11:32:11.826540,0 days 00:00:59.496650,34,15,7,38,25,66,68,138,13,COMPLETE
27,2464.7784360750725,2025-08-06 11:31:14.855151,2025-08-06 11:32:15.418160,0 days 00:01:00.563009,9,15,8,37,20,67,102,139,13,COMPLETE
28,5672.9931620395255,2025-08-06 11:31:15.511696,2025-08-06 11:32:18.523389,0 days 00:01:03.011693,11,14,7,38,19,66,146,156,14,COMPLETE
29,-45.56018049954605,2025-08-06 11:32:02.666617,2025-08-06 11:33:03.086372,0 days 00:01:00.419755,11,14,14,41,10,67,103,166,5,COMPLETE
30,956.9673444224946,2025-08-06 11:32:11.893187,2025-08-06 11:33:12.215777,0 days 00:01:00.322590,11,18,13,19,10,67,141,300,5,COMPLETE
31,-344.6582783107203,2025-08-06 11:32:15.435400,2025-08-06 11:33:16.498709,0 days 00:01:01.063309,12,18,14,19,10,56,144,161,5,COMPLETE
32,-inf,2025-08-06 11:32:18.554212,2025-08-06 11:32:19.924699,0 days 00:00:01.370487,25,18,14,18,10,56,42,167,5,COMPLETE
33,364.37638452551755,2025-08-06 11:32:19.977453,2025-08-06 11:33:20.693795,0 days 00:01:00.716342,14,18,20,42,25,62,105,297,7,COMPLETE
34,8432.095152045096,2025-08-06 11:33:03.145491,2025-08-06 11:34:04.352159,0 days 00:01:01.206668,5,18,5,47,25,70,114,300,19,COMPLETE
35,11608.62458421159,2025-08-06 11:33:12.279556,2025-08-06 11:34:10.597409,0 days 00:00:58.317853,5,13,5,47,25,70,108,210,19,COMPLETE
36,10615.990571973889,2025-08-06 11:33:16.520897,2025-08-06 11:34:17.591955,0 days 00:01:01.071058,5,13,5,45,24,63,106,218,19,COMPLETE
37,19408.973413189127,2025-08-06 11:33:20.734056,2025-08-06 11:34:20.776950,0 days 00:01:00.042894,6,13,5,47,23,69,110,214,19,COMPLETE
38,2655.3825497958055,2025-08-06 11:34:04.499197,2025-08-06 11:35:03.509628,0 days 00:00:59.010431,5,13,5,45,23,63,86,210,33,COMPLETE
39,-413.50615478978995,2025-08-06 11:34:10.633416,2025-08-06 11:35:09.464664,0 days 00:00:58.831248,24,11,6,44,22,64,79,229,9,COMPLETE
40,3068.7965094382344,2025-08-06 11:34:17.740769,2025-08-06 11:35:16.799078,0 days 00:00:59.058309,24,16,6,43,22,63,86,187,31,COMPLETE
41,1459.027954356062,2025-08-06 11:34:20.821516,2025-08-06 11:35:19.712025,0 days 00:00:58.890509,23,11,6,43,21,64,82,184,31,COMPLETE
42,4814.816339469417,2025-08-06 11:35:03.512264,2025-08-06 11:35:59.845068,0 days 00:00:56.332804,22,11,6,43,21,68,79,182,16,COMPLETE
43,-inf,2025-08-06 11:35:09.577861,2025-08-06 11:36:08.520327,0 days 00:00:58.942466,67,16,6,25,27,44,95,193,16,COMPLETE
44,2985.4830995729835,2025-08-06 11:35:16.871309,2025-08-06 11:36:18.044984,0 days 00:01:01.173675,9,16,8,47,27,68,92,241,22,COMPLETE
45,6198.837712036866,2025-08-06 11:35:19.753987,2025-08-06 11:36:20.486751,0 days 00:01:00.732764,9,16,8,47,27,69,94,245,16,COMPLETE
46,-inf,2025-08-06 11:35:59.887419,2025-08-06 11:36:59.210428,0 days 00:00:59.323009,9,16,8,47,27,43,99,248,21,COMPLETE
47,6944.633243422783,2025-08-06 11:36:08.653679,2025-08-06 11:37:05.151481,0 days 00:00:56.497802,9,14,9,47,27,68,130,241,23,COMPLETE
48,-164.42747360553537,2025-08-06 11:36:18.114467,2025-08-06 11:37:18.123270,0 days 00:01:00.008803,15,14,8,34,17,68,114,257,10,COMPLETE
49,-inf,2025-08-06 11:36:20.521218,2025-08-06 11:37:20.510915,0 days 00:00:59.989697,15,14,11,27,17,35,131,260,23,COMPLETE
50,-131.37581798372753,2025-08-06 11:36:59.222502,2025-08-06 11:37:58.174992,0 days 00:00:58.952490,15,14,11,35,17,49,134,267,10,COMPLETE
51,-inf,2025-08-06 11:37:05.184055,2025-08-06 11:38:07.865584,0 days 00:01:02.681529,14,6,11,23,17,31,133,105,9,COMPLETE
52,-22.348563567619603,2025-08-06 11:37:18.124699,2025-08-06 11:38:17.866961,0 days 00:00:59.742262,15,6,11,49,18,50,161,81,8,COMPLETE
53,-289.59048741953836,2025-08-06 11:37:20.522755,2025-08-06 11:38:21.606355,0 days 00:01:01.083600,28,17,19,49,30,50,47,113,8,COMPLETE
54,8970.261567337857,2025-08-06 11:37:58.240413,2025-08-06 11:38:55.205474,0 days 00:00:56.965061,7,13,5,49,24,70,112,207,18,COMPLETE
55,31348.502510077105,2025-08-06 11:38:07.924749,2025-08-06 11:39:06.626950,0 days 00:00:58.702201,7,13,5,50,24,70,114,203,15,COMPLETE
56,27506.449364481603,2025-08-06 11:38:17.868061,2025-08-06 11:39:22.062157,0 days 00:01:04.194096,7,13,5,49,30,70,114,216,18,COMPLETE
57,36864.434801241536,2025-08-06 11:38:21.618712,2025-08-06 11:39:23.720618,0 days 00:01:02.101906,7,12,5,40,24,70,115,200,15,COMPLETE
58,29073.15039697618,2025-08-06 11:38:55.217598,2025-08-06 11:39:59.028650,0 days 00:01:03.811052,7,10,5,46,23,65,117,35,39,COMPLETE
59,758.9251317689674,2025-08-06 11:39:06.714126,2025-08-06 11:40:03.734894,0 days 00:00:57.020768,20,10,5,50,23,65,120,39,39,COMPLETE
60,787.5136248896982,2025-08-06 11:39:22.093214,2025-08-06 11:40:22.914065,0 days 00:01:00.820851,48,12,7,15,28,65,248,37,14,COMPLETE
61,-143.30023011023013,2025-08-06 11:39:23.755577,2025-08-06 11:40:24.584406,0 days 00:01:00.828829,59,12,6,50,5,65,122,44,14,COMPLETE
62,939.1014304938217,2025-08-06 11:39:59.127043,2025-08-06 11:40:59.820492,0 days 00:01:00.693449,50,12,6,40,12,64,119,35,37,COMPLETE
63,3341.289585714036,2025-08-06 11:40:03.752256,2025-08-06 11:41:03.403462,0 days 00:00:59.651206,40,12,7,40,28,65,247,17,38,COMPLETE
64,124636.45442980855,2025-08-06 11:40:22.930813,2025-08-06 11:41:23.651780,0 days 00:01:00.720967,7,12,6,40,29,69,152,14,36,COMPLETE
65,32219.138640692145,2025-08-06 11:40:24.596442,2025-08-06 11:41:25.665584,0 days 00:01:01.069142,8,10,5,48,29,68,117,22,38,COMPLETE
66,11464.991583943975,2025-08-06 11:40:59.837333,2025-08-06 11:41:56.773446,0 days 00:00:56.936113,8,10,7,48,29,68,178,26,12,COMPLETE
67,4778.139783623676,2025-08-06 11:41:03.470787,2025-08-06 11:42:04.540042,0 days 00:01:01.069255,8,10,5,48,20,69,148,230,50,COMPLETE
68,33243.03217867585,2025-08-06 11:41:23.689652,2025-08-06 11:42:23.906633,0 days 00:01:00.216981,8,10,6,46,30,69,150,25,50,COMPLETE
69,26724.568256679424,2025-08-06 11:41:25.688281,2025-08-06 11:42:26.051106,0 days 00:01:00.362825,8,10,6,46,30,68,154,22,36,COMPLETE
70,56890.31530767646,2025-08-06 11:41:56.790073,2025-08-06 11:42:56.002099,0 days 00:00:59.212026,12,10,6,44,30,67,138,11,44,COMPLETE
71,16010.628845283862,2025-08-06 11:42:04.655173,2025-08-06 11:43:04.057798,0 days 00:00:59.402625,12,10,6,45,30,67,178,17,43,COMPLETE
72,172920.56019748506,2025-08-06 11:42:23.924132,2025-08-06 11:43:27.257244,0 days 00:01:03.333112,11,8,6,45,29,67,156,10,45,COMPLETE
73,5358.128058085172,2025-08-06 11:42:26.062912,2025-08-06 11:43:26.766191,0 days 00:01:00.703279,12,8,6,44,29,61,173,12,44,COMPLETE
74,54023.152202290155,2025-08-06 11:42:56.056587,2025-08-06 11:43:55.420926,0 days 00:00:59.364339,12,8,6,45,29,67,152,12,46,COMPLETE
75,131689.12887748968,2025-08-06 11:43:04.074922,2025-08-06 11:44:06.882452,0 days 00:01:02.807530,12,9,5,41,29,67,136,10,46,COMPLETE
76,4593.033468593044,2025-08-06 11:43:26.937938,2025-08-06 11:44:27.514971,0 days 00:01:00.577033,17,11,5,41,29,66,139,71,41,COMPLETE
77,5523.261189226256,2025-08-06 11:43:27.286738,2025-08-06 11:44:27.683007,0 days 00:01:00.396269,17,9,7,41,29,66,153,51,46,COMPLETE
78,2480.5695204733124,2025-08-06 11:43:55.452917,2025-08-06 11:44:51.386133,0 days 00:00:55.933216,18,9,7,42,29,67,167,50,47,COMPLETE
79,8575.174350160172,2025-08-06 11:44:06.903356,2025-08-06 11:45:06.120442,0 days 00:00:59.217086,17,8,7,42,29,66,168,43,46,COMPLETE
80,825.4041617590052,2025-08-06 11:44:27.578552,2025-08-06 11:45:30.768614,0 days 00:01:03.190062,20,7,7,39,26,58,188,47,46,COMPLETE
81,506.7195723162464,2025-08-06 11:44:27.717276,2025-08-06 11:45:30.394514,0 days 00:01:02.677238,20,8,7,39,28,58,190,26,48,COMPLETE
82,-37.418083498369526,2025-08-06 11:44:51.402588,2025-08-06 11:45:50.079691,0 days 00:00:58.677103,80,8,9,44,26,62,192,28,49,COMPLETE
83,5554.543664564297,2025-08-06 11:45:06.132829,2025-08-06 11:46:07.218527,0 days 00:01:01.085698,21,7,6,39,26,62,138,28,50,COMPLETE
84,2287.9599296094098,2025-08-06 11:45:30.406886,2025-08-06 11:46:31.291855,0 days 00:01:00.884969,80,7,6,44,28,69,138,11,50,COMPLETE
85,30291.674742772808,2025-08-06 11:45:30.833468,2025-08-06 11:46:31.407885,0 days 00:01:00.574417,11,7,6,44,26,69,149,14,49,COMPLETE
86,117046.68639951455,2025-08-06 11:45:50.101244,2025-08-06 11:46:50.534288,0 days 00:01:00.433044,11,9,6,46,28,69,138,10,44,COMPLETE
87,58387.91164883501,2025-08-06 11:46:07.225121,2025-08-06 11:47:08.748836,0 days 00:01:01.523715,10,9,6,46,28,69,148,12,41,COMPLETE
88,47615.86843635419,2025-08-06 11:46:31.330133,2025-08-06 11:47:31.850988,0 days 00:01:00.520855,11,9,6,46,30,69,149,19,43,COMPLETE
89,39377.949965125656,2025-08-06 11:46:31.414376,2025-08-06 11:47:29.596721,0 days 00:00:58.182345,10,9,5,46,30,67,158,19,45,COMPLETE
90,36178.334203201266,2025-08-06 11:46:50.641986,2025-08-06 11:47:51.413546,0 days 00:01:00.771560,13,9,5,46,30,67,160,19,44,COMPLETE
91,654.6418736664002,2025-08-06 11:47:08.755192,2025-08-06 11:48:08.738180,0 days 00:00:59.982988,13,9,6,45,30,53,159,19,44,COMPLETE
92,63077.69960558545,2025-08-06 11:47:29.610856,2025-08-06 11:48:29.438881,0 days 00:00:59.828025,13,9,8,45,28,67,159,10,41,COMPLETE
93,2625.119857539639,2025-08-06 11:47:31.869031,2025-08-06 11:48:31.255014,0 days 00:00:59.385983,31,9,8,45,28,67,161,10,42,COMPLETE
94,52178.658215209936,2025-08-06 11:47:51.435082,2025-08-06 11:48:52.325085,0 days 00:01:00.890003,10,9,8,45,28,67,160,10,42,COMPLETE
95,15885.312663113667,2025-08-06 11:48:08.792394,2025-08-06 11:49:08.881420,0 days 00:01:00.089026,10,9,5,43,28,64,128,11,42,COMPLETE
96,25104.54958694448,2025-08-06 11:48:29.456474,2025-08-06 11:49:26.222077,0 days 00:00:56.765603,10,9,8,43,28,64,145,11,41,COMPLETE
97,2536.366449180145,2025-08-06 11:48:31.266372,2025-08-06 11:49:30.877107,0 days 00:00:59.610735,10,8,8,42,28,64,143,33,41,COMPLETE
98,2388.2186688688766,2025-08-06 11:48:52.347870,2025-08-06 11:49:48.955243,0 days 00:00:56.607373,11,8,10,42,27,64,142,32,41,COMPLETE
99,12596.276940985195,2025-08-06 11:49:08.903649,2025-08-06 11:50:09.344558,0 days 00:01:00.440909,13,8,10,43,27,66,142,31,40,COMPLETE
100,11615.085582974136,2025-08-06 11:49:26.307412,2025-08-06 11:50:27.065331,0 days 00:01:00.757919,14,8,9,42,27,66,144,32,40,COMPLETE
101,17314.298410922405,2025-08-06 11:49:30.883957,2025-08-06 11:50:29.362018,0 days 00:00:58.478061,14,11,9,45,27,66,154,31,35,COMPLETE
102,7381.30391179971,2025-08-06 11:49:49.009386,2025-08-06 11:50:45.302548,0 days 00:00:56.293162,14,6,9,45,29,68,153,39,43,COMPLETE
103,6190.076986267052,2025-08-06 11:50:09.493843,2025-08-06 11:51:07.559466,0 days 00:00:58.065623,14,11,9,45,29,68,153,40,43,COMPLETE
104,18207.18342290515,2025-08-06 11:50:27.162092,2025-08-06 11:51:28.176711,0 days 00:01:01.014619,16,9,7,46,29,67,154,19,45,COMPLETE
105,12471.685757582094,2025-08-06 11:50:29.373853,2025-08-06 11:51:28.463852,0 days 00:00:59.089999,16,9,7,48,29,68,164,19,45,COMPLETE
106,15211.077281793747,2025-08-06 11:50:45.314459,2025-08-06 11:51:40.413177,0 days 00:00:55.098718,12,9,7,46,30,67,174,19,45,COMPLETE
107,22593.19096221307,2025-08-06 11:51:07.622321,2025-08-06 11:52:04.747014,0 days 00:00:57.124693,12,9,6,46,30,67,172,19,45,COMPLETE
108,32962.33915736025,2025-08-06 11:51:28.193948,2025-08-06 11:52:25.666221,0 days 00:00:57.472273,12,9,6,48,30,69,171,22,45,COMPLETE
109,15103.310778742238,2025-08-06 11:51:28.483330,2025-08-06 11:52:24.738922,0 days 00:00:56.255592,11,9,6,47,30,69,170,57,47,COMPLETE
110,24323.943851828994,2025-08-06 11:51:40.477069,2025-08-06 11:52:37.480315,0 days 00:00:57.003246,10,10,6,47,30,69,134,57,47,COMPLETE
111,11653.256417834682,2025-08-06 11:52:04.774200,2025-08-06 11:53:02.630109,0 days 00:00:57.855909,6,10,6,44,30,69,183,25,47,COMPLETE
112,22351.695486549543,2025-08-06 11:52:24.854885,2025-08-06 11:53:22.480384,0 days 00:00:57.625499,6,10,6,44,26,63,136,24,48,COMPLETE
113,68517.0910889696,2025-08-06 11:52:25.695539,2025-08-06 11:53:24.957176,0 days 00:00:59.261637,6,10,5,44,28,63,136,15,47,COMPLETE
114,398475.18966234033,2025-08-06 11:52:37.541842,2025-08-06 11:53:39.391088,0 days 00:01:01.849246,5,8,5,37,28,70,126,15,28,COMPLETE
115,266414.37892331625,2025-08-06 11:53:02.698145,2025-08-06 11:54:04.461850,0 days 00:01:01.763705,5,11,5,41,28,70,164,14,28,COMPLETE
116,67681.27089994634,2025-08-06 11:53:22.507830,2025-08-06 11:54:18.775178,0 days 00:00:56.267348,9,8,5,37,28,70,125,10,43,COMPLETE
117,11556.154115900968,2025-08-06 11:53:24.985283,2025-08-06 11:54:22.500877,0 days 00:00:57.515594,9,8,5,36,28,65,163,10,43,COMPLETE
118,960195.0523773402,2025-08-06 11:53:39.480922,2025-08-06 11:54:33.609250,0 days 00:00:54.128328,5,8,15,37,28,70,126,10,27,COMPLETE
119,300743.22689461417,2025-08-06 11:54:04.468719,2025-08-06 11:55:02.990119,0 days 00:00:58.521400,5,8,5,41,28,70,127,14,28,COMPLETE
120,336093.60732970946,2025-08-06 11:54:18.838459,2025-08-06 11:55:16.684528,0 days 00:00:57.846069,6,11,5,36,28,65,125,14,28,COMPLETE
121,231766.1650986465,2025-08-06 11:54:22.541205,2025-08-06 11:55:18.744267,0 days 00:00:56.203062,5,11,5,33,27,70,128,15,29,COMPLETE
122,481083.1046484657,2025-08-06 11:54:33.673766,2025-08-06 11:55:30.215509,0 days 00:00:56.541743,5,11,13,37,27,70,126,15,27,COMPLETE
123,69304.45982911503,2025-08-06 11:55:02.996640,2025-08-06 11:56:00.746691,0 days 00:00:57.750051,5,7,15,37,27,70,128,26,29,COMPLETE
124,362571.8239899867,2025-08-06 11:55:16.741154,2025-08-06 11:56:19.732195,0 days 00:01:02.991041,5,7,15,37,27,70,126,15,29,COMPLETE
125,93448.12300742915,2025-08-06 11:55:18.763574,2025-08-06 11:56:19.381261,0 days 00:01:00.617687,5,11,5,33,27,70,126,26,28,COMPLETE
126,124068.72951977442,2025-08-06 11:55:30.258286,2025-08-06 11:56:24.053015,0 days 00:00:53.794729,5,11,15,33,26,70,127,25,30,COMPLETE
127,105560.3675464035,2025-08-06 11:56:00.763190,2025-08-06 11:56:59.344248,0 days 00:00:58.581058,6,11,15,33,25,70,128,36,28,COMPLETE
128,37551.036409856584,2025-08-06 11:56:19.392663,2025-08-06 11:57:16.057009,0 days 00:00:56.664346,5,11,17,33,26,70,130,27,28,COMPLETE
129,105314.87454161099,2025-08-06 11:56:19.760063,2025-08-06 11:57:15.359621,0 days 00:00:55.599558,5,11,15,32,26,70,124,37,27,COMPLETE
130,37343.12525553653,2025-08-06 11:56:24.184199,2025-08-06 11:57:22.551216,0 days 00:00:58.367017,7,12,15,35,26,70,123,36,26,COMPLETE
131,130418.74231830022,2025-08-06 11:56:59.418768,2025-08-06 11:57:58.008783,0 days 00:00:58.590015,7,12,15,35,26,70,122,16,26,COMPLETE
132,36368.503837141485,2025-08-06 11:57:15.376778,2025-08-06 11:58:12.539868,0 days 00:00:57.163090,7,12,14,35,26,68,121,44,31,COMPLETE
133,37652.312752361824,2025-08-06 11:57:16.085857,2025-08-06 11:58:15.149910,0 days 00:00:59.064053,7,12,14,35,27,68,122,48,31,COMPLETE
134,75118.8331620774,2025-08-06 11:57:22.610832,2025-08-06 11:58:22.938727,0 days 00:01:00.327895,7,12,14,35,25,68,132,16,31,COMPLETE
135,60842.553977908625,2025-08-06 11:57:58.049726,2025-08-06 11:58:55.582051,0 days 00:00:57.532325,7,12,16,36,25,68,110,16,30,COMPLETE
136,63185.76819913839,2025-08-06 11:58:12.577006,2025-08-06 11:59:09.300563,0 days 00:00:56.723557,8,7,16,36,25,69,109,16,30,COMPLETE
137,75753.18516791568,2025-08-06 11:58:15.171981,2025-08-06 11:59:10.979840,0 days 00:00:55.807859,8,6,16,36,27,69,108,16,25,COMPLETE
138,64717.20872161823,2025-08-06 11:58:22.945181,2025-08-06 11:59:21.736625,0 days 00:00:58.791444,8,7,13,38,27,69,101,23,25,COMPLETE
139,-inf,2025-08-06 11:58:55.666249,2025-08-06 11:59:53.523024,0 days 00:00:57.856775,8,7,13,38,27,39,118,23,25,COMPLETE
140,189585.92052361587,2025-08-06 11:59:09.349327,2025-08-06 12:00:06.044569,0 days 00:00:56.695242,5,11,13,38,27,70,118,24,24,COMPLETE
141,-inf,2025-08-06 11:59:11.013150,2025-08-06 12:00:10.745985,0 days 00:00:59.732835,5,11,13,38,8,40,118,23,26,COMPLETE
142,53049.73962997816,2025-08-06 11:59:21.748316,2025-08-06 12:00:19.087674,0 days 00:00:57.339358,5,11,15,31,29,70,130,29,34,COMPLETE
143,45855.4812976512,2025-08-06 11:59:53.555065,2025-08-06 12:00:48.255195,0 days 00:00:54.700130,5,11,12,34,29,70,130,30,33,COMPLETE
144,-inf,2025-08-06 12:00:06.103897,2025-08-06 12:01:00.370060,0 days 00:00:54.266163,5,11,13,37,29,46,130,30,27,COMPLETE
145,56225.72740690929,2025-08-06 12:00:10.768561,2025-08-06 12:01:04.754675,0 days 00:00:53.986114,5,11,12,34,29,70,133,30,27,COMPLETE
146,7323.245851354789,2025-08-06 12:00:19.121037,2025-08-06 12:01:12.992119,0 days 00:00:53.871082,5,11,12,34,29,70,133,285,27,COMPLETE
147,6052.379060105157,2025-08-06 12:00:48.303717,2025-08-06 12:01:42.657777,0 days 00:00:54.354060,9,13,12,39,28,70,134,119,27,COMPLETE
148,41650.50370500581,2025-08-06 12:01:00.397210,2025-08-06 12:01:53.352627,0 days 00:00:52.955417,9,13,12,39,28,69,136,16,29,COMPLETE
149,91993.03595885764,2025-08-06 12:01:04.761978,2025-08-06 12:01:59.902895,0 days 00:00:55.140917,9,13,15,39,28,69,115,16,29,COMPLETE
150,79531.30681710494,2025-08-06 12:01:13.038979,2025-08-06 12:02:05.004482,0 days 00:00:51.965503,9,13,15,40,28,68,114,18,24,COMPLETE
151,59295.355123880196,2025-08-06 12:01:42.724650,2025-08-06 12:02:41.789318,0 days 00:00:59.064668,9,12,15,40,26,68,114,16,24,COMPLETE
152,2873.096659595768,2025-08-06 12:01:53.375566,2025-08-06 12:02:50.689343,0 days 00:00:57.313777,37,12,15,40,26,68,115,90,30,COMPLETE
153,21006.636287942445,2025-08-06 12:01:59.919268,2025-08-06 12:02:58.893223,0 days 00:00:58.973955,7,12,14,41,26,68,125,148,24,COMPLETE
154,211058.7401525096,2025-08-06 12:02:05.011440,2025-08-06 12:03:02.169399,0 days 00:00:57.157959,6,12,14,37,25,69,127,22,28,COMPLETE
155,98546.54985260237,2025-08-06 12:02:41.826402,2025-08-06 12:03:41.178026,0 days 00:00:59.351624,7,12,14,37,25,69,125,22,32,COMPLETE
156,114856.89948975973,2025-08-06 12:02:50.795826,2025-08-06 12:03:48.558387,0 days 00:00:57.762561,7,6,14,33,27,69,124,23,28,COMPLETE
157,104875.63449787289,2025-08-06 12:02:59.035709,2025-08-06 12:04:01.587300,0 days 00:01:02.551591,6,10,16,33,27,70,140,23,28,COMPLETE
158,411722.05550468666,2025-08-06 12:03:02.274250,2025-08-06 12:04:00.934218,0 days 00:00:58.659968,7,19,16,37,27,69,121,10,26,COMPLETE
159,640630.756377152,2025-08-06 12:03:41.214844,2025-08-06 12:04:42.279204,0 days 00:01:01.064360,6,8,5,37,27,70,119,10,29,COMPLETE
160,4481.005708177482,2025-08-06 12:03:48.622103,2025-08-06 12:04:50.436155,0 days 00:01:01.814052,62,8,5,38,27,70,120,12,26,COMPLETE
161,5872.688699288522,2025-08-06 12:04:00.987212,2025-08-06 12:05:00.010202,0 days 00:00:59.022990,61,11,14,38,27,70,217,10,21,COMPLETE
162,54871.319819938835,2025-08-06 12:04:01.602527,2025-08-06 12:05:01.346838,0 days 00:00:59.744311,6,20,17,38,27,70,118,39,29,COMPLETE
163,170139.46973041876,2025-08-06 12:04:42.322417,2025-08-06 12:05:41.853038,0 days 00:00:59.530621,7,8,17,37,27,66,120,10,26,COMPLETE
164,598370.4600700681,2025-08-06 12:04:50.453501,2025-08-06 12:05:52.269109,0 days 00:01:01.815608,6,8,16,37,27,70,121,10,29,COMPLETE
165,76073.87846192332,2025-08-06 12:05:00.016806,2025-08-06 12:05:59.927835,0 days 00:00:59.911029,6,19,17,37,26,69,121,20,29,COMPLETE
166,14325.573724048782,2025-08-06 12:05:01.444338,2025-08-06 12:06:00.234554,0 days 00:00:58.790216,7,8,5,36,24,68,126,172,26,COMPLETE
167,115886.15502563596,2025-08-06 12:05:41.901709,2025-08-06 12:06:39.595178,0 days 00:00:57.693469,7,8,19,37,28,66,122,16,23,COMPLETE
168,76802.53950546136,2025-08-06 12:05:52.280841,2025-08-06 12:06:51.743640,0 days 00:00:59.462799,7,8,16,37,28,66,121,18,26,COMPLETE
169,53214.960187565455,2025-08-06 12:05:59.934336,2025-08-06 12:06:58.003810,0 days 00:00:58.069474,8,8,18,36,28,66,110,10,26,COMPLETE
170,28149.559523041993,2025-08-06 12:06:00.241114,2025-08-06 12:06:59.852978,0 days 00:00:59.611864,8,8,17,37,28,66,102,14,23,COMPLETE
171,43235.76773245569,2025-08-06 12:06:39.596477,2025-08-06 12:07:40.180303,0 days 00:01:00.583826,10,7,18,35,27,67,104,11,26,COMPLETE
172,107478.44177448498,2025-08-06 12:06:51.756116,2025-08-06 12:07:51.979732,0 days 00:01:00.223616,10,7,16,36,27,67,111,10,28,COMPLETE
173,8992.55504264416,2025-08-06 12:06:58.026614,2025-08-06 12:07:56.575628,0 days 00:00:58.549014,10,7,5,35,27,67,106,31,28,COMPLETE
174,122680.0822085712,2025-08-06 12:06:59.853997,2025-08-06 12:08:00.518310,0 days 00:01:00.664313,5,7,16,41,27,69,128,21,28,COMPLETE
175,102104.63606992907,2025-08-06 12:07:40.203247,2025-08-06 12:08:39.058997,0 days 00:00:58.855750,5,7,5,41,27,69,128,22,28,COMPLETE
176,85729.54913071461,2025-08-06 12:07:52.007784,2025-08-06 12:08:50.795077,0 days 00:00:58.787293,5,7,5,39,27,69,128,22,29,COMPLETE
177,55883.593061667874,2025-08-06 12:07:56.582112,2025-08-06 12:08:55.189095,0 days 00:00:58.606983,5,8,5,39,29,69,129,21,32,COMPLETE
178,24484.02525392884,2025-08-06 12:08:00.519466,2025-08-06 12:08:58.619601,0 days 00:00:58.100135,5,8,5,39,29,69,227,26,25,COMPLETE
179,91462.00899242431,2025-08-06 12:08:39.190983,2025-08-06 12:09:38.703082,0 days 00:00:59.512099,6,8,5,39,29,68,117,16,32,COMPLETE
180,40241.6043452812,2025-08-06 12:08:50.849458,2025-08-06 12:09:50.995686,0 days 00:01:00.146228,8,8,5,38,29,68,117,16,25,COMPLETE
181,68576.91077333671,2025-08-06 12:08:55.221916,2025-08-06 12:09:52.171312,0 days 00:00:56.949396,8,8,13,37,28,68,119,16,30,COMPLETE
182,87236.74899573722,2025-08-06 12:08:58.626458,2025-08-06 12:10:00.116400,0 days 00:01:01.489942,8,17,13,37,28,68,117,15,30,COMPLETE
183,52318.902215493945,2025-08-06 12:09:38.709833,2025-08-06 12:10:40.412802,0 days 00:01:01.702969,8,12,13,38,26,70,144,16,30,COMPLETE
184,54905.89169578749,2025-08-06 12:09:51.001856,2025-08-06 12:10:47.675835,0 days 00:00:56.673979,7,11,15,31,26,70,123,27,30,COMPLETE
185,62230.017205871496,2025-08-06 12:09:52.209339,2025-08-06 12:10:50.426365,0 days 00:00:58.217026,7,11,15,36,26,70,124,27,27,COMPLETE
186,132045.65386676355,2025-08-06 12:10:00.310912,2025-08-06 12:11:01.194356,0 days 00:01:00.883444,6,11,15,36,26,70,134,27,27,COMPLETE
187,132045.65386676355,2025-08-06 12:10:40.466082,2025-08-06 12:11:42.276075,0 days 00:01:01.809993,6,11,14,36,26,70,134,27,27,COMPLETE
188,1781.3608416962045,2025-08-06 12:10:47.682413,2025-08-06 12:11:48.680792,0 days 00:01:00.998379,52,11,15,35,25,70,134,10,27,COMPLETE
189,327066.69946986577,2025-08-06 12:10:50.438613,2025-08-06 12:11:49.109988,0 days 00:00:58.671375,6,12,16,36,25,70,135,10,27,COMPLETE
190,58320.60908508097,2025-08-06 12:11:01.262355,2025-08-06 12:12:01.388608,0 days 00:01:00.126253,6,12,16,36,25,70,134,34,27,COMPLETE
191,44512.85717130822,2025-08-06 12:11:42.277410,2025-08-06 12:12:40.580055,0 days 00:00:58.302645,6,10,14,36,25,70,137,33,27,COMPLETE
192,42822.70210483219,2025-08-06 12:11:48.721843,2025-08-06 12:12:47.872663,0 days 00:00:59.150820,6,10,14,36,26,70,138,36,24,COMPLETE
193,23943.857873601504,2025-08-06 12:11:49.133310,2025-08-06 12:12:46.205594,0 days 00:00:57.072284,6,11,16,36,24,69,139,35,27,COMPLETE
194,54172.35956825814,2025-08-06 12:12:01.422632,2025-08-06 12:13:03.958779,0 days 00:01:02.536147,6,11,14,34,24,69,139,20,24,COMPLETE
195,22088.846583956612,2025-08-06 12:12:40.613450,2025-08-06 12:13:39.581186,0 days 00:00:58.967736,9,11,16,37,26,69,141,20,26,COMPLETE
196,29352.346414476084,2025-08-06 12:12:46.223406,2025-08-06 12:13:44.668695,0 days 00:00:58.445289,9,12,17,34,26,69,132,10,24,COMPLETE
197,121191.04256273534,2025-08-06 12:12:47.900695,2025-08-06 12:13:46.440765,0 days 00:00:58.540070,9,12,16,35,26,69,131,10,29,COMPLETE
198,121191.04256273534,2025-08-06 12:13:03.970723,2025-08-06 12:14:04.729668,0 days 00:01:00.758945,9,12,15,37,26,69,131,10,29,COMPLETE
199,39681.92378213376,2025-08-06 12:13:39.642052,2025-08-06 12:14:39.430522,0 days 00:00:59.788470,11,19,17,35,27,70,133,10,25,COMPLETE
200,961.7252580799553,2025-08-06 12:13:44.675241,2025-08-06 12:14:44.031140,0 days 00:00:59.355899,11,12,15,35,27,56,131,10,29,COMPLETE
201,1884.2901406359254,2025-08-06 12:13:46.458186,2025-08-06 12:14:44.234677,0 days 00:00:57.776491,11,11,15,38,27,56,125,27,29,COMPLETE
202,147330.1561700015,2025-08-06 12:14:04.741734,2025-08-06 12:15:06.740711,0 days 00:01:01.998977,5,11,15,38,27,70,123,26,25,COMPLETE
203,-inf,2025-08-06 12:14:39.463982,2025-08-06 12:15:41.752416,0 days 00:01:02.288434,5,8,15,38,28,35,124,27,28,COMPLETE
204,40676.95160408743,2025-08-06 12:14:44.059921,2025-08-06 12:15:39.839887,0 days 00:00:55.779966,5,11,5,38,28,70,146,26,28,COMPLETE
205,-inf,2025-08-06 12:14:44.241233,2025-08-06 12:15:42.358562,0 days 00:00:58.117329,5,13,5,37,28,35,147,17,28,COMPLETE
206,198183.38389611003,2025-08-06 12:15:06.747147,2025-08-06 12:16:08.022855,0 days 00:01:01.275708,5,10,14,38,28,70,121,19,26,COMPLETE
207,127199.14777310881,2025-08-06 12:15:39.856853,2025-08-06 12:16:38.523146,0 days 00:00:58.666293,7,10,14,37,28,70,121,19,22,COMPLETE
208,66761.27222494721,2025-08-06 12:15:41.766738,2025-08-06 12:16:39.938748,0 days 00:00:58.172010,7,10,16,37,25,68,121,19,26,COMPLETE
209,84408.37452572197,2025-08-06 12:15:42.365211,2025-08-06 12:16:40.710119,0 days 00:00:58.344908,7,10,14,36,27,70,121,19,26,COMPLETE
210,105244.1534103176,2025-08-06 12:16:08.029347,2025-08-06 12:17:10.600211,0 days 00:01:02.570864,7,10,14,38,27,68,113,21,26,COMPLETE
211,109223.7023979433,2025-08-06 12:16:38.555513,2025-08-06 12:17:35.313856,0 days 00:00:56.758343,7,10,13,37,27,68,113,22,26,COMPLETE
212,131791.65616207517,2025-08-06 12:16:39.956125,2025-08-06 12:17:38.009183,0 days 00:00:58.053058,5,10,14,38,27,68,127,23,25,COMPLETE
213,-inf,2025-08-06 12:16:40.718090,2025-08-06 12:17:39.571999,0 days 00:00:58.853909,5,11,14,38,27,31,111,23,25,COMPLETE
214,70836.80407461511,2025-08-06 12:17:10.617330,2025-08-06 12:18:11.165702,0 days 00:01:00.548372,5,11,15,36,15,70,127,15,25,COMPLETE
215,281842.10579751316,2025-08-06 12:17:35.325822,2025-08-06 12:18:29.945776,0 days 00:00:54.619954,5,11,15,36,28,70,127,16,27,COMPLETE
216,416546.9537877977,2025-08-06 12:17:38.015403,2025-08-06 12:18:35.650944,0 days 00:00:57.635541,5,11,13,38,28,70,127,15,25,COMPLETE
217,410852.50994890707,2025-08-06 12:17:39.573213,2025-08-06 12:18:38.574549,0 days 00:00:59.001336,5,11,14,39,28,69,127,15,27,COMPLETE
218,120255.29580656397,2025-08-06 12:18:11.171875,2025-08-06 12:19:08.773843,0 days 00:00:57.601968,5,9,14,40,28,69,127,28,27,COMPLETE
219,105701.75739285571,2025-08-06 12:18:30.055031,2025-08-06 12:19:26.878556,0 days 00:00:56.823525,5,11,14,37,28,69,127,27,27,COMPLETE
220,47605.44175686709,2025-08-06 12:18:35.657714,2025-08-06 12:19:37.130632,0 days 00:01:01.472918,5,5,13,37,28,70,127,77,27,COMPLETE
221,314865.4513746963,2025-08-06 12:18:38.581122,2025-08-06 12:19:38.828043,0 days 00:01:00.246921,5,11,13,39,28,69,118,14,27,COMPLETE
222,63566.985320137195,2025-08-06 12:19:08.806806,2025-08-06 12:20:09.376660,0 days 00:01:00.569854,8,11,13,39,28,69,118,15,23,COMPLETE
223,66019.18677374134,2025-08-06 12:19:26.884987,2025-08-06 12:20:22.261071,0 days 00:00:55.376084,8,11,13,39,28,70,119,14,28,COMPLETE
224,383530.53612639575,2025-08-06 12:19:37.184449,2025-08-06 12:20:35.911642,0 days 00:00:58.727193,7,11,13,39,28,70,118,15,28,COMPLETE
225,71889.04987812306,2025-08-06 12:19:38.846667,2025-08-06 12:20:37.603875,0 days 00:00:58.757208,8,11,13,39,28,69,118,15,28,COMPLETE
226,178101.27564187744,2025-08-06 12:20:09.388180,2025-08-06 12:21:10.238755,0 days 00:01:00.850575,7,11,13,39,19,70,119,15,28,COMPLETE
227,-inf,2025-08-06 12:20:22.262257,2025-08-06 12:21:19.394278,0 days 00:00:57.132021,42,11,13,27,28,52,122,15,28,COMPLETE
228,121886.23957270898,2025-08-06 12:20:35.913116,2025-08-06 12:21:35.711535,0 days 00:00:59.798419,7,11,13,29,19,69,115,15,28,COMPLETE
229,134843.56472457535,2025-08-06 12:20:37.658979,2025-08-06 12:21:35.047234,0 days 00:00:57.388255,7,11,13,38,29,70,123,16,29,COMPLETE
230,28983.867419642935,2025-08-06 12:21:10.320737,2025-08-06 12:22:11.603773,0 days 00:01:01.283036,7,11,13,40,20,69,115,98,29,COMPLETE
231,74147.39535513423,2025-08-06 12:21:19.405864,2025-08-06 12:22:21.225258,0 days 00:01:01.819394,7,8,13,39,16,69,115,10,29,COMPLETE
232,94761.06641662287,2025-08-06 12:21:35.054228,2025-08-06 12:22:31.293801,0 days 00:00:56.239573,7,8,12,40,16,69,114,10,29,COMPLETE
233,89746.43281246089,2025-08-06 12:21:35.718177,2025-08-06 12:22:34.543267,0 days 00:00:58.825090,9,8,13,40,21,68,107,11,30,COMPLETE
234,531301.3209034083,2025-08-06 12:22:11.620856,2025-08-06 12:23:13.247488,0 days 00:01:01.626632,5,8,12,39,21,70,124,10,26,COMPLETE
235,968097.6856203249,2025-08-06 12:22:21.231799,2025-08-06 12:23:22.400682,0 days 00:01:01.168883,5,11,13,40,29,70,124,10,26,COMPLETE
236,36800.49917180257,2025-08-06 12:22:31.305521,2025-08-06 12:23:29.128629,0 days 00:00:57.823108,5,11,12,38,13,70,124,20,26,COMPLETE
237,189556.8292180683,2025-08-06 12:22:34.560535,2025-08-06 12:23:32.612553,0 days 00:00:58.052018,5,12,13,38,29,70,123,21,26,COMPLETE
238,245294.44383576166,2025-08-06 12:23:13.275535,2025-08-06 12:24:12.861083,0 days 00:00:59.585548,5,8,12,39,29,70,120,18,26,COMPLETE
239,107554.40038190583,2025-08-06 12:23:22.475120,2025-08-06 12:24:20.935970,0 days 00:00:58.460850,5,12,12,40,19,70,125,20,27,COMPLETE
240,107421.50103478861,2025-08-06 12:23:29.151063,2025-08-06 12:24:27.412525,0 days 00:00:58.261462,5,12,13,40,29,70,129,18,27,COMPLETE
241,57811.1780036073,2025-08-06 12:23:32.667363,2025-08-06 12:24:30.115386,0 days 00:00:57.448023,5,12,13,41,29,70,130,19,27,COMPLETE
242,65949.54608250086,2025-08-06 12:24:12.893791,2025-08-06 12:25:13.286708,0 days 00:01:00.392917,5,12,12,41,29,70,129,20,27,COMPLETE
243,68842.24663937565,2025-08-06 12:24:21.030550,2025-08-06 12:25:22.806113,0 days 00:01:01.775563,5,12,11,41,29,70,130,21,27,COMPLETE
244,236063.43372740608,2025-08-06 12:24:27.452256,2025-08-06 12:25:27.867530,0 days 00:01:00.415274,6,11,12,39,29,70,119,16,28,COMPLETE
245,192984.58190178097,2025-08-06 12:24:30.121853,2025-08-06 12:25:29.679729,0 days 00:00:59.557876,6,11,11,39,22,70,199,15,28,COMPLETE
246,355330.7925128017,2025-08-06 12:25:13.319749,2025-08-06 12:26:11.713915,0 days 00:00:58.394166,6,11,12,38,28,69,119,15,26,COMPLETE
247,106431.97194633815,2025-08-06 12:25:22.946940,2025-08-06 12:26:19.813278,0 days 00:00:56.866338,6,11,13,39,28,69,198,15,24,COMPLETE
248,291213.8557516789,2025-08-06 12:25:27.891502,2025-08-06 12:26:26.019209,0 days 00:00:58.127707,6,11,12,39,28,69,120,15,24,COMPLETE
249,109065.94852198332,2025-08-06 12:25:29.697892,2025-08-06 12:26:29.521567,0 days 00:00:59.823675,6,6,11,39,22,69,118,14,31,COMPLETE
250,11726.281828126937,2025-08-06 12:26:11.742292,2025-08-06 12:27:13.438323,0 days 00:01:01.696031,26,11,12,39,23,69,125,15,31,COMPLETE
251,2077.938480894863,2025-08-06 12:26:19.892882,2025-08-06 12:27:18.388305,0 days 00:00:58.495423,26,11,12,39,22,69,232,10,31,COMPLETE
252,185531.68259639584,2025-08-06 12:26:26.057046,2025-08-06 12:27:26.107165,0 days 00:01:00.050119,8,6,12,39,28,69,120,10,31,COMPLETE
253,88627.50265352182,2025-08-06 12:26:29.538411,2025-08-06 12:27:29.756354,0 days 00:01:00.217943,8,11,12,40,28,68,122,10,25,COMPLETE
254,111023.08382722727,2025-08-06 12:27:13.596389,2025-08-06 12:28:12.775759,0 days 00:00:59.179370,8,11,12,40,28,68,121,11,25,COMPLETE
255,109494.18835407008,2025-08-06 12:27:18.405683,2025-08-06 12:28:16.120462,0 days 00:00:57.714779,8,10,12,40,28,68,110,10,26,COMPLETE
256,1744.169982074313,2025-08-06 12:27:26.182695,2025-08-06 12:28:26.522554,0 days 00:01:00.339859,69,10,12,40,28,68,111,16,25,COMPLETE
257,63680.060813948534,2025-08-06 12:27:29.762974,2025-08-06 12:28:30.187195,0 days 00:01:00.424221,6,10,12,38,28,68,111,16,26,COMPLETE
258,44224.16579635275,2025-08-06 12:28:12.878295,2025-08-06 12:29:14.597389,0 days 00:01:01.719094,6,10,12,37,29,68,111,21,26,COMPLETE
259,38758.75231184172,2025-08-06 12:28:16.132647,2025-08-06 12:29:13.855712,0 days 00:00:57.723065,6,11,11,37,29,59,126,22,29,COMPLETE
260,257513.58581568027,2025-08-06 12:28:26.534730,2025-08-06 12:29:25.362980,0 days 00:00:58.828250,6,11,11,37,29,70,126,22,28,COMPLETE
261,-inf,2025-08-06 12:28:30.199565,2025-08-06 12:29:29.262458,0 days 00:00:59.062893,6,11,16,37,29,47,125,22,28,COMPLETE
262,91551.15761683225,2025-08-06 12:29:13.957412,2025-08-06 12:30:15.962275,0 days 00:01:02.004863,7,8,16,37,29,70,126,22,28,COMPLETE
263,12108.527219369542,2025-08-06 12:29:14.615721,2025-08-06 12:30:17.527019,0 days 00:01:02.911298,9,7,16,38,28,70,126,31,28,COMPLETE
264,22883.24407056427,2025-08-06 12:29:25.600636,2025-08-06 12:30:23.364798,0 days 00:00:57.764162,9,11,11,37,30,69,130,30,28,COMPLETE
265,40336.42374815075,2025-08-06 12:29:29.268651,2025-08-06 12:30:27.562219,0 days 00:00:58.293568,9,15,12,36,30,69,131,29,30,COMPLETE
266,71230.62249596814,2025-08-06 12:30:15.989546,2025-08-06 12:31:13.930506,0 days 00:00:57.940960,9,7,12,42,30,69,131,31,29,COMPLETE
267,36654.93395130028,2025-08-06 12:30:17.590775,2025-08-06 12:31:19.482311,0 days 00:01:01.891536,9,15,11,42,30,69,133,16,30,COMPLETE
268,218237.41546867974,2025-08-06 12:30:23.397472,2025-08-06 12:31:25.309680,0 days 00:01:01.912208,7,15,11,42,29,69,134,17,30,COMPLETE
269,232284.91949110973,2025-08-06 12:30:27.589167,2025-08-06 12:31:28.370122,0 days 00:01:00.780955,7,11,10,42,29,69,117,16,29,COMPLETE
270,405454.04808742716,2025-08-06 12:31:13.931410,2025-08-06 12:32:15.833718,0 days 00:01:01.902308,7,11,5,41,29,70,117,15,27,COMPLETE
271,-inf,2025-08-06 12:31:19.504111,2025-08-06 12:32:18.647677,0 days 00:00:59.143566,7,5,5,38,29,42,32,15,27,COMPLETE
272,394515.86233962205,2025-08-06 12:31:25.316213,2025-08-06 12:32:21.266262,0 days 00:00:55.950049,7,19,10,41,29,70,117,15,29,COMPLETE
273,197194.50728357316,2025-08-06 12:31:28.430215,2025-08-06 12:32:26.834919,0 days 00:00:58.404704,5,11,10,39,29,70,116,16,27,COMPLETE
274,738415.6204586717,2025-08-06 12:32:15.840516,2025-08-06 12:33:17.658947,0 days 00:01:01.818431,7,11,5,41,29,70,117,10,27,COMPLETE
275,339996.76934990374,2025-08-06 12:32:18.677408,2025-08-06 12:33:20.427321,0 days 00:01:01.749913,5,11,10,41,29,70,116,10,27,COMPLETE
276,133151.7754308838,2025-08-06 12:32:21.311778,2025-08-06 12:33:21.641640,0 days 00:01:00.329862,5,8,11,41,29,70,118,25,27,COMPLETE
277,149175.32100392834,2025-08-06 12:32:26.917689,2025-08-06 12:33:27.195019,0 days 00:01:00.277330,7,19,5,40,28,70,117,24,27,COMPLETE
278,155485.47208532624,2025-08-06 12:33:17.723803,2025-08-06 12:34:13.544403,0 days 00:00:55.820600,10,19,5,41,28,70,117,10,26,COMPLETE
279,135943.23614810072,2025-08-06 12:33:20.449970,2025-08-06 12:34:19.629075,0 days 00:00:59.179105,10,19,10,41,28,70,107,10,27,COMPLETE
280,175146.2969260505,2025-08-06 12:33:21.659284,2025-08-06 12:34:20.289507,0 days 00:00:58.630223,10,19,5,41,28,70,114,10,23,COMPLETE
281,342.1423846481056,2025-08-06 12:33:27.248554,2025-08-06 12:34:31.333814,0 days 00:01:04.085260,76,18,10,41,28,69,106,11,24,COMPLETE
282,2487.671884043183,2025-08-06 12:34:13.561758,2025-08-06 12:35:17.856762,0 days 00:01:04.295004,78,19,5,40,28,69,107,10,23,COMPLETE
283,94315.22639416523,2025-08-06 12:34:19.635758,2025-08-06 12:35:20.069197,0 days 00:01:00.433439,8,19,10,43,27,69,99,10,25,COMPLETE
284,62454.62098048774,2025-08-06 12:34:20.299848,2025-08-06 12:35:19.069854,0 days 00:00:58.770006,8,11,5,42,27,68,105,10,25,COMPLETE
285,85150.57402771107,2025-08-06 12:34:31.340417,2025-08-06 12:35:32.568466,0 days 00:01:01.228049,8,11,5,41,27,68,123,10,29,COMPLETE
286,14596.365927706023,2025-08-06 12:35:17.889060,2025-08-06 12:36:17.113312,0 days 00:00:59.224252,8,11,5,42,27,67,123,20,25,COMPLETE
287,79815.83446057024,2025-08-06 12:35:19.072179,2025-08-06 12:36:18.945697,0 days 00:00:59.873518,7,20,5,43,30,68,122,20,29,COMPLETE
288,79570.2072084891,2025-08-06 12:35:20.113019,2025-08-06 12:36:18.130040,0 days 00:00:58.017021,7,11,5,41,30,67,123,20,29,COMPLETE
289,76808.47130164293,2025-08-06 12:35:32.703308,2025-08-06 12:36:34.858023,0 days 00:01:02.154715,5,11,9,36,30,67,113,67,28,COMPLETE
290,158973.89933765438,2025-08-06 12:36:17.119888,2025-08-06 12:37:19.312715,0 days 00:01:02.192827,5,18,16,36,30,70,113,24,28,COMPLETE
291,5860.280673559425,2025-08-06 12:36:18.136287,2025-08-06 12:37:17.782774,0 days 00:00:59.646487,29,18,16,36,29,69,115,24,28,COMPLETE
292,252284.55916787914,2025-08-06 12:36:18.959168,2025-08-06 12:37:16.712599,0 days 00:00:57.753431,5,11,16,40,29,70,114,15,28,COMPLETE
293,192827.23675177814,2025-08-06 12:36:34.864317,2025-08-06 12:37:33.215467,0 days 00:00:58.351150,5,18,16,40,29,69,113,16,27,COMPLETE
294,61289.70559060558,2025-08-06 12:37:16.772174,2025-08-06 12:38:15.945367,0 days 00:00:59.173193,6,10,13,36,28,69,127,132,27,COMPLETE
295,410843.6724504943,2025-08-06 12:37:17.789351,2025-08-06 12:38:17.173915,0 days 00:00:59.384564,6,10,13,38,28,70,126,16,26,COMPLETE
296,103551.25907268374,2025-08-06 12:37:19.341711,2025-08-06 12:38:17.453767,0 days 00:00:58.112056,7,10,13,21,28,69,136,16,26,COMPLETE
297,2288.358425947441,2025-08-06 12:37:33.227136,2025-08-06 12:38:32.400861,0 days 00:00:59.173725,32,10,13,38,28,70,126,16,26,COMPLETE
298,127874.16310212828,2025-08-06 12:38:15.952005,2025-08-06 12:39:16.399610,0 days 00:01:00.447605,7,11,13,38,28,70,122,17,26,COMPLETE
299,221241.2152559686,2025-08-06 12:38:17.185657,2025-08-06 12:39:16.223578,0 days 00:00:59.037921,7,12,13,38,28,70,119,17,26,COMPLETE
300,355558.89081425883,2025-08-06 12:38:17.465996,2025-08-06 12:39:17.946527,0 days 00:01:00.480531,7,12,13,38,27,70,118,15,26,COMPLETE
301,109406.50561660746,2025-08-06 12:38:32.437492,2025-08-06 12:39:31.007552,0 days 00:00:58.570060,9,12,13,38,27,70,118,15,24,COMPLETE
302,10957.762574900782,2025-08-06 12:39:16.230249,2025-08-06 12:40:15.616730,0 days 00:00:59.386481,9,11,6,39,27,68,120,26,24,COMPLETE
303,3413.000355149877,2025-08-06 12:39:16.449387,2025-08-06 12:40:12.596221,0 days 00:00:56.146834,46,9,6,40,27,68,131,10,24,COMPLETE
304,14959.136720688915,2025-08-06 12:39:17.958536,2025-08-06 12:40:14.163325,0 days 00:00:56.204789,9,12,13,39,27,68,119,26,24,COMPLETE
305,-371.90210559316245,2025-08-06 12:39:31.050412,2025-08-06 12:40:33.976822,0 days 00:01:02.926410,54,12,13,39,27,68,120,27,25,COMPLETE
306,23381.44215569877,2025-08-06 12:40:12.616939,2025-08-06 12:41:09.869245,0 days 00:00:57.252306,10,14,13,39,27,69,121,26,25,COMPLETE
307,5522.338597093173,2025-08-06 12:40:14.207304,2025-08-06 12:41:10.510064,0 days 00:00:56.302760,10,12,13,37,21,69,122,25,25,COMPLETE
308,34605.04562538857,2025-08-06 12:40:15.664148,2025-08-06 12:41:12.189661,0 days 00:00:56.525513,7,13,13,37,28,69,110,21,25,COMPLETE
309,72784.45489154337,2025-08-06 12:40:33.994328,2025-08-06 12:41:37.257910,0 days 00:01:03.263582,6,8,14,37,28,69,109,21,27,COMPLETE
310,164730.40455957677,2025-08-06 12:41:09.891940,2025-08-06 12:42:08.004305,0 days 00:00:58.112365,7,8,14,37,28,69,109,10,27,COMPLETE
311,243942.9254840571,2025-08-06 12:41:10.544528,2025-08-06 12:42:10.322497,0 days 00:00:59.777969,6,8,14,38,28,70,130,15,27,COMPLETE
312,459263.40869138896,2025-08-06 12:41:12.199634,2025-08-06 12:42:12.898342,0 days 00:01:00.698708,5,7,14,38,28,70,129,10,27,COMPLETE
313,43821.82166042855,2025-08-06 12:41:37.324125,2025-08-06 12:42:37.277634,0 days 00:00:59.953509,5,7,15,38,18,70,130,16,27,COMPLETE
314,4518.777491338235,2025-08-06 12:42:08.037019,2025-08-06 12:43:05.740476,0 days 00:00:57.703457,5,7,15,38,29,54,127,15,26,COMPLETE
315,772615.2431323034,2025-08-06 12:42:10.361750,2025-08-06 12:43:07.731668,0 days 00:00:57.369918,5,7,15,38,29,70,127,10,26,COMPLETE
316,435834.9929720535,2025-08-06 12:42:12.906289,2025-08-06 12:43:12.448595,0 days 00:00:59.542306,5,7,13,38,29,70,133,10,21,COMPLETE
317,12728.830008355988,2025-08-06 12:42:37.331980,2025-08-06 12:43:37.611696,0 days 00:01:00.279716,8,7,17,38,29,61,136,10,21,COMPLETE
318,173813.03244547223,2025-08-06 12:43:05.784036,2025-08-06 12:44:02.254768,0 days 00:00:56.470732,8,7,13,40,27,70,135,14,30,COMPLETE
319,267883.010826354,2025-08-06 12:43:07.744252,2025-08-06 12:44:06.606839,0 days 00:00:58.862587,8,6,14,38,29,70,135,10,30,COMPLETE
320,-inf,2025-08-06 12:43:12.482064,2025-08-06 12:44:13.244898,0 days 00:01:00.762834,8,6,14,38,29,33,135,11,22,COMPLETE
321,2308.945336241022,2025-08-06 12:43:37.618222,2025-08-06 12:44:37.142492,0 days 00:00:59.524270,8,7,13,38,8,70,139,10,30,COMPLETE
322,160550.83244230074,2025-08-06 12:44:02.283456,2025-08-06 12:44:59.502748,0 days 00:00:57.219292,7,6,14,38,29,70,137,10,26,COMPLETE
323,13389.163892368595,2025-08-06 12:44:06.619348,2025-08-06 12:45:01.991902,0 days 00:00:55.372554,5,7,14,37,8,70,125,10,19,COMPLETE
324,50545.57336399194,2025-08-06 12:44:13.256306,2025-08-06 12:45:11.742129,0 days 00:00:58.485823,5,7,13,37,30,70,142,21,18,COMPLETE
325,216866.4531859487,2025-08-06 12:44:37.206897,2025-08-06 12:45:36.484003,0 days 00:00:59.277106,5,7,14,37,29,69,125,21,17,COMPLETE
326,178526.22324938967,2025-08-06 12:44:59.536117,2025-08-06 12:45:59.183546,0 days 00:00:59.647429,5,7,13,37,30,68,125,20,18,COMPLETE
327,36919.92544067312,2025-08-06 12:45:02.046375,2025-08-06 12:46:00.911071,0 days 00:00:58.864696,11,7,13,39,30,68,116,20,26,COMPLETE
328,49820.06278585066,2025-08-06 12:45:11.754527,2025-08-06 12:46:11.819940,0 days 00:01:00.065413,6,7,13,39,30,68,115,33,26,COMPLETE
329,33820.72166148682,2025-08-06 12:45:36.527721,2025-08-06 12:46:35.691513,0 days 00:00:59.163792,11,7,13,39,30,68,115,31,26,COMPLETE
330,43183.595720801386,2025-08-06 12:45:59.192524,2025-08-06 12:46:59.749574,0 days 00:01:00.557050,11,16,15,39,29,69,115,33,26,COMPLETE
331,167.9554419786288,2025-08-06 12:46:00.941476,2025-08-06 12:46:59.316563,0 days 00:00:58.375087,38,7,15,39,29,69,131,149,29,COMPLETE
332,252903.9619830956,2025-08-06 12:46:11.852667,2025-08-06 12:47:13.395340,0 days 00:01:01.542673,7,6,16,35,29,69,130,16,29,COMPLETE
333,115314.87432039941,2025-08-06 12:46:35.719278,2025-08-06 12:47:31.313935,0 days 00:00:55.594657,7,16,15,35,29,69,131,16,29,COMPLETE
334,189726.68156917676,2025-08-06 12:46:59.344278,2025-08-06 12:47:59.549273,0 days 00:01:00.204995,7,6,16,35,27,69,130,18,28,COMPLETE
335,196535.71397385234,2025-08-06 12:46:59.768927,2025-08-06 12:47:58.906088,0 days 00:00:59.137161,7,6,16,36,27,70,130,16,21,COMPLETE
336,153691.3146693108,2025-08-06 12:47:13.407535,2025-08-06 12:48:13.790028,0 days 00:01:00.382493,7,20,16,36,27,70,129,16,21,COMPLETE
337,12859.712774812913,2025-08-06 12:47:31.394067,2025-08-06 12:48:32.486337,0 days 00:01:01.092270,9,8,8,25,27,67,123,20,28,COMPLETE
338,2520.6009458882763,2025-08-06 12:47:58.944127,2025-08-06 12:48:56.938160,0 days 00:00:57.994033,9,10,9,38,28,67,123,172,27,COMPLETE
339,2814.2885605594583,2025-08-06 12:47:59.579418,2025-08-06 12:48:57.525001,0 days 00:00:57.945583,9,13,13,40,28,67,123,280,20,COMPLETE
340,75808.31838480812,2025-08-06 12:48:13.866701,2025-08-06 12:49:14.438141,0 days 00:01:00.571440,9,8,13,40,28,70,124,10,27,COMPLETE
341,170722.2747366211,2025-08-06 12:48:32.503570,2025-08-06 12:49:33.361125,0 days 00:01:00.857555,5,17,13,40,28,70,123,26,27,COMPLETE
342,-inf,2025-08-06 12:48:56.965639,2025-08-06 12:49:54.189285,0 days 00:00:57.223646,5,9,17,40,28,48,118,10,27,COMPLETE
343,486546.2386466599,2025-08-06 12:48:57.544028,2025-08-06 12:49:57.322572,0 days 00:00:59.778544,5,12,14,37,28,70,118,10,27,COMPLETE
344,20739.4754850694,2025-08-06 12:49:14.486285,2025-08-06 12:50:12.181481,0 days 00:00:57.695196,5,9,14,37,26,70,118,232,27,COMPLETE
345,78412.09799454948,2025-08-06 12:49:33.424064,2025-08-06 12:50:33.829541,0 days 00:01:00.405477,6,9,17,37,26,70,44,10,28,COMPLETE
346,52148.4432630695,2025-08-06 12:49:54.276911,2025-08-06 12:50:53.109972,0 days 00:00:58.833061,6,12,14,37,26,69,118,21,28,COMPLETE
347,32996.82134156651,2025-08-06 12:49:57.361000,2025-08-06 12:50:55.596554,0 days 00:00:58.235554,6,12,20,37,26,70,113,84,25,COMPLETE
348,114574.76045903123,2025-08-06 12:50:12.187960,2025-08-06 12:51:12.413699,0 days 00:01:00.225739,7,12,14,37,29,70,102,23,28,COMPLETE
349,44356.601470629466,2025-08-06 12:50:34.093868,2025-08-06 12:51:33.898857,0 days 00:00:59.804989,7,12,14,36,29,69,111,23,25,COMPLETE
350,38923.242162077186,2025-08-06 12:50:53.217694,2025-08-06 12:51:52.398490,0 days 00:00:59.180796,7,12,15,36,29,70,111,24,25,COMPLETE
351,69791.34294972691,2025-08-06 12:50:55.619343,2025-08-06 12:51:54.517565,0 days 00:00:58.898222,7,13,15,36,29,69,140,24,26,COMPLETE
352,45248.9552613478,2025-08-06 12:51:12.424885,2025-08-06 12:52:13.870502,0 days 00:01:01.445617,8,13,15,36,27,69,141,15,25,COMPLETE
353,912.8222631659578,2025-08-06 12:51:34.007109,2025-08-06 12:52:37.185696,0 days 00:01:03.178587,8,13,15,38,27,52,141,16,32,COMPLETE
354,49304.29010878787,2025-08-06 12:51:52.412220,2025-08-06 12:52:49.513474,0 days 00:00:57.101254,10,13,15,38,27,69,55,15,29,COMPLETE
355,183917.42467744526,2025-08-06 12:51:54.541048,2025-08-06 12:52:52.959990,0 days 00:00:58.418942,5,8,14,38,27,68,127,16,29,COMPLETE
356,42234.93448713794,2025-08-06 12:52:13.908629,2025-08-06 12:53:14.535093,0 days 00:01:00.626464,10,8,14,38,28,68,127,15,29,COMPLETE
357,453798.51041467924,2025-08-06 12:52:37.197613,2025-08-06 12:53:37.828889,0 days 00:01:00.631276,5,8,12,38,28,70,133,10,29,COMPLETE
358,631411.2962221694,2025-08-06 12:52:49.579542,2025-08-06 12:53:49.667737,0 days 00:01:00.088195,5,8,14,41,28,68,128,10,29,COMPLETE
359,37865.088675177176,2025-08-06 12:52:52.972105,2025-08-06 12:53:53.163844,0 days 00:01:00.191739,5,12,18,38,28,70,134,29,26,COMPLETE
360,47896.238446831645,2025-08-06 12:53:14.546716,2025-08-06 12:54:14.724019,0 days 00:01:00.177303,5,7,12,42,14,70,134,10,26,COMPLETE
361,52020.37367780159,2025-08-06 12:53:37.835217,2025-08-06 12:54:39.195010,0 days 00:01:01.359793,5,8,13,42,28,70,134,30,31,COMPLETE
362,55767.154063743474,2025-08-06 12:53:49.690183,2025-08-06 12:54:47.871705,0 days 00:00:58.181522,5,8,12,43,28,70,134,20,30,COMPLETE
363,58896.26914481456,2025-08-06 12:53:53.192379,2025-08-06 12:54:51.824351,0 days 00:00:58.631972,5,8,12,41,13,69,121,10,31,COMPLETE
364,894492.568071022,2025-08-06 12:54:14.757186,2025-08-06 12:55:18.128573,0 days 00:01:03.371387,5,8,12,41,28,69,120,10,30,COMPLETE
365,28385.966483184493,2025-08-06 12:54:39.247872,2025-08-06 12:55:37.086034,0 days 00:00:57.838162,6,8,12,41,29,69,120,113,30,COMPLETE
366,509056.2824364295,2025-08-06 12:54:47.894039,2025-08-06 12:55:46.464911,0 days 00:00:58.570872,7,8,12,41,29,69,121,10,30,COMPLETE
367,56178.30129576829,2025-08-06 12:54:51.894882,2025-08-06 12:55:53.080426,0 days 00:01:01.185544,8,8,14,39,29,68,127,19,29,COMPLETE
368,21031.276948557763,2025-08-06 12:55:18.177253,2025-08-06 12:56:20.267434,0 days 00:01:02.090181,8,8,14,41,28,68,125,19,30,COMPLETE
369,41758.436066478585,2025-08-06 12:55:37.156233,2025-08-06 12:56:36.592859,0 days 00:00:59.436626,8,8,12,39,28,68,127,19,30,COMPLETE
370,47372.08669551041,2025-08-06 12:55:46.520111,2025-08-06 12:56:48.990828,0 days 00:01:02.470717,9,8,12,42,28,68,127,10,32,COMPLETE
371,4768.333799988922,2025-08-06 12:55:53.086764,2025-08-06 12:56:52.619172,0 days 00:00:59.532408,34,9,12,40,30,68,127,10,32,COMPLETE
372,517216.2567183269,2025-08-06 12:56:20.273824,2025-08-06 12:57:20.871093,0 days 00:01:00.597269,7,9,12,42,30,69,129,10,32,COMPLETE
373,520347.9629660569,2025-08-06 12:56:36.624973,2025-08-06 12:57:38.004291,0 days 00:01:01.379318,7,9,12,40,30,69,129,10,33,COMPLETE
374,418737.71103352983,2025-08-06 12:56:48.997445,2025-08-06 12:57:47.973335,0 days 00:00:58.975890,7,9,12,42,30,69,123,10,31,COMPLETE
375,35656.19020810942,2025-08-06 12:56:52.620999,2025-08-06 12:57:51.312244,0 days 00:00:58.691245,12,8,14,41,27,69,122,15,33,COMPLETE
376,212478.54062007627,2025-08-06 12:57:20.913839,2025-08-06 12:58:24.728260,0 days 00:01:03.814421,7,9,12,43,30,69,131,14,33,COMPLETE
377,46661.46758336043,2025-08-06 12:57:38.021682,2025-08-06 12:58:39.258010,0 days 00:01:01.236328,12,9,12,42,30,67,132,10,33,COMPLETE
378,2445.341895815798,2025-08-06 12:57:48.204971,2025-08-06 12:58:49.028101,0 days 00:01:00.823130,64,9,12,43,30,67,132,10,32,COMPLETE
379,36589.16788426212,2025-08-06 12:57:51.335300,2025-08-06 12:58:51.030229,0 days 00:00:59.694929,10,9,11,43,30,67,131,14,34,COMPLETE
380,8851.06107540459,2025-08-06 12:58:24.745766,2025-08-06 12:59:26.262108,0 days 00:01:01.516342,23,9,11,42,30,68,132,11,32,COMPLETE
381,66642.03541525645,2025-08-06 12:58:39.291015,2025-08-06 12:59:42.600345,0 days 00:01:03.309330,10,9,12,42,30,67,139,10,32,COMPLETE
382,-800.5567922797103,2025-08-06 12:58:49.168765,2025-08-06 12:59:48.012712,0 days 00:00:58.843947,23,9,11,42,30,68,138,200,31,COMPLETE
383,10706.925050694063,2025-08-06 12:58:51.047426,2025-08-06 12:59:49.275379,0 days 00:00:58.227953,9,9,12,42,30,68,136,195,34,COMPLETE
384,59257.51814937928,2025-08-06 12:59:26.268747,2025-08-06 13:00:29.296112,0 days 00:01:03.027365,9,9,12,41,30,69,137,22,35,COMPLETE
385,24525.656429641585,2025-08-06 12:59:42.728895,2025-08-06 13:00:39.525464,0 days 00:00:56.796569,9,9,12,41,30,69,124,21,35,COMPLETE
386,23777.497063770108,2025-08-06 12:59:48.067620,2025-08-06 13:00:46.501346,0 days 00:00:58.433726,9,8,12,41,30,69,124,21,34,COMPLETE
387,-inf,2025-08-06 12:59:49.282283,2025-08-06 13:00:47.846716,0 days 00:00:58.564433,7,8,12,41,5,37,124,21,31,COMPLETE
388,133205.33445653412,2025-08-06 13:00:29.307908,2025-08-06 13:01:23.627588,0 days 00:00:54.319680,6,8,12,41,29,69,124,20,31,COMPLETE
389,174245.23378581245,2025-08-06 13:00:39.537216,2025-08-06 13:01:37.813587,0 days 00:00:58.276371,6,8,12,41,29,69,128,19,31,COMPLETE
390,725683.3466782409,2025-08-06 13:00:46.522166,2025-08-06 13:01:45.752408,0 days 00:00:59.230242,6,8,12,40,29,69,128,10,31,COMPLETE
391,726182.8255624009,2025-08-06 13:00:47.870392,2025-08-06 13:01:51.678644,0 days 00:01:03.808252,6,8,11,40,29,69,128,10,33,COMPLETE
392,-inf,2025-08-06 13:01:23.644640,2025-08-06 13:02:24.252869,0 days 00:01:00.608229,6,8,11,40,29,45,74,15,31,COMPLETE
393,493284.64432931395,2025-08-06 13:01:37.862100,2025-08-06 13:02:38.791235,0 days 00:01:00.929135,7,8,12,40,29,70,129,10,30,COMPLETE
394,8642.614405907792,2025-08-06 13:01:45.769417,2025-08-06 13:02:45.753761,0 days 00:00:59.984344,5,8,12,40,9,68,129,15,33,COMPLETE
395,457787.52126762155,2025-08-06 13:01:51.690547,2025-08-06 13:02:52.423901,0 days 00:01:00.733354,5,8,12,40,29,68,130,10,33,COMPLETE
396,371259.29346266395,2025-08-06 13:02:24.317927,2025-08-06 13:03:23.767691,0 days 00:00:59.449764,5,8,12,40,29,67,130,10,33,COMPLETE
397,450394.8221491238,2025-08-06 13:02:38.813268,2025-08-06 13:03:43.077014,0 days 00:01:04.263746,5,8,11,40,30,68,130,10,33,COMPLETE
398,405346.76844247774,2025-08-06 13:02:45.760581,2025-08-06 13:03:45.294887,0 days 00:00:59.534306,5,8,11,40,30,67,132,10,33,COMPLETE
399,406916.44184731797,2025-08-06 13:02:52.459729,2025-08-06 13:03:48.606083,0 days 00:00:56.146354,5,8,11,40,30,66,133,10,32,COMPLETE
400,128794.4851431643,2025-08-06 13:03:23.833875,2025-08-06 13:04:10.694819,0 days 00:00:46.860944,7,8,11,40,30,66,143,10,34,COMPLETE
401,57726.425827239764,2025-08-06 13:03:43.125037,2025-08-06 13:04:30.042077,0 days 00:00:46.917040,8,8,11,40,30,67,144,10,34,COMPLETE
402,62102.19798651505,2025-08-06 13:03:45.317002,2025-08-06 13:04:32.499964,0 days 00:00:47.182962,8,8,11,40,30,66,136,14,34,COMPLETE
403,68647.64206990125,2025-08-06 13:03:48.607021,2025-08-06 13:04:33.750288,0 days 00:00:45.143267,8,7,11,40,30,66,136,10,34,COMPLETE
404,109784.04613979523,2025-08-06 13:04:10.776308,2025-08-06 13:04:56.857305,0 days 00:00:46.080997,8,7,12,40,30,68,137,10,36,COMPLETE
405,164386.12364977595,2025-08-06 13:04:30.080825,2025-08-06 13:05:14.165053,0 days 00:00:44.084228,7,7,12,42,29,68,137,10,36,COMPLETE
406,378732.1351074041,2025-08-06 13:04:32.511156,2025-08-06 13:05:18.007777,0 days 00:00:45.496621,7,7,12,42,29,68,139,10,33,COMPLETE
407,405635.6318346516,2025-08-06 13:04:33.756171,2025-08-06 13:05:18.869138,0 days 00:00:45.112967,7,8,12,42,29,68,131,10,32,COMPLETE
408,165655.6364381275,2025-08-06 13:04:56.863416,2025-08-06 13:05:45.461250,0 days 00:00:48.597834,6,8,12,42,29,68,130,17,33,COMPLETE
409,158538.16997134205,2025-08-06 13:05:14.207454,2025-08-06 13:05:58.817339,0 days 00:00:44.609885,6,8,19,41,29,68,129,18,32,COMPLETE
410,130832.9931672248,2025-08-06 13:05:18.034738,2025-08-06 13:06:03.479519,0 days 00:00:45.444781,5,8,12,41,29,68,131,18,32,COMPLETE
411,1122.059221772073,2025-08-06 13:05:18.908494,2025-08-06 13:06:04.595773,0 days 00:00:45.687279,5,14,12,41,6,69,127,18,32,COMPLETE
412,75758.14319065385,2025-08-06 13:05:45.489181,2025-08-06 13:06:33.780659,0 days 00:00:48.291478,5,9,12,39,29,69,128,26,32,COMPLETE
413,-209.24855316430538,2025-08-06 13:05:58.854651,2025-08-06 13:06:43.458584,0 days 00:00:44.603933,50,9,12,43,29,69,123,25,31,COMPLETE
414,31641.942249131927,2025-08-06 13:06:03.497134,2025-08-06 13:06:49.117462,0 days 00:00:45.620328,10,9,12,39,30,69,122,26,35,COMPLETE
415,26421.19575245146,2025-08-06 13:06:04.629203,2025-08-06 13:06:49.605062,0 days 00:00:44.975859,11,9,12,39,29,69,121,26,31,COMPLETE
416,7700.846656534567,2025-08-06 13:06:33.836263,2025-08-06 13:07:21.033874,0 days 00:00:47.197611,56,7,12,39,30,69,121,26,31,COMPLETE
417,84116.06918038495,2025-08-06 13:06:43.527679,2025-08-06 13:07:28.203431,0 days 00:00:44.675752,11,8,12,39,30,69,121,16,30,COMPLETE
418,26707.634924632075,2025-08-06 13:06:49.153746,2025-08-06 13:07:36.053999,0 days 00:00:46.900253,11,8,12,40,30,70,134,16,30,COMPLETE
419,279407.07851875783,2025-08-06 13:06:49.607399,2025-08-06 13:07:35.891338,0 days 00:00:46.283939,7,8,11,40,30,70,134,16,30,COMPLETE
420,169302.58341427104,2025-08-06 13:07:21.134367,2025-08-06 13:08:07.962809,0 days 00:00:46.828442,7,8,11,40,30,70,134,16,33,COMPLETE
421,347918.82824300515,2025-08-06 13:07:28.240408,2025-08-06 13:08:15.750829,0 days 00:00:47.510421,7,8,11,40,29,70,134,10,33,COMPLETE
422,644804.4561376537,2025-08-06 13:07:35.915597,2025-08-06 13:08:22.435162,0 days 00:00:46.519565,5,8,12,40,29,67,127,10,33,COMPLETE
423,44754.21472605835,2025-08-06 13:07:36.055733,2025-08-06 13:08:22.333165,0 days 00:00:46.277432,9,7,11,43,29,67,127,10,33,COMPLETE
424,12184.670506877437,2025-08-06 13:08:07.979718,2025-08-06 13:08:54.615202,0 days 00:00:46.635484,5,7,13,41,11,67,128,10,31,COMPLETE
425,699147.7160394504,2025-08-06 13:08:15.854454,2025-08-06 13:09:02.465200,0 days 00:00:46.610746,5,7,13,43,29,67,127,10,31,COMPLETE
426,-inf,2025-08-06 13:08:22.373306,2025-08-06 13:09:07.646636,0 days 00:00:45.273330,5,7,13,41,29,42,128,20,31,COMPLETE
427,47191.78014105242,2025-08-06 13:08:22.478717,2025-08-06 13:09:07.961466,0 days 00:00:45.482749,5,8,12,40,29,65,129,21,35,COMPLETE
428,21755.005954883076,2025-08-06 13:08:54.631848,2025-08-06 13:09:41.983796,0 days 00:00:47.351948,5,8,12,41,29,58,128,20,34,COMPLETE
429,3222.4027051271455,2025-08-06 13:09:02.482323,2025-08-06 13:09:48.198408,0 days 00:00:45.716085,42,7,12,16,29,66,146,20,35,COMPLETE
430,96217.17703826552,2025-08-06 13:09:07.680732,2025-08-06 13:09:53.512172,0 days 00:00:45.831440,6,7,12,43,29,65,123,20,32,COMPLETE
431,118551.80056818653,2025-08-06 13:09:07.985004,2025-08-06 13:09:53.955238,0 days 00:00:45.970234,6,7,12,17,29,67,142,16,34,COMPLETE
432,225810.28275601476,2025-08-06 13:09:42.079096,2025-08-06 13:10:29.546340,0 days 00:00:47.467244,6,7,12,43,30,67,141,10,32,COMPLETE
433,184.2103020235154,2025-08-06 13:09:48.205531,2025-08-06 13:10:32.984646,0 days 00:00:44.779115,8,7,12,43,30,51,140,10,32,COMPLETE
434,41330.09766464418,2025-08-06 13:09:53.545478,2025-08-06 13:10:39.834432,0 days 00:00:46.288954,8,8,12,44,30,67,141,10,33,COMPLETE
435,6880.78223936459,2025-08-06 13:09:53.995305,2025-08-06 13:10:39.268398,0 days 00:00:45.273093,8,8,13,44,16,67,139,10,30,COMPLETE
436,108938.97741125147,2025-08-06 13:10:29.568408,2025-08-06 13:11:17.529864,0 days 00:00:47.961456,8,8,13,42,30,68,125,10,30,COMPLETE
437,208.29715607248863,2025-08-06 13:10:33.021231,2025-08-06 13:11:18.907452,0 days 00:00:45.886221,73,8,13,44,17,67,132,126,30,COMPLETE
438,59615.36309819727,2025-08-06 13:10:39.275792,2025-08-06 13:11:24.871030,0 days 00:00:45.595238,9,9,11,42,30,68,132,15,31,COMPLETE
439,23100.05492570749,2025-08-06 13:10:39.857046,2025-08-06 13:11:26.279672,0 days 00:00:46.422626,5,8,13,42,29,68,132,126,30,COMPLETE
440,12118.339398422871,2025-08-06 13:11:17.568226,2025-08-06 13:12:02.126147,0 days 00:00:44.557921,5,9,13,42,29,68,134,160,31,COMPLETE
441,360798.8215508676,2025-08-06 13:11:18.939793,2025-08-06 13:12:03.301302,0 days 00:00:44.361509,5,9,11,42,23,68,122,16,31,COMPLETE
442,388483.5096070833,2025-08-06 13:11:24.887877,2025-08-06 13:12:13.336491,0 days 00:00:48.448614,5,9,12,41,29,68,123,16,33,COMPLETE
443,15278.401748036822,2025-08-06 13:11:26.312909,2025-08-06 13:12:17.666794,0 days 00:00:51.353885,7,9,12,41,29,69,123,256,14,COMPLETE
444,104781.77176082012,2025-08-06 13:12:02.160090,2025-08-06 13:13:06.968993,0 days 00:01:04.808903,7,8,12,41,29,66,123,16,33,COMPLETE
445,159176.07351738,2025-08-06 13:12:03.355337,2025-08-06 13:13:08.970639,0 days 00:01:05.615302,7,8,12,41,29,69,115,23,33,COMPLETE
446,152641.064292928,2025-08-06 13:12:13.391602,2025-08-06 13:13:14.469737,0 days 00:01:01.078135,7,8,12,40,29,69,117,23,37,COMPLETE
447,139140.97736333578,2025-08-06 13:12:17.705942,2025-08-06 13:13:18.278052,0 days 00:01:00.572110,7,8,12,40,28,69,116,22,11,COMPLETE
448,29388.308625759957,2025-08-06 13:13:07.006447,2025-08-06 13:14:08.887526,0 days 00:01:01.881079,7,8,12,40,28,69,115,222,32,COMPLETE
449,22755.094891536828,2025-08-06 13:13:09.008924,2025-08-06 13:14:10.047192,0 days 00:01:01.038268,9,7,13,39,28,70,118,31,32,COMPLETE
450,24888.82168352753,2025-08-06 13:13:14.533296,2025-08-06 13:14:15.873494,0 days 00:01:01.340198,13,7,13,39,28,70,127,15,32,COMPLETE
451,3000.578471597796,2025-08-06 13:13:18.285512,2025-08-06 13:14:17.939179,0 days 00:00:59.653667,9,7,11,39,30,60,127,220,32,COMPLETE
452,10965.44749374801,2025-08-06 13:14:08.930503,2025-08-06 13:15:09.103188,0 days 00:01:00.172685,13,7,13,39,30,70,207,95,30,COMPLETE
453,9413.314542502236,2025-08-06 13:14:10.151130,2025-08-06 13:15:09.737639,0 days 00:00:59.586509,10,7,11,39,20,70,127,38,30,COMPLETE
454,57852.14346844703,2025-08-06 13:14:15.880193,2025-08-06 13:15:14.591998,0 days 00:00:58.711805,10,7,11,39,30,70,129,10,30,COMPLETE
455,527317.4234294592,2025-08-06 13:14:17.996509,2025-08-06 13:15:21.319013,0 days 00:01:03.322504,6,8,12,20,30,70,130,10,30,COMPLETE
456,7982.556189185112,2025-08-06 13:15:09.143342,2025-08-06 13:16:06.635803,0 days 00:00:57.492461,5,8,11,40,30,57,131,15,29,COMPLETE
457,6507.7889683269905,2025-08-06 13:15:09.754499,2025-08-06 13:16:02.167005,0 days 00:00:52.412506,5,8,12,43,30,57,136,15,29,COMPLETE
458,135616.19728769897,2025-08-06 13:15:14.630061,2025-08-06 13:16:10.984511,0 days 00:00:56.354450,5,6,12,41,29,69,135,15,29,COMPLETE
459,132111.32027540336,2025-08-06 13:15:21.345785,2025-08-06 13:16:16.916089,0 days 00:00:55.570304,5,8,14,25,29,70,136,15,29,COMPLETE
460,109989.40355167352,2025-08-06 13:16:02.228915,2025-08-06 13:16:59.388653,0 days 00:00:57.159738,5,8,14,15,29,70,134,16,29,COMPLETE
461,55376.28723375722,2025-08-06 13:16:06.689507,2025-08-06 13:17:04.871221,0 days 00:00:58.181714,6,8,14,40,29,70,136,28,34,COMPLETE
462,70031.26655394655,2025-08-06 13:16:11.122038,2025-08-06 13:17:09.055345,0 days 00:00:57.933307,6,8,14,25,28,70,137,28,34,COMPLETE
463,38096.63775540875,2025-08-06 13:16:16.933006,2025-08-06 13:17:15.175972,0 days 00:00:58.242966,6,8,13,29,28,68,132,28,34,COMPLETE
464,63512.480136842816,2025-08-06 13:16:59.445051,2025-08-06 13:17:57.061194,0 days 00:00:57.616143,7,8,13,40,28,68,130,26,34,COMPLETE
465,114964.18449260504,2025-08-06 13:17:04.956733,2025-08-06 13:18:05.958150,0 days 00:01:01.001417,7,8,13,40,28,68,130,22,31,COMPLETE
466,24174.919530153627,2025-08-06 13:17:09.073451,2025-08-06 13:18:07.221944,0 days 00:00:58.148493,8,8,13,31,28,68,130,21,31,COMPLETE
467,2916.4787000047304,2025-08-06 13:17:15.200027,2025-08-06 13:18:13.564124,0 days 00:00:58.364097,8,8,13,26,18,69,125,23,31,COMPLETE
468,1191.9977068924989,2025-08-06 13:17:57.072948,2025-08-06 13:18:59.759285,0 days 00:01:02.686337,69,7,12,31,29,69,120,20,31,COMPLETE
469,11309.89310352248,2025-08-06 13:18:05.967564,2025-08-06 13:19:07.670834,0 days 00:01:01.703270,9,7,12,27,29,69,120,180,15,COMPLETE
470,140361.94036292902,2025-08-06 13:18:07.255651,2025-08-06 13:19:07.375496,0 days 00:01:00.119845,9,7,12,38,29,69,121,10,30,COMPLETE
471,359582.87816284684,2025-08-06 13:18:13.575977,2025-08-06 13:19:13.183711,0 days 00:00:59.607734,6,7,12,23,29,69,124,15,30,COMPLETE
472,1281184.551635274,2025-08-06 13:18:59.802388,2025-08-06 13:20:01.636912,0 days 00:01:01.834524,6,7,12,39,29,70,125,10,30,COMPLETE
473,105842.73870732759,2025-08-06 13:19:07.392505,2025-08-06 13:20:09.970626,0 days 00:01:02.578121,6,6,12,20,30,67,125,102,29,COMPLETE
474,603322.4523138892,2025-08-06 13:19:07.693911,2025-08-06 13:20:10.789641,0 days 00:01:03.095730,6,6,18,22,30,67,126,10,35,COMPLETE
475,253993.5638503148,2025-08-06 13:19:13.265233,2025-08-06 13:20:16.326672,0 days 00:01:03.061439,5,6,12,41,30,67,146,10,29,COMPLETE
476,184318.62310337255,2025-08-06 13:20:01.736195,2025-08-06 13:21:00.835850,0 days 00:00:59.099655,6,8,11,19,30,67,111,10,29,COMPLETE
477,174701.09453440952,2025-08-06 13:20:10.029890,2025-08-06 13:21:10.646885,0 days 00:01:00.616995,7,8,12,23,28,70,110,10,29,COMPLETE
478,52290.11708331608,2025-08-06 13:20:10.799718,2025-08-06 13:21:08.806040,0 days 00:00:58.006322,9,6,12,21,28,66,113,18,36,COMPLETE
479,38363.842010387474,2025-08-06 13:20:16.361205,2025-08-06 13:21:13.624269,0 days 00:00:57.263064,8,8,20,39,28,65,114,17,35,COMPLETE
480,26602.838974712133,2025-08-06 13:21:00.921271,2025-08-06 13:22:01.413913,0 days 00:01:00.492642,8,6,20,32,28,65,118,18,36,COMPLETE
481,248983.7675928503,2025-08-06 13:21:08.823541,2025-08-06 13:22:10.979149,0 days 00:01:02.155608,7,6,12,19,28,70,119,18,35,COMPLETE
482,24814.21329300262,2025-08-06 13:21:10.674294,2025-08-06 13:22:10.584655,0 days 00:00:59.910361,10,6,19,19,29,65,119,18,37,COMPLETE
483,9451.14925094889,2025-08-06 13:21:13.627072,2025-08-06 13:22:14.726219,0 days 00:01:01.099147,19,9,18,41,29,70,121,19,28,COMPLETE
484,65131.37358254412,2025-08-06 13:22:01.508658,2025-08-06 13:22:58.407073,0 days 00:00:56.898415,10,9,18,18,29,70,120,16,28,COMPLETE
485,274876.0960951253,2025-08-06 13:22:10.623349,2025-08-06 13:23:09.913583,0 days 00:00:59.290234,7,5,19,21,29,70,125,15,28,COMPLETE
486,550.4825166300716,2025-08-06 13:22:11.006580,2025-08-06 13:23:10.489885,0 days 00:00:59.483305,39,9,19,39,29,70,125,15,28,COMPLETE
487,12218.956355726848,2025-08-06 13:22:14.755316,2025-08-06 13:23:12.043393,0 days 00:00:57.288077,7,9,18,39,21,69,125,295,30,COMPLETE
488,71152.19470618015,2025-08-06 13:22:58.428947,2025-08-06 13:23:56.559161,0 days 00:00:58.130214,7,7,19,20,30,69,125,34,30,COMPLETE
489,1345277.2945452994,2025-08-06 13:23:09.946090,2025-08-06 13:24:11.248631,0 days 00:01:01.302541,6,7,12,20,30,69,126,10,30,COMPLETE
490,19034.89996743602,2025-08-06 13:23:10.496345,2025-08-06 13:24:09.699265,0 days 00:00:59.202920,36,7,15,38,30,69,126,10,30,COMPLETE
491,4854.629412637101,2025-08-06 13:23:12.060200,2025-08-06 13:24:11.256511,0 days 00:00:59.196311,59,5,15,38,30,68,127,35,30,COMPLETE
492,8528.60983637989,2025-08-06 13:23:56.577016,2025-08-06 13:24:51.436896,0 days 00:00:54.859880,30,8,17,40,30,68,129,10,31,COMPLETE
493,30664.760998991536,2025-08-06 13:24:09.773935,2025-08-06 13:25:10.047758,0 days 00:01:00.273823,5,8,17,41,28,66,129,25,6,COMPLETE
494,59932.93474555219,2025-08-06 13:24:11.268275,2025-08-06 13:25:07.763799,0 days 00:00:56.495524,9,7,17,20,30,67,115,24,37,COMPLETE
495,37794.586133263634,2025-08-06 13:24:11.276102,2025-08-06 13:25:11.060577,0 days 00:00:59.784475,9,7,17,21,30,67,117,24,32,COMPLETE
496,9046.24789577865,2025-08-06 13:24:51.484534,2025-08-06 13:25:49.283931,0 days 00:00:57.799397,11,7,12,20,20,67,114,24,6,COMPLETE
497,21550.70736654356,2025-08-06 13:25:07.780662,2025-08-06 13:26:07.077669,0 days 00:00:59.297007,11,7,12,21,30,67,119,23,31,COMPLETE
498,29061.469112899682,2025-08-06 13:25:10.091416,2025-08-06 13:26:10.051695,0 days 00:00:59.960279,11,7,12,20,30,68,122,21,32,COMPLETE
499,114353.25722582263,2025-08-06 13:25:11.129511,2025-08-06 13:26:09.219554,0 days 00:00:58.090043,11,7,12,20,30,68,121,15,32,COMPLETE
500,182774.3502963631,2025-08-06 13:25:49.358935,2025-08-06 13:26:46.187937,0 days 00:00:56.829002,6,7,12,22,30,68,106,15,31,COMPLETE
501,-inf,2025-08-06 13:26:07.141181,2025-08-06 13:27:01.036828,0 days 00:00:53.895647,6,6,14,41,29,30,105,63,32,COMPLETE
502,1850.6196181450778,2025-08-06 13:26:09.236522,2025-08-06 13:27:06.669430,0 days 00:00:57.432908,6,5,14,18,24,54,106,15,33,COMPLETE
503,321863.64370580047,2025-08-06 13:26:10.058223,2025-08-06 13:27:07.641696,0 days 00:00:57.583473,6,6,14,17,30,69,105,10,33,COMPLETE
504,8739.891305581707,2025-08-06 13:26:46.230877,2025-08-06 13:27:48.124140,0 days 00:01:01.893263,8,6,14,17,29,69,125,67,30,COMPLETE
505,1222.5535346451425,2025-08-06 13:27:01.074567,2025-08-06 13:27:59.682629,0 days 00:00:58.608062,8,8,13,18,24,55,125,10,28,COMPLETE
506,84147.09251918075,2025-08-06 13:27:06.752960,2025-08-06 13:28:04.319971,0 days 00:00:57.567011,8,8,13,22,29,69,239,15,30,COMPLETE
507,5362.2533619217265,2025-08-06 13:27:07.659316,2025-08-06 13:28:06.797485,0 days 00:00:59.138169,8,8,13,28,29,69,126,145,30,COMPLETE
508,37801.2605275923,2025-08-06 13:27:48.146147,2025-08-06 13:28:46.022636,0 days 00:00:57.876489,8,8,13,42,29,70,37,20,29,COMPLETE
509,138885.55294880364,2025-08-06 13:27:59.725024,2025-08-06 13:28:57.102008,0 days 00:00:57.376984,5,8,8,30,29,69,129,15,29,COMPLETE
510,7976.046481474523,2025-08-06 13:28:04.351076,2025-08-06 13:29:03.927724,0 days 00:00:59.576648,5,8,18,42,15,62,129,21,29,COMPLETE
511,111143.30903873095,2025-08-06 13:28:06.798967,2025-08-06 13:29:06.837025,0 days 00:01:00.038058,5,8,12,19,29,70,131,19,35,COMPLETE
512,479757.13580289076,2025-08-06 13:28:46.059977,2025-08-06 13:29:43.216646,0 days 00:00:57.156669,5,7,12,40,29,70,131,10,31,COMPLETE
513,-inf,2025-08-06 13:28:57.145086,2025-08-06 13:29:54.070633,0 days 00:00:56.925547,5,7,12,24,29,37,119,54,31,COMPLETE
514,-297.5381395683826,2025-08-06 13:29:03.944649,2025-08-06 13:30:01.030597,0 days 00:00:57.085948,46,7,12,40,29,66,119,10,31,COMPLETE
515,726.3781004519832,2025-08-06 13:29:06.880021,2025-08-06 13:30:05.083351,0 days 00:00:58.203330,46,7,11,40,28,66,120,10,31,COMPLETE
516,2912.640015761236,2025-08-06 13:29:43.238524,2025-08-06 13:30:44.290197,0 days 00:01:01.051673,46,7,12,40,28,70,121,10,31,COMPLETE
517,32551.052020567306,2025-08-06 13:29:54.102635,2025-08-06 13:30:50.456704,0 days 00:00:56.354069,7,7,15,40,28,70,122,45,31,COMPLETE
518,4212.211197235168,2025-08-06 13:30:01.042839,2025-08-06 13:31:02.334029,0 days 00:01:01.291190,7,7,15,22,14,70,123,31,28,COMPLETE
519,211751.83888318267,2025-08-06 13:30:05.167553,2025-08-06 13:31:02.610521,0 days 00:00:57.442968,7,7,15,41,30,70,113,29,28,COMPLETE
520,104194.68949895735,2025-08-06 13:30:44.333829,2025-08-06 13:31:41.638123,0 days 00:00:57.304294,7,6,15,21,30,70,112,16,28,COMPLETE
521,90783.84285950997,2025-08-06 13:30:50.463452,2025-08-06 13:31:50.654648,0 days 00:01:00.191196,7,6,13,21,30,70,111,30,28,COMPLETE
522,120279.24393496275,2025-08-06 13:31:02.340537,2025-08-06 13:32:02.159924,0 days 00:00:59.819387,9,6,7,39,30,70,111,16,28,COMPLETE
523,205143.05780786724,2025-08-06 13:31:02.616923,2025-08-06 13:32:00.005955,0 days 00:00:57.389032,6,5,13,39,27,69,138,16,29,COMPLETE
524,37204.182774655186,2025-08-06 13:31:41.660325,2025-08-06 13:32:42.628590,0 days 00:01:00.968265,9,6,11,43,27,69,138,20,29,COMPLETE
525,50491.68664066703,2025-08-06 13:31:50.703162,2025-08-06 13:32:49.352662,0 days 00:00:58.649500,9,9,11,39,27,69,138,15,30,COMPLETE
526,28021.369113504046,2025-08-06 13:32:00.028856,2025-08-06 13:32:59.597698,0 days 00:00:59.568842,9,7,12,34,27,69,133,21,30,COMPLETE
527,28052.626916871253,2025-08-06 13:32:02.209442,2025-08-06 13:32:59.441301,0 days 00:00:57.231859,9,9,12,41,27,69,127,21,30,COMPLETE
528,368415.05006423715,2025-08-06 13:32:42.655766,2025-08-06 13:33:42.674890,0 days 00:01:00.019124,5,9,12,41,29,69,134,10,30,COMPLETE
529,835343.2789085864,2025-08-06 13:32:49.386526,2025-08-06 13:33:49.257940,0 days 00:00:59.871414,5,7,12,41,29,69,127,10,27,COMPLETE
530,510259.98000715673,2025-08-06 13:32:59.474243,2025-08-06 13:33:56.201982,0 days 00:00:56.727739,5,7,12,44,29,68,133,10,27,COMPLETE
531,106176.6928737391,2025-08-06 13:32:59.614924,2025-08-06 13:33:59.925005,0 days 00:01:00.310081,5,8,12,41,28,68,132,16,27,COMPLETE
532,70048.61967761675,2025-08-06 13:33:42.713129,2025-08-06 13:34:42.921726,0 days 00:01:00.208597,5,8,14,44,28,68,125,78,27,COMPLETE
533,75324.56340681609,2025-08-06 13:33:49.307077,2025-08-06 13:34:48.764633,0 days 00:00:59.457556,6,8,12,42,29,68,116,15,32,COMPLETE
534,167019.49523254845,2025-08-06 13:33:56.230678,2025-08-06 13:34:54.433717,0 days 00:00:58.203039,7,8,12,44,30,68,124,16,27,COMPLETE
535,34157.68966241779,2025-08-06 13:33:59.926735,2025-08-06 13:35:01.637424,0 days 00:01:01.710689,7,10,12,44,30,64,125,26,26,COMPLETE
536,102674.47416932957,2025-08-06 13:34:43.293426,2025-08-06 13:35:40.568831,0 days 00:00:57.275405,7,10,12,44,30,64,118,25,27,COMPLETE
537,127293.36354721006,2025-08-06 13:34:48.797751,2025-08-06 13:35:45.396837,0 days 00:00:56.599086,7,10,11,45,30,67,124,23,38,COMPLETE
538,103689.8532242082,2025-08-06 13:34:54.440440,2025-08-06 13:35:51.512450,0 days 00:00:57.072010,7,7,12,45,30,67,117,25,26,COMPLETE
539,34170.984505241715,2025-08-06 13:35:01.643535,2025-08-06 13:36:05.338761,0 days 00:01:03.695226,7,7,11,43,19,67,118,21,38,COMPLETE
540,1175037.8147701293,2025-08-06 13:35:40.591508,2025-08-06 13:36:41.846275,0 days 00:01:01.254767,6,7,11,42,29,67,127,10,28,COMPLETE
541,155721.82090749577,2025-08-06 13:35:45.414358,2025-08-06 13:36:46.069644,0 days 00:01:00.655286,5,7,13,43,29,68,129,15,28,COMPLETE
542,8798.874347240899,2025-08-06 13:35:51.518882,2025-08-06 13:36:51.044197,0 days 00:00:59.525315,10,8,13,43,19,68,128,10,28,COMPLETE
543,5919.796627210805,2025-08-06 13:36:05.346285,2025-08-06 13:37:04.746896,0 days 00:00:59.400611,10,8,13,43,29,68,95,213,28,COMPLETE
544,49856.57599484466,2025-08-06 13:36:41.863744,2025-08-06 13:37:40.590574,0 days 00:00:58.726830,10,7,11,43,29,66,129,10,29,COMPLETE
545,36021.12478031781,2025-08-06 13:36:46.093806,2025-08-06 13:37:46.958763,0 days 00:01:00.864957,10,7,10,43,29,66,94,15,29,COMPLETE
546,90444.45092146714,2025-08-06 13:36:51.083301,2025-08-06 13:37:49.637699,0 days 00:00:58.554398,13,7,10,42,29,66,135,10,29,COMPLETE
547,35245.90013669618,2025-08-06 13:37:04.764151,2025-08-06 13:38:06.808263,0 days 00:01:02.044112,13,7,11,42,29,66,134,15,29,COMPLETE
548,70863.39745981825,2025-08-06 13:37:40.607750,2025-08-06 13:38:39.371844,0 days 00:00:58.764094,8,7,11,42,29,67,134,15,27,COMPLETE
549,113656.00812635511,2025-08-06 13:37:46.981512,2025-08-06 13:38:46.064806,0 days 00:00:59.083294,8,7,9,42,29,67,134,10,29,COMPLETE
550,28802.318264978083,2025-08-06 13:37:49.649715,2025-08-06 13:38:47.204813,0 days 00:00:57.555098,8,7,9,42,30,67,122,18,27,COMPLETE
551,15807.69226573508,2025-08-06 13:38:06.931633,2025-08-06 13:39:09.830845,0 days 00:01:02.899212,8,8,11,42,30,67,122,20,27,COMPLETE
552,-inf,2025-08-06 13:38:39.426484,2025-08-06 13:39:37.166359,0 days 00:00:57.739875,6,9,9,42,30,40,122,20,30,COMPLETE
553,100958.82703962683,2025-08-06 13:38:46.103493,2025-08-06 13:39:43.143220,0 days 00:00:57.039727,6,6,12,41,30,68,122,20,25,COMPLETE
554,-inf,2025-08-06 13:38:47.205914,2025-08-06 13:39:46.908457,0 days 00:00:59.702543,6,9,12,41,30,48,142,20,30,COMPLETE
555,283819.983222524,2025-08-06 13:39:09.917684,2025-08-06 13:40:12.367497,0 days 00:01:02.449813,6,9,12,41,30,68,127,20,30,COMPLETE
556,415367.19748860394,2025-08-06 13:39:37.205768,2025-08-06 13:40:37.154325,0 days 00:00:59.948557,6,6,12,19,29,69,142,10,25,COMPLETE
557,39973.133509749896,2025-08-06 13:39:43.157871,2025-08-06 13:40:41.826321,0 days 00:00:58.668450,5,8,12,45,29,69,142,28,32,COMPLETE
558,939819.1657283595,2025-08-06 13:39:46.914480,2025-08-06 13:40:45.362074,0 days 00:00:58.447594,5,8,12,19,29,69,127,10,32,COMPLETE
559,564405.3245273072,2025-08-06 13:40:12.494633,2025-08-06 13:41:12.657119,0 days 00:01:00.162486,5,8,11,19,29,69,115,10,32,COMPLETE
560,26789.026423445554,2025-08-06 13:40:37.186930,2025-08-06 13:41:32.834431,0 days 00:00:55.647501,5,8,11,44,11,69,115,31,32,COMPLETE
561,66337.35272025604,2025-08-06 13:40:41.834471,2025-08-06 13:41:39.294519,0 days 00:00:57.460048,5,8,11,41,28,69,127,39,33,COMPLETE
562,86977.42906308176,2025-08-06 13:40:45.363841,2025-08-06 13:41:41.395315,0 days 00:00:56.031474,9,8,11,18,29,68,130,15,34,COMPLETE
563,13986.127807447407,2025-08-06 13:41:12.726804,2025-08-06 13:42:09.741192,0 days 00:00:57.014388,27,8,11,20,29,68,113,15,33,COMPLETE
564,-inf,2025-08-06 13:41:32.895122,2025-08-06 13:42:27.568678,0 days 00:00:54.673556,5,8,11,19,29,44,114,41,33,COMPLETE
565,7580.3050763905,2025-08-06 13:41:39.326808,2025-08-06 13:42:35.379807,0 days 00:00:56.052999,21,8,10,18,29,67,109,16,34,COMPLETE
566,155069.89590027917,2025-08-06 13:41:41.447879,2025-08-06 13:42:39.342430,0 days 00:00:57.894551,5,8,10,19,29,67,114,15,33,COMPLETE
567,319157.4205354336,2025-08-06 13:42:09.810700,2025-08-06 13:43:08.135577,0 days 00:00:58.324877,5,8,10,18,30,67,117,10,34,COMPLETE
568,543994.0148761185,2025-08-06 13:42:27.585796,2025-08-06 13:43:27.113239,0 days 00:00:59.527443,7,8,10,19,30,66,125,10,35,COMPLETE
569,25426.683361635325,2025-08-06 13:42:35.419558,2025-08-06 13:43:33.442687,0 days 00:00:58.023129,7,9,12,17,30,68,124,113,35,COMPLETE
570,705625.6217714895,2025-08-06 13:42:39.372535,2025-08-06 13:43:38.119437,0 days 00:00:58.746902,7,7,11,18,30,68,125,10,35,COMPLETE
571,56565.385841201154,2025-08-06 13:43:08.195572,2025-08-06 13:44:08.489411,0 days 00:01:00.293839,7,7,11,19,30,65,125,25,32,COMPLETE
572,45659.911207041514,2025-08-06 13:43:27.124675,2025-08-06 13:44:24.865960,0 days 00:00:57.741285,7,7,11,18,30,65,125,26,36,COMPLETE
573,1601.5404486246546,2025-08-06 13:43:33.478503,2025-08-06 13:44:33.222735,0 days 00:00:59.744232,8,7,10,19,30,66,132,268,35,COMPLETE
574,14953.051866807622,2025-08-06 13:43:38.131726,2025-08-06 13:44:37.523523,0 days 00:00:59.391797,8,7,10,19,30,66,126,25,36,COMPLETE
575,20211.31007897757,2025-08-06 13:44:08.536577,2025-08-06 13:45:06.251080,0 days 00:00:57.714503,9,9,11,18,30,66,120,20,36,COMPLETE
576,20951.240224250767,2025-08-06 13:44:24.932897,2025-08-06 13:45:24.355075,0 days 00:00:59.422178,9,8,10,20,30,66,120,20,37,COMPLETE
577,26240.70681311928,2025-08-06 13:44:33.239634,2025-08-06 13:45:30.244562,0 days 00:00:57.004928,9,9,10,20,30,66,119,20,37,COMPLETE
578,10108.392898144028,2025-08-06 13:44:37.525258,2025-08-06 13:45:35.962612,0 days 00:00:58.437354,12,9,11,20,30,66,119,19,35,COMPLETE
579,15754.8565811129,2025-08-06 13:45:06.251980,2025-08-06 13:46:06.785251,0 days 00:01:00.533271,12,8,10,20,23,68,120,15,35,COMPLETE
580,32850.601754063224,2025-08-06 13:45:24.410120,2025-08-06 13:46:24.543228,0 days 00:01:00.133108,12,8,11,20,30,67,128,15,34,COMPLETE
581,-inf,2025-08-06 13:45:30.270628,2025-08-06 13:46:27.293635,0 days 00:00:57.023007,11,8,11,17,30,33,129,16,35,COMPLETE
582,331351.7034236278,2025-08-06 13:45:35.970478,2025-08-06 13:46:33.837133,0 days 00:00:57.866655,7,8,11,18,30,68,127,15,39,COMPLETE
583,789697.2584143801,2025-08-06 13:46:06.791948,2025-08-06 13:47:05.756347,0 days 00:00:58.964399,6,6,11,19,30,67,128,10,36,COMPLETE
584,698431.5724928996,2025-08-06 13:46:24.580646,2025-08-06 13:47:23.648132,0 days 00:00:59.067486,6,6,11,18,30,69,128,10,36,COMPLETE
585,606905.0714465376,2025-08-06 13:46:27.311116,2025-08-06 13:47:27.056818,0 days 00:00:59.745702,7,6,11,16,30,68,127,10,36,COMPLETE
586,719507.2042213432,2025-08-06 13:46:33.838151,2025-08-06 13:47:33.455928,0 days 00:00:59.617777,6,7,11,21,29,69,124,10,36,COMPLETE
587,49801.51349093917,2025-08-06 13:47:05.778217,2025-08-06 13:48:04.620757,0 days 00:00:58.842540,6,6,11,19,29,67,123,31,36,COMPLETE
588,348694.2167328541,2025-08-06 13:47:23.733800,2025-08-06 13:48:21.031722,0 days 00:00:57.297922,5,5,11,17,29,65,122,10,38,COMPLETE
589,10007.686298724897,2025-08-06 13:47:27.069143,2025-08-06 13:48:23.860229,0 days 00:00:56.791086,5,5,11,18,12,67,116,32,38,COMPLETE
590,-818.5245415963176,2025-08-06 13:47:33.478204,2025-08-06 13:48:30.637935,0 days 00:00:57.159731,63,5,11,16,29,67,115,33,38,COMPLETE
591,222741.62859029055,2025-08-06 13:48:04.643587,2025-08-06 13:49:06.105405,0 days 00:01:01.461818,8,5,11,16,29,67,116,10,38,COMPLETE
592,76620.85306653057,2025-08-06 13:48:21.038376,2025-08-06 13:49:20.013584,0 days 00:00:58.975208,8,6,10,15,28,67,116,15,37,COMPLETE
593,33643.91248493397,2025-08-06 13:48:23.877603,2025-08-06 13:49:21.266075,0 days 00:00:57.388472,15,6,10,18,28,67,109,23,37,COMPLETE
594,35927.82463710918,2025-08-06 13:48:30.654916,2025-08-06 13:49:29.297852,0 days 00:00:58.642936,9,6,10,15,28,65,110,15,37,COMPLETE
595,4518.145471929283,2025-08-06 13:49:06.123017,2025-08-06 13:50:04.833241,0 days 00:00:58.710224,49,6,10,17,28,64,101,23,37,COMPLETE
596,52789.656180487174,2025-08-06 13:49:20.019586,2025-08-06 13:50:17.557507,0 days 00:00:57.537921,7,6,10,18,29,66,108,23,36,COMPLETE
597,231935.57305432044,2025-08-06 13:49:21.272706,2025-08-06 13:50:19.648247,0 days 00:00:58.375541,6,6,11,16,29,65,124,15,36,COMPLETE
598,1771.7463284721607,2025-08-06 13:49:29.325713,2025-08-06 13:50:27.418024,0 days 00:00:58.092311,44,6,11,16,29,68,123,21,36,COMPLETE
599,428802.0602734337,2025-08-06 13:50:04.871253,2025-08-06 13:51:03.771395,0 days 00:00:58.900142,6,6,11,21,29,68,124,15,36,COMPLETE
600,-1013.236728829855,2025-08-06 13:50:17.569330,2025-08-06 13:51:18.127959,0 days 00:01:00.558629,53,6,11,19,29,68,124,238,36,COMPLETE
601,107470.03447890226,2025-08-06 13:50:19.660538,2025-08-06 13:51:19.376995,0 days 00:00:59.716457,10,6,11,19,30,68,124,10,36,COMPLETE
602,139573.59644736408,2025-08-06 13:50:27.494620,2025-08-06 13:51:31.038656,0 days 00:01:03.544036,10,6,11,19,30,68,126,10,36,COMPLETE
603,69795.89176684311,2025-08-06 13:51:03.788667,2025-08-06 13:52:02.842839,0 days 00:00:59.054172,10,6,11,19,30,68,138,10,35,COMPLETE
604,64484.65028780404,2025-08-06 13:51:18.340480,2025-08-06 13:52:18.592422,0 days 00:01:00.251942,10,6,11,19,30,68,137,10,35,COMPLETE
605,464212.67013112386,2025-08-06 13:51:19.398937,2025-08-06 13:52:20.284040,0 days 00:01:00.885103,7,6,11,17,30,68,133,10,35,COMPLETE
606,52729.1398821637,2025-08-06 13:51:31.050830,2025-08-06 13:52:29.912321,0 days 00:00:58.861491,7,6,11,21,28,67,132,19,35,COMPLETE
607,22296.368884943808,2025-08-06 13:52:03.077457,2025-08-06 13:53:01.609306,0 days 00:00:58.531849,8,5,11,22,28,67,132,19,35,COMPLETE
608,85397.5316452258,2025-08-06 13:52:18.671472,2025-08-06 13:53:18.392157,0 days 00:00:59.720685,5,6,11,17,28,67,132,19,35,COMPLETE
609,58114.50862459378,2025-08-06 13:52:20.312163,2025-08-06 13:53:19.712465,0 days 00:00:59.400302,5,5,11,18,28,63,66,20,37,COMPLETE
610,112163.84200871673,2025-08-06 13:52:29.928973,2025-08-06 13:53:28.603851,0 days 00:00:58.674878,5,6,8,18,29,66,119,18,37,COMPLETE
611,78099.84944206748,2025-08-06 13:53:01.626667,2025-08-06 13:54:02.345935,0 days 00:01:00.719268,5,7,11,17,29,69,119,27,37,COMPLETE
612,98117.15038886963,2025-08-06 13:53:18.483465,2025-08-06 13:54:17.900298,0 days 00:00:59.416833,5,7,10,18,29,69,119,25,37,COMPLETE
613,266090.19690126297,2025-08-06 13:53:19.735151,2025-08-06 13:54:18.504706,0 days 00:00:58.769555,6,7,10,20,29,66,119,15,37,COMPLETE
614,58914.8437340878,2025-08-06 13:53:28.647928,2025-08-06 13:54:31.519539,0 days 00:01:02.871611,8,7,10,20,29,69,128,25,34,COMPLETE
615,77977.3746738547,2025-08-06 13:54:02.378620,2025-08-06 13:55:06.399153,0 days 00:01:04.020533,8,7,10,20,29,69,51,15,39,COMPLETE
616,32838.3543592662,2025-08-06 13:54:17.917184,2025-08-06 13:55:18.159183,0 days 00:01:00.241999,7,7,10,20,30,69,128,89,39,COMPLETE
617,97121.704897348,2025-08-06 13:54:18.592060,2025-08-06 13:55:19.354957,0 days 00:01:00.762897,8,7,6,22,30,69,128,16,34,COMPLETE
618,1797.5209919036008,2025-08-06 13:54:31.601449,2025-08-06 13:55:31.285409,0 days 00:00:59.683960,76,6,6,22,30,69,127,15,34,COMPLETE
619,30113.60812362584,2025-08-06 13:55:06.421460,2025-08-06 13:56:10.802095,0 days 00:01:04.380635,7,6,6,16,30,69,250,15,34,COMPLETE
620,-59.476815067678444,2025-08-06 13:55:18.181316,2025-08-06 13:56:19.753296,0 days 00:01:01.571980,7,6,11,21,30,50,113,15,34,COMPLETE
621,20984.59800774515,2025-08-06 13:55:19.356429,2025-08-06 13:56:20.530928,0 days 00:01:01.174499,6,6,11,19,30,68,111,134,34,COMPLETE
622,15416.429896213484,2025-08-06 13:55:31.313073,2025-08-06 13:56:31.493591,0 days 00:01:00.180518,6,6,11,19,28,67,113,188,35,COMPLETE
623,149363.32707511674,2025-08-06 13:56:10.819380,2025-08-06 13:57:09.957529,0 days 00:00:59.138149,6,7,11,19,28,68,113,10,36,COMPLETE
624,24706.133875333573,2025-08-06 13:56:19.775936,2025-08-06 13:57:20.960277,0 days 00:01:01.184341,6,5,18,19,28,68,123,187,39,COMPLETE
625,550986.1555209139,2025-08-06 13:56:20.537408,2025-08-06 13:57:19.959754,0 days 00:00:59.422346,6,7,18,19,28,67,122,10,36,COMPLETE
626,27553.064996175413,2025-08-06 13:56:31.543155,2025-08-06 13:57:27.901458,0 days 00:00:56.358303,9,7,11,15,29,67,184,27,36,COMPLETE
627,58115.360843781,2025-08-06 13:57:09.960979,2025-08-06 13:58:10.379444,0 days 00:01:00.418465,9,5,16,18,29,67,123,10,35,COMPLETE
628,63566.956418886024,2025-08-06 13:57:19.983032,2025-08-06 13:58:20.001976,0 days 00:01:00.018944,5,7,19,18,28,67,209,28,40,COMPLETE
629,112860.18656318463,2025-08-06 13:57:21.126593,2025-08-06 13:58:20.136938,0 days 00:00:59.010345,5,7,17,18,28,67,121,28,36,COMPLETE
630,50177.99549426546,2025-08-06 13:57:27.908032,2025-08-06 13:58:26.957017,0 days 00:00:59.048985,5,7,18,21,28,69,223,21,38,COMPLETE
631,73188.86572500445,2025-08-06 13:58:10.401018,2025-08-06 13:59:12.858605,0 days 00:01:02.457587,5,7,17,17,28,69,120,21,38,COMPLETE
632,98798.43354011052,2025-08-06 13:58:20.052347,2025-08-06 13:59:19.011764,0 days 00:00:58.959417,5,7,17,17,28,69,120,20,36,COMPLETE
633,31641.220164199058,2025-08-06 13:58:20.166690,2025-08-06 13:59:21.555028,0 days 00:01:01.388338,5,7,18,23,28,60,116,20,38,COMPLETE
634,77551.22978582139,2025-08-06 13:58:26.979343,2025-08-06 13:59:28.921811,0 days 00:01:01.942468,7,7,18,17,29,60,117,15,36,COMPLETE
635,114562.33666250786,2025-08-06 13:59:12.880437,2025-08-06 14:00:15.463897,0 days 00:01:02.583460,7,7,18,20,29,68,137,15,36,COMPLETE
636,113668.2585390478,2025-08-06 13:59:19.018010,2025-08-06 14:00:18.274191,0 days 00:00:59.256181,8,7,19,20,29,68,116,15,37,COMPLETE
637,20108.496576593887,2025-08-06 13:59:21.575655,2025-08-06 14:00:22.178482,0 days 00:01:00.602827,8,7,19,20,29,61,131,10,37,COMPLETE
638,42972.00679212304,2025-08-06 13:59:28.950258,2025-08-06 14:00:28.731767,0 days 00:00:59.781509,8,6,18,21,29,65,137,10,37,COMPLETE
639,17675.851948124742,2025-08-06 14:00:15.465163,2025-08-06 14:01:14.698648,0 days 00:00:59.233485,33,6,19,21,29,68,131,10,33,COMPLETE
640,89553.44251072805,2025-08-06 14:00:18.320838,2025-08-06 14:01:15.987007,0 days 00:00:57.666169,9,6,18,21,29,70,130,15,32,COMPLETE
641,218552.53200294363,2025-08-06 14:00:22.181840,2025-08-06 14:01:23.898538,0 days 00:01:01.716698,9,6,18,16,29,70,86,10,33,COMPLETE
642,31335.590839359626,2025-08-06 14:00:28.756609,2025-08-06 14:01:28.412689,0 days 00:00:59.656080,6,6,16,16,27,70,127,252,33,COMPLETE
643,89.57720634667893,2025-08-06 14:01:14.774904,2025-08-06 14:02:14.463444,0 days 00:00:59.688540,6,14,18,19,6,70,128,16,35,COMPLETE
644,139925.81944100675,2025-08-06 14:01:15.993752,2025-08-06 14:02:13.403977,0 days 00:00:57.410225,6,7,18,19,28,70,126,21,35,COMPLETE
645,186985.69034085353,2025-08-06 14:01:23.905018,2025-08-06 14:02:26.967488,0 days 00:01:03.062470,6,7,20,19,28,69,148,18,31,COMPLETE
646,126844.02409138142,2025-08-06 14:01:28.424481,2025-08-06 14:02:31.541744,0 days 00:01:03.117263,7,7,20,19,28,69,124,21,35,COMPLETE
647,198.97148104789463,2025-08-06 14:02:13.415687,2025-08-06 14:03:12.932023,0 days 00:00:59.516336,65,7,20,19,28,69,122,16,31,COMPLETE
648,67206.37858576766,2025-08-06 14:02:14.476987,2025-08-06 14:03:14.842774,0 days 00:01:00.365787,7,7,11,18,28,69,149,24,31,COMPLETE
649,453.39775729531544,2025-08-06 14:02:26.973989,2025-08-06 14:03:25.479439,0 days 00:00:58.505450,40,7,11,18,28,68,122,24,34,COMPLETE
650,96957.34108876466,2025-08-06 14:02:31.570992,2025-08-06 14:03:30.213179,0 days 00:00:58.642187,5,7,11,20,30,66,122,35,34,COMPLETE
651,469550.1251469997,2025-08-06 14:03:12.954025,2025-08-06 14:04:12.402577,0 days 00:00:59.448552,5,7,11,18,29,66,133,10,34,COMPLETE
652,560077.5837741742,2025-08-06 14:03:14.876655,2025-08-06 14:04:17.054918,0 days 00:01:02.178263,5,6,11,18,29,68,134,10,34,COMPLETE
653,466688.1943464101,2025-08-06 14:03:25.554262,2025-08-06 14:04:25.822738,0 days 00:01:00.268476,5,5,11,28,30,67,132,10,32,COMPLETE
654,81431.1857682463,2025-08-06 14:03:30.267536,2025-08-06 14:04:29.505049,0 days 00:00:59.237513,11,6,16,18,29,68,135,10,36,COMPLETE
655,50598.599376327795,2025-08-06 14:04:12.403613,2025-08-06 14:05:10.408254,0 days 00:00:58.004641,8,6,11,15,29,67,136,15,32,COMPLETE
656,111546.44149196043,2025-08-06 14:04:17.089466,2025-08-06 14:05:14.846485,0 days 00:00:57.757019,8,5,11,17,29,68,138,15,33,COMPLETE
657,1207.4501558101906,2025-08-06 14:04:25.860803,2025-08-06 14:05:24.328862,0 days 00:00:58.468059,8,6,11,18,29,53,140,15,33,COMPLETE
658,79514.28369099765,2025-08-06 14:04:29.547324,2025-08-06 14:05:28.039146,0 days 00:00:58.491822,8,5,11,24,30,68,138,16,33,COMPLETE
659,96575.0583301458,2025-08-06 14:05:10.457196,2025-08-06 14:06:07.709836,0 days 00:00:57.252640,7,6,11,17,30,69,143,16,33,COMPLETE
660,75271.48114003422,2025-08-06 14:05:14.878356,2025-08-06 14:06:10.932321,0 days 00:00:56.053965,5,6,11,16,30,69,141,20,33,COMPLETE
661,7456.0934772530145,2025-08-06 14:05:24.359870,2025-08-06 14:06:26.214235,0 days 00:01:01.854365,5,6,11,17,30,69,129,168,32,COMPLETE
662,41045.52660740084,2025-08-06 14:05:28.087106,2025-08-06 14:06:29.272135,0 days 00:01:01.185029,5,6,7,17,30,69,129,29,34,COMPLETE
663,93183.0573210176,2025-08-06 14:06:07.727104,2025-08-06 14:07:03.926451,0 days 00:00:56.199347,5,6,11,22,29,70,128,24,32,COMPLETE
664,44745.95480416902,2025-08-06 14:06:10.991033,2025-08-06 14:07:08.121301,0 days 00:00:57.130268,5,6,15,17,29,70,129,29,34,COMPLETE
665,17562.172369918055,2025-08-06 14:06:26.258255,2025-08-06 14:07:26.401175,0 days 00:01:00.142920,10,8,11,20,29,70,133,29,34,COMPLETE
666,22447.62799499904,2025-08-06 14:06:29.278691,2025-08-06 14:07:28.437283,0 days 00:00:59.158592,10,6,15,32,29,70,133,21,31,COMPLETE
667,34027.00379410036,2025-08-06 14:07:03.981061,2025-08-06 14:08:02.078866,0 days 00:00:58.097805,10,6,15,16,29,70,133,10,31,COMPLETE
668,154217.82751154323,2025-08-06 14:07:08.156437,2025-08-06 14:08:07.039272,0 days 00:00:58.882835,7,6,11,20,29,68,134,20,28,COMPLETE
669,127666.68358661544,2025-08-06 14:07:26.464924,2025-08-06 14:08:24.319175,0 days 00:00:57.854251,7,6,11,16,29,68,134,22,28,COMPLETE
670,612018.5705281985,2025-08-06 14:07:28.438512,2025-08-06 14:08:27.292432,0 days 00:00:58.853920,7,8,11,16,30,68,125,10,28,COMPLETE
671,268186.0091035195,2025-08-06 14:08:02.106106,2025-08-06 14:08:57.218290,0 days 00:00:55.112184,7,5,11,20,30,68,125,15,28,COMPLETE
672,332489.9710132626,2025-08-06 14:08:07.045975,2025-08-06 14:09:02.672758,0 days 00:00:55.626783,7,5,11,18,30,68,127,15,29,COMPLETE
673,313016.2396652347,2025-08-06 14:08:24.355317,2025-08-06 14:09:24.034563,0 days 00:00:59.679246,7,8,12,18,30,68,126,15,29,COMPLETE
674,119080.26418918921,2025-08-06 14:08:27.309401,2025-08-06 14:09:28.709414,0 days 00:01:01.400013,9,8,10,41,30,69,117,15,29,COMPLETE
675,124499.8393854925,2025-08-06 14:08:57.245105,2025-08-06 14:09:57.556430,0 days 00:01:00.311325,9,8,10,15,30,69,116,15,29,COMPLETE
676,230495.93108055607,2025-08-06 14:09:02.717505,2025-08-06 14:10:04.079433,0 days 00:01:01.361928,9,8,10,41,30,69,118,10,29,COMPLETE
677,213399.1033992501,2025-08-06 14:09:24.083262,2025-08-06 14:10:23.863628,0 days 00:00:59.780366,9,8,10,15,30,69,115,10,28,COMPLETE
678,137615.19559561877,2025-08-06 14:09:28.752889,2025-08-06 14:10:28.129229,0 days 00:00:59.376340,9,8,5,41,30,69,109,10,28,COMPLETE
679,14767.238043546713,2025-08-06 14:09:57.585688,2025-08-06 14:10:53.929182,0 days 00:00:56.343494,9,8,5,40,13,70,111,10,26,COMPLETE
680,33666.763859207436,2025-08-06 14:10:04.098228,2025-08-06 14:11:01.086651,0 days 00:00:56.988423,11,8,16,16,30,70,110,20,28,COMPLETE
681,8516.4021995642,2025-08-06 14:10:23.920608,2025-08-06 14:11:21.470010,0 days 00:00:57.549402,7,8,5,40,13,70,122,20,26,COMPLETE
682,82666.82277110471,2025-08-06 14:10:28.141066,2025-08-06 14:11:24.735615,0 days 00:00:56.594549,7,8,7,16,30,70,121,21,27,COMPLETE
683,67068.9115283722,2025-08-06 14:10:54.015618,2025-08-06 14:11:48.344949,0 days 00:00:54.329331,7,8,16,15,30,67,123,20,27,COMPLETE
684,-91.72070878504147,2025-08-06 14:11:01.114445,2025-08-06 14:11:55.337342,0 days 00:00:54.222897,7,7,12,16,29,49,121,23,30,COMPLETE
685,68012.1569238831,2025-08-06 14:11:21.497582,2025-08-06 14:12:18.205142,0 days 00:00:56.707560,6,7,8,23,29,67,124,120,30,COMPLETE
686,-inf,2025-08-06 14:11:24.780852,2025-08-06 14:11:30.325360,0 days 00:00:05.544508,6,17,12,15,29,67,125,24,31,COMPLETE
687,4024.6685065651227,2025-08-06 14:11:30.352824,2025-08-06 14:12:30.744490,0 days 00:01:00.391666,6,7,12,42,7,67,125,16,30,COMPLETE
688,3125.339833040435,2025-08-06 14:11:48.399272,2025-08-06 14:12:45.802990,0 days 00:00:57.403718,57,7,12,21,27,69,119,16,30,COMPLETE
689,27937.331687512684,2025-08-06 14:11:55.344040,2025-08-06 14:12:54.493911,0 days 00:00:59.149871,5,7,12,42,27,68,126,154,30,COMPLETE
690,-inf,2025-08-06 14:12:18.228660,2025-08-06 14:13:18.257641,0 days 00:01:00.028981,25,7,12,42,27,51,105,35,29,COMPLETE
691,283820.6481895139,2025-08-06 14:12:30.766939,2025-08-06 14:13:29.380126,0 days 00:00:58.613187,5,7,11,41,27,69,118,15,24,COMPLETE
692,233523.17062080465,2025-08-06 14:12:45.944456,2025-08-06 14:13:43.433168,0 days 00:00:57.488712,5,8,11,41,28,66,129,10,28,COMPLETE
693,195876.46465166277,2025-08-06 14:12:54.500415,2025-08-06 14:13:54.185452,0 days 00:00:59.685037,5,8,11,22,28,66,102,34,24,COMPLETE
694,9008.582911339394,2025-08-06 14:13:18.290362,2025-08-06 14:14:10.924286,0 days 00:00:52.633924,11,8,11,40,28,64,129,10,9,COMPLETE
695,32190.593559184537,2025-08-06 14:13:29.407219,2025-08-06 14:14:23.612573,0 days 00:00:54.205354,11,15,9,40,28,66,130,10,26,COMPLETE
696,29326.686312678674,2025-08-06 14:13:43.509060,2025-08-06 14:14:40.180605,0 days 00:00:56.671545,8,8,13,40,30,70,130,25,27,COMPLETE
697,31462.226520537904,2025-08-06 14:13:54.213736,2025-08-06 14:14:52.987122,0 days 00:00:58.773386,8,8,13,40,29,68,129,25,26,COMPLETE
698,37860.681088452395,2025-08-06 14:14:10.999045,2025-08-06 14:15:08.380577,0 days 00:00:57.381532,8,14,13,40,29,68,115,27,26,COMPLETE
699,52440.16142197291,2025-08-06 14:14:23.650888,2025-08-06 14:15:19.351994,0 days 00:00:55.701106,8,8,13,39,30,68,114,25,31,COMPLETE
700,7189.488300432836,2025-08-06 14:14:40.202658,2025-08-06 14:15:39.984392,0 days 00:00:59.781734,8,7,12,39,29,69,114,142,31,COMPLETE
701,287370.26913657633,2025-08-06 14:14:53.055195,2025-08-06 14:15:51.316839,0 days 00:00:58.261644,7,7,12,39,29,69,115,16,32,COMPLETE
702,166080.23011036534,2025-08-06 14:15:08.434840,2025-08-06 14:16:04.372174,0 days 00:00:55.937334,7,7,12,39,30,69,120,16,31,COMPLETE
703,15343.708734385978,2025-08-06 14:15:19.369664,2025-08-06 14:16:15.890218,0 days 00:00:56.520554,18,7,15,17,29,69,120,16,28,COMPLETE
704,193644.29037223654,2025-08-06 14:15:40.012033,2025-08-06 14:16:34.497731,0 days 00:00:54.485698,6,7,15,17,30,70,120,16,28,COMPLETE
705,22517.051226015898,2025-08-06 14:15:51.338919,2025-08-06 14:16:48.929277,0 days 00:00:57.590358,6,9,11,43,30,70,120,276,12,COMPLETE
706,352846.05845601304,2025-08-06 14:16:04.383792,2025-08-06 14:17:01.659983,0 days 00:00:57.276191,6,9,15,17,30,70,125,19,29,COMPLETE
707,333630.55894830293,2025-08-06 14:16:15.896920,2025-08-06 14:17:18.766333,0 days 00:01:02.869413,6,9,11,43,30,70,125,19,29,COMPLETE
708,204439.65852609093,2025-08-06 14:16:34.560451,2025-08-06 14:17:33.775863,0 days 00:00:59.215412,5,9,11,26,30,70,125,19,29,COMPLETE
709,177424.85864114514,2025-08-06 14:16:48.951749,2025-08-06 14:17:46.243733,0 days 00:00:57.291984,5,8,11,34,29,68,126,19,29,COMPLETE
710,8706.177759069169,2025-08-06 14:17:01.707713,2025-08-06 14:18:09.310291,0 days 00:01:07.602578,5,8,11,21,15,68,126,207,25,COMPLETE
711,48531.514164364446,2025-08-06 14:17:18.786506,2025-08-06 14:18:17.688222,0 days 00:00:58.901716,5,8,11,21,29,67,126,73,35,COMPLETE
712,8658.831940308848,2025-08-06 14:17:33.862985,2025-08-06 14:18:35.261864,0 days 00:01:01.398879,10,8,14,19,22,67,131,10,27,COMPLETE
713,54964.87015295326,2025-08-06 14:17:46.255899,2025-08-06 14:18:45.619106,0 days 00:00:59.363207,10,8,12,21,29,67,137,10,27,COMPLETE
714,43826.45548943748,2025-08-06 14:18:09.332578,2025-08-06 14:19:05.363916,0 days 00:00:56.031338,10,7,14,41,28,67,136,10,27,COMPLETE
715,39943.11500138629,2025-08-06 14:18:17.694931,2025-08-06 14:19:12.818523,0 days 00:00:55.123592,10,7,14,19,28,65,137,10,32,COMPLETE
716,39251.33784669095,2025-08-06 14:18:35.278941,2025-08-06 14:19:32.430696,0 days 00:00:57.151755,9,7,12,42,28,65,137,10,32,COMPLETE
717,-inf,2025-08-06 14:18:45.625717,2025-08-06 14:19:43.728627,0 days 00:00:58.102910,7,7,12,41,28,47,133,10,32,COMPLETE
718,67458.42729836226,2025-08-06 14:19:05.454188,2025-08-06 14:20:03.483340,0 days 00:00:58.029152,7,7,12,35,28,65,131,16,32,COMPLETE
719,8946.632797402766,2025-08-06 14:19:12.819909,2025-08-06 14:20:07.906879,0 days 00:00:55.086970,7,7,12,41,29,69,131,108,36,COMPLETE
720,125177.98863583313,2025-08-06 14:19:32.463945,2025-08-06 14:20:27.355559,0 days 00:00:54.891614,7,7,16,16,29,69,131,19,36,COMPLETE
721,194403.5143942515,2025-08-06 14:19:43.736026,2025-08-06 14:20:43.108325,0 days 00:00:59.372299,7,8,16,16,29,69,122,16,36,COMPLETE
722,61668.00002644224,2025-08-06 14:20:03.495243,2025-08-06 14:20:59.883944,0 days 00:00:56.388701,7,8,13,16,29,69,122,29,36,COMPLETE
723,41248.22492331316,2025-08-06 14:20:07.944693,2025-08-06 14:21:07.089022,0 days 00:00:59.144329,8,8,10,16,29,69,108,29,30,COMPLETE
724,35720.599014193715,2025-08-06 14:20:27.373017,2025-08-06 14:21:24.028029,0 days 00:00:56.655012,12,8,10,37,30,68,122,15,30,COMPLETE
725,137493.33943741478,2025-08-06 14:20:43.114790,2025-08-06 14:21:40.205862,0 days 00:00:57.091072,5,8,10,38,30,68,119,29,30,COMPLETE
726,-inf,2025-08-06 14:20:59.890304,2025-08-06 14:21:58.303612,0 days 00:00:58.413308,5,8,10,37,30,41,107,24,30,COMPLETE
727,289786.26910991967,2025-08-06 14:21:07.095434,2025-08-06 14:22:03.703367,0 days 00:00:56.607933,5,8,11,20,30,68,118,15,23,COMPLETE
728,172530.89797152174,2025-08-06 14:21:24.081749,2025-08-06 14:22:19.977298,0 days 00:00:55.895549,5,6,11,38,30,70,118,23,23,COMPLETE
729,130186.01896110349,2025-08-06 14:21:40.228045,2025-08-06 14:22:36.377805,0 days 00:00:56.149760,5,6,6,42,30,70,116,22,28,COMPLETE
730,124499.8393854925,2025-08-06 14:21:58.315825,2025-08-06 14:22:55.059678,0 days 00:00:56.743853,9,7,11,20,30,70,116,15,28,COMPLETE
731,31386.488267399003,2025-08-06 14:22:03.725516,2025-08-06 14:23:00.960940,0 days 00:00:57.235424,9,7,11,42,29,70,128,21,37,COMPLETE
732,82143.41515921516,2025-08-06 14:22:20.087696,2025-08-06 14:23:16.645315,0 days 00:00:56.557619,8,7,12,40,29,70,126,15,28,COMPLETE
733,2088.108907931479,2025-08-06 14:22:36.400529,2025-08-06 14:23:38.407975,0 days 00:01:02.007446,70,7,12,19,29,68,127,15,31,COMPLETE
734,116441.8939840163,2025-08-06 14:22:55.135165,2025-08-06 14:23:52.537817,0 days 00:00:57.402652,8,7,12,15,26,68,127,10,25,COMPLETE
735,267249.74350833136,2025-08-06 14:23:00.987822,2025-08-06 14:23:57.804755,0 days 00:00:56.816933,7,9,12,40,28,68,126,15,25,COMPLETE
736,330.39192989196965,2025-08-06 14:23:16.699381,2025-08-06 14:24:14.132726,0 days 00:00:57.433345,71,9,13,30,10,68,111,10,25,COMPLETE
737,150520.9830973681,2025-08-06 14:23:38.440524,2025-08-06 14:24:36.882719,0 days 00:00:58.442195,7,9,13,30,28,69,112,15,35,COMPLETE
738,153379.7626522446,2025-08-06 14:23:52.565030,2025-08-06 14:24:51.246675,0 days 00:00:58.681645,6,9,13,30,28,69,112,10,39,COMPLETE
739,13820.58521926009,2025-08-06 14:23:57.822164,2025-08-06 14:24:55.179109,0 days 00:00:57.356945,28,8,13,43,28,69,112,10,35,COMPLETE
740,122862.7421070153,2025-08-06 14:24:14.221375,2025-08-06 14:25:12.920176,0 days 00:00:58.698801,6,8,5,41,27,69,122,20,35,COMPLETE
741,117169.3553594023,2025-08-06 14:24:36.889477,2025-08-06 14:25:34.771756,0 days 00:00:57.882279,6,16,11,39,27,69,123,20,31,COMPLETE
742,12228.065693888631,2025-08-06 14:24:51.263879,2025-08-06 14:25:48.783838,0 days 00:00:57.519959,29,8,5,41,27,66,77,20,38,COMPLETE
743,-inf,2025-08-06 14:24:55.212765,2025-08-06 14:25:53.417521,0 days 00:00:58.204756,16,8,11,39,27,38,122,20,31,COMPLETE
744,55846.85485704623,2025-08-06 14:25:12.963434,2025-08-06 14:26:10.461727,0 days 00:00:57.498293,5,6,11,50,29,66,131,20,31,COMPLETE
745,3482.8257743866106,2025-08-06 14:25:34.818490,2025-08-06 14:26:34.708318,0 days 00:00:59.889828,5,6,11,36,9,66,132,24,29,COMPLETE
746,133105.12951027887,2025-08-06 14:25:48.888496,2025-08-06 14:26:45.372663,0 days 00:00:56.484167,5,6,11,18,29,67,131,15,29,COMPLETE
747,89801.1601621144,2025-08-06 14:25:53.435689,2025-08-06 14:26:51.106940,0 days 00:00:57.671251,5,6,14,18,29,67,145,15,29,COMPLETE
748,82198.23528077916,2025-08-06 14:26:10.489035,2025-08-06 14:27:07.344173,0 days 00:00:56.855138,9,6,12,18,30,67,134,10,29,COMPLETE
749,35759.66175479419,2025-08-06 14:26:34.780423,2025-08-06 14:27:33.131182,0 days 00:00:58.350759,9,7,14,18,29,67,141,10,26,COMPLETE
750,241139.91278694052,2025-08-06 14:26:45.405768,2025-08-06 14:27:43.906409,0 days 00:00:58.500641,9,5,15,19,30,67,118,10,33,COMPLETE
751,13464.618848816162,2025-08-06 14:26:51.144939,2025-08-06 14:27:49.880451,0 days 00:00:58.735512,8,5,12,22,30,70,118,41,27,COMPLETE
752,81393.71674828226,2025-08-06 14:27:07.377815,2025-08-06 14:28:06.247021,0 days 00:00:58.869206,8,5,15,22,30,70,118,15,33,COMPLETE
753,-inf,2025-08-06 14:27:33.153016,2025-08-06 14:28:32.817092,0 days 00:00:59.664076,7,5,12,20,30,45,118,26,33,COMPLETE
754,281518.88735569397,2025-08-06 14:27:43.922665,2025-08-06 14:28:41.496813,0 days 00:00:57.574148,7,7,12,20,28,70,124,15,27,COMPLETE
755,71124.44697971987,2025-08-06 14:27:49.899137,2025-08-06 14:28:44.954014,0 days 00:00:55.054877,7,7,17,40,29,70,125,27,37,COMPLETE
756,68890.67957457509,2025-08-06 14:28:06.295100,2025-08-06 14:29:05.977942,0 days 00:00:59.682842,7,7,12,40,29,68,124,33,37,COMPLETE
757,36793.7798104759,2025-08-06 14:28:32.841403,2025-08-06 14:29:35.830923,0 days 00:01:02.989520,7,7,12,40,18,68,125,15,27,COMPLETE
758,34348.97051402158,2025-08-06 14:28:41.513685,2025-08-06 14:29:42.732527,0 days 00:01:01.218842,12,8,11,38,29,68,128,32,37,COMPLETE
759,780631.6520192908,2025-08-06 14:28:44.965738,2025-08-06 14:29:47.509391,0 days 00:01:02.543653,6,8,11,38,29,69,128,10,28,COMPLETE
760,14163.48262758011,2025-08-06 14:29:06.170159,2025-08-06 14:30:12.880896,0 days 00:01:06.710737,11,8,9,38,28,69,130,48,28,COMPLETE
761,5952.471794663192,2025-08-06 14:29:35.913435,2025-08-06 14:30:46.830149,0 days 00:01:10.916714,67,8,9,42,28,69,129,10,28,COMPLETE
762,773233.4283471686,2025-08-06 14:29:42.816772,2025-08-06 14:30:55.128534,0 days 00:01:12.311762,6,8,10,41,28,69,135,10,30,COMPLETE
763,46104.257860005724,2025-08-06 14:29:47.539304,2025-08-06 14:30:57.225524,0 days 00:01:09.686220,11,8,13,37,28,69,136,20,28,COMPLETE
764,138601.19007704334,2025-08-06 14:30:12.932029,2025-08-06 14:31:09.082476,0 days 00:00:56.150447,6,8,13,37,30,69,138,19,28,COMPLETE
765,26377.07925736004,2025-08-06 14:30:46.852192,2025-08-06 14:31:47.590475,0 days 00:01:00.738283,9,8,13,37,30,69,136,20,26,COMPLETE
766,25466.204894150556,2025-08-06 14:30:55.191837,2025-08-06 14:31:53.336261,0 days 00:00:58.144424,9,7,10,41,29,68,136,19,26,COMPLETE
767,22277.17868255642,2025-08-06 14:30:57.265775,2025-08-06 14:31:52.641594,0 days 00:00:55.375819,9,8,11,41,29,68,140,19,26,COMPLETE
768,36634.93254239944,2025-08-06 14:31:09.104536,2025-08-06 14:32:01.174892,0 days 00:00:52.070356,9,7,10,41,29,68,141,15,26,COMPLETE
769,198358.3896809401,2025-08-06 14:31:47.638140,2025-08-06 14:32:38.564977,0 days 00:00:50.926837,6,7,10,41,29,68,140,15,30,COMPLETE
770,330738.1729167116,2025-08-06 14:31:52.663790,2025-08-06 14:32:45.571672,0 days 00:00:52.907882,6,7,10,41,29,67,134,15,30,COMPLETE
771,654278.5055470327,2025-08-06 14:31:53.354471,2025-08-06 14:32:47.263549,0 days 00:00:53.909078,6,7,10,39,28,67,133,10,30,COMPLETE
772,103367.7582047741,2025-08-06 14:32:01.181533,2025-08-06 14:32:55.696592,0 days 00:00:54.515059,6,7,7,39,28,67,133,25,30,COMPLETE
773,113859.1621720109,2025-08-06 14:32:38.603305,2025-08-06 14:33:33.081115,0 days 00:00:54.477810,6,6,11,42,28,67,134,25,29,COMPLETE
774,70359.22477850724,2025-08-06 14:32:45.588391,2025-08-06 14:33:39.669901,0 days 00:00:54.081510,5,6,11,43,28,66,193,10,27,COMPLETE
775,23048.383075760063,2025-08-06 14:32:47.288852,2025-08-06 14:33:40.976838,0 days 00:00:53.687986,5,7,10,39,28,67,148,25,29,COMPLETE
776,26362.778436301338,2025-08-06 14:32:55.745254,2025-08-06 14:33:51.978292,0 days 00:00:56.233038,14,7,9,39,28,70,143,24,29,COMPLETE
777,162025.29096391422,2025-08-06 14:33:33.087790,2025-08-06 14:34:29.646506,0 days 00:00:56.558716,8,7,9,39,28,69,131,10,29,COMPLETE
778,2336.5029894896566,2025-08-06 14:33:39.730154,2025-08-06 14:34:33.690981,0 days 00:00:53.960827,51,7,9,39,28,70,144,14,29,COMPLETE
779,30715.5136813267,2025-08-06 14:33:41.000647,2025-08-06 14:34:34.231788,0 days 00:00:53.231141,8,14,9,39,28,69,146,15,30,COMPLETE
780,167383.76694788082,2025-08-06 14:33:51.999846,2025-08-06 14:34:46.126652,0 days 00:00:54.126806,8,8,8,39,28,69,131,10,30,COMPLETE
781,11777.369045096928,2025-08-06 14:34:29.652951,2025-08-06 14:35:25.977495,0 days 00:00:56.324544,8,8,10,40,28,62,138,15,30,COMPLETE
782,221617.86643137017,2025-08-06 14:34:33.708102,2025-08-06 14:35:28.246897,0 days 00:00:54.538795,7,8,10,38,27,68,138,10,30,COMPLETE
783,222909.18732246096,2025-08-06 14:34:34.279567,2025-08-06 14:35:27.582391,0 days 00:00:53.302824,7,8,8,40,27,68,138,10,31,COMPLETE
784,162420.47730033452,2025-08-06 14:34:46.137882,2025-08-06 14:35:40.273313,0 days 00:00:54.135431,7,9,10,38,29,68,138,16,31,COMPLETE
785,37497.667540648465,2025-08-06 14:35:25.989351,2025-08-06 14:36:19.405245,0 days 00:00:53.415894,7,9,10,38,29,68,134,59,31,COMPLETE
786,3486.4836236798133,2025-08-06 14:35:27.604475,2025-08-06 14:36:23.840271,0 days 00:00:56.235796,5,9,10,38,29,58,133,60,28,COMPLETE
787,50990.78461726409,2025-08-06 14:35:28.248332,2025-08-06 14:36:24.056102,0 days 00:00:55.807770,5,9,11,42,29,66,133,20,28,COMPLETE
788,45697.8917735938,2025-08-06 14:35:40.290232,2025-08-06 14:36:33.376375,0 days 00:00:53.086143,5,9,11,40,29,66,130,21,27,COMPLETE
789,43818.383753977505,2025-08-06 14:36:19.412130,2025-08-06 14:37:14.210800,0 days 00:00:54.798670,5,7,11,40,29,66,130,21,28,COMPLETE
790,11555.594595522804,2025-08-06 14:36:23.862427,2025-08-06 14:37:17.900706,0 days 00:00:54.038279,11,7,11,40,29,70,130,20,28,COMPLETE
791,16947.714392009686,2025-08-06 14:36:24.073749,2025-08-06 14:37:18.963927,0 days 00:00:54.890178,10,7,11,40,28,70,128,20,27,COMPLETE
792,20896.15658435976,2025-08-06 14:36:33.482622,2025-08-06 14:37:25.430707,0 days 00:00:51.948085,10,7,11,40,28,70,128,16,27,COMPLETE
793,28536.97378640003,2025-08-06 14:37:14.259138,2025-08-06 14:38:11.232847,0 days 00:00:56.973709,10,7,12,40,28,70,128,15,27,COMPLETE
794,272217.9565481123,2025-08-06 14:37:17.912810,2025-08-06 14:38:12.222096,0 days 00:00:54.309286,7,8,12,42,28,69,127,15,27,COMPLETE
795,550981.3005291085,2025-08-06 14:37:18.990845,2025-08-06 14:38:13.445440,0 days 00:00:54.454595,7,8,12,41,28,69,127,10,24,COMPLETE
796,2134.9827642499486,2025-08-06 14:37:25.466147,2025-08-06 14:38:17.897806,0 days 00:00:52.431659,7,8,12,43,29,55,127,31,29,COMPLETE
797,82905.8084825974,2025-08-06 14:38:11.280773,2025-08-06 14:39:05.944930,0 days 00:00:54.664157,7,8,12,42,30,69,126,29,31,COMPLETE
798,76958.663494364,2025-08-06 14:38:12.244050,2025-08-06 14:39:06.652494,0 days 00:00:54.408444,6,8,12,41,29,69,123,27,24,COMPLETE
799,24675.10076646414,2025-08-06 14:38:13.475105,2025-08-06 14:39:08.076693,0 days 00:00:54.601588,5,13,12,43,29,68,135,29,30,COMPLETE
800,442292.1638220128,2025-08-06 14:38:17.898881,2025-08-06 14:39:11.806350,0 days 00:00:53.907469,5,8,6,41,30,69,134,10,31,COMPLETE
801,4272.609658315795,2025-08-06 14:39:06.004148,2025-08-06 14:40:02.138980,0 days 00:00:56.134832,6,7,11,41,29,65,135,176,30,COMPLETE
802,26296.11676918738,2025-08-06 14:39:06.680750,2025-08-06 14:40:02.038576,0 days 00:00:55.357826,5,13,11,39,30,68,135,85,30,COMPLETE
803,77008.84260998554,2025-08-06 14:39:08.078422,2025-08-06 14:40:04.476225,0 days 00:00:56.397803,9,7,11,39,30,68,134,10,31,COMPLETE
804,94354.24752107207,2025-08-06 14:39:11.808446,2025-08-06 14:40:06.343661,0 days 00:00:54.535215,8,7,11,39,27,67,122,10,32,COMPLETE
805,28184.335362371155,2025-08-06 14:40:02.086796,2025-08-06 14:40:56.015141,0 days 00:00:53.928345,9,7,11,39,27,67,123,15,32,COMPLETE
806,63631.96914889205,2025-08-06 14:40:02.145510,2025-08-06 14:40:56.458324,0 days 00:00:54.312814,9,7,11,39,27,67,122,10,32,COMPLETE
807,30501.097282173938,2025-08-06 14:40:04.482851,2025-08-06 14:40:58.608303,0 days 00:00:54.125452,8,7,10,38,27,67,122,17,32,COMPLETE
808,1633.398606275163,2025-08-06 14:40:06.344798,2025-08-06 14:40:59.756225,0 days 00:00:53.411427,55,8,10,42,29,59,124,16,29,COMPLETE
809,2609.7211833857987,2025-08-06 14:40:56.072014,2025-08-06 14:41:56.237014,0 days 00:01:00.165000,55,8,12,42,29,70,129,16,25,COMPLETE
810,-inf,2025-08-06 14:40:56.461536,2025-08-06 14:41:54.588444,0 days 00:00:58.126908,7,8,5,42,29,36,141,19,29,COMPLETE
811,111332.06820329017,2025-08-06 14:40:58.630549,2025-08-06 14:41:55.875266,0 days 00:00:57.244717,6,8,5,42,29,70,130,23,29,COMPLETE
812,16278.173635745032,2025-08-06 14:40:59.758841,2025-08-06 14:41:56.596160,0 days 00:00:56.837319,13,8,5,15,28,70,130,24,28,COMPLETE
813,42312.52400215285,2025-08-06 14:41:54.754452,2025-08-06 14:42:54.362261,0 days 00:00:59.607809,5,8,12,15,28,70,130,24,25,COMPLETE
814,1332.9302382385426,2025-08-06 14:41:55.940643,2025-08-06 14:42:53.893643,0 days 00:00:57.953000,41,8,12,40,28,63,131,245,26,COMPLETE
815,-871.8141450768459,2025-08-06 14:41:56.243997,2025-08-06 14:42:56.037180,0 days 00:00:59.793183,36,7,12,40,28,69,131,24,26,COMPLETE
816,854657.1026223961,2025-08-06 14:41:56.597462,2025-08-06 14:42:56.413919,0 days 00:00:59.816457,5,7,12,44,30,69,126,10,26,COMPLETE
817,-inf,2025-08-06 14:42:54.013392,2025-08-06 14:43:52.885876,0 days 00:00:58.872484,5,7,12,28,30,33,126,10,28,COMPLETE
818,230344.76428019794,2025-08-06 14:42:54.411200,2025-08-06 14:43:54.324224,0 days 00:00:59.913024,5,7,11,28,30,69,241,10,49,COMPLETE
819,184755.78234458013,2025-08-06 14:42:56.063885,2025-08-06 14:43:54.835085,0 days 00:00:58.771200,5,7,15,38,17,68,125,10,30,COMPLETE
820,-inf,2025-08-06 14:42:56.415907,2025-08-06 14:43:53.985072,0 days 00:00:57.569165,5,7,13,41,30,43,121,15,25,COMPLETE
821,42.81715280988659,2025-08-06 14:43:52.995609,2025-08-06 14:44:51.889974,0 days 00:00:58.894365,31,7,13,44,29,69,121,16,25,COMPLETE
822,30292.833363710837,2025-08-06 14:43:54.054786,2025-08-06 14:44:52.500319,0 days 00:00:58.445533,5,7,12,44,29,69,124,261,26,COMPLETE
823,158307.88087761644,2025-08-06 14:43:54.336156,2025-08-06 14:44:52.830399,0 days 00:00:58.494243,6,7,12,44,29,69,139,16,26,COMPLETE
824,143042.39563371945,2025-08-06 14:43:54.837509,2025-08-06 14:44:52.677349,0 days 00:00:57.839840,7,7,12,45,29,69,139,19,26,COMPLETE
825,2256.2798904920783,2025-08-06 14:44:52.015246,2025-08-06 14:45:51.238660,0 days 00:00:59.223414,7,7,12,44,29,70,175,264,26,COMPLETE
826,7664.561377888003,2025-08-06 14:44:52.532807,2025-08-06 14:45:50.652146,0 days 00:00:58.119339,7,8,12,46,12,70,138,19,27,COMPLETE
827,239011.43431474027,2025-08-06 14:44:52.719316,2025-08-06 14:45:51.594678,0 days 00:00:58.875362,7,10,12,45,30,70,134,16,27,COMPLETE
828,145575.9378831291,2025-08-06 14:44:52.831732,2025-08-06 14:45:50.605132,0 days 00:00:57.773400,7,8,13,43,30,70,134,20,27,COMPLETE
829,86138.7951492739,2025-08-06 14:45:50.628038,2025-08-06 14:46:49.556680,0 days 00:00:58.928642,8,8,12,44,28,70,120,15,27,COMPLETE
830,17839.507031406763,2025-08-06 14:45:50.718221,2025-08-06 14:46:46.744268,0 days 00:00:56.026047,8,10,12,43,28,70,127,37,28,COMPLETE
831,416852.580447161,2025-08-06 14:45:51.255658,2025-08-06 14:46:49.003603,0 days 00:00:57.747945,5,8,13,43,28,68,120,15,24,COMPLETE
832,17015.276677061825,2025-08-06 14:45:51.596207,2025-08-06 14:46:49.129930,0 days 00:00:57.533723,5,8,13,45,28,68,127,292,28,COMPLETE
833,726352.1938621674,2025-08-06 14:46:46.884855,2025-08-06 14:47:46.192190,0 days 00:00:59.307335,5,9,13,43,28,68,119,10,28,COMPLETE
834,350924.8510668992,2025-08-06 14:46:49.068221,2025-08-06 14:47:49.298952,0 days 00:01:00.230731,5,9,13,41,29,69,155,10,28,COMPLETE
835,159402.2809200378,2025-08-06 14:46:49.141687,2025-08-06 14:47:49.286018,0 days 00:01:00.144331,6,9,12,44,30,69,144,15,29,COMPLETE
836,44879.00836541671,2025-08-06 14:46:49.560584,2025-08-06 14:47:49.321144,0 days 00:00:59.760560,6,9,12,43,21,69,124,228,29,COMPLETE
837,1998.1486567780137,2025-08-06 14:47:46.250206,2025-08-06 14:48:45.530709,0 days 00:00:59.280503,21,9,13,44,27,69,115,229,29,COMPLETE
838,178967.80239437695,2025-08-06 14:47:49.316030,2025-08-06 14:48:48.174963,0 days 00:00:58.858933,5,10,13,44,27,68,117,24,31,COMPLETE
839,161804.95581442388,2025-08-06 14:47:49.325209,2025-08-06 14:48:47.960800,0 days 00:00:58.635591,5,7,13,43,27,68,116,24,31,COMPLETE
840,164676.45425829588,2025-08-06 14:47:49.328367,2025-08-06 14:48:47.870496,0 days 00:00:58.542129,5,7,13,43,27,68,118,24,31,COMPLETE
841,113528.91657078771,2025-08-06 14:48:45.676644,2025-08-06 14:49:44.542261,0 days 00:00:58.865617,5,7,13,43,27,68,117,26,31,COMPLETE
842,172811.76188539428,2025-08-06 14:48:47.877455,2025-08-06 14:49:47.978924,0 days 00:01:00.101469,5,7,13,46,28,68,116,24,31,COMPLETE
843,726256.2793213803,2025-08-06 14:48:48.001629,2025-08-06 14:49:47.519146,0 days 00:00:59.517517,5,10,13,42,28,67,120,10,25,COMPLETE
844,548152.8855374176,2025-08-06 14:48:48.181543,2025-08-06 14:49:47.516367,0 days 00:00:59.334824,6,7,14,43,28,70,123,10,30,COMPLETE
845,1091.302149723267,2025-08-06 14:49:44.600952,2025-08-06 14:50:41.253851,0 days 00:00:56.652899,8,7,14,42,28,57,121,10,24,COMPLETE
846,24074.461282570865,2025-08-06 14:49:47.536446,2025-08-06 14:50:46.730740,0 days 00:00:59.194294,8,10,13,47,28,66,114,19,23,COMPLETE
847,31475.93586030566,2025-08-06 14:49:47.544190,2025-08-06 14:50:46.473326,0 days 00:00:58.929136,8,10,13,45,28,65,111,19,25,COMPLETE
848,17492.253431044403,2025-08-06 14:49:47.981766,2025-08-06 14:50:46.615725,0 days 00:00:58.633959,8,10,13,45,28,65,109,33,23,COMPLETE
849,15307.176796494656,2025-08-06 14:50:41.330723,2025-08-06 14:51:40.634447,0 days 00:00:59.303724,7,10,6,44,28,64,120,33,22,COMPLETE
850,240189.4529463862,2025-08-06 14:50:46.484835,2025-08-06 14:51:45.919916,0 days 00:00:59.435081,7,10,13,44,28,66,113,15,24,COMPLETE
851,256068.36840816273,2025-08-06 14:50:46.617013,2025-08-06 14:51:45.258086,0 days 00:00:58.641073,6,10,13,42,29,66,121,15,24,COMPLETE
852,140849.37381004612,2025-08-06 14:50:46.732516,2025-08-06 14:51:43.590801,0 days 00:00:56.858285,6,10,13,42,29,66,120,16,24,COMPLETE
853,134068.42152427213,2025-08-06 14:51:40.687895,2025-08-06 14:52:39.394933,0 days 00:00:58.707038,6,10,13,42,26,66,120,15,25,COMPLETE
854,30601.52469716744,2025-08-06 14:51:43.700763,2025-08-06 14:52:44.520741,0 days 00:01:00.819978,10,10,13,43,29,67,123,15,24,COMPLETE
855,734299.3534034071,2025-08-06 14:51:45.280602,2025-08-06 14:52:43.271103,0 days 00:00:57.990501,6,10,12,43,29,70,125,15,25,COMPLETE
856,37566.636401799806,2025-08-06 14:51:45.924796,2025-08-06 14:52:45.949744,0 days 00:01:00.024948,9,9,12,43,29,67,125,10,26,COMPLETE
857,45327.13428829842,2025-08-06 14:52:39.441177,2025-08-06 14:53:38.781406,0 days 00:00:59.340229,10,9,12,43,29,67,126,10,25,COMPLETE
858,26504.502957308618,2025-08-06 14:52:43.309805,2025-08-06 14:53:41.068880,0 days 00:00:57.759075,10,10,12,44,29,67,130,10,23,COMPLETE
859,50776.55362315146,2025-08-06 14:52:44.538027,2025-08-06 14:53:43.206485,0 days 00:00:58.668458,5,10,12,44,29,67,131,20,25,COMPLETE
860,62614.79483826224,2025-08-06 14:52:45.951176,2025-08-06 14:53:45.086289,0 days 00:00:59.135113,5,10,12,44,29,69,130,20,25,COMPLETE
861,60830.86708303101,2025-08-06 14:53:38.871413,2025-08-06 14:54:39.283678,0 days 00:01:00.412265,5,9,12,44,29,69,130,20,25,COMPLETE
862,60830.86708303101,2025-08-06 14:53:41.175585,2025-08-06 14:54:41.703527,0 days 00:01:00.527942,5,9,12,43,29,69,130,20,25,COMPLETE
863,75167.54278725006,2025-08-06 14:53:43.213298,2025-08-06 14:54:42.880155,0 days 00:00:59.666857,7,9,12,43,29,69,132,20,25,COMPLETE
864,193521.4018622493,2025-08-06 14:53:45.091519,2025-08-06 14:54:44.531644,0 days 00:00:59.440125,7,10,12,43,29,70,133,21,26,COMPLETE
865,909.4097403670553,2025-08-06 14:54:39.388863,2025-08-06 14:55:33.706703,0 days 00:00:54.317840,7,10,12,33,29,53,127,15,26,COMPLETE
866,72523.60448601909,2025-08-06 14:54:41.727373,2025-08-06 14:55:34.871932,0 days 00:00:53.144559,7,10,12,42,30,70,135,28,26,COMPLETE
867,-178.45541652182303,2025-08-06 14:54:42.902982,2025-08-06 14:55:38.103708,0 days 00:00:55.200726,76,10,12,42,30,53,125,28,24,COMPLETE
868,383546.0512382988,2025-08-06 14:54:44.535453,2025-08-06 14:55:39.937209,0 days 00:00:55.401756,7,11,12,42,30,70,125,10,26,COMPLETE
869,71336.61570803732,2025-08-06 14:55:33.724030,2025-08-06 14:56:28.720869,0 days 00:00:54.996839,8,11,12,42,30,70,125,10,24,COMPLETE
870,74308.81812704765,2025-08-06 14:55:34.889233,2025-08-06 14:56:30.099961,0 days 00:00:55.210728,9,9,13,42,30,70,124,10,24,COMPLETE
871,1394.0586068039106,2025-08-06 14:55:38.104719,2025-08-06 14:56:33.003784,0 days 00:00:54.899065,61,11,13,45,30,70,125,10,22,COMPLETE
872,42240.10707151776,2025-08-06 14:55:39.970180,2025-08-06 14:56:35.365872,0 days 00:00:55.395692,9,9,13,41,28,69,141,15,23,COMPLETE
873,214131.0176576916,2025-08-06 14:56:28.727555,2025-08-06 14:57:27.906205,0 days 00:00:59.178650,5,9,7,41,28,68,141,15,22,COMPLETE
874,170866.06137786515,2025-08-06 14:56:30.106544,2025-08-06 14:57:29.319481,0 days 00:00:59.212937,5,9,13,41,28,69,140,15,26,COMPLETE
875,71813.02054725347,2025-08-06 14:56:33.015437,2025-08-06 14:57:32.537937,0 days 00:00:59.522500,5,7,8,41,28,68,142,15,26,COMPLETE
876,139454.51435632608,2025-08-06 14:56:35.369539,2025-08-06 14:57:34.290177,0 days 00:00:58.920638,5,7,8,41,29,68,136,15,26,COMPLETE
877,1000.5056874499336,2025-08-06 14:57:27.917930,2025-08-06 14:58:24.568294,0 days 00:00:56.650364,34,7,9,41,29,67,118,15,26,COMPLETE
878,-1318.0448664531946,2025-08-06 14:57:29.397411,2025-08-06 14:58:25.853738,0 days 00:00:56.456327,34,7,9,43,29,64,119,97,25,COMPLETE
879,45897.41065119376,2025-08-06 14:57:32.560838,2025-08-06 14:58:29.502072,0 days 00:00:56.941234,6,7,9,40,29,67,118,21,27,COMPLETE
880,98577.39250091216,2025-08-06 14:57:34.291390,2025-08-06 14:58:31.067304,0 days 00:00:56.775914,7,7,12,43,29,67,119,23,27,COMPLETE
881,123205.73201176319,2025-08-06 14:58:24.667050,2025-08-06 14:59:20.333861,0 days 00:00:55.666811,6,7,12,43,29,69,128,25,27,COMPLETE
882,94579.22833100124,2025-08-06 14:58:25.870973,2025-08-06 14:59:20.698615,0 days 00:00:54.827642,6,7,12,40,29,69,129,24,27,COMPLETE
883,100100.43280323753,2025-08-06 14:58:29.508653,2025-08-06 14:59:23.384778,0 days 00:00:53.876125,7,7,12,40,30,69,128,25,27,COMPLETE
884,202381.86861486267,2025-08-06 14:58:31.068730,2025-08-06 14:59:26.199573,0 days 00:00:55.130843,8,7,12,45,30,69,128,10,33,COMPLETE
885,4281.0052630291475,2025-08-06 14:59:20.334948,2025-08-06 15:00:13.751754,0 days 00:00:53.416806,43,10,12,40,30,68,134,10,33,COMPLETE
886,85617.54386375943,2025-08-06 14:59:20.817357,2025-08-06 15:00:18.182367,0 days 00:00:57.365010,12,6,12,42,30,68,134,10,33,COMPLETE
887,78725.1889572165,2025-08-06 14:59:23.414302,2025-08-06 15:00:18.745922,0 days 00:00:55.331620,9,10,13,42,28,65,135,10,32,COMPLETE
888,4448.335948208643,2025-08-06 14:59:26.204684,2025-08-06 15:00:21.307493,0 days 00:00:55.102809,11,9,13,44,22,65,134,15,25,COMPLETE
889,8814.38334374323,2025-08-06 15:00:13.773857,2025-08-06 15:01:06.009323,0 days 00:00:52.235466,9,6,13,42,22,70,122,19,25,COMPLETE
890,13482.141335575476,2025-08-06 15:00:18.209836,2025-08-06 15:01:12.223491,0 days 00:00:54.013655,11,6,13,42,22,70,122,19,24,COMPLETE
891,108521.059900207,2025-08-06 15:00:18.752960,2025-08-06 15:01:13.927221,0 days 00:00:55.174261,6,6,11,39,28,70,122,19,25,COMPLETE
892,148570.95720452024,2025-08-06 15:00:21.326804,2025-08-06 15:01:15.932099,0 days 00:00:54.605295,6,6,11,42,29,70,122,19,34,COMPLETE
893,40867.92445206384,2025-08-06 15:01:06.084295,2025-08-06 15:01:56.085121,0 days 00:00:50.000826,6,7,11,39,28,70,114,31,34,COMPLETE
894,232809.69032885897,2025-08-06 15:01:12.231191,2025-08-06 15:02:09.497990,0 days 00:00:57.266799,7,7,11,39,28,68,114,16,34,COMPLETE
895,62274.92909363544,2025-08-06 15:01:13.944884,2025-08-06 15:02:07.536518,0 days 00:00:53.591634,5,7,11,26,29,68,116,32,34,COMPLETE
896,66096.50782095196,2025-08-06 15:01:15.956468,2025-08-06 15:02:11.843634,0 days 00:00:55.887166,8,7,10,39,28,68,40,30,32,COMPLETE
897,91021.12725211603,2025-08-06 15:01:56.181009,2025-08-06 15:02:49.651864,0 days 00:00:53.470855,8,7,10,41,29,68,128,10,8,COMPLETE
898,57207.821410743476,2025-08-06 15:02:07.547911,2025-08-06 15:03:02.769823,0 days 00:00:55.221912,8,8,10,32,28,67,128,16,32,COMPLETE
899,96756.62798384356,2025-08-06 15:02:09.504402,2025-08-06 15:03:04.047262,0 days 00:00:54.542860,8,8,10,41,29,67,128,15,32,COMPLETE
900,13721.503145870143,2025-08-06 15:02:11.861224,2025-08-06 15:03:06.451804,0 days 00:00:54.590580,80,9,12,41,29,66,128,10,26,COMPLETE
901,9419.292458399272,2025-08-06 15:02:49.709646,2025-08-06 15:03:40.378987,0 days 00:00:50.669341,5,8,12,41,30,66,131,195,26,COMPLETE
902,30333.338271984627,2025-08-06 15:03:02.849128,2025-08-06 15:03:59.177048,0 days 00:00:56.327920,5,9,12,29,30,69,131,39,27,COMPLETE
903,564819.7494360834,2025-08-06 15:03:04.053797,2025-08-06 15:04:00.411695,0 days 00:00:56.357898,5,9,12,43,30,69,131,10,27,COMPLETE
904,244788.0311286064,2025-08-06 15:03:06.463625,2025-08-06 15:04:03.129664,0 days 00:00:56.666039,5,11,12,43,30,69,123,23,27,COMPLETE
905,596234.6877061651,2025-08-06 15:03:40.443882,2025-08-06 15:04:36.677106,0 days 00:00:56.233224,5,10,12,40,27,69,123,15,27,COMPLETE
906,120040.22716336712,2025-08-06 15:03:59.198717,2025-08-06 15:04:54.070633,0 days 00:00:54.871916,7,11,11,43,30,69,151,15,27,COMPLETE
907,56572.22670667255,2025-08-06 15:04:00.433635,2025-08-06 15:04:54.841310,0 days 00:00:54.407675,7,11,11,40,27,69,150,22,28,COMPLETE
908,79728.8062386946,2025-08-06 15:04:03.143929,2025-08-06 15:04:56.895598,0 days 00:00:53.751669,7,8,11,40,29,69,152,15,28,COMPLETE
909,14626.96929193111,2025-08-06 15:04:36.719757,2025-08-06 15:05:31.289955,0 days 00:00:54.570198,7,8,11,44,16,70,138,19,28,COMPLETE
910,86960.81317374473,2025-08-06 15:04:54.124844,2025-08-06 15:05:51.576358,0 days 00:00:57.451514,7,8,11,40,29,70,138,21,23,COMPLETE
911,131950.24695862803,2025-08-06 15:04:54.948331,2025-08-06 15:05:51.697077,0 days 00:00:56.748746,9,8,13,38,29,70,119,15,23,COMPLETE
912,798.9661851007575,2025-08-06 15:04:56.932121,2025-08-06 15:05:51.825275,0 days 00:00:54.893154,10,7,13,45,7,70,136,20,38,COMPLETE
913,43411.987305781266,2025-08-06 15:05:31.312289,2025-08-06 15:06:27.192808,0 days 00:00:55.880519,10,7,13,40,29,67,125,10,38,COMPLETE
914,21256.32806436748,2025-08-06 15:05:51.577501,2025-08-06 15:06:48.444480,0 days 00:00:56.866979,10,7,13,38,28,68,233,10,30,COMPLETE
915,84717.79708761087,2025-08-06 15:05:51.732548,2025-08-06 15:06:48.168431,0 days 00:00:56.435883,10,7,12,45,28,68,126,10,30,COMPLETE
916,177613.4954625837,2025-08-06 15:05:51.859486,2025-08-06 15:06:45.577669,0 days 00:00:53.718183,6,7,12,38,28,68,125,26,30,COMPLETE
917,48738.468542568386,2025-08-06 15:06:27.339250,2025-08-06 15:07:18.642155,0 days 00:00:51.302905,6,12,12,46,28,68,234,27,30,COMPLETE
918,19920.485367703255,2025-08-06 15:06:45.703759,2025-08-06 15:07:41.049772,0 days 00:00:55.346013,24,12,12,42,28,67,107,15,30,COMPLETE
919,499990.5630880007,2025-08-06 15:06:48.191013,2025-08-06 15:07:44.331713,0 days 00:00:56.140700,5,7,12,46,30,66,108,15,25,COMPLETE
920,553562.2135782439,2025-08-06 15:06:48.472371,2025-08-06 15:07:43.201909,0 days 00:00:54.729538,5,12,12,42,30,66,105,15,25,COMPLETE
921,568335.9270003048,2025-08-06 15:07:18.700507,2025-08-06 15:08:08.085855,0 days 00:00:49.385348,5,6,12,42,30,66,107,15,32,COMPLETE
922,15670.76371518897,2025-08-06 15:07:41.056504,2025-08-06 15:08:40.567123,0 days 00:00:59.510619,5,9,11,41,30,67,97,157,25,COMPLETE
923,39083.45828513838,2025-08-06 15:07:43.218736,2025-08-06 15:08:40.476797,0 days 00:00:57.258061,6,9,11,41,29,69,117,20,33,COMPLETE
924,26677.063904971856,2025-08-06 15:07:44.350726,2025-08-06 15:08:41.514515,0 days 00:00:57.163789,8,6,11,39,29,70,117,20,32,COMPLETE
925,26550.022925397716,2025-08-06 15:08:08.111929,2025-08-06 15:08:59.694388,0 days 00:00:51.582459,8,8,11,39,29,69,117,20,33,COMPLETE
926,117716.93365514094,2025-08-06 15:08:40.515055,2025-08-06 15:09:34.178832,0 days 00:00:53.663777,8,8,11,39,29,70,122,10,35,COMPLETE
927,26766.49861602732,2025-08-06 15:08:40.587676,2025-08-06 15:09:37.198065,0 days 00:00:56.610389,8,8,13,39,29,69,121,21,35,COMPLETE
928,-inf,2025-08-06 15:08:41.531905,2025-08-06 15:09:37.680669,0 days 00:00:56.148764,8,8,13,44,29,39,121,10,35,COMPLETE
929,16392.730697228235,2025-08-06 15:08:59.759108,2025-08-06 15:09:48.382803,0 days 00:00:48.623695,7,10,13,44,29,69,132,133,26,COMPLETE
930,105553.85131515202,2025-08-06 15:09:34.363890,2025-08-06 15:10:31.343413,0 days 00:00:56.979523,7,10,14,43,23,69,132,10,26,COMPLETE
931,252866.48836359865,2025-08-06 15:09:37.216493,2025-08-06 15:10:32.978172,0 days 00:00:55.761679,7,7,13,44,27,67,135,10,26,COMPLETE
932,57053.67208697928,2025-08-06 15:09:37.698677,2025-08-06 15:10:34.723377,0 days 00:00:57.024700,6,7,10,43,27,68,133,29,26,COMPLETE
933,27644.36218575647,2025-08-06 15:09:48.410670,2025-08-06 15:10:39.432628,0 days 00:00:51.021958,6,7,14,43,27,68,132,28,31,COMPLETE
934,85846.25486131948,2025-08-06 15:10:31.395862,2025-08-06 15:11:27.793065,0 days 00:00:56.397203,6,7,12,19,27,68,112,29,31,COMPLETE
935,299442.8760961548,2025-08-06 15:10:33.005106,2025-08-06 15:11:29.404694,0 days 00:00:56.399588,5,6,10,19,28,68,112,16,28,COMPLETE
936,80902.18334655222,2025-08-06 15:10:34.724741,2025-08-06 15:11:30.839435,0 days 00:00:56.114694,5,7,12,19,28,68,127,26,31,COMPLETE
937,-inf,2025-08-06 15:10:39.433962,2025-08-06 15:11:33.920551,0 days 00:00:54.486589,9,6,12,19,28,46,145,16,28,COMPLETE
938,733.602358504394,2025-08-06 15:11:27.863117,2025-08-06 15:12:22.818888,0 days 00:00:54.955771,9,6,12,40,28,55,128,16,28,COMPLETE
939,62879.63106842675,2025-08-06 15:11:29.416693,2025-08-06 15:12:23.751254,0 days 00:00:54.334561,9,8,12,40,30,70,146,15,29,COMPLETE
940,145032.99233155252,2025-08-06 15:11:30.863500,2025-08-06 15:12:23.976473,0 days 00:00:53.112973,9,8,12,40,30,70,63,16,29,COMPLETE
941,30825.34822254541,2025-08-06 15:11:33.921945,2025-08-06 15:12:27.980238,0 days 00:00:54.058293,9,8,11,41,30,70,125,16,29,COMPLETE
942,687428.586912669,2025-08-06 15:12:22.835988,2025-08-06 15:13:18.842416,0 days 00:00:56.006428,5,8,11,41,30,70,124,10,29,COMPLETE
943,10599.632737178184,2025-08-06 15:12:23.799912,2025-08-06 15:13:18.599921,0 days 00:00:54.800009,13,9,11,41,29,70,124,22,29,COMPLETE
944,774974.0917548006,2025-08-06 15:12:24.014637,2025-08-06 15:13:17.948656,0 days 00:00:53.934019,5,9,11,41,29,67,125,10,24,COMPLETE
945,-inf,2025-08-06 15:12:27.986355,2025-08-06 15:13:21.935547,0 days 00:00:53.949192,73,9,11,41,29,51,122,37,24,COMPLETE
946,4585.464902739595,2025-08-06 15:13:18.013194,2025-08-06 15:14:20.964363,0 days 00:01:02.951169,12,9,10,42,29,69,119,120,22,COMPLETE
947,803188.5746375729,2025-08-06 15:13:18.669476,2025-08-06 15:14:20.073933,0 days 00:01:01.404457,7,10,10,42,30,67,119,10,23,COMPLETE
948,292096.75114551693,2025-08-06 15:13:18.853192,2025-08-06 15:14:18.887471,0 days 00:01:00.034279,5,9,11,42,30,70,115,10,22,COMPLETE
949,296126.59647122835,2025-08-06 15:13:21.937332,2025-08-06 15:14:20.668216,0 days 00:00:58.730884,5,10,11,41,30,70,115,10,22,COMPLETE
950,191641.00615204417,2025-08-06 15:14:18.960571,2025-08-06 15:15:14.869676,0 days 00:00:55.909105,5,10,11,42,30,70,119,22,24,COMPLETE
951,35629.31072263372,2025-08-06 15:14:20.104339,2025-08-06 15:15:18.575456,0 days 00:00:58.471117,11,10,10,42,30,69,115,22,22,COMPLETE
952,51826.598603561586,2025-08-06 15:14:20.686674,2025-08-06 15:15:18.844212,0 days 00:00:58.157538,7,10,10,42,30,69,112,23,24,COMPLETE
953,169475.63364999625,2025-08-06 15:14:20.966136,2025-08-06 15:15:18.548858,0 days 00:00:57.582722,7,10,11,43,30,69,113,23,23,COMPLETE
954,-inf,2025-08-06 15:15:14.934966,2025-08-06 15:16:12.819068,0 days 00:00:57.884102,11,9,10,43,30,31,112,71,23,COMPLETE
955,74694.79881611973,2025-08-06 15:15:18.583306,2025-08-06 15:16:17.556717,0 days 00:00:58.973411,7,10,11,43,30,67,111,16,20,COMPLETE
956,74060.93371484605,2025-08-06 15:15:18.625373,2025-08-06 15:16:16.452891,0 days 00:00:57.827518,7,10,11,43,30,67,90,16,23,COMPLETE
957,192690.39911124742,2025-08-06 15:15:18.845740,2025-08-06 15:16:16.741558,0 days 00:00:57.895818,7,10,11,43,30,67,118,16,24,COMPLETE
958,239771.9238725023,2025-08-06 15:16:12.831265,2025-08-06 15:17:11.893557,0 days 00:00:59.062292,7,10,9,43,30,68,118,16,24,COMPLETE
959,159506.39790931524,2025-08-06 15:16:16.465266,2025-08-06 15:17:13.123202,0 days 00:00:56.657936,7,10,11,42,29,68,120,16,24,COMPLETE
960,24446.594452303634,2025-08-06 15:16:16.748051,2025-08-06 15:17:14.914976,0 days 00:00:58.166925,8,10,11,42,20,68,120,10,23,COMPLETE
961,79006.13720866862,2025-08-06 15:16:17.559424,2025-08-06 15:17:15.370397,0 days 00:00:57.810973,9,11,9,42,29,68,215,10,23,COMPLETE
962,24395.589631294817,2025-08-06 15:17:11.948340,2025-08-06 15:18:10.993193,0 days 00:00:59.044853,9,11,15,42,29,64,121,10,21,COMPLETE
963,8334.861824622154,2025-08-06 15:17:13.145555,2025-08-06 15:18:12.549339,0 days 00:00:59.403784,9,11,15,42,29,65,122,20,21,COMPLETE
964,35378.73283719153,2025-08-06 15:17:14.932998,2025-08-06 15:18:14.140706,0 days 00:00:59.207708,9,11,15,44,29,66,124,10,25,COMPLETE
965,127220.39376013583,2025-08-06 15:17:15.375496,2025-08-06 15:18:14.116891,0 days 00:00:58.741395,5,11,15,44,29,65,123,20,22,COMPLETE
966,133044.58253159135,2025-08-06 15:18:11.079071,2025-08-06 15:19:10.277698,0 days 00:00:59.198627,5,10,11,41,29,65,124,20,25,COMPLETE
967,124352.0395964295,2025-08-06 15:18:12.585256,2025-08-06 15:19:11.443901,0 days 00:00:58.858645,5,10,11,41,30,69,126,25,25,COMPLETE
968,173409.95415983535,2025-08-06 15:18:14.123538,2025-08-06 15:19:11.669593,0 days 00:00:57.546055,6,10,7,41,30,69,127,25,25,COMPLETE
969,34992.24349641646,2025-08-06 15:18:14.142950,2025-08-06 15:19:11.153885,0 days 00:00:57.010935,6,10,11,41,30,69,127,165,40,COMPLETE
970,77105.45034562072,2025-08-06 15:19:10.289703,2025-08-06 15:20:09.327815,0 days 00:00:59.038112,6,10,13,41,30,69,128,26,23,COMPLETE
971,110154.62007757513,2025-08-06 15:19:11.266305,2025-08-06 15:20:11.581455,0 days 00:01:00.315150,7,9,13,18,30,69,116,27,20,COMPLETE
972,6739.9149239001645,2025-08-06 15:19:11.458370,2025-08-06 15:20:08.998545,0 days 00:00:57.540175,38,9,13,18,30,69,102,15,24,COMPLETE
973,330031.0839287242,2025-08-06 15:19:11.670684,2025-08-06 15:20:11.616226,0 days 00:00:59.945542,7,9,10,42,29,69,116,15,23,COMPLETE
974,225882.7829330337,2025-08-06 15:20:09.107424,2025-08-06 15:21:06.438012,0 days 00:00:57.330588,7,9,14,42,29,67,120,15,23,COMPLETE
975,252886.62522886443,2025-08-06 15:20:09.334818,2025-08-06 15:21:06.156465,0 days 00:00:56.821647,7,9,10,42,29,67,116,15,23,COMPLETE
976,49631.46426235937,2025-08-06 15:20:11.588883,2025-08-06 15:21:10.058498,0 days 00:00:58.469615,8,9,14,42,29,67,117,15,23,COMPLETE
977,148008.3375695416,2025-08-06 15:20:11.618451,2025-08-06 15:21:09.172285,0 days 00:00:57.553834,8,10,14,42,29,68,121,10,24,COMPLETE
978,8369.042463487915,2025-08-06 15:21:06.205496,2025-08-06 15:22:03.850269,0 days 00:00:57.644773,8,20,14,43,29,68,121,236,24,COMPLETE
979,22029.235567565836,2025-08-06 15:21:06.483795,2025-08-06 15:22:05.132619,0 days 00:00:58.648824,19,10,11,43,29,70,130,10,24,COMPLETE
980,75439.57889588375,2025-08-06 15:21:09.189466,2025-08-06 15:22:09.266522,0 days 00:01:00.077056,5,9,12,44,29,70,130,19,25,COMPLETE
981,66278.82326765366,2025-08-06 15:21:10.060911,2025-08-06 15:22:09.194848,0 days 00:00:59.133937,5,9,11,44,29,70,129,20,26,COMPLETE
982,10490.621103657224,2025-08-06 15:22:03.934093,2025-08-06 15:23:00.730492,0 days 00:00:56.796399,11,11,12,41,28,70,130,20,26,COMPLETE
983,11747.715427925305,2025-08-06 15:22:05.144302,2025-08-06 15:23:03.064511,0 days 00:00:57.920209,11,11,12,45,30,70,129,20,25,COMPLETE
984,54955.524130022124,2025-08-06 15:22:09.229708,2025-08-06 15:23:07.704000,0 days 00:00:58.474292,5,11,12,41,30,70,125,103,25,COMPLETE
985,20996.554293282596,2025-08-06 15:22:09.269989,2025-08-06 15:23:07.742230,0 days 00:00:58.472241,11,11,12,41,30,66,125,33,27,COMPLETE
986,182899.33371050324,2025-08-06 15:23:00.757713,2025-08-06 15:24:02.214621,0 days 00:01:01.456908,6,11,12,18,30,66,125,32,26,COMPLETE
987,220703.04751438682,2025-08-06 15:23:03.081042,2025-08-06 15:24:00.635010,0 days 00:00:57.553968,6,6,11,41,30,66,109,10,27,COMPLETE
988,89912.8597028819,2025-08-06 15:23:07.737437,2025-08-06 15:24:06.235316,0 days 00:00:58.497879,6,6,11,40,28,66,124,34,27,COMPLETE
989,239258.88059044516,2025-08-06 15:23:07.749228,2025-08-06 15:24:07.104262,0 days 00:00:59.355034,6,6,11,20,28,68,109,10,27,COMPLETE
990,25618.807914620505,2025-08-06 15:24:00.742493,2025-08-06 15:24:59.676671,0 days 00:00:58.934178,6,10,13,20,28,59,122,15,26,COMPLETE
991,663.0391369641774,2025-08-06 15:24:02.226575,2025-08-06 15:25:01.438929,0 days 00:00:59.212354,8,9,13,40,10,68,121,16,26,COMPLETE
992,213580.17706327437,2025-08-06 15:24:06.247033,2025-08-06 15:25:04.306949,0 days 00:00:58.059916,9,8,13,20,29,68,120,10,36,COMPLETE
993,8566.402986647327,2025-08-06 15:24:07.107938,2025-08-06 15:25:05.693607,0 days 00:00:58.585669,9,9,13,19,24,69,121,50,37,COMPLETE
994,7629.1654630252015,2025-08-06 15:24:59.683203,2025-08-06 15:25:58.673433,0 days 00:00:58.990230,9,8,10,31,17,68,136,10,37,COMPLETE
995,242961.79492210213,2025-08-06 15:25:01.462414,2025-08-06 15:25:57.291614,0 days 00:00:55.829200,9,8,10,43,29,69,113,10,37,COMPLETE
996,50844.55189747322,2025-08-06 15:25:04.329270,2025-08-06 15:26:02.682746,0 days 00:00:58.353476,5,7,10,33,29,69,134,20,25,COMPLETE
997,141708.00351914897,2025-08-06 15:25:05.695092,2025-08-06 15:26:04.162892,0 days 00:00:58.467800,5,7,8,43,29,69,136,15,22,COMPLETE
998,52459.94839632794,2025-08-06 15:25:57.355350,2025-08-06 15:26:31.321297,0 days 00:00:33.965947,5,7,11,33,26,69,132,24,27,COMPLETE
999,17383.79267457296,2025-08-06 15:25:58.680347,2025-08-06 15:26:31.446188,0 days 00:00:32.765841,5,7,11,24,29,61,132,24,21,COMPLETE
