number,value,datetime_start,datetime_complete,duration,params_fast,params_macd_fast,params_macd_signal,params_macd_slow,params_rsi_period,params_rsi_threshold,params_slow,params_trend_sma_period,params_volume_ma_period,state
0,148.99782733204438,2025-08-06 15:59:49.951787,2025-08-06 16:00:24.080413,0 days 00:00:34.128626,66,8,9,25,21,46,74,16,15,COMPLETE
1,14.200144725779891,2025-08-06 15:59:49.958466,2025-08-06 16:00:25.435526,0 days 00:00:35.477060,49,15,11,22,5,59,167,35,11,COMPLETE
2,-inf,2025-08-06 15:59:49.962718,2025-08-06 16:00:24.690558,0 days 00:00:34.727840,31,20,13,33,12,50,150,213,49,COMPLETE
3,-inf,2025-08-06 15:59:49.965089,2025-08-06 16:00:25.308146,0 days 00:00:35.343057,8,6,8,37,27,38,101,104,29,COMPLETE
4,-inf,2025-08-06 16:00:24.087215,2025-08-06 16:00:58.542329,0 days 00:00:34.455114,29,19,18,47,27,51,151,129,20,COMPLETE
5,-inf,2025-08-06 16:00:24.702500,2025-08-06 16:00:24.703696,0 days 00:00:00.001196,69,14,16,26,5,69,50,203,37,COMPLETE
6,-inf,2025-08-06 16:00:24.770835,2025-08-06 16:01:00.674762,0 days 00:00:35.903927,50,20,11,24,13,47,135,75,8,COMPLETE
7,-194.1347498522909,2025-08-06 16:00:25.321958,2025-08-06 16:01:00.281578,0 days 00:00:34.959620,6,5,13,50,16,56,194,260,11,COMPLETE
8,-17.309404984468987,2025-08-06 16:00:25.436694,2025-08-06 16:01:00.636575,0 days 00:00:35.199881,16,15,16,28,29,50,127,244,44,COMPLETE
9,-322.5924171062481,2025-08-06 16:00:58.570511,2025-08-06 16:01:33.142007,0 days 00:00:34.571496,60,14,6,25,28,66,250,295,50,COMPLETE
10,-inf,2025-08-06 16:01:00.288028,2025-08-06 16:01:35.794837,0 days 00:00:35.506809,38,17,10,28,16,50,168,222,11,COMPLETE
11,-inf,2025-08-06 16:01:00.642949,2025-08-06 16:01:35.099456,0 days 00:00:34.456507,73,9,11,38,13,38,168,53,24,COMPLETE
12,2106.8573365024718,2025-08-06 16:01:00.677118,2025-08-06 16:01:36.559725,0 days 00:00:35.882607,58,15,19,21,18,70,124,60,18,COMPLETE
13,-inf,2025-08-06 16:01:33.159422,2025-08-06 16:01:33.507466,0 days 00:00:00.348044,76,9,6,15,22,34,39,14,21,COMPLETE
14,421.4884724651198,2025-08-06 16:01:33.561078,2025-08-06 16:02:09.693897,0 days 00:00:36.132819,51,10,10,17,5,61,83,11,15,COMPLETE
15,240.60780353336943,2025-08-06 16:01:35.141041,2025-08-06 16:02:12.763423,0 days 00:00:37.622382,50,10,10,18,5,62,85,10,13,COMPLETE
16,1514.5666496962956,2025-08-06 16:01:35.802283,2025-08-06 16:02:13.864860,0 days 00:00:38.062577,56,11,9,18,7,60,85,14,5,COMPLETE
17,-inf,2025-08-06 16:01:36.601290,2025-08-06 16:02:12.781556,0 days 00:00:36.180266,60,11,20,16,21,43,75,158,17,COMPLETE
18,-273.83991602816127,2025-08-06 16:02:09.757502,2025-08-06 16:02:46.087950,0 days 00:00:36.330448,56,10,20,16,9,63,96,163,29,COMPLETE
19,-744.4342624535817,2025-08-06 16:02:12.782262,2025-08-06 16:02:48.798202,0 days 00:00:36.015940,57,13,15,21,9,69,113,73,5,COMPLETE
20,5157.125366966003,2025-08-06 16:02:12.793935,2025-08-06 16:02:48.614068,0 days 00:00:35.820133,42,13,15,20,9,70,100,81,5,COMPLETE
21,-71.91354355639251,2025-08-06 16:02:13.892369,2025-08-06 16:02:48.562477,0 days 00:00:34.670108,61,12,20,20,9,70,109,83,6,COMPLETE
22,-535.3335936924278,2025-08-06 16:02:46.110955,2025-08-06 16:03:20.319465,0 days 00:00:34.208510,41,12,15,21,24,70,114,74,5,COMPLETE
23,1002.9462555415447,2025-08-06 16:02:48.574195,2025-08-06 16:03:23.886877,0 days 00:00:35.312682,38,17,16,32,19,56,55,56,5,COMPLETE
24,-12.987678751500212,2025-08-06 16:02:48.646727,2025-08-06 16:03:26.288979,0 days 00:00:37.642252,40,13,15,21,9,66,60,57,9,COMPLETE
25,1733.0931439741403,2025-08-06 16:02:48.804518,2025-08-06 16:03:26.636868,0 days 00:00:37.832350,40,17,18,32,19,65,52,113,5,COMPLETE
26,2403.1187975197854,2025-08-06 16:03:20.367562,2025-08-06 16:03:58.386358,0 days 00:00:38.018796,35,17,18,32,17,56,66,117,25,COMPLETE
27,-558.7029744421352,2025-08-06 16:03:23.930960,2025-08-06 16:04:00.896867,0 days 00:00:36.965907,30,17,18,31,11,65,201,113,34,COMPLETE
28,-28.506376317843554,2025-08-06 16:03:26.315355,2025-08-06 16:04:03.116095,0 days 00:00:36.800740,30,17,17,31,11,65,207,113,34,COMPLETE
29,-1141.9203999120014,2025-08-06 16:03:26.675222,2025-08-06 16:04:03.912587,0 days 00:00:37.237365,29,17,18,32,18,65,196,119,33,COMPLETE
30,1661.7327284617807,2025-08-06 16:03:58.439424,2025-08-06 16:04:37.225280,0 days 00:00:38.785856,29,16,18,45,15,57,33,140,34,COMPLETE
31,125.25129436221053,2025-08-06 16:04:00.903108,2025-08-06 16:04:40.110805,0 days 00:00:39.207697,22,16,18,40,15,56,127,135,24,COMPLETE
32,771.4456666517601,2025-08-06 16:04:03.167129,2025-08-06 16:04:39.559719,0 days 00:00:36.392590,25,15,19,42,15,55,32,39,26,COMPLETE
33,1931.5592790767962,2025-08-06 16:04:03.918945,2025-08-06 16:04:41.323204,0 days 00:00:37.404259,23,15,19,42,15,57,35,143,25,COMPLETE
34,3384.7907835462165,2025-08-06 16:04:37.248280,2025-08-06 16:05:13.169991,0 days 00:00:35.921711,21,19,19,38,20,67,65,180,24,COMPLETE
35,-718.9073617409665,2025-08-06 16:04:39.577550,2025-08-06 16:05:16.445260,0 days 00:00:36.867710,46,19,14,38,20,67,64,99,18,COMPLETE
36,-53.24766996084472,2025-08-06 16:04:40.112059,2025-08-06 16:05:17.513826,0 days 00:00:37.401767,44,19,14,35,20,67,61,95,18,COMPLETE
37,199.05553641966753,2025-08-06 16:04:41.324590,2025-08-06 16:05:18.605947,0 days 00:00:37.281357,46,14,14,36,21,53,64,178,19,COMPLETE
38,180.25716594188992,2025-08-06 16:05:13.187378,2025-08-06 16:05:47.811413,0 days 00:00:34.624035,45,19,14,35,23,67,64,183,19,COMPLETE
39,-99.24506464011777,2025-08-06 16:05:16.452432,2025-08-06 16:05:49.558073,0 days 00:00:33.105641,15,19,17,35,24,53,97,176,22,COMPLETE
40,7575.793989854085,2025-08-06 16:05:17.520115,2025-08-06 16:05:53.000416,0 days 00:00:35.480301,16,18,17,23,23,63,97,35,21,COMPLETE
41,5041.449364950684,2025-08-06 16:05:18.627793,2025-08-06 16:05:55.716803,0 days 00:00:37.089010,14,18,17,28,24,68,96,196,30,COMPLETE
42,26535.34354014969,2025-08-06 16:05:47.838265,2025-08-06 16:06:23.024673,0 days 00:00:35.186408,14,18,17,28,25,63,97,37,30,COMPLETE
43,-189.7382507883319,2025-08-06 16:05:49.585481,2025-08-06 16:06:30.230723,0 days 00:00:40.645242,34,18,19,25,17,63,151,36,29,COMPLETE
44,18637.11180428462,2025-08-06 16:05:53.045284,2025-08-06 16:06:31.337895,0 days 00:00:38.292611,13,18,17,23,26,59,76,36,29,COMPLETE
45,1339.0509559278323,2025-08-06 16:05:55.765721,2025-08-06 16:06:34.818691,0 days 00:00:39.052970,12,18,17,27,26,59,74,206,28,COMPLETE
46,10115.125765051993,2025-08-06 16:06:23.036906,2025-08-06 16:07:00.538899,0 days 00:00:37.501993,11,20,17,28,26,63,146,209,30,COMPLETE
47,6159.169421763161,2025-08-06 16:06:30.304358,2025-08-06 16:07:03.481918,0 days 00:00:33.177560,12,20,17,29,26,59,100,202,31,COMPLETE
48,15567.7013602603,2025-08-06 16:06:31.386801,2025-08-06 16:07:07.363644,0 days 00:00:35.976843,11,20,17,28,26,59,93,32,40,COMPLETE
49,69655.84821711999,2025-08-06 16:06:34.886069,2025-08-06 16:07:12.523836,0 days 00:00:37.637767,9,20,16,23,30,62,104,32,38,COMPLETE
50,4638.55073654931,2025-08-06 16:07:00.570668,2025-08-06 16:07:35.726114,0 days 00:00:35.155446,10,20,12,24,30,63,143,27,43,COMPLETE
51,14104.188330475055,2025-08-06 16:07:03.493972,2025-08-06 16:07:35.900575,0 days 00:00:32.406603,9,20,16,23,30,59,147,227,40,COMPLETE
52,38913.858595433514,2025-08-06 16:07:07.498059,2025-08-06 16:07:45.012157,0 days 00:00:37.514098,5,20,12,23,30,62,141,29,43,COMPLETE
53,13803.315042994202,2025-08-06 16:07:12.565822,2025-08-06 16:07:48.504190,0 days 00:00:35.938368,5,20,12,24,30,61,142,252,40,COMPLETE
54,47002.630027596584,2025-08-06 16:07:35.732692,2025-08-06 16:08:07.824937,0 days 00:00:32.092245,5,20,16,23,28,61,156,44,39,COMPLETE
55,308.4356342081657,2025-08-06 16:07:35.912512,2025-08-06 16:08:07.516641,0 days 00:00:31.604129,5,20,16,26,28,61,180,279,41,COMPLETE
56,26182.27314713711,2025-08-06 16:07:45.066453,2025-08-06 16:08:19.757034,0 days 00:00:34.690581,5,20,13,23,28,61,155,24,40,COMPLETE
57,-1181.2583481287575,2025-08-06 16:07:48.521600,2025-08-06 16:08:23.168014,0 days 00:00:34.646414,19,7,16,23,28,58,158,47,47,COMPLETE
58,-284.3274292929328,2025-08-06 16:08:07.564110,2025-08-06 16:08:43.540221,0 days 00:00:35.976111,19,19,16,23,28,58,154,45,47,COMPLETE
59,-inf,2025-08-06 16:08:07.864773,2025-08-06 16:08:41.601512,0 days 00:00:33.736739,19,18,13,19,28,47,159,24,47,COMPLETE
60,1586.5592578790515,2025-08-06 16:08:19.805133,2025-08-06 16:08:54.637285,0 days 00:00:34.832152,18,7,13,19,28,54,159,49,47,COMPLETE
61,-inf,2025-08-06 16:08:23.204886,2025-08-06 16:08:59.091835,0 days 00:00:35.886949,8,18,13,19,29,46,159,21,38,COMPLETE
62,-inf,2025-08-06 16:08:41.623827,2025-08-06 16:09:15.241104,0 days 00:00:33.617277,7,19,7,22,29,31,179,46,38,COMPLETE
63,1647.8136594285866,2025-08-06 16:08:43.551686,2025-08-06 16:09:20.554139,0 days 00:00:37.002453,7,19,9,26,29,54,133,64,37,COMPLETE
64,5508.010314146298,2025-08-06 16:08:54.735870,2025-08-06 16:09:34.145820,0 days 00:00:39.409950,8,20,7,26,27,61,178,24,36,COMPLETE
65,2237.181454230749,2025-08-06 16:08:59.128709,2025-08-06 16:09:37.122425,0 days 00:00:37.993716,7,20,11,26,27,61,134,66,37,COMPLETE
66,9829.769812455661,2025-08-06 16:09:15.301859,2025-08-06 16:09:50.868691,0 days 00:00:35.566832,8,20,11,26,25,60,119,30,36,COMPLETE
67,11140.608631730569,2025-08-06 16:09:20.650225,2025-08-06 16:09:58.312710,0 days 00:00:37.662485,13,20,11,29,25,61,119,28,44,COMPLETE
68,-inf,2025-08-06 16:09:34.204738,2025-08-06 16:10:10.985573,0 days 00:00:36.780835,13,20,15,30,25,43,83,64,44,COMPLETE
69,24925.901395135534,2025-08-06 16:09:37.128765,2025-08-06 16:10:11.897284,0 days 00:00:34.768519,12,20,15,25,26,60,119,29,44,COMPLETE
70,20331.807997726115,2025-08-06 16:09:50.870192,2025-08-06 16:10:26.442206,0 days 00:00:35.572014,13,16,15,29,25,64,87,10,44,COMPLETE
71,67456.37157622968,2025-08-06 16:09:58.324400,2025-08-06 16:10:34.694756,0 days 00:00:36.370356,16,16,15,22,25,64,106,13,42,COMPLETE
72,9860.190164411917,2025-08-06 16:10:11.070373,2025-08-06 16:10:48.682051,0 days 00:00:37.611678,10,16,12,22,30,64,105,11,42,COMPLETE
73,321256.65170277545,2025-08-06 16:10:11.904508,2025-08-06 16:10:51.295610,0 days 00:00:39.391102,5,19,12,22,30,64,108,13,42,COMPLETE
74,708349.2012054321,2025-08-06 16:10:26.525694,2025-08-06 16:11:03.726924,0 days 00:00:37.201230,5,19,15,22,30,65,88,11,42,COMPLETE
75,110201.01322036369,2025-08-06 16:10:34.717420,2025-08-06 16:11:13.119463,0 days 00:00:38.402043,16,16,15,22,30,64,109,12,42,COMPLETE
76,25291.573535451873,2025-08-06 16:10:48.699180,2025-08-06 16:11:25.636258,0 days 00:00:36.937078,25,16,15,20,27,64,107,18,45,COMPLETE
77,166246.21884008852,2025-08-06 16:10:51.307181,2025-08-06 16:11:27.937122,0 days 00:00:36.629941,5,19,14,21,27,62,113,22,45,COMPLETE
78,214517.81650117342,2025-08-06 16:11:03.792032,2025-08-06 16:11:38.312923,0 days 00:00:34.520891,5,19,14,20,29,64,108,20,42,COMPLETE
79,-inf,2025-08-06 16:11:13.147274,2025-08-06 16:11:15.531568,0 days 00:00:02.384294,25,19,14,17,29,66,110,17,42,COMPLETE
80,20451.800777180233,2025-08-06 16:11:15.573967,2025-08-06 16:11:52.896746,0 days 00:00:37.322779,16,14,14,20,30,68,106,42,50,COMPLETE
81,27944.972878278953,2025-08-06 16:11:25.834267,2025-08-06 16:12:03.155397,0 days 00:00:37.321130,16,14,10,21,30,68,128,41,49,COMPLETE
82,22972.234115506137,2025-08-06 16:11:27.982930,2025-08-06 16:12:03.960740,0 days 00:00:35.977810,5,14,14,21,30,68,129,54,49,COMPLETE
83,26412.673288395592,2025-08-06 16:11:38.345913,2025-08-06 16:12:14.239577,0 days 00:00:35.893664,16,14,14,15,29,68,127,54,46,COMPLETE
84,162647.93846240817,2025-08-06 16:11:52.912124,2025-08-06 16:12:28.190470,0 days 00:00:35.278346,5,19,14,21,29,65,124,17,46,COMPLETE
85,-inf,2025-08-06 16:12:03.199501,2025-08-06 16:12:04.485896,0 days 00:00:01.286395,6,19,12,18,29,66,115,19,46,COMPLETE
86,-inf,2025-08-06 16:12:03.972183,2025-08-06 16:12:04.997691,0 days 00:00:01.025508,9,19,12,17,29,65,113,15,46,COMPLETE
87,59868.79568762547,2025-08-06 16:12:04.497421,2025-08-06 16:12:38.968521,0 days 00:00:34.471100,9,19,15,22,29,62,90,10,42,COMPLETE
88,-inf,2025-08-06 16:12:05.025899,2025-08-06 16:12:05.802550,0 days 00:00:00.776651,68,19,14,15,27,62,88,18,42,COMPLETE
89,53199.4931700549,2025-08-06 16:12:05.809332,2025-08-06 16:12:39.821624,0 days 00:00:34.012292,10,18,15,22,29,62,91,10,39,COMPLETE
90,20200.90919396687,2025-08-06 16:12:14.250930,2025-08-06 16:12:46.022296,0 days 00:00:31.771366,10,18,15,24,27,62,103,32,39,COMPLETE
91,23392.04590485965,2025-08-06 16:12:28.197356,2025-08-06 16:13:05.739072,0 days 00:00:37.541716,10,17,15,22,27,64,103,10,39,COMPLETE
92,13954.682668932124,2025-08-06 16:12:39.033432,2025-08-06 16:13:14.897507,0 days 00:00:35.864075,11,17,15,22,29,64,92,14,41,COMPLETE
93,19977.316885320815,2025-08-06 16:12:39.846307,2025-08-06 16:13:16.179749,0 days 00:00:36.333442,10,17,16,18,28,65,103,21,41,COMPLETE
94,121977.82362107265,2025-08-06 16:12:46.054431,2025-08-06 16:13:23.005502,0 days 00:00:36.951071,9,17,16,22,29,64,91,10,43,COMPLETE
95,64514.184272304665,2025-08-06 16:13:05.786151,2025-08-06 16:13:41.291783,0 days 00:00:35.505632,7,18,16,21,29,65,91,19,41,COMPLETE
96,63684.49823820846,2025-08-06 16:13:14.948730,2025-08-06 16:13:52.630406,0 days 00:00:37.681676,7,18,13,20,30,66,78,21,43,COMPLETE
97,132129.4068641653,2025-08-06 16:13:16.205374,2025-08-06 16:13:51.579661,0 days 00:00:35.374287,7,18,13,20,30,66,83,23,43,COMPLETE
98,62082.22332705635,2025-08-06 16:13:23.060365,2025-08-06 16:13:58.689694,0 days 00:00:35.629329,7,19,13,20,30,66,79,36,43,COMPLETE
99,73933.8724201328,2025-08-06 16:13:41.334389,2025-08-06 16:14:18.195486,0 days 00:00:36.861097,7,18,16,20,30,66,80,37,43,COMPLETE
100,85470.83385270454,2025-08-06 16:13:51.591674,2025-08-06 16:14:25.613265,0 days 00:00:34.021591,7,15,13,20,30,69,77,37,45,COMPLETE
101,-inf,2025-08-06 16:13:52.675083,2025-08-06 16:13:53.429397,0 days 00:00:00.754314,53,19,13,19,30,69,120,35,45,COMPLETE
102,118627.71602944688,2025-08-06 16:13:53.489310,2025-08-06 16:14:30.926637,0 days 00:00:37.437327,6,15,14,24,28,67,81,26,45,COMPLETE
103,148928.38002660876,2025-08-06 16:13:58.696104,2025-08-06 16:14:34.937146,0 days 00:00:36.241042,15,15,14,24,28,69,229,25,48,COMPLETE
104,96659.20369909449,2025-08-06 16:14:18.255546,2025-08-06 16:14:53.262365,0 days 00:00:35.006819,6,15,14,21,28,67,70,24,45,COMPLETE
105,96965.39107415194,2025-08-06 16:14:25.625343,2025-08-06 16:15:01.754214,0 days 00:00:36.128871,6,15,14,16,30,70,70,25,45,COMPLETE
106,101619.36509408406,2025-08-06 16:14:30.949450,2025-08-06 16:15:10.322019,0 days 00:00:39.372569,6,15,14,18,28,69,72,26,48,COMPLETE
107,53154.11975044443,2025-08-06 16:14:34.964783,2025-08-06 16:15:11.203688,0 days 00:00:36.238905,5,16,14,24,28,69,219,24,48,COMPLETE
108,125524.58738188667,2025-08-06 16:14:53.368563,2025-08-06 16:15:30.016906,0 days 00:00:36.648343,5,15,14,24,28,70,71,24,48,COMPLETE
109,260300.52061293676,2025-08-06 16:15:01.814706,2025-08-06 16:15:39.802947,0 days 00:00:37.988241,5,15,14,16,28,70,237,26,48,COMPLETE
110,2675.0454956685394,2025-08-06 16:15:10.338912,2025-08-06 16:15:43.822160,0 days 00:00:33.483248,14,13,14,18,28,69,41,48,48,COMPLETE
111,5706.971941303442,2025-08-06 16:15:11.229866,2025-08-06 16:15:47.304466,0 days 00:00:36.074600,14,17,13,18,27,67,250,47,48,COMPLETE
112,10698.202831837809,2025-08-06 16:15:30.049406,2025-08-06 16:16:07.415798,0 days 00:00:37.366392,14,17,13,25,27,67,43,51,50,COMPLETE
113,30384.102982917037,2025-08-06 16:15:39.814063,2025-08-06 16:16:19.103894,0 days 00:00:39.289831,8,13,13,25,27,70,242,50,50,COMPLETE
114,50490.248952007845,2025-08-06 16:15:43.850347,2025-08-06 16:16:20.950299,0 days 00:00:37.099952,8,17,13,25,27,67,248,17,46,COMPLETE
115,154911.42370296727,2025-08-06 16:15:47.445902,2025-08-06 16:16:22.547363,0 days 00:00:35.101461,8,15,13,25,29,70,238,29,50,COMPLETE
116,257062.58404232963,2025-08-06 16:16:07.474163,2025-08-06 16:16:47.639219,0 days 00:00:40.165056,9,15,14,24,29,70,238,16,46,COMPLETE
117,47795.73669776597,2025-08-06 16:16:19.110091,2025-08-06 16:16:59.428985,0 days 00:00:40.318894,11,15,14,24,29,70,237,30,46,COMPLETE
118,35744.39538063987,2025-08-06 16:16:21.029912,2025-08-06 16:16:58.667525,0 days 00:00:37.637613,12,15,14,24,29,70,85,31,47,COMPLETE
119,49939.8054753405,2025-08-06 16:16:22.560544,2025-08-06 16:17:00.442676,0 days 00:00:37.882132,11,15,14,24,29,70,233,29,49,COMPLETE
120,151.46694768131422,2025-08-06 16:16:47.655719,2025-08-06 16:17:24.996184,0 days 00:00:37.340465,79,14,12,27,29,68,231,29,49,COMPLETE
121,1818.4063045895648,2025-08-06 16:16:58.689636,2025-08-06 16:17:34.909439,0 days 00:00:36.219803,78,14,12,19,29,70,233,42,49,COMPLETE
122,15718.156824412808,2025-08-06 16:16:59.541497,2025-08-06 16:17:36.323655,0 days 00:00:36.782158,9,14,12,27,29,68,223,83,48,COMPLETE
123,308.85903864390474,2025-08-06 16:17:00.463040,2025-08-06 16:17:35.878533,0 days 00:00:35.415493,9,14,12,19,6,68,224,43,49,COMPLETE
124,90824.74301304018,2025-08-06 16:17:25.115083,2025-08-06 16:17:59.077210,0 days 00:00:33.962127,5,12,5,27,28,68,225,17,47,COMPLETE
125,109156.84502209259,2025-08-06 16:17:35.026267,2025-08-06 16:18:13.333092,0 days 00:00:38.306825,5,16,13,27,28,68,226,19,47,COMPLETE
126,34321.13915409679,2025-08-06 16:17:35.903110,2025-08-06 16:18:13.707176,0 days 00:00:37.804066,5,16,13,27,28,65,219,18,47,COMPLETE
127,57116.23772748851,2025-08-06 16:17:36.335111,2025-08-06 16:18:13.915676,0 days 00:00:37.580565,5,16,5,49,28,65,229,19,47,COMPLETE
128,8970.364068317298,2025-08-06 16:17:59.099640,2025-08-06 16:18:34.422613,0 days 00:00:35.322973,5,16,14,21,28,65,243,19,44,COMPLETE
129,-inf,2025-08-06 16:18:13.370622,2025-08-06 16:18:51.949493,0 days 00:00:38.578871,8,16,14,21,26,39,243,23,44,COMPLETE
130,45183.534210398306,2025-08-06 16:18:13.751514,2025-08-06 16:18:49.246322,0 days 00:00:35.494808,8,15,14,21,26,66,58,25,44,COMPLETE
131,35913.47361889464,2025-08-06 16:18:13.933540,2025-08-06 16:18:51.325494,0 days 00:00:37.391954,8,15,14,21,26,67,241,24,45,COMPLETE
132,-inf,2025-08-06 16:18:34.429113,2025-08-06 16:19:13.310727,0 days 00:00:38.881614,8,15,14,23,26,41,82,60,44,COMPLETE
133,-inf,2025-08-06 16:18:49.263658,2025-08-06 16:19:29.296306,0 days 00:00:40.032648,8,19,15,23,26,38,243,152,46,COMPLETE
134,80883.38151360361,2025-08-06 16:18:51.355181,2025-08-06 16:19:29.768928,0 days 00:00:38.413747,12,18,15,23,30,63,98,10,43,COMPLETE
135,7258.869977308052,2025-08-06 16:18:51.950615,2025-08-06 16:19:28.861789,0 days 00:00:36.911174,12,5,15,23,30,63,210,10,43,COMPLETE
136,55940.533282313154,2025-08-06 16:19:13.338765,2025-08-06 16:19:50.898815,0 days 00:00:37.560050,12,18,15,22,30,63,111,10,46,COMPLETE
137,-181.2755493802875,2025-08-06 16:19:28.868490,2025-08-06 16:20:06.059620,0 days 00:00:37.191130,10,19,15,22,30,51,97,14,46,COMPLETE
138,10167.577440545114,2025-08-06 16:19:29.365907,2025-08-06 16:20:08.561135,0 days 00:00:39.195228,10,15,15,22,30,63,97,33,50,COMPLETE
139,41431.356004298905,2025-08-06 16:19:29.796435,2025-08-06 16:20:08.753974,0 days 00:00:38.957539,10,19,15,22,29,69,112,37,50,COMPLETE
140,-inf,2025-08-06 16:19:50.910881,2025-08-06 16:20:28.288561,0 days 00:00:37.377680,64,15,15,22,29,50,115,38,40,COMPLETE
141,949.0411806982451,2025-08-06 16:20:06.103032,2025-08-06 16:20:43.704362,0 days 00:00:37.601330,63,15,13,16,13,69,115,34,41,COMPLETE
142,35159.94878997595,2025-08-06 16:20:08.589912,2025-08-06 16:20:47.007611,0 days 00:00:38.417699,18,17,13,25,29,69,123,38,42,COMPLETE
143,166861.03851167337,2025-08-06 16:20:08.783692,2025-08-06 16:20:46.917403,0 days 00:00:38.133711,6,17,13,24,29,67,124,15,41,COMPLETE
144,53884.86771939604,2025-08-06 16:20:28.367826,2025-08-06 16:21:06.412386,0 days 00:00:38.044560,6,16,13,25,13,69,123,16,48,COMPLETE
145,9718.098331141015,2025-08-06 16:20:43.773282,2025-08-06 16:21:16.822089,0 days 00:00:33.048807,6,16,13,25,28,66,236,16,48,COMPLETE
146,106167.21686234228,2025-08-06 16:20:46.999165,2025-08-06 16:21:23.604314,0 days 00:00:36.605149,6,17,13,25,29,66,132,15,42,COMPLETE
147,110019.08463155417,2025-08-06 16:20:47.023484,2025-08-06 16:21:22.916819,0 days 00:00:35.893335,6,16,14,24,27,66,132,15,45,COMPLETE
148,81548.98476103763,2025-08-06 16:21:06.421426,2025-08-06 16:21:47.178527,0 days 00:00:40.757101,6,18,14,24,29,66,67,27,45,COMPLETE
149,7459.574766268185,2025-08-06 16:21:16.844064,2025-08-06 16:21:52.203246,0 days 00:00:35.359182,7,17,14,24,29,64,134,28,13,COMPLETE
150,287682.7072572193,2025-08-06 16:21:22.923299,2025-08-06 16:21:57.313807,0 days 00:00:34.390508,7,18,14,24,29,64,86,28,15,COMPLETE
151,-inf,2025-08-06 16:21:23.623116,2025-08-06 16:21:24.489413,0 days 00:00:00.866297,7,18,14,17,28,64,84,27,41,COMPLETE
152,22848.88572860052,2025-08-06 16:21:24.518319,2025-08-06 16:22:01.278097,0 days 00:00:36.759778,9,19,14,20,30,67,139,22,43,COMPLETE
153,11866.372320423847,2025-08-06 16:21:47.179758,2025-08-06 16:22:24.779484,0 days 00:00:37.599726,9,19,16,20,30,67,108,124,44,COMPLETE
154,13260.463410370436,2025-08-06 16:21:52.209959,2025-08-06 16:22:28.776503,0 days 00:00:36.566544,9,16,14,24,27,67,138,24,45,COMPLETE
155,13441.570808362652,2025-08-06 16:21:57.325458,2025-08-06 16:22:32.676724,0 days 00:00:35.351266,9,19,14,20,30,67,88,22,7,COMPLETE
156,245772.186018168,2025-08-06 16:22:01.300644,2025-08-06 16:22:38.406508,0 days 00:00:37.105864,9,18,13,26,30,64,74,21,7,COMPLETE
157,58.995223680298054,2025-08-06 16:22:24.802282,2025-08-06 16:23:00.026647,0 days 00:00:35.224365,34,18,13,23,28,65,74,23,15,COMPLETE
158,184135.45751442932,2025-08-06 16:22:28.789290,2025-08-06 16:23:04.721909,0 days 00:00:35.932619,5,18,13,23,29,65,93,21,9,COMPLETE
159,117377.20536046826,2025-08-06 16:22:32.715296,2025-08-06 16:23:10.862119,0 days 00:00:38.146823,5,18,13,23,28,65,93,30,15,COMPLETE
160,174802.71792645505,2025-08-06 16:22:38.439725,2025-08-06 16:23:14.820368,0 days 00:00:36.380643,5,18,13,26,28,65,74,32,23,COMPLETE
161,113599.94830911208,2025-08-06 16:23:00.146559,2025-08-06 16:23:37.152053,0 days 00:00:37.005494,5,18,12,26,29,70,81,32,10,COMPLETE
162,88639.89859791375,2025-08-06 16:23:04.749971,2025-08-06 16:23:38.851344,0 days 00:00:34.101373,5,18,12,26,29,65,93,34,11,COMPLETE
163,10741.125581812079,2025-08-06 16:23:10.873973,2025-08-06 16:23:48.435544,0 days 00:00:37.561571,7,18,12,26,29,70,238,292,9,COMPLETE
164,29903.501240837148,2025-08-06 16:23:14.832865,2025-08-06 16:23:54.063286,0 days 00:00:39.230421,7,18,12,26,29,64,62,34,10,COMPLETE
165,95615.52554469842,2025-08-06 16:23:37.245792,2025-08-06 16:24:13.100196,0 days 00:00:35.854404,7,18,12,26,29,64,69,15,8,COMPLETE
166,18548.94769072055,2025-08-06 16:23:38.878275,2025-08-06 16:24:15.668041,0 days 00:00:36.789766,7,19,11,26,29,64,76,15,7,COMPLETE
167,17703.732270425757,2025-08-06 16:23:48.495396,2025-08-06 16:24:25.318963,0 days 00:00:36.823567,7,19,13,21,29,64,76,15,7,COMPLETE
168,103761.0573389628,2025-08-06 16:23:54.132991,2025-08-06 16:24:32.099350,0 days 00:00:37.966359,7,19,13,23,30,62,69,42,8,COMPLETE
169,117241.59932189972,2025-08-06 16:24:13.112254,2025-08-06 16:24:49.123547,0 days 00:00:36.011293,11,19,13,23,30,62,76,20,32,COMPLETE
170,8077.612305289677,2025-08-06 16:24:15.716830,2025-08-06 16:24:52.369966,0 days 00:00:36.653136,11,17,13,23,30,62,50,231,32,COMPLETE
171,15236.854334203214,2025-08-06 16:24:25.461407,2025-08-06 16:25:00.828626,0 days 00:00:35.367219,11,17,13,23,30,62,101,20,32,COMPLETE
172,7137.073222101478,2025-08-06 16:24:32.171646,2025-08-06 16:25:11.982912,0 days 00:00:39.811266,11,17,13,33,28,68,88,95,23,COMPLETE
173,153747.49152701575,2025-08-06 16:24:49.208712,2025-08-06 16:25:26.393725,0 days 00:00:37.185013,5,17,13,25,28,68,55,22,22,COMPLETE
174,194851.60442725322,2025-08-06 16:24:52.408176,2025-08-06 16:25:29.684927,0 days 00:00:37.276751,5,17,14,24,28,66,86,27,19,COMPLETE
175,359479.90642121935,2025-08-06 16:25:01.001857,2025-08-06 16:25:36.482321,0 days 00:00:35.480464,5,9,14,24,28,68,87,10,23,COMPLETE
176,64631.22793192208,2025-08-06 16:25:12.025778,2025-08-06 16:25:47.311618,0 days 00:00:35.285840,5,9,14,24,28,65,87,27,6,COMPLETE
177,318675.66277464136,2025-08-06 16:25:26.446571,2025-08-06 16:26:01.922177,0 days 00:00:35.475606,5,18,14,25,27,68,53,10,26,COMPLETE
178,376354.64431502146,2025-08-06 16:25:29.707512,2025-08-06 16:26:06.368775,0 days 00:00:36.661263,5,12,14,25,27,70,84,27,20,COMPLETE
179,28248.594459532553,2025-08-06 16:25:36.493967,2025-08-06 16:26:11.836338,0 days 00:00:35.342371,5,18,14,25,27,66,188,10,21,COMPLETE
180,52764.41338767895,2025-08-06 16:25:47.365638,2025-08-06 16:26:21.446354,0 days 00:00:34.080716,5,8,13,25,27,68,46,31,20,COMPLETE
181,-inf,2025-08-06 16:26:01.949637,2025-08-06 16:26:03.756604,0 days 00:00:01.806967,72,18,14,25,27,68,43,13,22,COMPLETE
182,284821.9376966216,2025-08-06 16:26:03.768594,2025-08-06 16:26:40.485723,0 days 00:00:36.717129,5,9,14,25,27,69,53,20,26,COMPLETE
183,366840.6242813844,2025-08-06 16:26:06.419080,2025-08-06 16:26:42.360272,0 days 00:00:35.941192,5,8,14,25,27,69,55,10,25,COMPLETE
184,91687.89836130667,2025-08-06 16:26:11.874434,2025-08-06 16:26:47.871606,0 days 00:00:35.997172,5,8,14,25,27,69,59,20,26,COMPLETE
185,7478.270281026815,2025-08-06 16:26:21.488018,2025-08-06 16:26:58.210417,0 days 00:00:36.722399,8,11,14,24,28,69,118,20,17,COMPLETE
186,81056.23685031952,2025-08-06 16:26:40.554021,2025-08-06 16:27:19.683612,0 days 00:00:39.129591,8,10,14,25,27,69,61,19,26,COMPLETE
187,220790.29384238756,2025-08-06 16:26:42.412838,2025-08-06 16:27:20.023864,0 days 00:00:37.611026,8,10,14,28,27,70,47,10,26,COMPLETE
188,189407.23071595255,2025-08-06 16:26:47.893654,2025-08-06 16:27:24.016322,0 days 00:00:36.122668,8,10,14,27,27,69,52,10,26,COMPLETE
189,33907.95878453148,2025-08-06 16:26:58.264397,2025-08-06 16:27:32.418939,0 days 00:00:34.154542,8,9,14,27,27,70,34,15,26,COMPLETE
190,158842.04820418486,2025-08-06 16:27:19.715154,2025-08-06 16:27:55.671072,0 days 00:00:35.955918,7,9,15,27,26,70,54,10,27,COMPLETE
191,95029.31318616253,2025-08-06 16:27:20.041668,2025-08-06 16:27:57.723631,0 days 00:00:37.681963,6,7,15,27,26,70,48,11,24,COMPLETE
192,111148.34679069617,2025-08-06 16:27:24.030108,2025-08-06 16:28:01.926545,0 days 00:00:37.896437,7,9,15,28,26,70,47,11,27,COMPLETE
193,271188.8639505683,2025-08-06 16:27:32.435473,2025-08-06 16:28:09.248802,0 days 00:00:36.813329,6,10,15,29,26,70,50,11,28,COMPLETE
194,84957.74831832838,2025-08-06 16:27:55.744340,2025-08-06 16:28:33.734488,0 days 00:00:37.990148,6,10,14,29,26,67,47,11,25,COMPLETE
195,174084.48036404926,2025-08-06 16:27:57.776956,2025-08-06 16:28:34.560532,0 days 00:00:36.783576,5,11,14,28,27,67,53,16,25,COMPLETE
196,29972.655145818902,2025-08-06 16:28:01.986200,2025-08-06 16:28:38.608999,0 days 00:00:36.622799,5,10,14,28,27,67,37,17,25,COMPLETE
197,244112.12811684923,2025-08-06 16:28:09.297454,2025-08-06 16:28:43.835202,0 days 00:00:34.537748,5,10,14,26,27,68,52,10,25,COMPLETE
198,35897.070677676566,2025-08-06 16:28:33.772816,2025-08-06 16:29:10.417327,0 days 00:00:36.644511,9,10,14,29,27,69,39,17,28,COMPLETE
199,23698.843213459528,2025-08-06 16:28:34.599690,2025-08-06 16:29:12.409551,0 days 00:00:37.809861,9,12,15,30,27,69,54,16,28,COMPLETE
200,28796.06980897774,2025-08-06 16:28:38.615824,2025-08-06 16:29:14.730505,0 days 00:00:36.114681,9,11,15,28,27,69,54,10,28,COMPLETE
201,47219.499736706464,2025-08-06 16:28:43.913669,2025-08-06 16:29:20.750739,0 days 00:00:36.837070,9,11,15,29,25,69,53,17,28,COMPLETE
202,40611.740955956964,2025-08-06 16:29:10.473378,2025-08-06 16:29:46.785297,0 days 00:00:36.311919,9,11,15,30,27,68,52,10,24,COMPLETE
203,55946.84229318381,2025-08-06 16:29:12.459732,2025-08-06 16:29:49.573744,0 days 00:00:37.114012,7,11,15,30,25,68,51,10,24,COMPLETE
204,96744.88666526646,2025-08-06 16:29:14.737975,2025-08-06 16:29:50.378405,0 days 00:00:35.640430,6,11,14,27,21,68,51,10,24,COMPLETE
205,71850.47160477532,2025-08-06 16:29:20.844209,2025-08-06 16:29:57.353232,0 days 00:00:36.509023,7,10,14,30,28,68,51,26,24,COMPLETE
206,56277.09009428876,2025-08-06 16:29:46.807795,2025-08-06 16:30:22.311265,0 days 00:00:35.503470,6,10,14,26,28,68,65,26,24,COMPLETE
207,57533.001036149304,2025-08-06 16:29:49.611212,2025-08-06 16:30:25.669016,0 days 00:00:36.057804,5,10,14,27,28,68,44,26,23,COMPLETE
208,112532.8814533612,2025-08-06 16:29:50.386041,2025-08-06 16:30:27.208155,0 days 00:00:36.822114,5,10,14,26,28,67,58,27,17,COMPLETE
209,88006.74935550116,2025-08-06 16:29:57.407458,2025-08-06 16:30:33.852751,0 days 00:00:36.445293,5,9,14,26,28,67,57,23,23,COMPLETE
210,63122.11772733259,2025-08-06 16:30:22.412230,2025-08-06 16:30:57.685317,0 days 00:00:35.273087,5,9,14,26,26,67,43,19,23,COMPLETE
211,25358.551414876645,2025-08-06 16:30:25.685979,2025-08-06 16:31:01.448614,0 days 00:00:35.762635,5,9,14,26,26,66,40,20,19,COMPLETE
212,131793.8662117059,2025-08-06 16:30:27.243109,2025-08-06 16:31:02.451994,0 days 00:00:35.208885,7,9,13,26,26,66,59,19,13,COMPLETE
213,19987.850969037216,2025-08-06 16:30:33.899868,2025-08-06 16:31:11.049611,0 days 00:00:37.149743,7,8,13,26,26,70,63,189,20,COMPLETE
214,95514.18895293564,2025-08-06 16:30:57.707752,2025-08-06 16:31:34.107203,0 days 00:00:36.399451,7,8,14,24,27,66,83,17,20,COMPLETE
215,120021.73827507284,2025-08-06 16:31:01.557731,2025-08-06 16:31:38.794082,0 days 00:00:37.236351,7,8,13,28,27,70,84,15,13,COMPLETE
216,18893.586915104457,2025-08-06 16:31:02.471763,2025-08-06 16:31:38.133119,0 days 00:00:35.661356,7,8,14,28,27,70,83,169,25,COMPLETE
217,94550.89943857887,2025-08-06 16:31:11.056148,2025-08-06 16:31:45.170633,0 days 00:00:34.114485,8,6,14,28,27,70,94,14,25,COMPLETE
218,139679.37451027424,2025-08-06 16:31:34.140196,2025-08-06 16:32:09.063923,0 days 00:00:34.923727,8,6,14,28,27,70,95,15,26,COMPLETE
219,94892.70970693692,2025-08-06 16:31:38.155226,2025-08-06 16:32:13.586884,0 days 00:00:35.431658,8,12,13,24,27,69,94,15,27,COMPLETE
220,99206.36097228769,2025-08-06 16:31:38.800407,2025-08-06 16:32:14.359743,0 days 00:00:35.559336,5,12,14,24,27,65,94,33,26,COMPLETE
221,1898.4338239059043,2025-08-06 16:31:45.213885,2025-08-06 16:32:21.710962,0 days 00:00:36.497077,27,12,14,24,28,63,89,32,26,COMPLETE
222,81773.94088419092,2025-08-06 16:32:09.085462,2025-08-06 16:32:44.524902,0 days 00:00:35.439440,5,12,13,24,28,63,100,32,27,COMPLETE
223,62800.93608629279,2025-08-06 16:32:13.604107,2025-08-06 16:32:48.889134,0 days 00:00:35.285027,5,10,15,25,28,63,101,31,26,COMPLETE
224,109628.42340007854,2025-08-06 16:32:14.379409,2025-08-06 16:32:49.638214,0 days 00:00:35.258805,5,13,14,25,29,65,101,22,22,COMPLETE
225,86624.38687960622,2025-08-06 16:32:21.764388,2025-08-06 16:32:58.421401,0 days 00:00:36.657013,5,11,14,25,29,65,48,22,27,COMPLETE
226,104700.10936403598,2025-08-06 16:32:44.547323,2025-08-06 16:33:21.393439,0 days 00:00:36.846116,5,13,14,22,29,65,125,22,21,COMPLETE
227,50510.76042990179,2025-08-06 16:32:48.928211,2025-08-06 16:33:26.127061,0 days 00:00:37.198850,6,10,14,25,29,65,48,23,22,COMPLETE
228,1408.9510086872328,2025-08-06 16:32:49.660385,2025-08-06 16:33:26.651980,0 days 00:00:36.991595,6,10,14,22,8,65,49,21,21,COMPLETE
229,40454.77453116411,2025-08-06 16:32:58.427634,2025-08-06 16:33:31.605107,0 days 00:00:33.177473,6,10,14,22,29,69,107,21,16,COMPLETE
230,99699.39718803579,2025-08-06 16:33:21.483881,2025-08-06 16:33:58.388462,0 days 00:00:36.904581,7,10,14,22,29,69,108,16,25,COMPLETE
231,68099.61515127441,2025-08-06 16:33:26.159629,2025-08-06 16:34:02.843602,0 days 00:00:36.683973,7,19,13,23,28,69,78,16,16,COMPLETE
232,10280.557987359292,2025-08-06 16:33:26.653724,2025-08-06 16:34:03.936191,0 days 00:00:37.282467,10,19,15,23,28,69,79,14,16,COMPLETE
233,44165.742537719,2025-08-06 16:33:31.617030,2025-08-06 16:34:07.896268,0 days 00:00:36.279238,8,19,13,23,28,66,30,15,25,COMPLETE
234,175937.81049603526,2025-08-06 16:33:58.410625,2025-08-06 16:34:34.191782,0 days 00:00:35.781157,7,9,15,27,26,70,55,10,29,COMPLETE
235,59002.40742840634,2025-08-06 16:34:02.915588,2025-08-06 16:34:39.819785,0 days 00:00:36.904197,10,9,15,27,19,70,57,10,27,COMPLETE
236,63249.0462035562,2025-08-06 16:34:03.959347,2025-08-06 16:34:39.673461,0 days 00:00:35.714114,8,9,15,27,26,70,54,11,29,COMPLETE
237,123468.96567142509,2025-08-06 16:34:07.909216,2025-08-06 16:34:43.894366,0 days 00:00:35.985150,7,9,15,27,26,70,55,11,27,COMPLETE
238,30589.123612343952,2025-08-06 16:34:34.267564,2025-08-06 16:35:10.964241,0 days 00:00:36.696677,9,9,15,27,25,64,56,11,27,COMPLETE
239,79380.51079193117,2025-08-06 16:34:39.702054,2025-08-06 16:35:16.303867,0 days 00:00:36.601813,6,9,15,27,16,68,61,10,29,COMPLETE
240,39976.31070401834,2025-08-06 16:34:39.832939,2025-08-06 16:35:16.297527,0 days 00:00:36.464588,6,7,15,21,25,64,62,26,25,COMPLETE
241,48288.180200255476,2025-08-06 16:34:43.912818,2025-08-06 16:35:20.721048,0 days 00:00:36.808230,6,18,14,24,27,68,66,26,29,COMPLETE
242,40805.391765132656,2025-08-06 16:35:10.975931,2025-08-06 16:35:49.119455,0 days 00:00:38.143524,6,18,14,21,27,68,63,27,29,COMPLETE
243,8183.49444005145,2025-08-06 16:35:16.354193,2025-08-06 16:35:58.679968,0 days 00:00:42.325775,5,18,14,26,26,69,166,18,19,COMPLETE
244,388863.83184038964,2025-08-06 16:35:16.397570,2025-08-06 16:35:57.132740,0 days 00:00:40.735170,5,18,14,26,26,69,87,18,30,COMPLETE
245,64593.40496198693,2025-08-06 16:35:20.747959,2025-08-06 16:35:59.416457,0 days 00:00:38.668498,5,19,14,33,26,69,51,18,26,COMPLETE
246,476425.7056169765,2025-08-06 16:35:49.156738,2025-08-06 16:36:22.938872,0 days 00:00:33.782134,5,10,16,33,23,69,87,18,35,COMPLETE
247,630106.5600083956,2025-08-06 16:35:57.260866,2025-08-06 16:36:34.589475,0 days 00:00:37.328609,5,18,14,33,26,69,88,19,31,COMPLETE
248,398662.7648983079,2025-08-06 16:35:58.728471,2025-08-06 16:36:36.726507,0 days 00:00:37.998036,5,19,14,25,27,67,87,19,30,COMPLETE
249,55986.30984123822,2025-08-06 16:35:59.428464,2025-08-06 16:36:37.081717,0 days 00:00:37.653253,8,18,13,45,27,67,90,21,30,COMPLETE
250,32075.548174074476,2025-08-06 16:36:22.991371,2025-08-06 16:36:59.059294,0 days 00:00:36.067923,8,10,16,32,27,67,91,20,34,COMPLETE
251,-inf,2025-08-06 16:36:34.674367,2025-08-06 16:37:12.734820,0 days 00:00:38.060453,8,10,13,33,25,30,83,19,33,COMPLETE
252,186331.5286890879,2025-08-06 16:36:36.759501,2025-08-06 16:37:13.665392,0 days 00:00:36.905891,8,10,16,25,25,69,86,23,30,COMPLETE
253,488810.2148115619,2025-08-06 16:36:37.111773,2025-08-06 16:37:14.370165,0 days 00:00:37.258392,7,10,16,34,24,69,88,10,30,COMPLETE
254,615165.2232766136,2025-08-06 16:36:59.188103,2025-08-06 16:37:34.105413,0 days 00:00:34.917310,5,11,14,35,24,69,87,28,31,COMPLETE
255,402554.49347597634,2025-08-06 16:37:12.783213,2025-08-06 16:37:50.689505,0 days 00:00:37.906292,5,11,14,35,23,69,87,10,28,COMPLETE
256,484601.758738972,2025-08-06 16:37:13.735922,2025-08-06 16:37:51.183626,0 days 00:00:37.447704,7,10,16,34,24,69,87,28,31,COMPLETE
257,18602.942041164628,2025-08-06 16:37:14.387729,2025-08-06 16:37:50.165529,0 days 00:00:35.777800,37,10,16,34,24,69,87,10,30,COMPLETE
258,52359.888871227806,2025-08-06 16:37:34.142567,2025-08-06 16:38:06.412563,0 days 00:00:32.269996,10,11,16,33,24,69,87,27,32,COMPLETE
259,5089.30608539839,2025-08-06 16:37:50.182473,2025-08-06 16:38:24.121924,0 days 00:00:33.939451,47,11,16,35,24,69,88,28,32,COMPLETE
260,36754.544071692115,2025-08-06 16:37:50.720920,2025-08-06 16:38:26.905889,0 days 00:00:36.184969,10,11,17,35,23,69,86,26,31,COMPLETE
261,452945.3644363025,2025-08-06 16:37:51.224163,2025-08-06 16:38:27.185631,0 days 00:00:35.961468,7,11,14,34,23,69,88,28,32,COMPLETE
262,75553.35421456785,2025-08-06 16:38:06.434914,2025-08-06 16:38:42.562960,0 days 00:00:36.128046,7,11,16,34,23,68,81,37,31,COMPLETE
263,70750.06559488738,2025-08-06 16:38:24.216863,2025-08-06 16:38:58.052986,0 days 00:00:33.836123,7,10,17,36,23,68,80,37,35,COMPLETE
264,60560.44601431486,2025-08-06 16:38:26.939857,2025-08-06 16:39:02.948735,0 days 00:00:36.008878,7,10,16,34,23,68,79,39,31,COMPLETE
265,62208.28314806191,2025-08-06 16:38:27.210369,2025-08-06 16:39:03.633448,0 days 00:00:36.423079,7,11,16,36,25,68,82,42,31,COMPLETE
266,180841.51605721837,2025-08-06 16:38:42.575672,2025-08-06 16:39:17.840027,0 days 00:00:35.264355,5,11,16,34,24,70,90,40,31,COMPLETE
267,169768.6400163995,2025-08-06 16:38:58.085523,2025-08-06 16:39:34.639957,0 days 00:00:36.554434,5,11,16,34,22,70,90,41,31,COMPLETE
268,82373.7655347734,2025-08-06 16:39:02.965598,2025-08-06 16:39:37.950440,0 days 00:00:34.984842,5,11,14,34,24,70,90,107,31,COMPLETE
269,279929.8827685512,2025-08-06 16:39:03.641435,2025-08-06 16:39:39.602562,0 days 00:00:35.961127,5,11,14,34,22,70,90,30,30,COMPLETE
270,201892.68580992628,2025-08-06 16:39:17.871154,2025-08-06 16:39:53.105427,0 days 00:00:35.234273,5,10,14,37,22,70,86,29,33,COMPLETE
271,198513.1668304563,2025-08-06 16:39:34.656639,2025-08-06 16:40:12.826218,0 days 00:00:38.169579,5,12,14,32,24,70,85,30,30,COMPLETE
272,61166.563878774985,2025-08-06 16:39:37.962464,2025-08-06 16:40:15.233970,0 days 00:00:37.271506,9,10,14,35,22,69,85,31,33,COMPLETE
273,-inf,2025-08-06 16:39:39.615417,2025-08-06 16:40:16.493376,0 days 00:00:36.877959,55,12,14,32,23,36,96,31,33,COMPLETE
274,26300.015781459228,2025-08-06 16:39:53.149253,2025-08-06 16:40:28.187395,0 days 00:00:35.038142,9,12,14,35,24,69,94,16,30,COMPLETE
275,22448.391881789692,2025-08-06 16:40:12.848155,2025-08-06 16:40:50.301497,0 days 00:00:37.453342,9,11,14,35,22,69,96,17,33,COMPLETE
276,-inf,2025-08-06 16:40:15.272983,2025-08-06 16:40:52.379618,0 days 00:00:37.106635,7,12,14,35,23,35,96,16,29,COMPLETE
277,65104.99725787322,2025-08-06 16:40:16.518023,2025-08-06 16:40:52.931357,0 days 00:00:36.413334,7,11,17,36,23,69,93,16,30,COMPLETE
278,231595.4317231989,2025-08-06 16:40:28.193981,2025-08-06 16:41:02.812281,0 days 00:00:34.618300,7,11,15,33,23,70,73,18,29,COMPLETE
279,132435.530191766,2025-08-06 16:40:50.323774,2025-08-06 16:41:27.215874,0 days 00:00:36.892100,7,20,15,33,22,70,75,22,28,COMPLETE
280,67205.56932144727,2025-08-06 16:40:52.392580,2025-08-06 16:41:29.025851,0 days 00:00:36.633271,6,20,15,34,22,68,75,20,28,COMPLETE
281,27183.920967752903,2025-08-06 16:40:52.955352,2025-08-06 16:41:29.087429,0 days 00:00:36.132077,32,10,15,33,22,68,73,22,28,COMPLETE
282,18467.53723688577,2025-08-06 16:41:02.866899,2025-08-06 16:41:36.298636,0 days 00:00:33.431737,32,11,15,33,22,70,72,136,28,COMPLETE
283,-inf,2025-08-06 16:41:27.274289,2025-08-06 16:42:05.578222,0 days 00:00:38.303933,6,11,15,34,23,45,71,22,28,COMPLETE
284,41081.6451145468,2025-08-06 16:41:29.093640,2025-08-06 16:42:07.361465,0 days 00:00:38.267825,10,11,15,32,24,70,80,15,29,COMPLETE
285,57019.911559572,2025-08-06 16:41:29.101882,2025-08-06 16:42:05.803940,0 days 00:00:36.702058,11,11,15,33,23,70,82,10,29,COMPLETE
286,-inf,2025-08-06 16:41:36.310807,2025-08-06 16:42:11.388658,0 days 00:00:35.077851,11,11,15,31,23,45,81,10,36,COMPLETE
287,127296.19762466913,2025-08-06 16:42:05.585053,2025-08-06 16:42:41.098067,0 days 00:00:35.513014,11,10,14,32,24,70,80,14,30,COMPLETE
288,40787.38580272061,2025-08-06 16:42:05.842276,2025-08-06 16:42:41.784052,0 days 00:00:35.941776,9,10,14,34,24,70,80,10,32,COMPLETE
289,73700.84651354306,2025-08-06 16:42:07.379076,2025-08-06 16:42:43.097613,0 days 00:00:35.718537,9,10,14,31,23,69,89,10,30,COMPLETE
290,255168.39672788125,2025-08-06 16:42:11.389915,2025-08-06 16:42:47.090102,0 days 00:00:35.700187,8,10,14,36,24,68,84,15,30,COMPLETE
291,25263.68707083923,2025-08-06 16:42:41.099531,2025-08-06 16:43:17.144695,0 days 00:00:36.045164,42,10,14,37,24,69,90,77,32,COMPLETE
292,159355.8195326781,2025-08-06 16:42:41.815798,2025-08-06 16:43:17.028577,0 days 00:00:35.212779,7,10,11,31,23,68,89,25,30,COMPLETE
293,19522.334629124234,2025-08-06 16:42:43.110368,2025-08-06 16:43:20.232739,0 days 00:00:37.122371,6,8,17,36,25,68,89,268,31,COMPLETE
294,272089.1967729504,2025-08-06 16:42:47.144149,2025-08-06 16:43:22.855771,0 days 00:00:35.711622,6,8,14,37,21,68,89,25,31,COMPLETE
295,175709.20902122202,2025-08-06 16:43:17.074989,2025-08-06 16:43:54.223929,0 days 00:00:37.148940,6,8,14,37,25,68,87,34,31,COMPLETE
296,153397.8401931674,2025-08-06 16:43:17.156657,2025-08-06 16:43:53.848541,0 days 00:00:36.691884,6,11,14,36,25,68,88,35,29,COMPLETE
297,149905.786333219,2025-08-06 16:43:20.265046,2025-08-06 16:43:56.763510,0 days 00:00:36.498464,5,13,16,35,25,68,85,34,30,COMPLETE
298,104380.24744089818,2025-08-06 16:43:22.894959,2025-08-06 16:43:58.963187,0 days 00:00:36.068228,5,7,14,37,22,68,99,31,32,COMPLETE
299,157651.13575660557,2025-08-06 16:43:53.896916,2025-08-06 16:44:29.667928,0 days 00:00:35.771012,5,7,14,37,24,67,98,26,35,COMPLETE
300,29659.601485209,2025-08-06 16:43:54.278227,2025-08-06 16:44:30.535385,0 days 00:00:36.257158,5,7,14,38,21,67,93,151,32,COMPLETE
301,269240.93044093077,2025-08-06 16:43:56.764359,2025-08-06 16:44:32.235261,0 days 00:00:35.470902,5,8,14,37,21,67,93,25,32,COMPLETE
302,14196.699300790277,2025-08-06 16:43:58.986023,2025-08-06 16:44:34.686706,0 days 00:00:35.700683,8,8,14,36,21,67,93,24,34,COMPLETE
303,11212.39972720823,2025-08-06 16:44:29.751911,2025-08-06 16:45:10.587638,0 days 00:00:40.835727,8,8,14,35,17,67,93,23,31,COMPLETE
304,294449.25170621095,2025-08-06 16:44:30.600701,2025-08-06 16:45:11.298597,0 days 00:00:40.697896,8,8,14,38,24,69,85,22,31,COMPLETE
305,233529.99522579944,2025-08-06 16:44:32.245411,2025-08-06 16:45:11.951569,0 days 00:00:39.706158,8,8,8,36,20,69,84,25,34,COMPLETE
306,147139.9742995845,2025-08-06 16:44:34.688901,2025-08-06 16:45:13.196857,0 days 00:00:38.507956,7,8,14,38,20,69,84,25,12,COMPLETE
307,-inf,2025-08-06 16:45:10.671970,2025-08-06 16:45:48.399071,0 days 00:00:37.727101,7,8,7,36,21,48,84,28,31,COMPLETE
308,17867.031322579212,2025-08-06 16:45:11.321203,2025-08-06 16:45:48.643958,0 days 00:00:37.322755,23,8,14,38,21,69,87,30,31,COMPLETE
309,520796.9871324434,2025-08-06 16:45:11.984195,2025-08-06 16:45:49.084423,0 days 00:00:37.100228,7,8,14,37,20,69,84,28,32,COMPLETE
310,96208.13679821117,2025-08-06 16:45:13.198238,2025-08-06 16:45:50.159566,0 days 00:00:36.961328,7,8,18,37,21,69,98,30,32,COMPLETE
311,5742.926181840134,2025-08-06 16:45:48.442418,2025-08-06 16:46:25.287042,0 days 00:00:36.844624,6,9,14,39,21,69,199,17,33,COMPLETE
312,59930.06974449261,2025-08-06 16:45:48.670996,2025-08-06 16:46:25.018038,0 days 00:00:36.347042,6,9,16,38,23,69,98,18,32,COMPLETE
313,67521.28785374817,2025-08-06 16:45:49.125172,2025-08-06 16:46:27.085366,0 days 00:00:37.960194,6,8,16,38,20,69,91,39,32,COMPLETE
314,8846.77488954332,2025-08-06 16:45:50.162931,2025-08-06 16:46:26.831820,0 days 00:00:36.668889,5,8,14,39,20,69,201,35,33,COMPLETE
315,9332.982834228786,2025-08-06 16:46:25.146062,2025-08-06 16:47:01.008855,0 days 00:00:35.862793,5,8,15,39,20,69,78,214,30,COMPLETE
316,146021.22184428343,2025-08-06 16:46:25.320275,2025-08-06 16:47:00.146762,0 days 00:00:34.826487,5,8,14,39,19,70,93,39,33,COMPLETE
317,158055.80913696127,2025-08-06 16:46:26.846147,2025-08-06 16:47:03.068626,0 days 00:00:36.222479,5,8,15,39,22,68,77,39,30,COMPLETE
318,147684.4347083665,2025-08-06 16:46:27.086772,2025-08-06 16:47:03.715641,0 days 00:00:36.628869,5,7,15,40,22,70,78,21,30,COMPLETE
319,43614.829627930674,2025-08-06 16:47:00.220407,2025-08-06 16:47:36.369985,0 days 00:00:36.149578,9,9,15,34,21,68,78,48,37,COMPLETE
320,25871.498741593365,2025-08-06 16:47:01.021275,2025-08-06 16:47:35.764537,0 days 00:00:34.743262,9,8,17,35,22,67,90,46,38,COMPLETE
321,26090.3840910351,2025-08-06 16:47:03.096958,2025-08-06 16:47:39.722310,0 days 00:00:36.625352,9,9,14,34,21,67,104,47,37,COMPLETE
322,43036.931983152455,2025-08-06 16:47:03.717782,2025-08-06 16:47:40.328706,0 days 00:00:36.610924,9,9,14,34,21,67,90,28,37,COMPLETE
323,19233.903994230932,2025-08-06 16:47:35.844895,2025-08-06 16:48:11.856742,0 days 00:00:36.011847,7,9,14,34,21,68,102,90,31,COMPLETE
324,20702.797984014767,2025-08-06 16:47:36.424889,2025-08-06 16:48:13.001753,0 days 00:00:36.576864,7,12,14,34,23,57,88,29,31,COMPLETE
325,37763.67338631042,2025-08-06 16:47:39.734223,2025-08-06 16:48:16.246415,0 days 00:00:36.512192,7,7,13,34,18,70,89,242,31,COMPLETE
326,243566.26538856982,2025-08-06 16:47:40.330046,2025-08-06 16:48:17.013588,0 days 00:00:36.683542,7,12,13,16,24,70,86,20,35,COMPLETE
327,368116.08271258994,2025-08-06 16:48:11.926773,2025-08-06 16:48:48.944344,0 days 00:00:37.017571,7,13,13,37,23,70,87,21,35,COMPLETE
328,389791.8731123273,2025-08-06 16:48:13.078034,2025-08-06 16:48:50.540219,0 days 00:00:37.462185,7,7,13,16,24,70,84,20,29,COMPLETE
329,170108.22774734304,2025-08-06 16:48:16.268370,2025-08-06 16:48:53.691703,0 days 00:00:37.423333,7,19,13,37,26,69,83,20,29,COMPLETE
330,170640.5892118933,2025-08-06 16:48:17.015446,2025-08-06 16:48:53.559589,0 days 00:00:36.544143,5,13,14,37,26,69,83,16,29,COMPLETE
331,126229.68127792746,2025-08-06 16:48:48.997707,2025-08-06 16:49:25.669946,0 days 00:00:36.672239,5,19,12,37,23,69,83,23,35,COMPLETE
332,110835.49137438589,2025-08-06 16:48:50.558396,2025-08-06 16:49:28.063400,0 days 00:00:37.505004,7,6,12,37,24,69,82,21,29,COMPLETE
333,85580.79531463874,2025-08-06 16:48:53.566199,2025-08-06 16:49:30.832622,0 days 00:00:37.266423,7,7,12,37,23,69,82,23,29,COMPLETE
334,129095.66368606723,2025-08-06 16:48:53.695598,2025-08-06 16:49:30.836368,0 days 00:00:37.140770,8,6,12,33,23,68,95,23,28,COMPLETE
335,98043.202098684,2025-08-06 16:49:25.723987,2025-08-06 16:50:01.498995,0 days 00:00:35.775008,7,8,12,35,23,68,98,15,28,COMPLETE
336,22289.206423600568,2025-08-06 16:49:28.090386,2025-08-06 16:50:01.085318,0 days 00:00:32.994932,10,7,13,40,24,68,95,32,28,COMPLETE
337,16058.788853978562,2025-08-06 16:49:30.833547,2025-08-06 16:50:06.193725,0 days 00:00:35.360178,10,9,13,33,24,68,96,32,27,COMPLETE
338,152156.0245951517,2025-08-06 16:49:30.841930,2025-08-06 16:50:06.958485,0 days 00:00:36.116555,10,7,20,38,24,68,92,33,32,COMPLETE
339,63007.5129366425,2025-08-06 16:50:01.112767,2025-08-06 16:50:37.303188,0 days 00:00:36.190421,6,7,13,35,25,70,92,15,34,COMPLETE
340,6245.023057372858,2025-08-06 16:50:01.521276,2025-08-06 16:50:36.486723,0 days 00:00:34.965447,51,7,13,38,25,70,92,15,34,COMPLETE
341,91724.29013991615,2025-08-06 16:50:06.225096,2025-08-06 16:50:42.656446,0 days 00:00:36.431350,6,7,13,38,25,70,91,15,32,COMPLETE
342,12759.274978068444,2025-08-06 16:50:06.992415,2025-08-06 16:50:43.013177,0 days 00:00:36.020762,58,5,13,35,22,70,86,18,34,COMPLETE
343,81159.55392904166,2025-08-06 16:50:36.508868,2025-08-06 16:51:15.578231,0 days 00:00:39.069363,6,5,13,35,14,70,87,17,30,COMPLETE
344,290598.6271933593,2025-08-06 16:50:37.310424,2025-08-06 16:51:15.067457,0 days 00:00:37.757033,5,8,16,32,22,67,86,28,31,COMPLETE
345,279255.637336965,2025-08-06 16:50:42.673673,2025-08-06 16:51:19.261499,0 days 00:00:36.587826,5,9,16,32,24,67,86,27,31,COMPLETE
346,277977.79460425396,2025-08-06 16:50:43.014889,2025-08-06 16:51:19.986945,0 days 00:00:36.972056,5,9,16,32,22,67,86,27,30,COMPLETE
347,355.73622449800746,2025-08-06 16:51:15.110425,2025-08-06 16:51:48.812275,0 days 00:00:33.701850,13,9,16,31,22,52,79,29,30,COMPLETE
348,52785.50443084516,2025-08-06 16:51:15.609977,2025-08-06 16:51:50.557766,0 days 00:00:34.947789,8,9,16,33,22,66,76,27,30,COMPLETE
349,47137.88572294981,2025-08-06 16:51:19.279124,2025-08-06 16:51:54.942375,0 days 00:00:35.663251,8,9,16,32,22,66,80,36,31,COMPLETE
350,127640.29393676406,2025-08-06 16:51:20.029363,2025-08-06 16:51:56.247313,0 days 00:00:36.217950,5,9,16,32,23,67,78,36,30,COMPLETE
351,127640.29393676406,2025-08-06 16:51:48.844875,2025-08-06 16:52:22.901424,0 days 00:00:34.056549,5,9,16,32,24,67,78,36,30,COMPLETE
352,173889.1523451977,2025-08-06 16:51:50.569555,2025-08-06 16:52:25.823063,0 days 00:00:35.253508,5,9,16,32,24,67,81,34,31,COMPLETE
353,272042.3390031978,2025-08-06 16:51:54.959888,2025-08-06 16:52:32.094841,0 days 00:00:37.134953,5,9,17,32,24,67,84,33,30,COMPLETE
354,116527.6927061913,2025-08-06 16:51:56.253931,2025-08-06 16:52:32.844623,0 days 00:00:36.590692,5,20,16,31,24,66,86,29,33,COMPLETE
355,198586.91192750452,2025-08-06 16:52:22.913702,2025-08-06 16:52:59.165986,0 days 00:00:36.252284,5,9,17,42,24,67,82,28,33,COMPLETE
356,36789.30420581572,2025-08-06 16:52:25.866360,2025-08-06 16:53:00.204566,0 days 00:00:34.338206,8,20,17,31,23,66,86,29,33,COMPLETE
357,146491.59284349275,2025-08-06 16:52:32.170845,2025-08-06 16:53:07.640273,0 days 00:00:35.469428,8,20,16,31,23,66,85,27,39,COMPLETE
358,1452.3940820292526,2025-08-06 16:52:32.867816,2025-08-06 16:53:09.043772,0 days 00:00:36.175956,8,19,17,33,23,55,69,42,29,COMPLETE
359,293285.07941331994,2025-08-06 16:52:59.214535,2025-08-06 16:53:37.350738,0 days 00:00:38.136203,8,12,17,33,23,66,86,21,29,COMPLETE
360,206095.4519190869,2025-08-06 16:53:00.221121,2025-08-06 16:53:36.089647,0 days 00:00:35.868526,7,12,16,33,23,69,71,21,18,COMPLETE
361,119543.55458024894,2025-08-06 16:53:07.687205,2025-08-06 16:53:43.136094,0 days 00:00:35.448889,7,19,16,33,23,69,88,42,29,COMPLETE
362,26306.425484769115,2025-08-06 16:53:09.083161,2025-08-06 16:53:43.054784,0 days 00:00:33.971623,7,18,16,33,11,69,88,21,31,COMPLETE
363,136727.48211133434,2025-08-06 16:53:36.179456,2025-08-06 16:54:13.777912,0 days 00:00:37.598456,7,18,16,25,25,68,87,21,14,COMPLETE
364,17690.32331814007,2025-08-06 16:53:37.423284,2025-08-06 16:54:13.872911,0 days 00:00:36.449627,12,11,18,34,25,68,90,10,27,COMPLETE
365,255331.88503483383,2025-08-06 16:53:43.100075,2025-08-06 16:54:18.694346,0 days 00:00:35.594271,9,12,17,34,25,68,74,16,28,COMPLETE
366,183515.07978050114,2025-08-06 16:53:43.179891,2025-08-06 16:54:19.072278,0 days 00:00:35.892387,11,12,15,34,25,68,75,15,27,COMPLETE
367,228031.5379414427,2025-08-06 16:54:13.810486,2025-08-06 16:54:48.858219,0 days 00:00:35.047733,10,12,17,34,24,68,75,15,27,COMPLETE
368,-inf,2025-08-06 16:54:13.895076,2025-08-06 16:54:49.447634,0 days 00:00:35.552558,73,12,17,25,24,33,75,16,27,COMPLETE
369,16001.130674421682,2025-08-06 16:54:18.706581,2025-08-06 16:54:55.163632,0 days 00:00:36.457051,10,12,19,25,24,69,97,10,26,COMPLETE
370,23441.658800863323,2025-08-06 16:54:19.118666,2025-08-06 16:54:54.841940,0 days 00:00:35.723274,10,13,17,25,24,69,99,10,32,COMPLETE
371,42442.76893813781,2025-08-06 16:54:48.926312,2025-08-06 16:55:25.132094,0 days 00:00:36.205782,9,13,18,35,24,69,99,10,32,COMPLETE
372,47253.89760181229,2025-08-06 16:54:49.454157,2025-08-06 16:55:25.373264,0 days 00:00:35.919107,9,11,15,25,23,69,98,22,32,COMPLETE
373,41955.87494930829,2025-08-06 16:54:54.908130,2025-08-06 16:55:31.726865,0 days 00:00:36.818735,9,11,15,36,26,66,82,23,31,COMPLETE
374,128276.04815758686,2025-08-06 16:54:55.164641,2025-08-06 16:55:31.406528,0 days 00:00:36.241887,6,11,15,36,23,66,81,23,31,COMPLETE
375,117457.36611111356,2025-08-06 16:55:25.186963,2025-08-06 16:55:59.057651,0 days 00:00:33.870688,6,11,15,15,23,66,82,22,31,COMPLETE
376,131064.58777931957,2025-08-06 16:55:25.393051,2025-08-06 16:55:58.574239,0 days 00:00:33.181188,6,11,15,36,23,66,81,22,31,COMPLETE
377,42705.064211799,2025-08-06 16:55:31.433417,2025-08-06 16:56:04.937493,0 days 00:00:33.504076,6,19,13,33,19,67,92,21,40,COMPLETE
378,-inf,2025-08-06 16:55:31.771160,2025-08-06 16:55:35.468101,0 days 00:00:03.696941,7,18,11,15,23,70,91,19,29,COMPLETE
379,107089.27517376204,2025-08-06 16:55:35.512716,2025-08-06 16:56:08.846976,0 days 00:00:33.334260,6,19,14,33,22,70,93,26,29,COMPLETE
380,-inf,2025-08-06 16:55:58.580292,2025-08-06 16:56:34.990871,0 days 00:00:36.410579,5,19,14,33,26,40,93,27,40,COMPLETE
381,135890.38157706222,2025-08-06 16:55:59.101129,2025-08-06 16:56:35.206282,0 days 00:00:36.105153,5,19,14,24,26,70,92,30,40,COMPLETE
382,-inf,2025-08-06 16:56:04.966126,2025-08-06 16:56:40.549299,0 days 00:00:35.583173,8,8,14,17,26,40,146,29,24,COMPLETE
383,65224.254868453165,2025-08-06 16:56:08.858722,2025-08-06 16:56:42.679157,0 days 00:00:33.820435,8,8,14,24,25,68,85,120,24,COMPLETE
384,23534.461655776526,2025-08-06 16:56:35.028194,2025-08-06 16:57:13.414389,0 days 00:00:38.386195,8,8,14,24,24,68,86,124,23,COMPLETE
385,104883.49076418263,2025-08-06 16:56:35.218385,2025-08-06 16:57:12.278339,0 days 00:00:37.059954,8,8,13,24,25,69,87,16,36,COMPLETE
386,111673.76114044599,2025-08-06 16:56:40.563573,2025-08-06 16:57:16.654163,0 days 00:00:36.090590,8,8,13,24,18,68,86,16,36,COMPLETE
387,156791.67549081778,2025-08-06 16:56:42.793337,2025-08-06 16:57:18.905339,0 days 00:00:36.112002,7,8,13,35,24,69,104,16,28,COMPLETE
388,140443.66089614353,2025-08-06 16:57:12.295343,2025-08-06 16:57:45.651715,0 days 00:00:33.356372,7,18,18,40,24,69,104,16,28,COMPLETE
389,69192.01939509714,2025-08-06 16:57:13.442858,2025-08-06 16:57:48.723433,0 days 00:00:35.280575,5,6,13,34,18,69,78,35,28,COMPLETE
390,44738.57771649527,2025-08-06 16:57:16.682518,2025-08-06 16:57:52.677301,0 days 00:00:35.994783,5,18,14,40,30,69,67,38,28,COMPLETE
391,2488.6676409159068,2025-08-06 16:57:18.965843,2025-08-06 16:57:54.075784,0 days 00:00:35.109941,40,18,14,19,30,67,78,36,29,COMPLETE
392,104987.7881499297,2025-08-06 16:57:45.756097,2025-08-06 16:58:21.469225,0 days 00:00:35.713128,5,10,14,35,22,67,79,36,29,COMPLETE
393,12732.482479525028,2025-08-06 16:57:48.747119,2025-08-06 16:58:24.831808,0 days 00:00:36.084689,12,12,14,35,22,67,66,10,30,COMPLETE
394,214648.76332204387,2025-08-06 16:57:52.721448,2025-08-06 16:58:27.969429,0 days 00:00:35.247981,5,10,14,32,22,67,90,10,17,COMPLETE
395,17816.56314176337,2025-08-06 16:57:54.110329,2025-08-06 16:58:28.957009,0 days 00:00:34.846680,21,12,15,34,22,70,83,53,30,COMPLETE
396,16927.93053238048,2025-08-06 16:58:21.616889,2025-08-06 16:58:56.667711,0 days 00:00:35.050822,12,12,15,41,27,70,88,20,30,COMPLETE
397,21343.218556451076,2025-08-06 16:58:24.862641,2025-08-06 16:58:59.694541,0 days 00:00:34.831900,21,10,15,32,27,70,83,20,26,COMPLETE
398,223015.0536821807,2025-08-06 16:58:27.970769,2025-08-06 16:59:06.393021,0 days 00:00:38.422252,7,11,15,34,27,70,89,21,32,COMPLETE
399,14572.029645600182,2025-08-06 16:58:28.986816,2025-08-06 16:59:06.459740,0 days 00:00:37.472924,44,11,16,26,23,70,95,25,26,COMPLETE
400,51841.822006754286,2025-08-06 16:58:56.736209,2025-08-06 16:59:32.022545,0 days 00:00:35.286336,7,11,12,49,23,68,96,26,26,COMPLETE
401,35657.574342460786,2025-08-06 16:58:59.746604,2025-08-06 16:59:37.003061,0 days 00:00:37.256457,7,11,14,26,23,68,94,165,32,COMPLETE
402,1659.3079200695986,2025-08-06 16:59:06.425674,2025-08-06 16:59:41.742417,0 days 00:00:35.316743,7,9,10,23,23,58,96,27,31,COMPLETE
403,62689.227943425096,2025-08-06 16:59:06.511021,2025-08-06 16:59:42.420383,0 days 00:00:35.909362,7,13,12,23,23,68,95,30,33,COMPLETE
404,21926.381588163353,2025-08-06 16:59:32.135183,2025-08-06 17:00:08.178444,0 days 00:00:36.043261,9,9,14,46,24,68,84,32,32,COMPLETE
405,12207.066715160927,2025-08-06 16:59:37.022058,2025-08-06 17:00:12.940031,0 days 00:00:35.917973,10,13,13,23,24,65,89,70,33,COMPLETE
406,14306.067717725666,2025-08-06 16:59:41.759897,2025-08-06 17:00:19.706446,0 days 00:00:37.946549,10,13,16,25,24,65,85,16,33,COMPLETE
407,10401.921687085087,2025-08-06 16:59:42.426855,2025-08-06 17:00:19.663910,0 days 00:00:37.237055,10,19,14,25,24,69,85,15,22,COMPLETE
408,235171.23129288928,2025-08-06 17:00:08.211011,2025-08-06 17:00:44.082199,0 days 00:00:35.871188,5,19,13,25,25,65,89,16,30,COMPLETE
409,194830.49638570577,2025-08-06 17:00:12.967377,2025-08-06 17:00:49.176200,0 days 00:00:36.208823,5,7,16,25,25,69,80,15,30,COMPLETE
410,162469.28430794508,2025-08-06 17:00:19.693334,2025-08-06 17:00:55.976245,0 days 00:00:36.282911,5,10,16,33,16,69,80,17,31,COMPLETE
411,80922.15937036742,2025-08-06 17:00:19.708256,2025-08-06 17:00:55.642759,0 days 00:00:35.934503,5,17,14,33,25,69,80,42,30,COMPLETE
412,67350.09476234525,2025-08-06 17:00:44.146285,2025-08-06 17:01:23.267150,0 days 00:00:39.120865,5,10,14,33,26,69,79,45,29,COMPLETE
413,168547.02913395964,2025-08-06 17:00:49.215885,2025-08-06 17:01:26.965320,0 days 00:00:37.749435,6,10,14,33,26,69,101,10,29,COMPLETE
414,41956.03589235034,2025-08-06 17:00:55.665042,2025-08-06 17:01:33.306855,0 days 00:00:37.641813,28,10,15,35,26,66,71,10,29,COMPLETE
415,35625.43581889237,2025-08-06 17:00:56.006930,2025-08-06 17:01:33.041553,0 days 00:00:37.034623,6,10,15,36,26,67,90,200,29,COMPLETE
416,4507.769150364988,2025-08-06 17:01:23.268591,2025-08-06 17:01:59.908827,0 days 00:00:36.640236,7,18,15,34,5,66,73,24,38,COMPLETE
417,-inf,2025-08-06 17:01:27.035849,2025-08-06 17:02:03.815833,0 days 00:00:36.779984,7,18,15,35,28,48,72,198,35,COMPLETE
418,-inf,2025-08-06 17:01:33.075031,2025-08-06 17:02:10.312108,0 days 00:00:37.237077,8,9,13,31,27,43,85,24,20,COMPLETE
419,72477.56991613958,2025-08-06 17:01:33.341868,2025-08-06 17:02:09.951897,0 days 00:00:36.610029,8,18,17,31,27,70,91,24,25,COMPLETE
420,203741.14839829522,2025-08-06 17:02:00.004123,2025-08-06 17:02:34.930897,0 days 00:00:34.926774,8,9,13,30,28,70,85,30,35,COMPLETE
421,47983.21654122101,2025-08-06 17:02:03.816996,2025-08-06 17:02:38.105731,0 days 00:00:34.288735,9,9,17,30,27,70,85,32,25,COMPLETE
422,125762.93179138338,2025-08-06 17:02:09.963150,2025-08-06 17:02:45.592897,0 days 00:00:35.629747,9,9,13,30,23,68,85,33,31,COMPLETE
423,61771.36020047912,2025-08-06 17:02:10.334788,2025-08-06 17:02:47.432287,0 days 00:00:37.097499,9,17,14,18,23,70,87,29,41,COMPLETE
424,22908.973805463796,2025-08-06 17:02:35.000061,2025-08-06 17:03:13.339421,0 days 00:00:38.339360,9,8,14,32,12,68,90,20,31,COMPLETE
425,73720.5233426836,2025-08-06 17:02:38.144549,2025-08-06 17:03:14.659923,0 days 00:00:36.515374,6,8,14,34,23,68,91,20,42,COMPLETE
426,14990.895727396257,2025-08-06 17:02:45.640282,2025-08-06 17:03:21.050932,0 days 00:00:35.410650,6,8,14,32,30,68,37,20,27,COMPLETE
427,94189.69003211684,2025-08-06 17:02:47.460182,2025-08-06 17:03:27.122756,0 days 00:00:39.662574,6,8,14,34,30,67,93,20,42,COMPLETE
428,2590.0054593420873,2025-08-06 17:03:13.430834,2025-08-06 17:03:51.755554,0 days 00:00:38.324720,37,11,14,26,24,67,77,20,27,COMPLETE
429,141193.4482718892,2025-08-06 17:03:14.714379,2025-08-06 17:03:50.866448,0 days 00:00:36.152069,5,12,14,26,30,67,76,16,14,COMPLETE
430,68292.47842345532,2025-08-06 17:03:21.073384,2025-08-06 17:03:58.449989,0 days 00:00:37.376605,5,12,16,26,22,60,75,15,32,COMPLETE
431,178530.43407010235,2025-08-06 17:03:27.175214,2025-08-06 17:04:05.023412,0 days 00:00:37.848198,5,12,16,26,24,69,76,14,14,COMPLETE
432,32597.689027601013,2025-08-06 17:03:50.940535,2025-08-06 17:04:26.090211,0 days 00:00:35.149676,11,6,16,36,22,69,101,10,32,COMPLETE
433,17394.70282903812,2025-08-06 17:03:51.795910,2025-08-06 17:04:27.768268,0 days 00:00:35.972358,7,20,16,36,22,69,44,107,34,COMPLETE
434,34518.31502331076,2025-08-06 17:03:58.486501,2025-08-06 17:04:36.487793,0 days 00:00:38.001292,7,19,12,36,25,69,99,144,34,COMPLETE
435,58323.69881895413,2025-08-06 17:04:05.051185,2025-08-06 17:04:41.332782,0 days 00:00:36.281597,7,19,12,24,25,69,101,10,34,COMPLETE
436,123480.41238149094,2025-08-06 17:04:26.195198,2025-08-06 17:05:04.614781,0 days 00:00:38.419583,7,20,12,36,25,70,82,28,30,COMPLETE
437,87032.13878316293,2025-08-06 17:04:27.797241,2025-08-06 17:05:03.950059,0 days 00:00:36.152818,7,7,12,24,25,70,82,26,30,COMPLETE
438,79797.60078653744,2025-08-06 17:04:36.557098,2025-08-06 17:05:12.656838,0 days 00:00:36.099740,7,7,15,24,28,70,82,26,30,COMPLETE
439,16451.25228123985,2025-08-06 17:04:41.369657,2025-08-06 17:05:17.246975,0 days 00:00:35.877318,5,7,15,38,10,70,95,26,21,COMPLETE
440,81968.27595882077,2025-08-06 17:05:03.966953,2025-08-06 17:05:37.898405,0 days 00:00:33.931452,5,11,11,35,24,68,94,37,23,COMPLETE
441,301966.88485562155,2025-08-06 17:05:04.644250,2025-08-06 17:05:40.512603,0 days 00:00:35.868353,5,11,13,39,28,64,89,39,23,COMPLETE
442,142390.06059267515,2025-08-06 17:05:12.747158,2025-08-06 17:05:48.552075,0 days 00:00:35.804917,5,11,14,39,23,68,94,33,31,COMPLETE
443,11844.409843358528,2025-08-06 17:05:17.291407,2025-08-06 17:05:53.137198,0 days 00:00:35.845791,5,11,14,34,23,68,89,295,11,COMPLETE
444,5065.538901906779,2025-08-06 17:05:37.973394,2025-08-06 17:06:13.422836,0 days 00:00:35.449442,11,11,13,34,23,66,59,295,28,COMPLETE
445,2421.7248211532583,2025-08-06 17:05:40.555797,2025-08-06 17:06:17.084445,0 days 00:00:36.528648,60,11,13,39,28,63,90,38,24,COMPLETE
446,7979.26421482523,2025-08-06 17:05:48.607584,2025-08-06 17:06:25.665357,0 days 00:00:37.057773,13,11,13,39,28,63,59,43,18,COMPLETE
447,27562.433410738537,2025-08-06 17:05:53.154680,2025-08-06 17:06:28.550639,0 days 00:00:35.395959,11,11,13,42,28,65,89,19,23,COMPLETE
448,7462.665954483401,2025-08-06 17:06:13.434664,2025-08-06 17:06:48.204256,0 days 00:00:34.769592,9,11,13,39,28,63,89,57,23,COMPLETE
449,1969.0286772589438,2025-08-06 17:06:17.101892,2025-08-06 17:06:53.750070,0 days 00:00:36.648178,66,12,13,39,27,64,88,42,19,COMPLETE
450,11944.111463106618,2025-08-06 17:06:25.687306,2025-08-06 17:07:01.299330,0 days 00:00:35.612024,9,14,13,38,29,65,88,15,22,COMPLETE
451,-461.276915889992,2025-08-06 17:06:28.587913,2025-08-06 17:07:03.340671,0 days 00:00:34.752758,48,12,13,22,29,63,185,15,22,COMPLETE
452,14353.47335876561,2025-08-06 17:06:48.335447,2025-08-06 17:07:24.900826,0 days 00:00:36.565379,66,12,13,17,27,65,83,10,25,COMPLETE
453,69518.62379858362,2025-08-06 17:06:53.761429,2025-08-06 17:07:31.499027,0 days 00:00:37.737598,8,14,14,19,17,69,81,10,26,COMPLETE
454,29522.138595986256,2025-08-06 17:07:01.338158,2025-08-06 17:07:37.411635,0 days 00:00:36.073477,7,18,14,22,27,69,166,10,25,COMPLETE
455,206621.29636479818,2025-08-06 17:07:03.358440,2025-08-06 17:07:41.335222,0 days 00:00:37.976782,8,10,14,40,27,69,82,10,25,COMPLETE
456,22206.68800044046,2025-08-06 17:07:24.917108,2025-08-06 17:08:03.148804,0 days 00:00:38.231696,8,18,14,38,27,64,96,22,21,COMPLETE
457,47855.2912537558,2025-08-06 17:07:31.588395,2025-08-06 17:08:09.890846,0 days 00:00:38.302451,7,18,14,25,27,70,96,22,28,COMPLETE
458,60441.107490976385,2025-08-06 17:07:37.431393,2025-08-06 17:08:14.133493,0 days 00:00:36.702100,6,10,14,38,26,70,209,32,28,COMPLETE
459,796.8243584407227,2025-08-06 17:07:41.358398,2025-08-06 17:08:17.334622,0 days 00:00:35.976224,6,19,18,38,6,64,98,22,21,COMPLETE
460,52858.860544937124,2025-08-06 17:08:03.165197,2025-08-06 17:08:41.035243,0 days 00:00:37.870046,6,19,14,25,26,70,93,33,27,COMPLETE
461,74676.03613602387,2025-08-06 17:08:09.903075,2025-08-06 17:08:47.871436,0 days 00:00:37.968361,6,10,14,23,26,64,93,33,24,COMPLETE
462,98959.69408199213,2025-08-06 17:08:14.196774,2025-08-06 17:08:51.038285,0 days 00:00:36.841511,6,19,6,25,28,64,111,19,24,COMPLETE
463,142736.1327895372,2025-08-06 17:08:17.354237,2025-08-06 17:08:55.917512,0 days 00:00:38.563275,5,11,14,25,19,68,109,33,29,COMPLETE
464,146248.03710501204,2025-08-06 17:08:41.087807,2025-08-06 17:09:19.309891,0 days 00:00:38.222084,5,11,15,41,29,68,79,18,24,COMPLETE
465,305477.9052875376,2025-08-06 17:08:47.915147,2025-08-06 17:09:25.951242,0 days 00:00:38.036095,5,11,15,37,29,68,112,19,29,COMPLETE
466,10365.841245163194,2025-08-06 17:08:51.062288,2025-08-06 17:09:28.403694,0 days 00:00:37.341406,5,11,15,35,19,68,78,190,29,COMPLETE
467,31255.255262215032,2025-08-06 17:08:55.934924,2025-08-06 17:09:34.247335,0 days 00:00:38.312411,9,11,15,35,29,68,86,25,29,COMPLETE
468,374.4962390202287,2025-08-06 17:09:19.342457,2025-08-06 17:09:53.337930,0 days 00:00:33.995473,10,17,13,35,22,50,69,28,32,COMPLETE
469,25871.79974648941,2025-08-06 17:09:26.026781,2025-08-06 17:10:01.760093,0 days 00:00:35.733312,9,8,15,37,29,66,85,16,27,COMPLETE
470,14434.166944582197,2025-08-06 17:09:28.421044,2025-08-06 17:10:06.864030,0 days 00:00:38.442986,10,8,15,37,29,67,106,16,27,COMPLETE
471,106752.31544877146,2025-08-06 17:09:34.265408,2025-08-06 17:10:12.815008,0 days 00:00:38.549600,8,8,13,41,30,66,105,15,27,COMPLETE
472,67585.13098962665,2025-08-06 17:09:53.413299,2025-08-06 17:10:32.095655,0 days 00:00:38.682356,8,8,15,37,29,66,106,15,27,COMPLETE
473,94068.56241302982,2025-08-06 17:10:01.767414,2025-08-06 17:10:37.958841,0 days 00:00:36.191427,7,12,13,37,30,67,82,15,26,COMPLETE
474,114060.64266628385,2025-08-06 17:10:06.891307,2025-08-06 17:10:41.739982,0 days 00:00:34.848675,7,18,9,37,30,66,128,20,26,COMPLETE
475,539.3774409766412,2025-08-06 17:10:12.826956,2025-08-06 17:10:51.490507,0 days 00:00:38.663551,7,12,17,21,30,54,118,24,26,COMPLETE
476,1375.790729043764,2025-08-06 17:10:32.160264,2025-08-06 17:11:08.885271,0 days 00:00:36.725007,7,10,17,37,30,54,113,20,26,COMPLETE
477,47744.541097688445,2025-08-06 17:10:38.002650,2025-08-06 17:11:15.322227,0 days 00:00:37.319577,7,10,19,24,28,67,113,23,31,COMPLETE
478,9875.151279875528,2025-08-06 17:10:41.761850,2025-08-06 17:11:17.020446,0 days 00:00:35.258596,5,10,11,24,28,67,65,277,39,COMPLETE
479,67272.62990868074,2025-08-06 17:10:51.555409,2025-08-06 17:11:24.428217,0 days 00:00:32.872808,5,10,14,23,28,67,64,24,31,COMPLETE
480,47309.598982840034,2025-08-06 17:11:08.922713,2025-08-06 17:11:44.522184,0 days 00:00:35.599471,5,17,14,24,28,67,134,25,31,COMPLETE
481,56177.03565210149,2025-08-06 17:11:15.360216,2025-08-06 17:11:53.169562,0 days 00:00:37.809346,5,19,14,23,28,69,140,26,33,COMPLETE
482,210623.0738859266,2025-08-06 17:11:17.072197,2025-08-06 17:11:54.774987,0 days 00:00:37.702790,5,6,14,23,28,69,121,26,20,COMPLETE
483,232985.6902938104,2025-08-06 17:11:24.462433,2025-08-06 17:12:01.419430,0 days 00:00:36.956997,5,19,14,20,27,69,86,10,33,COMPLETE
484,56019.300766384,2025-08-06 17:11:44.565556,2025-08-06 17:12:20.204046,0 days 00:00:35.638490,8,20,14,38,27,69,91,10,33,COMPLETE
485,27048.545912582405,2025-08-06 17:11:53.213592,2025-08-06 17:12:30.033277,0 days 00:00:36.819685,9,6,15,20,27,69,46,14,29,COMPLETE
486,34555.87897308397,2025-08-06 17:11:54.776325,2025-08-06 17:12:29.385485,0 days 00:00:34.609160,9,20,13,38,29,68,149,10,28,COMPLETE
487,29340.997361233047,2025-08-06 17:12:01.479615,2025-08-06 17:12:36.981399,0 days 00:00:35.501784,9,7,12,36,29,68,173,19,29,COMPLETE
488,32280.287084145773,2025-08-06 17:12:20.230291,2025-08-06 17:12:56.707643,0 days 00:00:36.477352,9,7,15,36,29,68,46,18,43,COMPLETE
489,93680.14214767443,2025-08-06 17:12:29.481497,2025-08-06 17:13:09.034951,0 days 00:00:39.553454,12,7,15,33,24,68,77,18,30,COMPLETE
490,145232.59555223436,2025-08-06 17:12:30.104232,2025-08-06 17:13:06.152563,0 days 00:00:36.048331,11,7,12,36,24,68,79,20,36,COMPLETE
491,17261.723317938307,2025-08-06 17:12:37.002586,2025-08-06 17:13:13.082795,0 days 00:00:36.080209,11,11,15,26,24,68,101,38,30,COMPLETE
492,19812.455329969627,2025-08-06 17:12:56.802264,2025-08-06 17:13:29.160849,0 days 00:00:32.358585,11,13,13,33,24,70,101,31,30,COMPLETE
493,-inf,2025-08-06 17:13:06.286266,2025-08-06 17:13:11.404643,0 days 00:00:05.118377,7,18,13,16,26,70,100,39,30,COMPLETE
494,76154.7469637411,2025-08-06 17:13:09.083384,2025-08-06 17:13:46.411679,0 days 00:00:37.328295,7,18,13,26,23,70,99,39,32,COMPLETE
495,222017.94860594117,2025-08-06 17:13:11.448643,2025-08-06 17:13:50.162447,0 days 00:00:38.713804,6,11,14,25,26,65,84,31,32,COMPLETE
496,228347.12785310746,2025-08-06 17:13:13.114665,2025-08-06 17:13:53.145391,0 days 00:00:40.030726,7,12,14,25,23,69,85,30,28,COMPLETE
497,64790.58162167904,2025-08-06 17:13:29.271482,2025-08-06 17:14:08.429193,0 days 00:00:39.157711,7,12,16,39,23,69,40,30,28,COMPLETE
498,206467.81423391122,2025-08-06 17:13:46.491209,2025-08-06 17:14:24.913471,0 days 00:00:38.422262,6,12,14,25,26,69,85,29,41,COMPLETE
499,749.36123753841,2025-08-06 17:13:50.229005,2025-08-06 17:14:28.295570,0 days 00:00:38.066565,75,12,16,40,23,61,92,15,28,COMPLETE
500,15485.619270691503,2025-08-06 17:13:53.148016,2025-08-06 17:14:31.494671,0 days 00:00:38.346655,25,9,16,43,29,66,92,15,23,COMPLETE
501,18540.813630441422,2025-08-06 17:14:08.467207,2025-08-06 17:14:44.304789,0 days 00:00:35.837582,6,9,14,34,30,61,92,217,23,COMPLETE
502,29835.25434992244,2025-08-06 17:14:24.935887,2025-08-06 17:15:03.218683,0 days 00:00:38.282796,5,8,14,34,28,61,91,231,23,COMPLETE
503,31004.090507956,2025-08-06 17:14:28.366717,2025-08-06 17:15:06.357121,0 days 00:00:37.990404,5,17,17,34,28,62,72,176,23,COMPLETE
504,29206.96925577823,2025-08-06 17:14:31.516744,2025-08-06 17:15:10.743974,0 days 00:00:39.227230,5,8,17,34,27,62,89,100,16,COMPLETE
505,137517.9507512972,2025-08-06 17:14:44.436713,2025-08-06 17:15:24.255249,0 days 00:00:39.818536,5,8,17,27,27,67,88,49,12,COMPLETE
506,68763.82596774265,2025-08-06 17:15:03.257342,2025-08-06 17:15:43.539542,0 days 00:00:40.282200,8,11,17,24,27,67,73,22,16,COMPLETE
507,34350.84526171723,2025-08-06 17:15:06.411184,2025-08-06 17:15:46.755358,0 days 00:00:40.344174,8,11,14,24,27,67,81,22,16,COMPLETE
508,307924.550481108,2025-08-06 17:15:10.789684,2025-08-06 17:15:51.631560,0 days 00:00:40.841876,8,19,14,38,25,67,82,22,29,COMPLETE
509,53275.74956590624,2025-08-06 17:15:24.303837,2025-08-06 17:16:01.498698,0 days 00:00:37.194861,8,11,13,35,25,69,80,22,31,COMPLETE
510,50082.4404319951,2025-08-06 17:15:43.578174,2025-08-06 17:16:19.773192,0 days 00:00:36.195018,8,10,13,35,25,70,80,22,31,COMPLETE
511,125911.47640448758,2025-08-06 17:15:46.774585,2025-08-06 17:16:22.814964,0 days 00:00:36.040379,7,19,13,35,25,69,82,15,38,COMPLETE
512,43448.342874415284,2025-08-06 17:15:51.643306,2025-08-06 17:16:27.835143,0 days 00:00:36.191837,15,19,13,38,24,66,78,15,29,COMPLETE
513,201996.96551796648,2025-08-06 17:16:01.525666,2025-08-06 17:16:36.924941,0 days 00:00:35.399275,10,19,15,39,25,65,77,15,30,COMPLETE
514,13241.734467425638,2025-08-06 17:16:19.868138,2025-08-06 17:16:56.747914,0 days 00:00:36.879776,10,20,15,37,25,66,86,87,29,COMPLETE
515,255783.66866958264,2025-08-06 17:16:22.826825,2025-08-06 17:16:58.967025,0 days 00:00:36.140200,10,19,15,39,24,66,76,10,29,COMPLETE
516,37678.320124310994,2025-08-06 17:16:27.847088,2025-08-06 17:17:04.164041,0 days 00:00:36.316953,10,19,15,39,25,65,87,27,29,COMPLETE
517,30957.351251303295,2025-08-06 17:16:36.984175,2025-08-06 17:17:12.536477,0 days 00:00:35.552302,10,18,18,38,24,65,87,26,29,COMPLETE
518,2765.1906721184573,2025-08-06 17:16:56.785420,2025-08-06 17:17:34.361663,0 days 00:00:37.576243,30,18,18,38,24,64,97,246,29,COMPLETE
519,6304.21126874819,2025-08-06 17:16:58.984288,2025-08-06 17:17:34.737779,0 days 00:00:35.753491,69,18,18,38,24,64,88,26,32,COMPLETE
520,9431.91911872453,2025-08-06 17:17:04.166532,2025-08-06 17:17:40.416935,0 days 00:00:36.250403,62,18,18,37,24,64,95,36,32,COMPLETE
521,57165.06241736587,2025-08-06 17:17:12.691692,2025-08-06 17:17:50.518862,0 days 00:00:37.827170,7,19,14,38,24,68,96,35,31,COMPLETE
522,69760.64359711556,2025-08-06 17:17:34.398496,2025-08-06 17:18:10.176218,0 days 00:00:35.777722,7,19,14,37,26,68,95,35,32,COMPLETE
523,100979.4410460951,2025-08-06 17:17:34.766434,2025-08-06 17:18:09.917140,0 days 00:00:35.150706,7,19,14,37,26,68,95,36,31,COMPLETE
524,165380.2883188279,2025-08-06 17:17:40.438807,2025-08-06 17:18:16.587803,0 days 00:00:36.148996,7,19,14,40,26,68,83,19,31,COMPLETE
525,315866.2128769699,2025-08-06 17:17:50.566822,2025-08-06 17:18:26.552663,0 days 00:00:35.985841,6,19,14,22,26,67,84,10,30,COMPLETE
526,73818.82949594043,2025-08-06 17:18:09.960522,2025-08-06 17:18:44.199755,0 days 00:00:34.239233,6,20,12,36,25,67,83,10,18,COMPLETE
527,115820.04651810437,2025-08-06 17:18:10.203919,2025-08-06 17:18:44.055436,0 days 00:00:33.851517,6,20,12,40,23,67,84,10,30,COMPLETE
528,55448.544009314355,2025-08-06 17:18:16.599959,2025-08-06 17:18:53.493802,0 days 00:00:36.893843,13,20,12,33,23,67,84,15,30,COMPLETE
529,139629.35219322008,2025-08-06 17:18:26.580637,2025-08-06 17:18:59.846806,0 days 00:00:33.266169,6,20,12,21,26,67,83,14,30,COMPLETE
530,36575.41822382205,2025-08-06 17:18:44.139184,2025-08-06 17:19:16.898772,0 days 00:00:32.759588,13,20,16,22,25,67,71,10,30,COMPLETE
531,-inf,2025-08-06 17:18:44.233667,2025-08-06 17:18:50.263742,0 days 00:00:06.030075,13,19,16,18,26,67,73,16,30,COMPLETE
532,190563.12007353862,2025-08-06 17:18:50.292084,2025-08-06 17:19:29.776761,0 days 00:00:39.484677,5,19,14,22,25,67,89,14,28,COMPLETE
533,173610.22508150313,2025-08-06 17:18:53.548236,2025-08-06 17:19:30.951906,0 days 00:00:37.403670,5,19,14,21,25,70,69,10,28,COMPLETE
534,201473.0332763888,2025-08-06 17:18:59.853704,2025-08-06 17:19:35.570163,0 days 00:00:35.716459,5,19,14,21,25,68,90,10,28,COMPLETE
535,172929.41479844667,2025-08-06 17:19:16.936829,2025-08-06 17:19:52.995367,0 days 00:00:36.058538,5,19,14,32,25,70,91,18,28,COMPLETE
536,38773.47001572742,2025-08-06 17:19:29.777973,2025-08-06 17:20:05.081777,0 days 00:00:35.303804,9,13,15,21,26,70,117,22,35,COMPLETE
537,32075.548174074476,2025-08-06 17:19:30.970515,2025-08-06 17:20:08.789140,0 days 00:00:37.818625,8,13,14,32,26,69,91,21,34,COMPLETE
538,36207.91507013209,2025-08-06 17:19:35.583214,2025-08-06 17:20:11.478242,0 days 00:00:35.895028,18,13,15,22,26,69,33,20,34,COMPLETE
539,25098.05924828086,2025-08-06 17:19:53.053080,2025-08-06 17:20:27.007383,0 days 00:00:33.954303,8,13,15,33,26,66,78,20,33,COMPLETE
540,33444.656304578115,2025-08-06 17:20:05.127790,2025-08-06 17:20:42.572938,0 days 00:00:37.445148,8,11,13,36,23,69,77,21,33,COMPLETE
541,5001.681950192008,2025-08-06 17:20:08.806719,2025-08-06 17:20:47.038635,0 days 00:00:38.231916,55,10,13,19,23,68,77,19,32,COMPLETE
542,26862.75994329313,2025-08-06 17:20:11.495765,2025-08-06 17:20:48.222058,0 days 00:00:36.726293,8,11,13,19,23,68,78,19,33,COMPLETE
543,130266.44554738281,2025-08-06 17:20:27.078019,2025-08-06 17:21:00.659547,0 days 00:00:33.581528,6,11,13,36,23,68,80,25,31,COMPLETE
544,260006.07112107938,2025-08-06 17:20:42.616864,2025-08-06 17:21:19.532849,0 days 00:00:36.915985,6,10,13,33,20,68,87,25,31,COMPLETE
545,64394.11632914465,2025-08-06 17:20:47.045564,2025-08-06 17:21:25.308555,0 days 00:00:38.262991,6,11,14,35,15,68,81,27,37,COMPLETE
546,223545.5842062785,2025-08-06 17:20:48.228449,2025-08-06 17:21:24.605840,0 days 00:00:36.377391,6,11,14,33,22,66,87,26,31,COMPLETE
547,127744.39506849006,2025-08-06 17:21:00.733077,2025-08-06 17:21:33.724100,0 days 00:00:32.991023,6,10,14,33,20,69,86,15,42,COMPLETE
548,12296.521569928731,2025-08-06 17:21:19.602833,2025-08-06 17:21:56.949104,0 days 00:00:37.346271,9,12,16,35,24,66,87,157,30,COMPLETE
549,1913.5895213387341,2025-08-06 17:21:24.633118,2025-08-06 17:22:02.368457,0 days 00:00:37.735339,35,12,16,38,24,69,83,15,21,COMPLETE
550,36921.44273114521,2025-08-06 17:21:25.339348,2025-08-06 17:22:03.112701,0 days 00:00:37.773353,9,10,16,37,24,69,93,15,42,COMPLETE
551,-inf,2025-08-06 17:21:33.756380,2025-08-06 17:22:08.603828,0 days 00:00:34.847448,9,12,16,20,24,37,93,14,41,COMPLETE
552,37318.605055073764,2025-08-06 17:21:57.002537,2025-08-06 17:22:35.074942,0 days 00:00:38.072405,8,19,15,39,24,70,93,10,21,COMPLETE
553,108052.09986238723,2025-08-06 17:22:02.391424,2025-08-06 17:22:38.859555,0 days 00:00:36.468131,8,19,14,39,24,70,92,10,29,COMPLETE
554,76455.25824110553,2025-08-06 17:22:03.155765,2025-08-06 17:22:39.050747,0 days 00:00:35.894982,5,19,15,20,22,70,91,114,29,COMPLETE
555,111542.66911916518,2025-08-06 17:22:08.636923,2025-08-06 17:22:43.532042,0 days 00:00:34.895119,5,8,15,22,27,70,129,10,29,COMPLETE
556,130818.50184595835,2025-08-06 17:22:35.102563,2025-08-06 17:23:11.869106,0 days 00:00:36.766543,5,8,14,23,27,70,97,26,29,COMPLETE
557,121856.50500954532,2025-08-06 17:22:38.884377,2025-08-06 17:23:15.532683,0 days 00:00:36.648306,5,11,14,34,27,67,82,31,29,COMPLETE
558,95921.32432626536,2025-08-06 17:22:39.083597,2025-08-06 17:23:15.775536,0 days 00:00:36.691939,5,8,8,34,27,67,102,30,22,COMPLETE
559,1644.4615124842674,2025-08-06 17:22:43.533364,2025-08-06 17:23:19.383253,0 days 00:00:35.849889,7,7,14,34,26,67,153,62,19,COMPLETE
560,191281.29749464375,2025-08-06 17:23:11.902289,2025-08-06 17:23:48.614459,0 days 00:00:36.712170,7,11,14,34,23,67,74,19,32,COMPLETE
561,14089.180022711456,2025-08-06 17:23:15.544969,2025-08-06 17:23:54.337550,0 days 00:00:38.792581,7,9,14,36,25,68,102,207,32,COMPLETE
562,221800.0091257576,2025-08-06 17:23:15.782790,2025-08-06 17:23:53.742131,0 days 00:00:37.959341,7,10,14,36,25,68,74,20,32,COMPLETE
563,-inf,2025-08-06 17:23:19.389365,2025-08-06 17:23:56.141960,0 days 00:00:36.752595,7,9,14,37,25,32,75,43,32,COMPLETE
564,4913.496005349599,2025-08-06 17:23:48.668349,2025-08-06 17:24:25.463089,0 days 00:00:36.794740,11,9,13,36,25,56,86,46,27,COMPLETE
565,56546.21291255441,2025-08-06 17:23:53.787741,2025-08-06 17:24:31.596706,0 days 00:00:37.808965,11,6,13,29,30,69,87,24,30,COMPLETE
566,3505.6157889891074,2025-08-06 17:23:54.350563,2025-08-06 17:24:31.329157,0 days 00:00:36.978594,9,19,13,38,8,69,87,42,27,COMPLETE
567,36132.29752394987,2025-08-06 17:23:56.143215,2025-08-06 17:24:33.191191,0 days 00:00:37.047976,10,19,13,23,30,69,124,24,44,COMPLETE
568,42574.89570218585,2025-08-06 17:24:25.506463,2025-08-06 17:25:00.565819,0 days 00:00:35.059356,9,12,15,38,30,69,82,24,30,COMPLETE
569,42139.26801323935,2025-08-06 17:24:31.416572,2025-08-06 17:25:06.982107,0 days 00:00:35.565535,23,12,15,23,30,66,82,24,30,COMPLETE
570,254125.5352365691,2025-08-06 17:24:31.606944,2025-08-06 17:25:06.567796,0 days 00:00:34.960852,5,10,15,27,22,66,81,18,30,COMPLETE
571,-inf,2025-08-06 17:24:33.192778,2025-08-06 17:25:08.835355,0 days 00:00:35.642577,6,12,15,32,26,44,82,16,31,COMPLETE
572,206940.72777831688,2025-08-06 17:25:00.593665,2025-08-06 17:25:35.217998,0 days 00:00:34.624333,5,11,14,26,23,66,82,17,39,COMPLETE
573,47654.83961082698,2025-08-06 17:25:06.590450,2025-08-06 17:25:42.910326,0 days 00:00:36.319876,7,11,14,17,26,66,97,31,36,COMPLETE
574,57357.661773327156,2025-08-06 17:25:06.983283,2025-08-06 17:25:42.816743,0 days 00:00:35.833460,7,11,17,17,26,68,90,32,25,COMPLETE
575,60601.43054484615,2025-08-06 17:25:08.865919,2025-08-06 17:25:44.952440,0 days 00:00:36.086521,7,11,17,26,23,68,97,15,31,COMPLETE
576,64487.59818010722,2025-08-06 17:25:35.392648,2025-08-06 17:26:09.537496,0 days 00:00:34.144848,7,18,14,35,28,68,98,32,25,COMPLETE
577,86943.47734921363,2025-08-06 17:25:42.860676,2025-08-06 17:26:19.819535,0 days 00:00:36.958859,7,7,14,33,23,68,97,10,36,COMPLETE
578,14682.055847687694,2025-08-06 17:25:42.926291,2025-08-06 17:26:20.298834,0 days 00:00:37.372543,8,18,14,35,28,58,68,10,31,COMPLETE
579,22895.403989851537,2025-08-06 17:25:44.955377,2025-08-06 17:26:21.948983,0 days 00:00:36.993606,40,14,16,35,28,70,89,10,28,COMPLETE
580,303160.6907238212,2025-08-06 17:26:09.583653,2025-08-06 17:26:43.641203,0 days 00:00:34.057550,5,7,16,33,22,69,90,10,28,COMPLETE
581,323617.2776817486,2025-08-06 17:26:19.885108,2025-08-06 17:26:55.916904,0 days 00:00:36.031796,5,8,16,37,24,70,90,19,28,COMPLETE
582,286369.0181206475,2025-08-06 17:26:20.301561,2025-08-06 17:26:56.271946,0 days 00:00:35.970385,5,17,13,31,24,69,89,19,28,COMPLETE
583,-inf,2025-08-06 17:26:21.998679,2025-08-06 17:26:58.174555,0 days 00:00:36.175876,5,8,13,31,24,42,89,19,28,COMPLETE
584,110604.80907792681,2025-08-06 17:26:43.722352,2025-08-06 17:27:17.790601,0 days 00:00:34.068249,5,7,12,33,24,69,105,16,28,COMPLETE
585,115699.25859211673,2025-08-06 17:26:55.940336,2025-08-06 17:27:33.174163,0 days 00:00:37.233827,5,7,16,37,24,70,93,15,27,COMPLETE
586,99700.11829968641,2025-08-06 17:26:56.279250,2025-08-06 17:27:35.860470,0 days 00:00:39.581220,5,7,16,37,24,70,94,15,27,COMPLETE
587,108199.11648991892,2025-08-06 17:26:58.207634,2025-08-06 17:27:36.327674,0 days 00:00:38.120040,5,7,16,37,25,70,94,15,28,COMPLETE
588,97761.90198181209,2025-08-06 17:27:17.886496,2025-08-06 17:27:54.313278,0 days 00:00:36.426782,6,6,16,37,25,70,94,14,26,COMPLETE
589,119566.8822415653,2025-08-06 17:27:33.278708,2025-08-06 17:28:12.990234,0 days 00:00:39.711526,6,7,15,37,25,70,94,10,26,COMPLETE
590,102261.23744883732,2025-08-06 17:27:35.871861,2025-08-06 17:28:14.638806,0 days 00:00:38.766945,6,7,16,38,25,70,91,10,43,COMPLETE
591,215695.5167887214,2025-08-06 17:27:36.346362,2025-08-06 17:28:14.624140,0 days 00:00:38.277778,6,6,16,15,25,70,109,10,43,COMPLETE
592,70605.97134965891,2025-08-06 17:27:54.330752,2025-08-06 17:28:31.631967,0 days 00:00:37.301215,6,8,16,38,27,69,111,22,20,COMPLETE
593,176606.71239339624,2025-08-06 17:28:13.064394,2025-08-06 17:28:51.413477,0 days 00:00:38.349083,7,6,16,39,27,69,89,20,27,COMPLETE
594,351794.49258904415,2025-08-06 17:28:14.650655,2025-08-06 17:28:52.718423,0 days 00:00:38.067768,8,8,16,39,27,69,85,24,27,COMPLETE
595,61645.54212571374,2025-08-06 17:28:14.674245,2025-08-06 17:28:51.385299,0 days 00:00:36.711054,8,8,16,36,27,69,85,132,24,COMPLETE
596,369772.7384991342,2025-08-06 17:28:31.649164,2025-08-06 17:29:06.323784,0 days 00:00:34.674620,8,16,11,36,27,69,85,19,27,COMPLETE
597,76774.80672076115,2025-08-06 17:28:51.430439,2025-08-06 17:29:29.589206,0 days 00:00:38.158767,9,19,14,39,26,69,102,19,29,COMPLETE
598,24169.931468964365,2025-08-06 17:28:51.443889,2025-08-06 17:29:29.422126,0 days 00:00:37.978237,9,19,14,36,26,69,101,19,22,COMPLETE
599,80036.49114296472,2025-08-06 17:28:52.733723,2025-08-06 17:29:31.125730,0 days 00:00:38.392007,9,19,16,39,26,69,102,27,25,COMPLETE
600,66239.68043098306,2025-08-06 17:29:06.418418,2025-08-06 17:29:41.208151,0 days 00:00:34.789733,10,16,11,36,27,69,78,16,27,COMPLETE
601,38577.538724931364,2025-08-06 17:29:29.469625,2025-08-06 17:30:04.645736,0 days 00:00:35.176111,10,18,16,36,27,69,81,15,27,COMPLETE
602,121413.78277255123,2025-08-06 17:29:29.601314,2025-08-06 17:30:05.881617,0 days 00:00:36.280303,11,16,16,36,27,70,79,15,27,COMPLETE
603,94955.39618133806,2025-08-06 17:29:31.139686,2025-08-06 17:30:08.506084,0 days 00:00:37.366398,11,20,11,36,27,70,78,14,28,COMPLETE
604,115679.79632114725,2025-08-06 17:29:41.262124,2025-08-06 17:30:16.442474,0 days 00:00:35.180350,12,16,11,35,27,70,78,10,26,COMPLETE
605,51683.38329716028,2025-08-06 17:30:04.715114,2025-08-06 17:30:40.003244,0 days 00:00:35.288130,8,20,16,35,27,70,78,10,26,COMPLETE
606,392157.3796978721,2025-08-06 17:30:05.921473,2025-08-06 17:30:42.909725,0 days 00:00:36.988252,8,17,11,35,26,68,85,10,26,COMPLETE
607,-59.65791369869024,2025-08-06 17:30:08.535694,2025-08-06 17:30:44.775806,0 days 00:00:36.240112,53,19,16,35,26,68,86,262,26,COMPLETE
608,412129.4053213084,2025-08-06 17:30:16.499943,2025-08-06 17:30:54.093313,0 days 00:00:37.593370,8,17,10,35,26,68,84,22,26,COMPLETE
609,361555.82493513974,2025-08-06 17:30:40.051159,2025-08-06 17:31:18.301766,0 days 00:00:38.250607,7,14,10,34,26,68,84,24,28,COMPLETE
610,-12.58629742606422,2025-08-06 17:30:42.927483,2025-08-06 17:31:19.250724,0 days 00:00:36.323241,8,16,10,35,26,49,69,24,25,COMPLETE
611,88358.37444164105,2025-08-06 17:30:44.798955,2025-08-06 17:31:21.411884,0 days 00:00:36.612929,9,17,10,35,26,68,71,24,25,COMPLETE
612,2027.62095319472,2025-08-06 17:30:54.185067,2025-08-06 17:31:28.304978,0 days 00:00:34.119911,9,17,11,35,26,52,72,25,25,COMPLETE
613,54534.013475449734,2025-08-06 17:31:18.489787,2025-08-06 17:31:53.682406,0 days 00:00:35.192619,12,17,10,34,26,68,75,78,25,COMPLETE
614,181181.79335338774,2025-08-06 17:31:19.281471,2025-08-06 17:31:56.457710,0 days 00:00:37.176239,10,17,10,34,26,68,75,29,25,COMPLETE
615,55452.970319829634,2025-08-06 17:31:21.413506,2025-08-06 17:31:58.571566,0 days 00:00:37.158060,12,17,10,34,26,68,74,78,26,COMPLETE
616,23220.434438568565,2025-08-06 17:31:28.362608,2025-08-06 17:32:06.381214,0 days 00:00:38.018606,12,17,10,34,26,68,84,30,26,COMPLETE
617,32069.369913227845,2025-08-06 17:31:53.779194,2025-08-06 17:32:30.514030,0 days 00:00:36.734836,10,16,9,34,26,68,85,29,26,COMPLETE
618,262935.11304104375,2025-08-06 17:31:56.474742,2025-08-06 17:32:33.393247,0 days 00:00:36.918505,7,14,9,34,26,69,84,31,26,COMPLETE
619,146322.14941004766,2025-08-06 17:31:58.607661,2025-08-06 17:32:34.273153,0 days 00:00:35.665492,7,17,10,44,16,69,84,29,26,COMPLETE
620,294825.29111161147,2025-08-06 17:32:06.408102,2025-08-06 17:32:43.555836,0 days 00:00:37.147734,7,14,11,43,27,69,86,19,27,COMPLETE
621,132611.77334620518,2025-08-06 17:32:30.526049,2025-08-06 17:33:07.126411,0 days 00:00:36.600362,7,14,11,35,27,69,83,19,27,COMPLETE
622,46396.05519773682,2025-08-06 17:32:33.432075,2025-08-06 17:33:10.498656,0 days 00:00:37.066581,7,15,10,35,27,69,62,20,27,COMPLETE
623,347261.9693890488,2025-08-06 17:32:34.279478,2025-08-06 17:33:11.290129,0 days 00:00:37.010651,8,14,11,35,27,69,88,19,27,COMPLETE
624,125139.62476059889,2025-08-06 17:32:43.587765,2025-08-06 17:33:17.448806,0 days 00:00:33.861041,8,14,10,35,27,70,81,21,27,COMPLETE
625,24692.622451401283,2025-08-06 17:33:07.305596,2025-08-06 17:33:49.097491,0 days 00:00:41.791895,9,17,10,35,27,70,89,15,27,COMPLETE
626,35561.63882301178,2025-08-06 17:33:10.562339,2025-08-06 17:33:49.146445,0 days 00:00:38.584106,9,17,10,50,27,70,216,14,24,COMPLETE
627,21184.361816980963,2025-08-06 17:33:11.307620,2025-08-06 17:33:50.110484,0 days 00:00:38.802864,15,14,11,35,27,70,90,35,24,COMPLETE
628,14923.442299770462,2025-08-06 17:33:17.475853,2025-08-06 17:33:53.940340,0 days 00:00:36.464487,14,15,11,35,27,70,90,27,24,COMPLETE
629,12212.396106182754,2025-08-06 17:33:49.114468,2025-08-06 17:34:28.918076,0 days 00:00:39.803608,14,14,11,34,28,70,91,36,24,COMPLETE
630,31974.514606566583,2025-08-06 17:33:49.153774,2025-08-06 17:34:29.056116,0 days 00:00:39.902342,10,15,11,34,28,69,88,34,25,COMPLETE
631,17292.900097200116,2025-08-06 17:33:50.111896,2025-08-06 17:34:29.989108,0 days 00:00:39.877212,11,15,11,34,28,69,90,24,26,COMPLETE
632,23539.018129386684,2025-08-06 17:33:53.969864,2025-08-06 17:34:31.974197,0 days 00:00:38.004333,10,14,11,34,28,69,88,23,28,COMPLETE
633,34442.03519043584,2025-08-06 17:34:28.971986,2025-08-06 17:35:08.091349,0 days 00:00:39.119363,11,15,11,36,28,69,97,24,26,COMPLETE
634,585.1284042413644,2025-08-06 17:34:29.078228,2025-08-06 17:35:07.316539,0 days 00:00:38.238311,46,13,9,36,26,68,96,24,26,COMPLETE
635,67699.9032244617,2025-08-06 17:34:30.016450,2025-08-06 17:35:07.902991,0 days 00:00:37.886541,8,13,9,36,27,68,96,24,27,COMPLETE
636,52036.931838140306,2025-08-06 17:34:31.978724,2025-08-06 17:35:10.346055,0 days 00:00:38.367331,8,16,9,36,26,68,78,25,28,COMPLETE
637,69668.40635239343,2025-08-06 17:35:07.348628,2025-08-06 17:35:42.898186,0 days 00:00:35.549558,8,16,10,36,27,68,80,16,27,COMPLETE
638,48634.767888765295,2025-08-06 17:35:07.904134,2025-08-06 17:35:43.125956,0 days 00:00:35.221822,8,16,10,36,26,68,58,18,27,COMPLETE
639,10643.826969978369,2025-08-06 17:35:08.109534,2025-08-06 17:35:45.722948,0 days 00:00:37.613414,78,16,10,35,26,68,83,17,40,COMPLETE
640,28478.407915676085,2025-08-06 17:35:10.353316,2025-08-06 17:35:46.955895,0 days 00:00:36.602579,7,18,10,35,27,70,30,16,38,COMPLETE
641,25234.564526490296,2025-08-06 17:35:42.925468,2025-08-06 17:36:18.497837,0 days 00:00:35.572369,27,13,10,35,26,70,85,17,40,COMPLETE
642,315209.2505265719,2025-08-06 17:35:43.154969,2025-08-06 17:36:17.350198,0 days 00:00:34.195229,7,13,11,33,27,70,85,16,28,COMPLETE
643,24245.831262791588,2025-08-06 17:35:45.724033,2025-08-06 17:36:20.718830,0 days 00:00:34.994797,44,13,11,35,27,70,86,70,41,COMPLETE
644,100903.62896912922,2025-08-06 17:35:46.969098,2025-08-06 17:36:23.519568,0 days 00:00:36.550470,6,13,11,33,27,69,86,30,25,COMPLETE
645,71457.6171304659,2025-08-06 17:36:17.357086,2025-08-06 17:36:51.655146,0 days 00:00:34.298060,6,18,11,25,27,69,93,29,27,COMPLETE
646,44449.26818292246,2025-08-06 17:36:18.520169,2025-08-06 17:36:55.381101,0 days 00:00:36.860932,6,17,11,25,18,69,92,29,25,COMPLETE
647,-inf,2025-08-06 17:36:20.726871,2025-08-06 17:36:56.250527,0 days 00:00:35.523656,6,18,11,25,17,46,93,29,27,COMPLETE
648,7732.36807557478,2025-08-06 17:36:23.543822,2025-08-06 17:37:01.197650,0 days 00:00:37.653828,9,18,11,25,18,69,79,147,26,COMPLETE
649,83344.04596224304,2025-08-06 17:36:51.768109,2025-08-06 17:37:24.813931,0 days 00:00:33.045822,9,18,12,34,25,69,79,37,35,COMPLETE
650,-inf,2025-08-06 17:36:55.430214,2025-08-06 17:36:58.728313,0 days 00:00:03.298099,9,18,12,16,25,68,80,22,35,COMPLETE
651,45187.65710148643,2025-08-06 17:36:56.272363,2025-08-06 17:37:29.747600,0 days 00:00:33.475237,9,17,10,34,25,69,80,38,28,COMPLETE
652,99134.61021482942,2025-08-06 17:36:58.730387,2025-08-06 17:37:34.799463,0 days 00:00:36.069076,9,17,12,34,26,69,76,10,28,COMPLETE
653,135989.63220521001,2025-08-06 17:37:01.210509,2025-08-06 17:37:37.415115,0 days 00:00:36.204606,5,17,12,34,26,69,76,15,28,COMPLETE
654,85981.44989617917,2025-08-06 17:37:24.849995,2025-08-06 17:38:03.551374,0 days 00:00:38.701379,5,14,10,34,27,70,194,10,28,COMPLETE
655,191977.8831520195,2025-08-06 17:37:29.801012,2025-08-06 17:38:07.030478,0 days 00:00:37.229466,5,14,8,34,26,68,74,14,28,COMPLETE
656,971289.5464418159,2025-08-06 17:37:34.827672,2025-08-06 17:38:11.438310,0 days 00:00:36.610638,5,14,10,36,28,68,88,21,37,COMPLETE
657,43958.6470229892,2025-08-06 17:37:37.427760,2025-08-06 17:38:14.242552,0 days 00:00:36.814792,7,15,9,36,27,67,67,21,26,COMPLETE
658,176606.71239339624,2025-08-06 17:38:03.599779,2025-08-06 17:38:39.319174,0 days 00:00:35.719395,7,14,9,36,28,67,89,21,26,COMPLETE
659,166074.11811647043,2025-08-06 17:38:07.057846,2025-08-06 17:38:41.867465,0 days 00:00:34.809619,7,15,9,36,27,67,89,21,26,COMPLETE
660,360256.38272278424,2025-08-06 17:38:11.509350,2025-08-06 17:38:48.355102,0 days 00:00:36.845752,7,14,9,36,28,67,88,23,37,COMPLETE
661,168844.56171294214,2025-08-06 17:38:14.243896,2025-08-06 17:38:51.073158,0 days 00:00:36.829262,7,14,10,36,14,70,88,35,38,COMPLETE
662,92831.44951967556,2025-08-06 17:38:39.358355,2025-08-06 17:39:13.431982,0 days 00:00:34.073627,7,9,10,36,28,70,99,25,36,COMPLETE
663,297787.79945007124,2025-08-06 17:38:41.900040,2025-08-06 17:39:17.890544,0 days 00:00:35.990504,7,14,10,35,28,70,84,35,37,COMPLETE
664,76245.65339818728,2025-08-06 17:38:48.382477,2025-08-06 17:39:25.629983,0 days 00:00:37.247506,11,14,8,35,28,68,84,31,37,COMPLETE
665,78869.43110847622,2025-08-06 17:38:51.097151,2025-08-06 17:39:28.343788,0 days 00:00:37.246637,11,14,10,37,28,68,84,32,37,COMPLETE
666,53009.25500718815,2025-08-06 17:39:13.475510,2025-08-06 17:39:49.039542,0 days 00:00:35.564032,10,14,9,35,28,68,83,32,36,COMPLETE
667,9829.686374780042,2025-08-06 17:39:17.935258,2025-08-06 17:39:52.756237,0 days 00:00:34.820979,12,13,8,37,28,68,92,42,38,COMPLETE
668,29948.84622876712,2025-08-06 17:39:25.643046,2025-08-06 17:40:05.045207,0 days 00:00:39.402161,10,14,9,37,28,68,94,45,36,COMPLETE
669,88303.81441109888,2025-08-06 17:39:28.452310,2025-08-06 17:40:06.719267,0 days 00:00:38.266957,10,14,8,35,28,68,92,43,38,COMPLETE
670,48244.81471362835,2025-08-06 17:39:49.093032,2025-08-06 17:40:25.118578,0 days 00:00:36.025546,8,14,8,37,28,67,94,27,35,COMPLETE
671,40046.76671806837,2025-08-06 17:39:52.780027,2025-08-06 17:40:28.440398,0 days 00:00:35.660371,8,14,9,36,28,67,94,26,35,COMPLETE
672,169041.30517551067,2025-08-06 17:40:05.098535,2025-08-06 17:40:42.023791,0 days 00:00:36.925256,8,15,9,35,25,69,88,26,37,COMPLETE
673,184323.2645732173,2025-08-06 17:40:06.736203,2025-08-06 17:40:45.794264,0 days 00:00:39.058061,8,14,9,36,25,69,88,26,35,COMPLETE
674,8785.300668553262,2025-08-06 17:40:25.161608,2025-08-06 17:41:01.467285,0 days 00:00:36.305677,8,14,9,36,27,69,88,286,33,COMPLETE
675,479352.45620315644,2025-08-06 17:40:28.463467,2025-08-06 17:41:03.995525,0 days 00:00:35.532058,5,13,9,36,25,69,87,26,39,COMPLETE
676,569830.8219977372,2025-08-06 17:40:42.036504,2025-08-06 17:41:17.022241,0 days 00:00:34.985737,5,13,10,36,27,69,87,21,34,COMPLETE
677,37323.88633495178,2025-08-06 17:40:45.853098,2025-08-06 17:41:22.349348,0 days 00:00:36.496250,5,15,10,33,27,70,98,51,39,COMPLETE
678,238368.4488775169,2025-08-06 17:41:01.521566,2025-08-06 17:41:38.945686,0 days 00:00:37.424120,5,15,7,33,26,70,82,21,34,COMPLETE
679,83125.36606580777,2025-08-06 17:41:04.002123,2025-08-06 17:41:40.184400,0 days 00:00:36.182277,6,13,10,35,26,67,81,37,39,COMPLETE
680,132287.69121030412,2025-08-06 17:41:17.130178,2025-08-06 17:41:53.197158,0 days 00:00:36.066980,5,10,9,36,26,67,82,34,34,COMPLETE
681,191827.3312703238,2025-08-06 17:41:22.438279,2025-08-06 17:42:00.623135,0 days 00:00:38.184856,5,10,9,36,26,67,81,36,35,COMPLETE
682,141119.0993552278,2025-08-06 17:41:38.983398,2025-08-06 17:42:13.647326,0 days 00:00:34.663928,6,13,9,36,25,67,82,37,34,COMPLETE
683,19186.708705941677,2025-08-06 17:41:40.201232,2025-08-06 17:42:15.985979,0 days 00:00:35.784747,6,13,9,36,25,68,80,167,34,COMPLETE
684,24432.346492342072,2025-08-06 17:41:53.212236,2025-08-06 17:42:29.964493,0 days 00:00:36.752257,6,13,9,36,25,68,81,139,36,COMPLETE
685,95143.36717404188,2025-08-06 17:42:00.660658,2025-08-06 17:42:36.652509,0 days 00:00:35.991851,6,13,9,36,25,68,86,29,34,COMPLETE
686,194767.16276043968,2025-08-06 17:42:13.683906,2025-08-06 17:42:50.780981,0 days 00:00:37.097075,6,13,9,18,25,68,85,29,37,COMPLETE
687,130799.0940732924,2025-08-06 17:42:16.044958,2025-08-06 17:42:53.591063,0 days 00:00:37.546105,6,13,8,35,26,68,86,30,37,COMPLETE
688,8609.146693300065,2025-08-06 17:42:30.052747,2025-08-06 17:43:08.372848,0 days 00:00:38.320101,7,13,10,18,26,69,160,29,37,COMPLETE
689,218067.86926860624,2025-08-06 17:42:36.725621,2025-08-06 17:43:14.712156,0 days 00:00:37.986535,7,13,9,34,26,69,75,28,36,COMPLETE
690,168538.9752931088,2025-08-06 17:42:50.797861,2025-08-06 17:43:25.636836,0 days 00:00:34.838975,7,13,10,34,26,69,75,24,36,COMPLETE
691,69957.0761893447,2025-08-06 17:42:53.619740,2025-08-06 17:43:27.624445,0 days 00:00:34.004705,7,13,10,35,26,69,92,23,36,COMPLETE
692,232140.15549238242,2025-08-06 17:43:08.525258,2025-08-06 17:43:44.970771,0 days 00:00:36.445513,5,13,10,35,27,69,73,23,36,COMPLETE
693,200793.17249214565,2025-08-06 17:43:14.759771,2025-08-06 17:43:50.049490,0 days 00:00:35.289719,5,13,10,35,27,69,92,22,39,COMPLETE
694,293530.4111753898,2025-08-06 17:43:25.686165,2025-08-06 17:44:03.777012,0 days 00:00:38.090847,5,13,10,35,27,69,93,22,38,COMPLETE
695,6491.1705367629365,2025-08-06 17:43:27.653438,2025-08-06 17:44:05.978793,0 days 00:00:38.325355,49,13,10,37,27,69,96,20,39,COMPLETE
696,46787.696169127805,2025-08-06 17:43:44.992817,2025-08-06 17:44:19.017695,0 days 00:00:34.024878,9,13,9,37,27,70,97,19,39,COMPLETE
697,33636.04280902203,2025-08-06 17:43:50.061546,2025-08-06 17:44:24.973383,0 days 00:00:34.911837,9,13,10,37,27,70,99,18,35,COMPLETE
698,8897.597249542712,2025-08-06 17:44:03.894835,2025-08-06 17:44:41.557788,0 days 00:00:37.662953,38,13,10,37,24,70,87,17,35,COMPLETE
699,28339.57094222665,2025-08-06 17:44:06.018380,2025-08-06 17:44:43.795341,0 days 00:00:37.776961,9,16,10,32,24,70,87,16,33,COMPLETE
700,37766.004557404754,2025-08-06 17:44:19.040937,2025-08-06 17:44:56.500263,0 days 00:00:37.459326,9,16,10,32,25,67,88,15,35,COMPLETE
701,310439.24712433043,2025-08-06 17:44:24.986377,2025-08-06 17:45:02.467143,0 days 00:00:37.480766,5,10,9,33,19,67,86,39,33,COMPLETE
702,69812.99189589612,2025-08-06 17:44:41.673537,2025-08-06 17:45:14.848645,0 days 00:00:33.175108,8,16,10,32,25,67,89,33,33,COMPLETE
703,409720.3389375153,2025-08-06 17:44:43.829553,2025-08-06 17:45:19.175217,0 days 00:00:35.345664,5,16,8,33,25,68,89,33,33,COMPLETE
704,3614.0459280958894,2025-08-06 17:44:56.576780,2025-08-06 17:45:36.707882,0 days 00:00:40.131102,5,9,8,34,25,57,78,33,34,COMPLETE
705,62752.114640275824,2025-08-06 17:45:02.483705,2025-08-06 17:45:40.712508,0 days 00:00:38.228803,7,9,8,41,26,68,78,33,34,COMPLETE
706,7675.656028439395,2025-08-06 17:45:14.899386,2025-08-06 17:45:53.442719,0 days 00:00:38.543333,7,12,8,34,26,57,79,26,37,COMPLETE
707,494.8412529121565,2025-08-06 17:45:19.186758,2025-08-06 17:45:56.322968,0 days 00:00:37.136210,32,15,7,33,25,59,92,32,34,COMPLETE
708,-inf,2025-08-06 17:45:36.740122,2025-08-06 17:46:14.643290,0 days 00:00:37.903168,5,16,7,33,25,34,93,27,33,COMPLETE
709,179521.32991146305,2025-08-06 17:45:40.740461,2025-08-06 17:46:16.389903,0 days 00:00:35.649442,5,17,8,33,24,68,92,26,33,COMPLETE
710,145735.45358650788,2025-08-06 17:45:53.518647,2025-08-06 17:46:34.920588,0 days 00:00:41.401941,5,15,7,33,24,68,91,48,33,COMPLETE
711,85214.11628416285,2025-08-06 17:45:56.344840,2025-08-06 17:46:36.737998,0 days 00:00:40.393158,5,16,8,33,24,68,96,42,33,COMPLETE
712,48485.13623410683,2025-08-06 17:46:14.716458,2025-08-06 17:46:54.928492,0 days 00:00:40.212034,19,17,7,32,24,68,97,40,32,COMPLETE
713,43936.98322710852,2025-08-06 17:46:16.396219,2025-08-06 17:46:53.797474,0 days 00:00:37.401255,5,16,9,32,24,68,97,44,34,COMPLETE
714,68987.183775431,2025-08-06 17:46:34.927109,2025-08-06 17:47:13.627334,0 days 00:00:38.700225,7,16,7,32,25,67,98,38,32,COMPLETE
715,366304.8089159603,2025-08-06 17:46:36.761913,2025-08-06 17:47:11.460871,0 days 00:00:34.698958,7,17,9,32,25,67,84,16,32,COMPLETE
716,415279.7535883872,2025-08-06 17:46:53.809518,2025-08-06 17:47:30.954372,0 days 00:00:37.144854,7,17,9,34,25,67,85,10,32,COMPLETE
717,11811.97890301264,2025-08-06 17:46:54.955097,2025-08-06 17:47:33.795819,0 days 00:00:38.840722,70,15,8,34,23,69,84,10,35,COMPLETE
718,186031.1692072807,2025-08-06 17:47:11.473088,2025-08-06 17:47:48.529045,0 days 00:00:37.055957,7,17,9,34,25,67,83,21,32,COMPLETE
719,440070.9686357372,2025-08-06 17:47:13.680703,2025-08-06 17:47:51.624702,0 days 00:00:37.943999,7,5,6,15,25,66,84,21,32,COMPLETE
720,122779.66409064425,2025-08-06 17:47:31.029033,2025-08-06 17:48:07.099089,0 days 00:00:36.070056,10,17,8,28,25,66,72,17,32,COMPLETE
721,24.91084451452242,2025-08-06 17:47:33.835726,2025-08-06 17:48:07.419540,0 days 00:00:33.583814,10,17,5,29,25,51,72,16,32,COMPLETE
722,135805.66212701963,2025-08-06 17:47:48.571599,2025-08-06 17:48:14.700516,0 days 00:00:26.128917,10,17,5,28,25,66,77,15,32,COMPLETE
723,-inf,2025-08-06 17:47:51.662831,2025-08-06 17:47:58.039920,0 days 00:00:06.377089,9,17,8,15,25,66,71,15,33,COMPLETE
724,-inf,2025-08-06 17:47:58.061856,2025-08-06 17:48:06.434750,0 days 00:00:08.372894,10,17,5,16,25,66,78,14,32,COMPLETE
725,-inf,2025-08-06 17:48:06.456810,2025-08-06 17:48:09.526943,0 days 00:00:03.070133,7,17,6,15,25,66,80,14,33,COMPLETE
726,6508.664114324533,2025-08-06 17:48:07.116712,2025-08-06 17:48:39.897935,0 days 00:00:32.781223,7,5,9,16,25,55,80,10,33,COMPLETE
727,-inf,2025-08-06 17:48:07.431303,2025-08-06 17:48:10.387551,0 days 00:00:02.956248,7,17,5,16,24,66,81,10,33,COMPLETE
728,-inf,2025-08-06 17:48:09.565312,2025-08-06 17:48:12.784179,0 days 00:00:03.218867,6,17,6,15,24,67,82,13,34,COMPLETE
729,146072.5266748446,2025-08-06 17:48:10.388901,2025-08-06 17:48:45.128193,0 days 00:00:34.739292,6,5,5,15,25,67,86,14,32,COMPLETE
730,110414.30224226035,2025-08-06 17:48:12.821911,2025-08-06 17:48:50.492354,0 days 00:00:37.670443,8,6,9,17,25,67,89,18,32,COMPLETE
731,44182.11335232884,2025-08-06 17:48:14.712727,2025-08-06 17:48:50.337866,0 days 00:00:35.625139,8,6,7,16,24,67,89,181,31,COMPLETE
732,3715.5421483519426,2025-08-06 17:48:39.914894,2025-08-06 17:49:15.439368,0 days 00:00:35.524474,64,5,9,15,24,67,89,20,31,COMPLETE
733,172122.8887962787,2025-08-06 17:48:45.145074,2025-08-06 17:49:19.617023,0 days 00:00:34.471949,8,6,6,17,24,70,86,20,31,COMPLETE
734,-inf,2025-08-06 17:48:50.350252,2025-08-06 17:48:53.605316,0 days 00:00:03.255064,5,17,9,15,24,70,35,22,31,COMPLETE
735,275526.2115472699,2025-08-06 17:48:50.505617,2025-08-06 17:49:24.924358,0 days 00:00:34.418741,5,5,6,30,24,70,84,20,31,COMPLETE
736,385183.8247065457,2025-08-06 17:48:53.632672,2025-08-06 17:49:29.236360,0 days 00:00:35.603688,5,5,6,35,24,69,84,28,34,COMPLETE
737,375995.99561124755,2025-08-06 17:49:15.461584,2025-08-06 17:49:53.503818,0 days 00:00:38.042234,5,5,8,34,23,69,84,28,33,COMPLETE
738,362346.10881781596,2025-08-06 17:49:19.660822,2025-08-06 17:49:58.384486,0 days 00:00:38.723664,5,5,8,30,23,69,84,28,34,COMPLETE
739,38841.19026097058,2025-08-06 17:49:24.947720,2025-08-06 17:50:02.043103,0 days 00:00:37.095383,6,17,8,33,23,69,143,28,34,COMPLETE
740,249567.6783751134,2025-08-06 17:49:29.262997,2025-08-06 17:50:03.448455,0 days 00:00:34.185458,5,5,11,35,23,69,76,32,34,COMPLETE
741,27138.31164773493,2025-08-06 17:49:53.541455,2025-08-06 17:50:28.442040,0 days 00:00:34.900585,5,5,6,34,23,69,76,223,34,COMPLETE
742,99042.75097073615,2025-08-06 17:49:58.407887,2025-08-06 17:50:33.871934,0 days 00:00:35.464047,6,5,6,34,23,69,76,33,34,COMPLETE
743,251318.18774704653,2025-08-06 17:50:02.049706,2025-08-06 17:50:38.581854,0 days 00:00:36.532148,5,5,6,35,23,69,76,35,34,COMPLETE
744,80064.19386511708,2025-08-06 17:50:03.497174,2025-08-06 17:50:41.630059,0 days 00:00:38.132885,6,5,6,34,23,70,78,38,35,COMPLETE
745,76999.26044557638,2025-08-06 17:50:28.459293,2025-08-06 17:51:04.224700,0 days 00:00:35.765407,6,5,8,35,22,70,81,35,35,COMPLETE
746,113727.89276628639,2025-08-06 17:50:33.901000,2025-08-06 17:51:07.672557,0 days 00:00:33.771557,6,6,7,35,22,70,81,36,33,COMPLETE
747,10626.02205039575,2025-08-06 17:50:38.600840,2025-08-06 17:51:12.617970,0 days 00:00:34.017130,25,5,6,34,22,70,81,95,33,COMPLETE
748,14321.20408064221,2025-08-06 17:50:41.636215,2025-08-06 17:51:17.712873,0 days 00:00:36.076658,8,5,5,35,22,68,91,94,33,COMPLETE
749,14174.98872655562,2025-08-06 17:51:04.281467,2025-08-06 17:51:39.246196,0 days 00:00:34.964729,8,5,7,33,24,68,91,192,33,COMPLETE
750,33378.725235636244,2025-08-06 17:51:07.683898,2025-08-06 17:51:43.302403,0 days 00:00:35.618505,8,5,7,33,24,68,91,30,33,COMPLETE
751,7673.743147951813,2025-08-06 17:51:12.624854,2025-08-06 17:51:49.349221,0 days 00:00:36.724367,34,5,5,33,24,68,91,28,33,COMPLETE
752,35146.02586868165,2025-08-06 17:51:17.747363,2025-08-06 17:51:52.541550,0 days 00:00:34.794187,8,6,7,33,24,68,87,57,35,COMPLETE
753,74781.76104993891,2025-08-06 17:51:39.358068,2025-08-06 17:52:18.374452,0 days 00:00:39.016384,7,5,6,33,23,68,87,53,35,COMPLETE
754,93088.43111948148,2025-08-06 17:51:43.371636,2025-08-06 17:52:21.257530,0 days 00:00:37.885894,5,5,6,34,23,69,86,56,35,COMPLETE
755,111868.29003580206,2025-08-06 17:51:49.365961,2025-08-06 17:52:24.955168,0 days 00:00:35.589207,5,5,6,36,23,69,86,50,35,COMPLETE
756,260139.17229992826,2025-08-06 17:51:52.587529,2025-08-06 17:52:26.907432,0 days 00:00:34.319903,5,5,8,34,23,69,86,26,32,COMPLETE
757,37031.903281991865,2025-08-06 17:52:18.401452,2025-08-06 17:52:54.911685,0 days 00:00:36.510233,17,5,8,47,23,69,86,42,32,COMPLETE
758,29234.318722888802,2025-08-06 17:52:21.282094,2025-08-06 17:52:56.054080,0 days 00:00:34.771986,12,5,10,36,23,70,84,26,31,COMPLETE
759,35713.98886069513,2025-08-06 17:52:24.957184,2025-08-06 17:53:00.055168,0 days 00:00:35.097984,12,5,8,35,21,70,83,41,32,COMPLETE
760,-inf,2025-08-06 17:52:26.926474,2025-08-06 17:53:01.773832,0 days 00:00:34.847358,11,5,7,35,24,39,81,42,32,COMPLETE
761,59809.236734782266,2025-08-06 17:52:54.918299,2025-08-06 17:53:34.951481,0 days 00:00:40.033182,9,5,11,35,21,70,94,28,31,COMPLETE
762,27916.64232615362,2025-08-06 17:52:56.092622,2025-08-06 17:53:33.201448,0 days 00:00:37.108826,9,6,7,35,24,70,94,30,34,COMPLETE
763,28694.410484641452,2025-08-06 17:53:00.072101,2025-08-06 17:53:37.114717,0 days 00:00:37.042616,9,6,7,35,24,68,94,31,31,COMPLETE
764,34833.538374168624,2025-08-06 17:53:01.776779,2025-08-06 17:53:38.754540,0 days 00:00:36.977761,9,12,7,34,24,68,94,30,34,COMPLETE
765,157212.65555949387,2025-08-06 17:53:33.239217,2025-08-06 17:54:08.052295,0 days 00:00:34.813078,7,12,6,34,25,68,92,25,31,COMPLETE
766,66439.92070286287,2025-08-06 17:53:35.001755,2025-08-06 17:54:08.367005,0 days 00:00:33.365250,7,12,6,34,25,68,90,24,31,COMPLETE
767,209249.23284591068,2025-08-06 17:53:37.181304,2025-08-06 17:54:13.075587,0 days 00:00:35.894283,7,12,6,34,25,69,89,24,33,COMPLETE
768,78786.91842577432,2025-08-06 17:53:38.763937,2025-08-06 17:54:15.070500,0 days 00:00:36.306563,7,16,6,36,25,69,90,23,33,COMPLETE
769,-inf,2025-08-06 17:54:08.059005,2025-08-06 17:54:13.348318,0 days 00:00:05.289313,7,16,6,16,25,69,80,24,33,COMPLETE
770,-inf,2025-08-06 17:54:08.390162,2025-08-06 17:54:13.410462,0 days 00:00:05.020300,6,16,10,16,25,69,79,21,36,COMPLETE
771,-inf,2025-08-06 17:54:13.077115,2025-08-06 17:54:15.207755,0 days 00:00:02.130640,5,16,10,16,24,69,79,125,30,COMPLETE
772,138666.70558988,2025-08-06 17:54:13.355380,2025-08-06 17:54:48.876751,0 days 00:00:35.521371,5,6,20,36,24,69,83,34,30,COMPLETE
773,133241.7300089705,2025-08-06 17:54:13.418195,2025-08-06 17:54:48.484478,0 days 00:00:35.066283,5,6,11,36,22,70,83,36,30,COMPLETE
774,144177.61076446375,2025-08-06 17:54:15.071827,2025-08-06 17:54:51.204191,0 days 00:00:36.132364,5,6,12,36,24,70,83,35,32,COMPLETE
775,293246.8210170723,2025-08-06 17:54:15.209706,2025-08-06 17:54:51.864856,0 days 00:00:36.655150,5,18,11,36,26,67,84,37,32,COMPLETE
776,1084.9993430335112,2025-08-06 17:54:48.491172,2025-08-06 17:55:23.700827,0 days 00:00:35.209655,51,18,12,37,26,67,187,32,32,COMPLETE
777,23217.47828513049,2025-08-06 17:54:48.896100,2025-08-06 17:55:25.107033,0 days 00:00:36.210933,7,18,12,32,16,67,100,19,34,COMPLETE
778,3722.403426943694,2025-08-06 17:54:51.220774,2025-08-06 17:55:27.414359,0 days 00:00:36.193585,7,18,5,31,12,67,102,19,34,COMPLETE
779,41265.60556721556,2025-08-06 17:54:51.871129,2025-08-06 17:55:28.450235,0 days 00:00:36.579106,7,18,8,31,23,68,101,19,34,COMPLETE
780,-inf,2025-08-06 17:55:23.867480,2025-08-06 17:55:59.956844,0 days 00:00:36.089364,7,10,5,32,23,30,75,19,36,COMPLETE
781,218732.67972287233,2025-08-06 17:55:25.120593,2025-08-06 17:56:00.062360,0 days 00:00:34.941767,7,10,9,31,23,68,74,20,36,COMPLETE
782,266685.3849280288,2025-08-06 17:55:27.450613,2025-08-06 17:56:04.482494,0 days 00:00:37.031881,9,10,8,33,23,68,75,27,35,COMPLETE
783,318389.6780681447,2025-08-06 17:55:28.454492,2025-08-06 17:56:05.368255,0 days 00:00:36.913763,10,5,13,33,23,68,74,27,36,COMPLETE
784,67199.57133401628,2025-08-06 17:55:59.963238,2025-08-06 17:56:37.646726,0 days 00:00:37.683488,9,5,9,33,26,68,88,28,32,COMPLETE
785,11277.857733859008,2025-08-06 17:56:00.063316,2025-08-06 17:56:33.824138,0 days 00:00:33.760822,58,12,13,33,22,70,88,27,32,COMPLETE
786,75507.3912238818,2025-08-06 17:56:04.488640,2025-08-06 17:56:39.903731,0 days 00:00:35.415091,57,12,13,35,25,70,176,27,30,COMPLETE
787,484374.6411667795,2025-08-06 17:56:05.371726,2025-08-06 17:56:41.318953,0 days 00:00:35.947227,5,12,10,35,25,70,88,14,30,COMPLETE
788,27194.952071833926,2025-08-06 17:56:33.825338,2025-08-06 17:57:11.007718,0 days 00:00:37.182380,42,12,10,35,25,69,88,15,30,COMPLETE
789,170170.54101296305,2025-08-06 17:56:37.684468,2025-08-06 17:57:16.809168,0 days 00:00:39.124700,5,17,10,35,25,66,96,10,30,COMPLETE
790,-inf,2025-08-06 17:56:39.960361,2025-08-06 17:57:17.357148,0 days 00:00:37.396787,5,13,10,34,6,47,96,15,31,COMPLETE
791,172788.84190128147,2025-08-06 17:56:41.323189,2025-08-06 17:57:18.852709,0 days 00:00:37.529520,5,12,10,34,25,66,97,10,30,COMPLETE
792,109017.53603036208,2025-08-06 17:57:11.030236,2025-08-06 17:57:44.716383,0 days 00:00:33.686147,5,12,10,34,25,66,96,15,30,COMPLETE
793,126114.1048315859,2025-08-06 17:57:16.846769,2025-08-06 17:57:52.171725,0 days 00:00:35.324956,5,12,10,34,26,69,92,14,31,COMPLETE
794,267864.69198187557,2025-08-06 17:57:17.363531,2025-08-06 17:57:50.503970,0 days 00:00:33.140439,5,12,10,34,26,69,91,14,31,COMPLETE
795,-inf,2025-08-06 17:57:18.870799,2025-08-06 17:57:21.550035,0 days 00:00:02.679236,6,17,10,15,26,69,80,10,31,COMPLETE
796,30.968018188695428,2025-08-06 17:57:21.577653,2025-08-06 17:57:57.868541,0 days 00:00:36.290888,6,12,10,34,26,52,91,16,30,COMPLETE
797,68787.74902559251,2025-08-06 17:57:44.723239,2025-08-06 17:58:20.834463,0 days 00:00:36.111224,6,12,11,35,26,69,91,22,31,COMPLETE
798,332246.2591189975,2025-08-06 17:57:50.533148,2025-08-06 17:58:25.620208,0 days 00:00:35.087060,6,11,11,35,26,70,84,21,31,COMPLETE
799,196567.11355789664,2025-08-06 17:57:52.184855,2025-08-06 17:58:29.014570,0 days 00:00:36.829715,8,11,11,35,24,70,84,23,33,COMPLETE
800,164539.1055279317,2025-08-06 17:57:57.968322,2025-08-06 17:58:36.280006,0 days 00:00:38.311684,8,11,11,35,24,70,83,22,32,COMPLETE
801,165996.28898126737,2025-08-06 17:58:20.851764,2025-08-06 17:58:55.980419,0 days 00:00:35.128655,8,11,9,35,25,70,83,22,33,COMPLETE
802,73338.41655323388,2025-08-06 17:58:25.657483,2025-08-06 17:59:03.217935,0 days 00:00:37.560452,8,11,9,35,24,70,68,32,32,COMPLETE
803,46212.58319387016,2025-08-06 17:58:29.064427,2025-08-06 17:59:06.125649,0 days 00:00:37.061222,8,16,9,36,20,68,69,31,29,COMPLETE
804,54769.569633945284,2025-08-06 17:58:36.292293,2025-08-06 17:59:10.617357,0 days 00:00:34.325064,8,16,9,36,14,68,68,10,29,COMPLETE
805,51329.41859585701,2025-08-06 17:58:56.012579,2025-08-06 17:59:34.576888,0 days 00:00:38.564309,7,16,9,33,25,68,78,33,29,COMPLETE
806,61792.96481542008,2025-08-06 17:59:03.224197,2025-08-06 17:59:41.011428,0 days 00:00:37.787231,6,16,15,36,25,68,78,10,29,COMPLETE
807,68346.73845419675,2025-08-06 17:59:06.148414,2025-08-06 17:59:43.229151,0 days 00:00:37.080737,6,10,15,33,25,67,78,40,30,COMPLETE
808,70892.1585180399,2025-08-06 17:59:10.656718,2025-08-06 17:59:47.332303,0 days 00:00:36.675585,6,10,15,33,25,67,79,39,30,COMPLETE
809,34113.10974148494,2025-08-06 17:59:34.629708,2025-08-06 18:00:11.705036,0 days 00:00:37.075328,5,10,15,34,25,67,88,239,30,COMPLETE
810,90544.0451878453,2025-08-06 17:59:41.044758,2025-08-06 18:00:15.509714,0 days 00:00:34.464956,5,10,10,34,25,60,87,18,44,COMPLETE
811,31097.484429847227,2025-08-06 17:59:43.236277,2025-08-06 18:00:18.280260,0 days 00:00:35.043983,11,5,10,34,24,67,87,18,33,COMPLETE
812,44834.61287729269,2025-08-06 17:59:47.376267,2025-08-06 18:00:24.630303,0 days 00:00:37.254036,10,5,10,34,24,69,88,18,40,COMPLETE
813,39355.66364079511,2025-08-06 18:00:11.899326,2025-08-06 18:00:50.046825,0 days 00:00:38.147499,10,17,10,34,24,69,87,18,40,COMPLETE
814,3524.2695883423626,2025-08-06 18:00:15.538875,2025-08-06 18:00:53.145520,0 days 00:00:37.606645,80,5,7,15,24,69,87,17,32,COMPLETE
815,18835.33644783422,2025-08-06 18:00:18.297504,2025-08-06 18:00:55.024487,0 days 00:00:36.726983,10,17,10,19,26,65,86,46,32,COMPLETE
816,9000.319674014061,2025-08-06 18:00:24.693877,2025-08-06 18:01:02.398286,0 days 00:00:37.704409,9,17,7,19,26,69,83,47,32,COMPLETE
817,122001.42670971398,2025-08-06 18:00:50.058861,2025-08-06 18:01:23.963995,0 days 00:00:33.905134,7,17,7,36,26,69,82,27,32,COMPLETE
818,139499.25808276815,2025-08-06 18:00:53.174764,2025-08-06 18:01:28.244538,0 days 00:00:35.069774,7,12,8,36,26,69,94,26,31,COMPLETE
819,118935.44000722862,2025-08-06 18:00:55.054148,2025-08-06 18:01:30.373796,0 days 00:00:35.319648,7,12,8,32,26,69,94,27,33,COMPLETE
820,120618.92739112138,2025-08-06 18:01:02.468528,2025-08-06 18:01:41.402484,0 days 00:00:38.933956,7,12,8,32,26,68,94,28,33,COMPLETE
821,69669.20812820831,2025-08-06 18:01:24.007630,2025-08-06 18:02:02.866190,0 days 00:00:38.858560,5,6,8,32,15,68,95,25,31,COMPLETE
822,194346.95755572972,2025-08-06 18:01:28.256134,2025-08-06 18:02:05.430316,0 days 00:00:37.174182,5,6,6,32,25,68,93,24,34,COMPLETE
823,289833.9356598206,2025-08-06 18:01:30.375591,2025-08-06 18:02:07.765361,0 days 00:00:37.389770,5,6,6,35,25,68,91,15,31,COMPLETE
824,251622.40382673798,2025-08-06 18:01:41.429828,2025-08-06 18:02:21.785281,0 days 00:00:40.355453,5,6,11,35,25,70,81,23,34,COMPLETE
825,31504.04688812414,2025-08-06 18:02:02.951097,2025-08-06 18:02:37.853419,0 days 00:00:34.902322,5,11,11,35,25,70,81,84,6,COMPLETE
826,335807.7412545443,2025-08-06 18:02:05.466357,2025-08-06 18:02:41.580282,0 days 00:00:36.113925,5,18,9,35,17,70,81,10,30,COMPLETE
827,58087.209904850555,2025-08-06 18:02:07.771990,2025-08-06 18:02:43.787535,0 days 00:00:36.015545,9,18,11,35,24,70,81,10,29,COMPLETE
828,844.3980705623277,2025-08-06 18:02:21.802356,2025-08-06 18:03:01.577328,0 days 00:00:39.774972,9,11,15,37,17,67,99,107,17,COMPLETE
829,37290.30087284574,2025-08-06 18:02:37.962536,2025-08-06 18:03:13.504426,0 days 00:00:35.541890,9,18,10,37,24,67,99,34,38,COMPLETE
830,50370.48299754419,2025-08-06 18:02:41.597299,2025-08-06 18:03:15.586554,0 days 00:00:33.989255,9,18,15,37,24,67,101,32,29,COMPLETE
831,211721.3785508357,2025-08-06 18:02:43.799465,2025-08-06 18:03:19.369563,0 days 00:00:35.570098,7,5,15,37,24,65,73,33,38,COMPLETE
832,-656.195505350975,2025-08-06 18:03:01.655368,2025-08-06 18:03:40.555598,0 days 00:00:38.900230,29,5,14,36,10,66,74,34,38,COMPLETE
833,14597.957500516335,2025-08-06 18:03:13.552229,2025-08-06 18:03:50.781053,0 days 00:00:37.228824,7,5,14,17,24,65,105,161,33,COMPLETE
834,1123.9649340027008,2025-08-06 18:03:15.598327,2025-08-06 18:03:50.610471,0 days 00:00:35.012144,13,5,14,33,9,65,72,19,9,COMPLETE
835,16502.554680579546,2025-08-06 18:03:19.391679,2025-08-06 18:03:54.636865,0 days 00:00:35.245186,7,12,14,33,19,66,89,161,10,COMPLETE
836,3090.7845998568105,2025-08-06 18:03:40.827001,2025-08-06 18:04:19.370701,0 days 00:00:38.543700,13,11,14,33,26,69,89,251,32,COMPLETE
837,269314.8290179482,2025-08-06 18:03:50.632150,2025-08-06 18:04:26.479974,0 days 00:00:35.847824,7,11,9,17,25,69,86,15,33,COMPLETE
838,288678.18969840213,2025-08-06 18:03:50.799225,2025-08-06 18:04:27.508869,0 days 00:00:36.709644,7,12,9,34,26,69,86,15,31,COMPLETE
839,-inf,2025-08-06 18:03:54.643453,2025-08-06 18:04:31.738132,0 days 00:00:37.094679,6,10,9,34,26,49,86,14,41,COMPLETE
840,229966.89893402962,2025-08-06 18:04:19.404302,2025-08-06 18:04:58.210625,0 days 00:00:38.806323,6,10,9,34,25,68,85,15,41,COMPLETE
841,146989.85451440484,2025-08-06 18:04:26.486374,2025-08-06 18:05:02.430506,0 days 00:00:35.944132,6,17,9,34,25,68,86,21,41,COMPLETE
842,303522.7157122519,2025-08-06 18:04:27.521088,2025-08-06 18:05:04.192740,0 days 00:00:36.671652,6,10,10,29,25,68,84,22,30,COMPLETE
843,-inf,2025-08-06 18:04:31.755198,2025-08-06 18:05:08.508295,0 days 00:00:36.753097,11,17,10,36,25,36,77,23,31,COMPLETE
844,102537.18445348185,2025-08-06 18:04:58.248964,2025-08-06 18:05:33.253439,0 days 00:00:35.004475,11,17,10,36,24,70,78,22,30,COMPLETE
845,82207.25851300533,2025-08-06 18:05:02.442585,2025-08-06 18:05:38.648195,0 days 00:00:36.205610,11,17,10,35,24,70,78,23,30,COMPLETE
846,105066.18520704741,2025-08-06 18:05:04.194209,2025-08-06 18:05:39.882004,0 days 00:00:35.687795,11,17,10,36,24,70,77,29,31,COMPLETE
847,20219.74271029151,2025-08-06 18:05:08.531230,2025-08-06 18:05:46.367835,0 days 00:00:37.836605,8,17,14,35,24,70,93,30,30,COMPLETE
848,17613.507463656682,2025-08-06 18:05:33.301502,2025-08-06 18:06:07.472715,0 days 00:00:34.171213,8,16,14,18,23,70,92,41,34,COMPLETE
849,132838.1891323404,2025-08-06 18:05:38.668241,2025-08-06 18:06:14.650485,0 days 00:00:35.982244,8,16,14,35,26,69,90,40,29,COMPLETE
850,29855.359014800037,2025-08-06 18:05:39.894483,2025-08-06 18:06:16.216283,0 days 00:00:36.321800,8,18,14,35,23,69,91,39,34,COMPLETE
851,6615.484839487149,2025-08-06 18:05:46.397388,2025-08-06 18:06:24.265470,0 days 00:00:37.868082,75,18,15,33,22,69,92,38,34,COMPLETE
852,3649.3437839857634,2025-08-06 18:06:07.516202,2025-08-06 18:06:44.641515,0 days 00:00:37.125313,53,11,15,33,22,69,90,14,32,COMPLETE
853,246150.0538723001,2025-08-06 18:06:14.696785,2025-08-06 18:06:50.923642,0 days 00:00:36.226857,5,11,15,33,26,67,82,10,32,COMPLETE
854,197406.1330292393,2025-08-06 18:06:16.234242,2025-08-06 18:06:52.554604,0 days 00:00:36.320362,5,11,15,33,22,68,83,15,32,COMPLETE
855,169121.0260931763,2025-08-06 18:06:24.374256,2025-08-06 18:07:05.298797,0 days 00:00:40.924541,5,11,15,49,26,68,83,10,32,COMPLETE
856,133526.18811431565,2025-08-06 18:06:44.658127,2025-08-06 18:07:19.630646,0 days 00:00:34.972519,5,12,6,15,26,67,83,19,33,COMPLETE
857,221504.60315404073,2025-08-06 18:06:50.967485,2025-08-06 18:07:27.022144,0 days 00:00:36.054659,5,12,11,36,26,68,83,10,35,COMPLETE
858,155980.77078958586,2025-08-06 18:06:52.574734,2025-08-06 18:07:27.203151,0 days 00:00:34.628417,5,12,5,34,20,67,97,10,33,COMPLETE
859,198013.12754061364,2025-08-06 18:07:05.374584,2025-08-06 18:07:46.088110,0 days 00:00:40.713526,5,12,11,36,25,66,96,20,33,COMPLETE
860,53138.00113088226,2025-08-06 18:07:19.729059,2025-08-06 18:07:56.506161,0 days 00:00:36.777102,7,12,11,34,25,68,97,30,29,COMPLETE
861,85162.56014434989,2025-08-06 18:07:27.044650,2025-08-06 18:08:02.857279,0 days 00:00:35.812629,7,13,12,34,25,67,97,27,29,COMPLETE
862,322449.21249473904,2025-08-06 18:07:27.224426,2025-08-06 18:08:03.124756,0 days 00:00:35.900330,7,13,17,35,27,69,88,25,29,COMPLETE
863,207211.3292174446,2025-08-06 18:07:46.105175,2025-08-06 18:08:20.415765,0 days 00:00:34.310590,7,13,7,34,27,69,89,28,29,COMPLETE
864,2954.342901024149,2025-08-06 18:07:56.523252,2025-08-06 18:08:34.963203,0 days 00:00:38.439951,9,13,17,35,27,53,161,26,45,COMPLETE
865,51050.07844520465,2025-08-06 18:08:02.930032,2025-08-06 18:08:40.872699,0 days 00:00:37.942667,9,13,17,35,23,69,88,19,31,COMPLETE
866,54752.82320676791,2025-08-06 18:08:03.146546,2025-08-06 18:08:39.597357,0 days 00:00:36.450811,9,10,7,16,24,70,89,19,31,COMPLETE
867,5467.137846831587,2025-08-06 18:08:20.427575,2025-08-06 18:09:02.078190,0 days 00:00:41.650615,9,15,14,35,23,56,79,18,31,COMPLETE
868,61835.806730029595,2025-08-06 18:08:34.979934,2025-08-06 18:09:10.553596,0 days 00:00:35.573662,9,10,14,37,21,70,79,19,31,COMPLETE
869,118194.01828926933,2025-08-06 18:08:39.623325,2025-08-06 18:09:12.219214,0 days 00:00:32.595889,6,16,14,37,23,68,86,18,31,COMPLETE
870,58570.14725525586,2025-08-06 18:08:40.873670,2025-08-06 18:09:17.043358,0 days 00:00:36.169688,6,5,14,37,23,68,78,34,30,COMPLETE
871,77975.7417150305,2025-08-06 18:09:02.153724,2025-08-06 18:09:39.219836,0 days 00:00:37.066112,6,18,8,37,21,68,75,34,35,COMPLETE
872,112954.87455404788,2025-08-06 18:09:10.584241,2025-08-06 18:09:47.268207,0 days 00:00:36.683966,6,5,8,32,24,68,74,31,35,COMPLETE
873,119907.63635097982,2025-08-06 18:09:12.222833,2025-08-06 18:09:47.870806,0 days 00:00:35.647973,7,10,8,32,24,68,76,25,35,COMPLETE
874,-inf,2025-08-06 18:09:17.087316,2025-08-06 18:09:53.159108,0 days 00:00:36.071792,7,18,8,36,24,41,74,31,35,COMPLETE
875,118007.78509423554,2025-08-06 18:09:39.231860,2025-08-06 18:10:14.400139,0 days 00:00:35.168279,7,5,10,32,24,66,92,25,34,COMPLETE
876,41791.33457896278,2025-08-06 18:09:47.292026,2025-08-06 18:10:23.496458,0 days 00:00:36.204432,7,18,10,36,26,69,92,24,15,COMPLETE
877,-inf,2025-08-06 18:09:47.900083,2025-08-06 18:10:24.188120,0 days 00:00:36.288037,5,18,10,36,25,42,84,15,33,COMPLETE
878,123138.94433912328,2025-08-06 18:09:53.165770,2025-08-06 18:10:29.949267,0 days 00:00:36.783497,5,11,16,34,25,69,92,15,33,COMPLETE
879,404963.7943952366,2025-08-06 18:10:14.496739,2025-08-06 18:10:49.154992,0 days 00:00:34.658253,5,16,10,27,26,69,84,14,32,COMPLETE
880,-inf,2025-08-06 18:10:23.524798,2025-08-06 18:10:59.107110,0 days 00:00:35.582312,5,11,6,34,25,45,84,14,32,COMPLETE
881,222774.14997914163,2025-08-06 18:10:24.197564,2025-08-06 18:10:59.657316,0 days 00:00:35.459752,5,6,6,34,26,70,85,14,37,COMPLETE
882,223714.4073283988,2025-08-06 18:10:29.955837,2025-08-06 18:11:06.199145,0 days 00:00:36.243308,8,6,9,31,26,70,84,10,37,COMPLETE
883,414108.0580974845,2025-08-06 18:10:49.211474,2025-08-06 18:11:26.262960,0 days 00:00:37.051486,5,17,10,26,26,70,81,13,32,COMPLETE
884,270940.2430312118,2025-08-06 18:10:59.119195,2025-08-06 18:11:35.548605,0 days 00:00:36.429410,5,6,10,31,26,70,81,15,32,COMPLETE
885,357048.3835641836,2025-08-06 18:10:59.680880,2025-08-06 18:11:35.775135,0 days 00:00:36.094255,5,16,10,26,26,67,81,10,32,COMPLETE
886,227409.2657078821,2025-08-06 18:11:06.228998,2025-08-06 18:11:47.815814,0 days 00:00:41.586816,5,17,10,33,25,67,80,15,32,COMPLETE
887,416440.1873947802,2025-08-06 18:11:26.269330,2025-08-06 18:12:00.459441,0 days 00:00:34.190111,5,17,10,27,26,70,69,13,32,COMPLETE
888,117053.02178029422,2025-08-06 18:11:35.673714,2025-08-06 18:12:11.498429,0 days 00:00:35.824715,6,17,10,27,26,70,68,10,31,COMPLETE
889,163157.14595932746,2025-08-06 18:11:35.792220,2025-08-06 18:12:10.694566,0 days 00:00:34.902346,6,17,10,28,26,70,103,10,31,COMPLETE
890,40242.88631733696,2025-08-06 18:11:47.822228,2025-08-06 18:12:22.574267,0 days 00:00:34.752039,7,17,10,27,26,70,103,10,31,COMPLETE
891,-inf,2025-08-06 18:12:00.669212,2025-08-06 18:12:09.360258,0 days 00:00:08.691046,7,17,10,15,26,70,72,16,31,COMPLETE
892,77212.35805195152,2025-08-06 18:12:09.387902,2025-08-06 18:12:46.983098,0 days 00:00:37.595196,7,17,10,26,26,70,104,10,32,COMPLETE
893,98264.38074246627,2025-08-06 18:12:10.717901,2025-08-06 18:12:46.047629,0 days 00:00:35.329728,7,17,10,27,25,69,66,14,32,COMPLETE
894,107454.42556559289,2025-08-06 18:12:11.505678,2025-08-06 18:12:48.577957,0 days 00:00:37.072279,7,17,10,27,25,69,99,14,33,COMPLETE
895,76362.73423998976,2025-08-06 18:12:22.581127,2025-08-06 18:12:58.537805,0 days 00:00:35.956678,8,17,10,28,25,69,247,10,32,COMPLETE
896,116683.91660534653,2025-08-06 18:12:46.085028,2025-08-06 18:13:21.877203,0 days 00:00:35.792175,5,17,10,27,25,69,62,18,30,COMPLETE
897,2596.0160336988247,2025-08-06 18:12:47.123411,2025-08-06 18:13:23.313970,0 days 00:00:36.190559,5,17,10,28,7,69,72,20,33,COMPLETE
898,79.87343216816006,2025-08-06 18:12:48.591893,2025-08-06 18:13:24.729531,0 days 00:00:36.137638,5,17,10,26,7,66,64,19,30,COMPLETE
899,1678.6192674642034,2025-08-06 18:12:58.602478,2025-08-06 18:13:34.124850,0 days 00:00:35.522372,5,17,10,28,7,66,61,20,30,COMPLETE
900,512330.94167623285,2025-08-06 18:13:21.888777,2025-08-06 18:13:57.053060,0 days 00:00:35.164283,5,17,10,27,26,66,71,19,30,COMPLETE
901,109697.20409497089,2025-08-06 18:13:23.320266,2025-08-06 18:14:00.867294,0 days 00:00:37.547028,5,16,10,27,26,66,64,19,30,COMPLETE
902,31125.441579059076,2025-08-06 18:13:24.742493,2025-08-06 18:14:01.806541,0 days 00:00:37.064048,22,16,10,27,26,68,65,15,30,COMPLETE
903,59331.8429271638,2025-08-06 18:13:34.157204,2025-08-06 18:14:09.273519,0 days 00:00:35.116315,20,16,10,27,26,68,203,14,34,COMPLETE
904,21534.604492898798,2025-08-06 18:13:57.118297,2025-08-06 18:14:32.786293,0 days 00:00:35.667996,8,17,10,27,26,65,69,65,30,COMPLETE
905,34847.58508976958,2025-08-06 18:14:00.903808,2025-08-06 18:14:37.560256,0 days 00:00:36.656448,27,17,10,29,26,66,74,15,31,COMPLETE
906,85402.27291419734,2025-08-06 18:14:01.824953,2025-08-06 18:14:37.801981,0 days 00:00:35.977028,9,17,10,27,26,65,65,15,31,COMPLETE
907,101407.74573785646,2025-08-06 18:14:09.441263,2025-08-06 18:14:49.235362,0 days 00:00:39.794099,9,17,10,26,26,65,69,17,31,COMPLETE
908,69522.86692688362,2025-08-06 18:14:32.792807,2025-08-06 18:15:07.297328,0 days 00:00:34.504521,9,17,10,28,26,66,71,10,31,COMPLETE
909,54816.39422222829,2025-08-06 18:14:37.566807,2025-08-06 18:15:13.834903,0 days 00:00:36.268096,9,17,11,28,26,66,68,15,31,COMPLETE
910,73443.66955090221,2025-08-06 18:14:37.817409,2025-08-06 18:15:13.793514,0 days 00:00:35.976105,10,17,11,28,25,67,70,10,29,COMPLETE
911,111555.24132743716,2025-08-06 18:14:49.273836,2025-08-06 18:15:23.976475,0 days 00:00:34.702639,7,17,9,28,25,66,67,10,29,COMPLETE
912,200486.08483396744,2025-08-06 18:15:07.298285,2025-08-06 18:15:41.396326,0 days 00:00:34.098041,7,18,9,28,27,67,71,10,29,COMPLETE
913,1633.127549567579,2025-08-06 18:15:13.827038,2025-08-06 18:15:51.265629,0 days 00:00:37.438591,60,18,9,25,27,67,69,22,29,COMPLETE
914,6382.651089446824,2025-08-06 18:15:13.862024,2025-08-06 18:15:49.449716,0 days 00:00:35.587692,7,18,9,27,27,67,70,275,29,COMPLETE
915,135650.82987151068,2025-08-06 18:15:23.998751,2025-08-06 18:16:00.906007,0 days 00:00:36.907256,6,18,9,26,27,67,74,22,32,COMPLETE
916,99115.73209144923,2025-08-06 18:15:41.407681,2025-08-06 18:16:15.352744,0 days 00:00:33.945063,6,18,10,27,27,67,76,20,32,COMPLETE
917,113560.41610201626,2025-08-06 18:15:49.450742,2025-08-06 18:16:23.753269,0 days 00:00:34.302527,6,16,10,26,25,67,77,21,30,COMPLETE
918,26822.510957834616,2025-08-06 18:15:51.324082,2025-08-06 18:16:27.081808,0 days 00:00:35.757726,6,16,10,28,25,68,76,172,32,COMPLETE
919,71315.37084478054,2025-08-06 18:16:00.970854,2025-08-06 18:16:36.174517,0 days 00:00:35.203663,6,16,10,26,25,68,78,21,43,COMPLETE
920,4866.810197050008,2025-08-06 18:16:15.365160,2025-08-06 18:16:54.202067,0 days 00:00:38.836907,36,18,10,29,25,68,78,20,30,COMPLETE
921,534384.0282593084,2025-08-06 18:16:23.761157,2025-08-06 18:17:02.003877,0 days 00:00:38.242720,5,17,10,27,25,68,90,21,30,COMPLETE
922,46823.76176187696,2025-08-06 18:16:27.118866,2025-08-06 18:17:04.802731,0 days 00:00:37.683865,8,17,11,26,26,70,94,21,30,COMPLETE
923,41525.18447187824,2025-08-06 18:16:36.240217,2025-08-06 18:17:11.186845,0 days 00:00:34.946628,8,17,11,27,26,65,94,15,30,COMPLETE
924,86124.78992030807,2025-08-06 18:16:54.406888,2025-08-06 18:17:30.074642,0 days 00:00:35.667754,8,17,11,26,26,65,89,15,31,COMPLETE
925,26007.913701937072,2025-08-06 18:17:02.020642,2025-08-06 18:17:37.615085,0 days 00:00:35.594443,8,17,11,27,18,65,96,24,30,COMPLETE
926,76775.0096499665,2025-08-06 18:17:04.824278,2025-08-06 18:17:41.739705,0 days 00:00:36.915427,8,17,10,27,25,66,90,15,31,COMPLETE
927,145835.10415001563,2025-08-06 18:17:11.224094,2025-08-06 18:17:46.915545,0 days 00:00:35.691451,5,17,10,28,25,66,98,24,32,COMPLETE
928,499173.00694549136,2025-08-06 18:17:30.101467,2025-08-06 18:18:04.621993,0 days 00:00:34.520526,5,17,10,27,25,66,90,24,32,COMPLETE
929,97139.72523938827,2025-08-06 18:17:37.651780,2025-08-06 18:18:12.082869,0 days 00:00:34.431089,5,17,10,29,25,67,61,24,32,COMPLETE
930,449834.64503424044,2025-08-06 18:17:41.767076,2025-08-06 18:18:18.639405,0 days 00:00:36.872329,5,16,10,29,25,67,89,10,32,COMPLETE
931,587035.3769332254,2025-08-06 18:17:46.938095,2025-08-06 18:18:25.169652,0 days 00:00:38.231557,5,16,10,29,25,67,89,24,33,COMPLETE
932,99812.61480322076,2025-08-06 18:18:04.633777,2025-08-06 18:18:39.677916,0 days 00:00:35.044139,5,17,10,29,25,64,61,25,33,COMPLETE
933,1391.9243805042329,2025-08-06 18:18:12.142520,2025-08-06 18:18:48.513503,0 days 00:00:36.370983,5,17,10,28,25,64,170,25,33,COMPLETE
934,230159.8360237211,2025-08-06 18:18:18.675894,2025-08-06 18:18:57.293759,0 days 00:00:38.617865,5,16,10,29,25,64,95,25,33,COMPLETE
935,226920.28644443778,2025-08-06 18:18:25.176561,2025-08-06 18:19:01.463842,0 days 00:00:36.287281,5,16,10,27,25,65,92,28,33,COMPLETE
936,194468.6195396164,2025-08-06 18:18:39.684099,2025-08-06 18:19:18.247659,0 days 00:00:38.563560,5,16,10,30,25,65,95,30,33,COMPLETE
937,102239.00981728594,2025-08-06 18:18:48.543758,2025-08-06 18:19:25.794055,0 days 00:00:37.250297,5,16,10,29,25,66,97,29,33,COMPLETE
938,166150.6637880986,2025-08-06 18:18:57.332375,2025-08-06 18:19:31.919056,0 days 00:00:34.586681,5,16,10,30,25,66,94,31,33,COMPLETE
939,151338.93542428626,2025-08-06 18:19:01.475565,2025-08-06 18:19:37.807697,0 days 00:00:36.332132,5,16,10,30,25,65,101,18,33,COMPLETE
940,50767.09443012313,2025-08-06 18:19:18.384510,2025-08-06 18:19:55.811663,0 days 00:00:37.427153,6,16,10,29,25,66,98,16,32,COMPLETE
941,6153.416960214379,2025-08-06 18:19:25.823550,2025-08-06 18:20:01.253012,0 days 00:00:35.429462,6,16,10,29,25,66,181,18,32,COMPLETE
942,136139.0532926078,2025-08-06 18:19:31.922761,2025-08-06 18:20:08.621100,0 days 00:00:36.698339,6,15,10,30,25,66,103,18,32,COMPLETE
943,333773.401118836,2025-08-06 18:19:37.840877,2025-08-06 18:20:14.676030,0 days 00:00:36.835153,7,16,10,30,25,66,89,10,32,COMPLETE
944,40520.80848010403,2025-08-06 18:19:56.052523,2025-08-06 18:20:31.404068,0 days 00:00:35.351545,7,16,9,30,25,59,89,10,34,COMPLETE
945,236357.1606166154,2025-08-06 18:20:01.327541,2025-08-06 18:20:37.535289,0 days 00:00:36.207748,7,15,9,30,24,65,89,10,34,COMPLETE
946,82690.8794162291,2025-08-06 18:20:08.632985,2025-08-06 18:20:45.627106,0 days 00:00:36.994121,7,15,9,28,25,67,91,24,34,COMPLETE
947,76346.98672274755,2025-08-06 18:20:14.693064,2025-08-06 18:20:51.339796,0 days 00:00:36.646732,7,16,9,27,24,67,90,23,34,COMPLETE
948,5795.0875548115255,2025-08-06 18:20:31.437223,2025-08-06 18:21:05.487249,0 days 00:00:34.050026,5,15,9,28,24,67,214,23,34,COMPLETE
949,202040.29247107415,2025-08-06 18:20:37.571380,2025-08-06 18:21:13.472266,0 days 00:00:35.900886,5,16,10,28,24,67,100,22,32,COMPLETE
950,17175.551340590682,2025-08-06 18:20:45.653086,2025-08-06 18:21:21.022137,0 days 00:00:35.369051,5,16,10,27,24,67,192,23,32,COMPLETE
951,127329.74968807354,2025-08-06 18:20:51.363115,2025-08-06 18:21:28.011244,0 days 00:00:36.648129,5,16,10,27,24,67,100,37,32,COMPLETE
952,101248.93948430374,2025-08-06 18:21:05.517948,2025-08-06 18:21:41.657643,0 days 00:00:36.139695,5,16,10,29,19,67,100,34,32,COMPLETE
953,34798.98786034149,2025-08-06 18:21:13.484069,2025-08-06 18:21:47.774005,0 days 00:00:34.289936,5,16,19,27,25,67,94,152,32,COMPLETE
954,83456.06956161823,2025-08-06 18:21:21.060892,2025-08-06 18:21:57.358626,0 days 00:00:36.297734,6,16,10,27,26,65,93,36,33,COMPLETE
955,71791.18764729828,2025-08-06 18:21:28.022831,2025-08-06 18:22:05.006872,0 days 00:00:36.984041,7,16,10,27,26,68,93,16,33,COMPLETE
956,67442.12651623048,2025-08-06 18:21:41.726361,2025-08-06 18:22:15.649003,0 days 00:00:33.922642,7,16,10,28,26,66,93,16,33,COMPLETE
957,48077.313161812344,2025-08-06 18:21:47.794484,2025-08-06 18:22:23.839636,0 days 00:00:36.045152,7,15,10,29,26,65,88,100,33,COMPLETE
958,374321.342727936,2025-08-06 18:21:57.364780,2025-08-06 18:22:33.425594,0 days 00:00:36.060814,7,17,10,28,25,68,88,18,31,COMPLETE
959,6709.572651386454,2025-08-06 18:22:05.040049,2025-08-06 18:22:40.740120,0 days 00:00:35.700071,71,17,10,28,25,66,88,15,39,COMPLETE
960,159819.07556293564,2025-08-06 18:22:15.696965,2025-08-06 18:22:50.384875,0 days 00:00:34.687910,7,17,9,28,25,68,89,29,39,COMPLETE
961,95418.42626859595,2025-08-06 18:22:23.856338,2025-08-06 18:23:00.909286,0 days 00:00:37.052948,6,17,9,26,25,68,81,30,31,COMPLETE
962,159944.84483308997,2025-08-06 18:22:33.499657,2025-08-06 18:23:10.278974,0 days 00:00:36.779317,6,17,9,28,25,68,107,31,31,COMPLETE
963,131367.8883273752,2025-08-06 18:22:40.779766,2025-08-06 18:23:17.506529,0 days 00:00:36.726763,6,17,11,31,25,68,107,30,31,COMPLETE
964,260602.36795281447,2025-08-06 18:22:50.458178,2025-08-06 18:23:24.774364,0 days 00:00:34.316186,5,17,11,26,25,68,82,10,31,COMPLETE
965,26289.00239401016,2025-08-06 18:23:01.005397,2025-08-06 18:23:38.793364,0 days 00:00:37.787967,10,16,11,26,24,68,86,19,31,COMPLETE
966,26956.71846376377,2025-08-06 18:23:10.311610,2025-08-06 18:23:46.123551,0 days 00:00:35.811941,10,17,10,26,24,68,85,10,32,COMPLETE
967,22534.13272518166,2025-08-06 18:23:17.512924,2025-08-06 18:23:52.610623,0 days 00:00:35.097699,10,16,10,26,24,67,85,20,32,COMPLETE
968,24795.648677524852,2025-08-06 18:23:24.796249,2025-08-06 18:24:01.682441,0 days 00:00:36.886192,10,16,10,29,24,66,85,20,42,COMPLETE
969,51588.77467373744,2025-08-06 18:23:38.861358,2025-08-06 18:24:14.494568,0 days 00:00:35.633210,9,16,10,29,26,66,85,24,32,COMPLETE
970,768.0644110792659,2025-08-06 18:23:46.174777,2025-08-06 18:24:21.789672,0 days 00:00:35.614895,67,16,10,31,26,69,97,117,34,COMPLETE
971,191051.3749165596,2025-08-06 18:23:52.617668,2025-08-06 18:24:28.964681,0 days 00:00:36.347013,5,15,10,29,26,66,95,25,34,COMPLETE
972,7658.520493903878,2025-08-06 18:24:01.693796,2025-08-06 18:24:36.197474,0 days 00:00:34.503678,67,15,10,27,26,69,96,26,33,COMPLETE
973,30892.832604182917,2025-08-06 18:24:14.632356,2025-08-06 18:24:51.222270,0 days 00:00:36.589914,8,15,10,31,26,69,91,24,34,COMPLETE
974,22877.193350030408,2025-08-06 18:24:21.812233,2025-08-06 18:24:59.051691,0 days 00:00:37.239458,32,15,9,27,26,69,93,15,33,COMPLETE
975,31921.137513703772,2025-08-06 18:24:29.000013,2025-08-06 18:25:04.987766,0 days 00:00:35.987753,8,17,9,27,25,69,79,15,36,COMPLETE
976,44578.66322769917,2025-08-06 18:24:36.209123,2025-08-06 18:25:12.229819,0 days 00:00:36.020696,8,17,9,28,25,67,90,15,36,COMPLETE
977,71698.69859400489,2025-08-06 18:24:51.380480,2025-08-06 18:25:27.728855,0 days 00:00:36.348375,7,17,11,27,25,67,79,17,32,COMPLETE
978,81903.17698416399,2025-08-06 18:24:59.111296,2025-08-06 18:25:35.910804,0 days 00:00:36.799508,7,17,9,27,25,67,80,18,31,COMPLETE
979,-inf,2025-08-06 18:25:05.042670,2025-08-06 18:25:41.184041,0 days 00:00:36.141371,5,17,11,28,25,38,89,10,31,COMPLETE
980,88687.7197963901,2025-08-06 18:25:12.306216,2025-08-06 18:25:49.891483,0 days 00:00:37.585267,5,17,11,32,25,67,80,44,40,COMPLETE
981,147710.54420293786,2025-08-06 18:25:27.746712,2025-08-06 18:26:03.399121,0 days 00:00:35.652409,5,10,10,26,24,68,72,48,31,COMPLETE
982,117875.77270264926,2025-08-06 18:25:35.917366,2025-08-06 18:26:14.516897,0 days 00:00:38.599531,5,17,10,31,24,68,72,43,46,COMPLETE
983,43469.373206065604,2025-08-06 18:25:41.196419,2025-08-06 18:26:19.868705,0 days 00:00:38.672286,5,10,10,32,24,70,64,43,33,COMPLETE
984,361284.14203349774,2025-08-06 18:25:49.923031,2025-08-06 18:26:29.498626,0 days 00:00:39.575595,5,10,10,26,24,68,73,32,33,COMPLETE
985,59159.353892762345,2025-08-06 18:26:03.426534,2025-08-06 18:26:41.360765,0 days 00:00:37.934231,6,10,16,31,24,70,66,35,35,COMPLETE
986,54819.368106536196,2025-08-06 18:26:14.565400,2025-08-06 18:26:51.997344,0 days 00:00:37.431944,7,16,16,32,26,70,87,131,35,COMPLETE
987,241340.3010044855,2025-08-06 18:26:19.870472,2025-08-06 18:26:59.394667,0 days 00:00:39.524195,7,16,16,28,26,69,88,35,33,COMPLETE
988,56724.93662993845,2025-08-06 18:26:29.531548,2025-08-06 18:27:07.499689,0 days 00:00:37.968141,7,16,16,28,26,65,87,130,35,COMPLETE
989,496193.23800726485,2025-08-06 18:26:41.388419,2025-08-06 18:27:21.477668,0 days 00:00:40.089249,7,16,9,29,26,69,88,27,32,COMPLETE
990,129544.51789607145,2025-08-06 18:26:52.055156,2025-08-06 18:27:34.208686,0 days 00:00:42.153530,8,16,9,29,26,69,89,27,32,COMPLETE
991,4089.7152443654563,2025-08-06 18:26:59.450545,2025-08-06 18:27:43.244667,0 days 00:00:43.794122,9,16,9,47,26,65,82,213,32,COMPLETE
992,9483.973658787972,2025-08-06 18:27:07.525051,2025-08-06 18:27:50.789896,0 days 00:00:43.264845,39,17,9,33,25,69,57,10,32,COMPLETE
993,39575.67625320344,2025-08-06 18:27:21.519884,2025-08-06 18:28:02.233096,0 days 00:00:40.713212,9,16,9,29,26,69,99,38,32,COMPLETE
994,36544.20581295658,2025-08-06 18:27:34.233224,2025-08-06 18:28:11.963263,0 days 00:00:37.730039,9,16,9,29,26,66,98,38,32,COMPLETE
995,34733.134378397066,2025-08-06 18:27:43.252405,2025-08-06 18:28:20.678316,0 days 00:00:37.425911,9,16,9,29,26,66,96,38,34,COMPLETE
996,20346.80908999809,2025-08-06 18:27:50.835719,2025-08-06 18:28:28.880118,0 days 00:00:38.044399,11,16,9,30,26,67,100,37,34,COMPLETE
997,12967.971136243474,2025-08-06 18:28:02.239567,2025-08-06 18:28:36.959823,0 days 00:00:34.720256,24,16,9,30,26,66,93,31,34,COMPLETE
998,15702.158139481593,2025-08-06 18:28:11.969629,2025-08-06 18:28:43.326186,0 days 00:00:31.356557,8,15,9,29,26,68,93,29,34,COMPLETE
999,13141.516596064499,2025-08-06 18:28:20.705092,2025-08-06 18:28:46.215829,0 days 00:00:25.510737,11,15,9,30,25,68,92,29,34,COMPLETE
